{"startTime":"2025-03-24T20:33:55.229Z","infectedMalesAtStart":16,"infectedFemalesAtStart":32,"toxinAntitoxinLength":3,"killRate":0.43565460147428803,"rescueRate":0.21846305747320338,"simulationLength":67,"infectionRatio":[0.00401304238776022,0.00401304238776022,0.004050974765803021,0.004253778622499774,0.006925207756232687,0.004638671875,0.007405598958333333,0.006632486979166667,0.007568359375,0.007364908854166667,0.006266276041666667,0.006551106770833333,0.0064697265625,0.006429036458333333,0.006144205729166667,0.005655924479166667,0.004923502604166667,0.0049267100977198695,0.004597981770833333,0.0034586588541666665,0.004191080729166667,0.0036214192708333335,0.007609049479166667,0.00732421875,0.007161458333333333,0.005940755208333333,0.005615234375,0.005574544270833333,0.004801432291666667,0.0045166015625,0.004231770833333333,0.003988117039026574,0.0038655598958333335,0.003784487669895011,0.003459081105278151,0.0031331380208333335,0.006551106770833333,0.005045572916666667,0.0047607421875,0.0037434895833333335,0.0030517578125,0.0021565755208333335,0.001953125,0.0017497456765005086,0.0014241536458333333,0.0013837450653209067,0.0013021363173957273,0.0012613932291666667,0.0011800130208333333,0.0011800130208333333,0.0009765625,0.0008544921875,0.0022786458333333335,0.0021565755208333335,0.0006918162210556301,0.0004476093591047813,0.0004475911458333333,0.0010172526041666667,0.0009358723958333334,0.0008544921875,0.0008544921875,0.0008544921875,0.0003255208333333333,0.0003255208333333333,0.0002848307291666667,0.0002848539106372589,0.0002848307291666667],"averageToxinCountInMales":[2.4375,2.4375,2.4375,2.675675675675676,2.393258426966292,2.625,3.177570093457944,3.2755102040816326,3.036036036036036,3.0277777777777777,2.9431818181818183,3,2.9782608695652173,2.9782608695652173,3.0229885057471266,2.9012345679012346,3.013888888888889,3.013888888888889,3.029850746268657,3.4893617021276597,3.086206896551724,2.978723404255319,3.0869565217391304,3.1123595505617976,2.9318181818181817,2.52,2.486111111111111,2.23943661971831,2.0833333333333335,2.087719298245614,2.0925925925925926,1.9795918367346939,1.9787234042553192,1.9130434782608696,1.930232558139535,1.9230769230769231,1.6989247311827957,1.6027397260273972,2.0555555555555554,2.188679245283019,2.3777777777777778,2.064516129032258,2.103448275862069,1.8518518518518519,2.0526315789473686,2.111111111111111,2.111111111111111,2.111111111111111,2.1176470588235294,2.1176470588235294,1.9285714285714286,2.0833333333333335,1,1,1,1,1,1,1,1,1,1,1,1,1,1,1],"averageAntitoxinCountInFemales":[2.46875,2.46875,2.46875,2.754385964912281,2.691358024691358,2.9310344827586206,3.24,3.1846153846153844,2.68,2.671232876712329,2.6363636363636362,2.588235294117647,2.611940298507463,2.5757575757575757,2.484375,2.3793103448275863,2.6122448979591835,2.6122448979591835,2.608695652173913,3.026315789473684,2.7555555555555555,2.761904761904762,3.2526315789473683,3.241758241758242,3.102272727272727,2.9014084507042255,2.787878787878788,2.3636363636363638,2.3448275862068964,2.3703703703703702,2.4,2.4081632653061225,2.4166666666666665,2.3404255319148937,2.4047619047619047,2.4210526315789473,1.7794117647058822,1.6470588235294117,2.1555555555555554,2.230769230769231,2.6,2.590909090909091,2.789473684210526,2.375,2.375,2.375,2,2.076923076923077,2,2,1.7,1.7777777777777777,1.206896551724138,1.0357142857142858,1.1,1.1666666666666667,1.1666666666666667,1.0909090909090908,1.0909090909090908,1.1,1.1,1.1,1.1666666666666667,1.1666666666666667,1.1666666666666667,1.1666666666666667,1.1666666666666667],"reproductiveSuccessOverTime":[0,0,0,0.00743053670015386,0.0006925207756232687,0,0,0,0,0,0,0,0,0,0,0.000040690104166666664,0,0,0.000040690104166666664,0,0,0,0,0,0,0,0,0,0,0,0,0.00004069507182680177,0,0,0.00008139014365360354,0,0.000013834635416666668,0,0,0,0,0,0.0001220703125,0.00012207527975584945,0,0,0,0,0,0,0,0,0,0,0,0,0,0,0,0,0,0,0,0,0,0.0000813868316106454,0]}