{"startTime":"2025-03-24T20:33:55.229Z","infectedMalesAtStart":16,"infectedFemalesAtStart":32,"toxinAntitoxinLength":3,"killRate":0.5852442116142499,"rescueRate":0.5485390086966543,"simulationLength":62,"infectionRatio":[0.004181913225300575,0.004181913225300575,0.004225724095430936,0.004765209345362017,0.007331676917437172,0.007893880208333334,0.007039388020833333,0.0078125,0.007242838541666667,0.008015950520833334,0.008056640625,0.010091145833333334,0.009806315104166666,0.008341471354166666,0.007609049479166667,0.007120768229166667,0.0069580078125,0.006960840185622405,0.009034305945549994,0.005615234375,0.0047607421875,0.003744251353221277,0.003133393017009848,0.0064697265625,0.00634765625,0.006022135416666667,0.005777994791666667,0.005167643229166667,0.005045572916666667,0.004964192708333333,0.004842122395833333,0.0062255859375,0.0062255859375,0.006065787331053575,0.005411783854166667,0.00341796875,0.0030110677083333335,0.0021974444534874258,0.0014241536458333333,0.0076904296875,0.009928385416666666,0.0093994140625,0.009195963541666666,0.0091552734375,0.008951822916666666,0.004923502604166667,0.004109700520833333,0.003946940104166667,0.006144205729166667,0.005859613428280773,0.0052490234375,0.0037841796875,0.0033772786458333335,0.002116832892326481,0.001424327513938062,0.0011393229166666667,0.0008951822916666666,0.0006103763987792472,0.0006103515625,0.0006103515625,0.0006103515625,0.0000813868316106454],"averageToxinCountInMales":[3,3,3,2.9761904761904763,2.3666666666666667,2.411764705882353,2.340909090909091,2.080808080808081,1.9130434782608696,2.2884615384615383,2.1666666666666665,2.558139534883721,2.56,2.542056074766355,2.5876288659793816,2.539325842696629,2.5057471264367814,2.5057471264367814,1.8653846153846154,1.8888888888888888,1.9433962264150944,2.0697674418604652,2.4285714285714284,1.726027397260274,1.704225352112676,1.7164179104477613,1.6875,1.2142857142857142,1.150943396226415,1.1538461538461537,1.1,1.6507936507936507,1.6507936507936507,1.7457627118644068,1.8653846153846154,1.03125,1.03125,1.0434782608695652,1,1,1,1,1,1,1,1,1,1,1.8395061728395061,1.8831168831168832,1.9577464788732395,2,2.1041666666666665,2.3870967741935485,2.5,2.0714285714285716,1.9090909090909092,1,1,1,1,1],"averageAntitoxinCountInFemales":[2.65625,2.65625,2.65625,3,2.566666666666667,2.510869565217391,2.4705882352941178,2.225806451612903,2.1511627906976742,2.4408602150537635,2.28125,2.6218487394957983,2.586206896551724,2.63265306122449,2.6333333333333333,2.5930232558139537,2.5595238095238093,2.5595238095238093,1.8898305084745763,1.8933333333333333,1.953125,2,2.2142857142857144,1.6162790697674418,1.576470588235294,1.654320987654321,1.6923076923076923,1.2535211267605635,1.2535211267605635,1.2571428571428571,1.1884057971014492,1.9,1.9,1.9,1.8888888888888888,0.9230769230769231,1.0476190476190477,1.064516129032258,1.0833333333333333,1.0208333333333333,1.0166666666666666,1.0175438596491229,1.018018018018018,1.018018018018018,1.0185185185185186,1.03125,1.0377358490566038,1.0392156862745099,1.542857142857143,1.5671641791044777,1.6551724137931034,1.75,1.8571428571428572,1.9523809523809523,2.230769230769231,1.5,1.4545454545454546,1,1,1,1,1],"reproductiveSuccessOverTime":[0,0,0,0.008975248669905159,0.0002899127147091169,0.00000398115588325877,0,0,0.00001743861607142857,0.000016676272199453553,0.000016676272199453553,0.000016676272199453553,0.000016676272199453553,0.000016676272199453553,0.000016676272199453553,0.000016676272199453553,0.000016676272199453553,0.00001668306055417123,0,0.000034392826140873016,0.000008138020833333333,0.000008139676854828864,0,0,0,0,0,0,0,0,0,0,0.000040690104166666664,0.000040709982087607885,0,0,0,0,0,0,0,0,0,0.000040690104166666664,0,0,0,0,0,0,0,0,0,0,0.00004069507182680177,0,0,0.00004069175991861648,0,0.000040690104166666664,0,0]}