{"startTime":"2025-03-24T20:33:55.228Z","infectedMalesAtStart":16,"infectedFemalesAtStart":32,"toxinAntitoxinLength":3,"killRate":0.9783495857942636,"rescueRate":0.05942219180203834,"simulationLength":36,"infectionRatio":[0.004144719799671876,0.004144719799671876,0.004188847194345056,0.004527813712807244,0.0052106839535551635,0.004191933580236865,0.0086669921875,0.01123046875,0.008951822916666666,0.008341471354166666,0.006510416666666667,0.0047607421875,0.004475911458333333,0.004313151041666667,0.0041098677517802645,0.0033772786458333335,0.0033772786458333335,0.0033793412320345263,0.0035807291666666665,0.0020751953125,0.0013020833333333333,0.0004069010416666667,0.00020345052083333334,0.00020345052083333334,0.00020345052083333334,0.00020345052083333334,0.00020345052083333334,0.00020345052083333334,0.00012209515282243295,0.000040690104166666664,0.000040690104166666664,0.00004069507182680177,0.0000407000407000407,0.0000407000407000407,0.00004069175991861648,0.000040690104166666664],"averageToxinCountInMales":[2.5625,2.5625,2.5625,2.642857142857143,3.2982456140350878,3.382978723404255,2.7962962962962963,2.586206896551724,2.6666666666666665,2.621359223300971,2.902439024390244,2.767857142857143,2.792452830188679,2.803921568627451,2.816326530612245,3.097560975609756,3.097560975609756,3.097560975609756,3.341463414634146,2.6,3.3076923076923075,3,4,4,4,4,4,4,4,2,2,2,2,2,2,2],"averageAntitoxinCountInFemales":[2.75,2.75,2.75,2.875,3.3142857142857145,3.375,2.8,2.572519083969466,2.6422018348623855,2.696078431372549,2.8076923076923075,2.7704918032786887,2.7719298245614037,2.7818181818181817,2.7115384615384617,2.8095238095238093,2.8095238095238093,2.8095238095238093,3,2.806451612903226,2.8947368421052633,2.875,3.5,3.5,3.5,3.5,3.5,3.5,2,null,null,null,null,null,null,null],"reproductiveSuccessOverTime":[0,0,0,0.00868600997967104,0.0012718992327575597,0.00008139676854828863,0,0,0,0,0,0,0,0,0,0,0.0001220703125,0.00008142990920565123,0,0,0,0,0,0,0,0,0,0,0.000040698384274144313,0,0,0,0,0.0000814000814000814,0,0]}