{"startTime":"2025-03-24T20:33:55.229Z","infectedMalesAtStart":16,"infectedFemalesAtStart":32,"toxinAntitoxinLength":3,"killRate":0.860557565166468,"rescueRate":0.05942219180203834,"simulationLength":100,"infectionRatio":[0.0038415366146458585,0.0038415366146458585,0.003880669415474169,0.005366803722138065,0.004436846175764237,0.004313151041666667,0.0037027994791666665,0.0072021484375,0.006184895833333333,0.006876627604166667,0.006998697916666667,0.006754557291666667,0.006632486979166667,0.006632486979166667,0.006551106770833333,0.006510416666666667,0.006429036458333333,0.006434010669055666,0.005129457743038593,0.007120768229166667,0.008992513020833334,0.0057373046875,0.0048828125,0.003662109375,0.0036214192708333335,0.0028889973958333335,0.0028076171875,0.0025634765625,0.0023600260416666665,0.0023193359375,0.0022786458333333335,0.0021565755208333335,0.0021565755208333335,0.002157102157102157,0.0015060240963855422,0.010945638020833334,0.009562174479166666,0.008341471354166666,0.006062825520833333,0.004801432291666667,0.004475911458333333,0.0042724609375,0.0035807291666666665,0.0034993489583333335,0.0032958984375,0.0032552083333333335,0.003173828125,0.0031331380208333335,0.0031331380208333335,0.0030517578125,0.0023193359375,0.007731119791666667,0.00732421875,0.006388346354166667,0.004761129649222756,0.005045572916666667,0.004313151041666667,0.004109700520833333,0.0036625564644121597,0.0028889973958333335,0.0026448567708333335,0.0025634765625,0.0022786458333333335,0.002278738555442523,0.0022786458333333335,0.0021974444534874258,0.00150565638479694,0.007283528645833333,0.0040283203125,0.0015055338541666667,0.001424559404127152,0.0014241536458333333,0.0014241536458333333,0.0010172526041666667,0.0010172526041666667,0.000854526958290946,0.00048828125,0.00048828125,0.0004883209896638724,0.0004883806112897318,0.0004883607357968419,0.0004883011190233978,0.00036622583926754833,0.0017903645833333333,0.004231770833333333,0.0030517578125,0.0025240188894316887,0.002523916140850804,0.0023600260416666665,0.002034836399153508,0.0020345052083333335,0.0020345052083333335,0.0013427734375,0.001220703125,0.001220703125,0.0011802531439501851,0.0011803011803011804,0.000651174148386309,0.0006510946528851632,0.0004069010416666667],"averageToxinCountInMales":[2.375,2.375,2.375,2.1272727272727274,2.0217391304347827,1.9387755102040816,2.073170731707317,2.8764044943820224,2.875,2.744186046511628,3,3.058139534883721,3.0952380952380953,3.0952380952380953,3.0843373493975905,3.0843373493975905,3.073170731707317,3.073170731707317,2.9838709677419355,2.1931818181818183,1.9158878504672898,2.2162162162162162,2.1475409836065573,2.0238095238095237,1.975609756097561,1.7586206896551724,1.6785714285714286,1.5925925925925926,1.52,1.4166666666666667,1.3043478260869565,1.1904761904761905,1.1904761904761905,1.1904761904761905,1.3333333333333333,1.0229007633587786,1,1,1,1,1,1,1,1,1,1,1,1,1,1,1,1,1,1,1,1,1,1,1,1,1,1,1,1,1,1,1,1.011111111111111,1,1,1,1,1,1,1,1,1,1,1,1,1,1,1,1,1,1,1,1,1,1,1,1,1,1,1,1,1,1,1,1],"averageAntitoxinCountInFemales":[2.625,2.625,2.625,2.3333333333333335,2.2698412698412698,2.1052631578947367,2.18,2.727272727272727,2.611111111111111,2.397590361445783,2.8433734939759034,2.8375,2.8354430379746836,2.8354430379746836,2.8205128205128207,2.8181818181818183,2.8026315789473686,2.8026315789473686,2.640625,1.839080459770115,1.605263157894737,1.9850746268656716,1.8644067796610169,1.875,1.875,1.9285714285714286,1.8780487804878048,1.5833333333333333,1.3636363636363635,1.3636363636363635,1.3636363636363635,1.28125,1.28125,1.28125,1.2142857142857142,1.0217391304347827,1.024390243902439,1,1,1,1,1,1,1,1,1,1,1,1,1,1,1,1,1,1,1,1,1,1,1,1,1,1,1,1,1,1,1,1,1,1,1,1,1,1,1,1,1,1,1,1,1,1,1,1,1,1,1,1,1,1,1,1,1,1,1,1,1,1,1],"reproductiveSuccessOverTime":[0,0,0,0.007400995455529106,0.000040705010786827856,0,0,0,0,0,0,0,0,0,0,0.00008138020833333333,0.00008138020833333333,0.0000814431730260211,0.0002035499104380394,0.000001769134963768116,0,0,0,0.000040690104166666664,0,0,0,0,0,0,0,0,0,0,0.00004070335395636601,0.0000058128720238095235,0,0,0,0,0,0,0,0.000040690104166666664,0,0,0,0,0,0.00008138020833333333,0,0.000023408771955890406,0,0,0,0,0,0,0,0,0,0,0,0,0.000040690104166666664,0.0000813868316106454,0.0000406934158053227,0.00000762939453125,0.000011348275309227634,0,0,0,0,0,0,0.00004069175991861648,0.000040690104166666664,0.000040690104166666664,0.0002034670790266135,0.00012209515282243295,0.00008139345596614032,0.00008138351983723296,0.00004069175991861648,0.000042974000336021506,0.000040690104166666664,0.000040690104166666664,0.000040709982087607885,0,0,0,0.000040690104166666664,0.000040690104166666664,0.000040690104166666664,0,0,0,0,0,0,0]}