{"startTime":"2025-03-24T20:33:55.228Z","infectedMalesAtStart":16,"infectedFemalesAtStart":32,"toxinAntitoxinLength":3,"killRate":0.6686469150128361,"rescueRate":0.5111496538385711,"simulationLength":37,"infectionRatio":[0.004052684903748734,0.004052684903748734,0.0040934675081016544,0.004886067856979771,0.003747148908439231,0.0032552083333333335,0.0027262369791666665,0.0023600260416666665,0.0020345052083333335,0.001953125,0.0015462239583333333,0.001953125,0.001708984375,0.001708984375,0.0030517578125,0.0030517578125,0.0030517578125,0.003053248656570591,0.0027262369791666665,0.0011393229166666667,0.0010579427083333333,0.0009358723958333334,0.0009358723958333334,0.0009358723958333334,0.0009358723958333334,0.0009359485635224221,0.0009358723958333334,0.0009358723958333334,0.0009358723958333334,0.0008139014365360355,0.0008952187182095626,0.0007731119791666666,0.0007731119791666666,0.000732541103695263,0.000732421875,0.0006103515625,0.00008138020833333333],"averageToxinCountInMales":[2.625,2.625,2.625,2.938775510204082,3.0930232558139537,3.073170731707317,3,3.0303030303030303,3.1379310344827585,3.1379310344827585,3.3333333333333335,2.28,2.1739130434782608,2.1739130434782608,2.8536585365853657,2.8536585365853657,2.8536585365853657,2.8536585365853657,2.764705882352941,3.6923076923076925,3.75,3.5454545454545454,3.5454545454545454,3.5454545454545454,3.5454545454545454,3.5454545454545454,3.5454545454545454,3.5454545454545454,3.5454545454545454,4,3.857142857142857,3.6,3.6,3.6,3.6,3.6,2],"averageAntitoxinCountInFemales":[2.5,2.5,2.5,2.7413793103448274,2.836734693877551,2.948717948717949,2.967741935483871,2.96,3.142857142857143,3.1052631578947367,3.1176470588235294,2.347826086956522,2.210526315789474,2.210526315789474,3.0294117647058822,3.0294117647058822,3.0294117647058822,3.0294117647058822,3,4.066666666666666,4.071428571428571,4.166666666666667,4.166666666666667,4.166666666666667,4.166666666666667,4.166666666666667,4.166666666666667,4.166666666666667,4.166666666666667,4.166666666666667,3.3333333333333335,3.2857142857142856,3.2857142857142856,3.1538461538461537,3.1538461538461537,2.9,5],"reproductiveSuccessOverTime":[0,0,0,0.007854239919631033,0.00024437927663734115,0,0,0,0,0,0,0,0.000040690104166666664,0,0,0,0,0,0.000040690104166666664,0,0,0,0,0,0,0,0.000040690104166666664,0,0.00008138020833333333,0,0,0,0,0.00004069672798307016,0,0,0]}