{"startTime":"2025-03-24T20:43:41.881Z","infectedMalesAtStart":1024,"infectedFemalesAtStart":1024,"toxinAntitoxinLength":3,"killRate":0.37316104457707866,"rescueRate":0.8282960660197604,"simulationLength":119,"infectionRatio":[0.08333333333333333,0.08333333333333333,0.08334359732315146,0.08614095052083333,0.07405598958333333,0.07649739583333333,0.0684814453125,0.073974609375,0.07425944010416667,0.06990559895833333,0.07275390625,0.07259114583333333,0.07307942708333333,0.0667724609375,0.06953938802083333,0.06949869791666667,0.07023111979166667,0.07018686642511093,0.07373046875,0.0804443359375,0.07405598958333333,0.0784912109375,0.0738525390625,0.08024088541666667,0.08158365885416667,0.07523600260416667,0.08760579427083333,0.08121744791666667,0.08487955729166667,0.08076985677083333,0.07767740885416667,0.07584635416666667,0.07633463541666667,0.08059920214931206,0.07507531959938116,0.0704345703125,0.0545654296875,0.0518798828125,0.043050130208333336,0.045003255208333336,0.038981119791666664,0.0406494140625,0.050333658854166664,0.0474853515625,0.051472981770833336,0.050089518229166664,0.0445556640625,0.041219075520833336,0.039959308240081384,0.041731129386857746,0.04713256542797835,0.0482177734375,0.039021809895833336,0.049153645833333336,0.035929361979166664,0.037394205729166664,0.029541015625,0.03226856561546287,0.03304170905391658,0.025759980466365524,0.0302734375,0.02950632859875463,0.026692708333333332,0.025716145833333332,0.025031543815377102,0.024664224664224663,0.027344862665310273,0.026448567708333332,0.0216064453125,0.031622644581010134,0.018310546875,0.017008463541666668,0.010823567708333334,0.009562174479166666,0.008504231770833334,0.007609359104781282,0.007080078125,0.007405900305188199,0.009034673612241575,0.0086669921875,0.007894522666232603,0.007692620782286622,0.010336968907699822,0.011189778645833334,0.009318033854166666,0.008504231770833334,0.008870442708333334,0.008219401041666666,0.0062255859375,0.0057373046875,0.0042724609375,0.004069175991861648,0.003946940104166667,0.00390625,0.003784487669895011,0.0035807291666666665,0.0026448567708333335,0.0024821973550356053,0.0022789240223008993,0.0017496744791666667,0.0009359485635224221,0.005126953125,0.004069010416666667,0.0040283203125,0.0032145182291666665,0.0028076171875,0.0026448567708333335,0.0026450720273459754,0.0026042726347914546,0.002563998209271092,0.0024830056579964992,0.002441604948319362,0.0021566632756866736,0.0008138020833333334,0.0006106000162826672,0.0006103515625,0.0001220703125,0.00008139014365360354,0.000040690104166666664],"averageToxinCountInMales":[2.515625,2.515625,2.5277777777777777,2.470479704797048,2.522075055187638,2.570043103448276,2.523522316043426,2.518348623853211,2.6096440872560276,2.6217228464419478,2.5143198090692125,2.4958382877526755,2.4732461355529134,2.46822308690013,2.3304773561811505,2.304611650485437,2.2893157262905164,2.2884615384615383,2.3014018691588785,2.1912858660998937,2.2526071842410196,2.470715835140998,2.4577056778679025,2.7668067226890756,2.736788617886179,2.74423710208562,2.5623836126629422,2.527693856998993,2.484149855907781,2.5075681130171543,2.4604166666666667,2.4376344086021504,2.424759871931697,2.3574338085539717,2.3662597114317423,2.198090692124105,2.169724770642202,2.097359735973597,1.9430255402750491,2.232304900181488,2.3263598326359833,2.2896825396825395,2.1737089201877935,2.1476510067114094,2.095599393019727,2.0919003115264796,2.01779359430605,1.9308411214953272,1.928294573643411,1.8775510204081634,2.040268456375839,1.6650485436893203,1.7267206477732793,2.07,1.9071925754060324,2.118834080717489,2.1129943502824857,2.3315649867374004,1.976127320954907,1.979020979020979,1.5722543352601157,1.817109144542773,1.9543973941368078,1.928813559322034,1.916376306620209,1.8715277777777777,1.9788519637462236,1.88,1.9885931558935361,2.4599483204134365,2.607929515418502,2.639423076923077,2.703125,2.794642857142857,2.6019417475728157,2.659340659340659,2.7058823529411766,2.965909090909091,3,3,2.8316831683168315,2.808080808080808,2.1297709923664123,2.223021582733813,2.1965811965811968,2.415929203539823,2.0416666666666665,2.0442477876106193,1.9176470588235295,1.9367088607594938,1.9298245614035088,1.9285714285714286,1.9259259259259258,1.9245283018867925,1.9615384615384615,1.96,1.9428571428571428,2,2.142857142857143,2.1904761904761907,2.2,2.03125,2.019230769230769,2.019230769230769,2.024390243902439,2,2,2,2,2,2,2,2,2,2,2,2,2,2],"averageAntitoxinCountInFemales":[2.4072265625,2.4072265625,2.4050880626223092,2.392061955469506,2.386214442013129,2.48109243697479,2.5140515222482436,2.5496828752642706,2.631027253668763,2.630316248636859,2.5210526315789474,2.5302226935312833,2.5151832460732986,2.4735632183908045,2.4091928251121075,2.3981900452488687,2.395296752519597,2.396860986547085,2.3807531380753137,2.2664092664092665,2.3082549634273772,2.4746772591857003,2.466386554621849,2.742156862745098,2.772771792360431,2.697228144989339,2.4911955514365154,2.469591226321037,2.3665071770334927,2.3782696177062372,2.331928345626976,2.30406852248394,2.3003194888178915,2.2314629258517034,2.2619300106044538,2.1623740201567747,2.0858806404657932,1.913303437967115,1.947176684881603,2.234234234234234,2.345833333333333,2.242424242424242,2.1655518394648827,2.1103327495621715,2.047854785478548,2.059422750424448,2.0018761726078798,1.8765690376569037,1.8669527896995708,1.7962962962962963,2.0231316725978647,1.657848324514991,1.7526881720430108,2.1184210526315788,2.0420353982300883,2.2684989429175477,2.2204301075268815,2.449519230769231,2.15632183908046,2.115273775216138,1.9045226130653266,2.0854922279792745,2.0888252148997135,2.0623145400593472,2.051829268292683,2.040880503144654,2.038123167155425,1.9446153846153846,1.958955223880597,2.317948717948718,2.381165919282511,2.3857142857142857,2.36231884057971,2.3577235772357725,2.30188679245283,2.3541666666666665,2.3820224719101124,2.5851063829787235,2.6728971962616823,2.69,2.6774193548387095,2.6444444444444444,2,2.1323529411764706,2.1607142857142856,2.34375,1.9591836734693877,1.9550561797752808,1.911764705882353,1.935483870967742,1.8125,1.8409090909090908,1.8837209302325582,1.8837209302325582,1.9024390243902438,1.894736842105263,1.8666666666666667,1.8666666666666667,2,2,1.9230769230769231,1.9838709677419355,1.9583333333333333,1.9574468085106382,1.9473684210526316,1.9393939393939394,1.935483870967742,1.935483870967742,2,2,2,2,2,2,2,2,null,null,null],"reproductiveSuccessOverTime":[0,0,0,0.000023251488095238094,0,0.0000020866720085470083,0,0.000025431315104166668,0.000030517578125,0.00003814697265625,0,0,0.000008566337719298245,0.000020345052083333332,0.00003283536886867088,0.00011421557720200421,0.00003283536886867088,0.000021515328447593037,0,0.00003222352969720497,0.000014334013967803031,0.000005392664407630522,0.00001853722107114377,0,0.000028935185185185183,0,0,0,0,0,0,0,0.000006917317708333334,0.000006920133517870228,0.00009419939297272528,0,0.0000014361213235294117,0.000012022076231060604,0.000011361522591991342,0.00006609487936446583,0.0000065629200268817205,0.000028483072916666664,0.000016097184065934066,0.000005594889322916667,0.000005594889322916667,0.000040690104166666664,0.000040690104166666664,0,0,0,0,0,0,0,0,0,0,0.000009924819492345482,0.000004962409746172741,0,0,0,0,0,0,0,0.00008138351983723296,0.000040690104166666664,0.000004069010416666667,0.00008139676854828863,0,0.00001683728448275862,0.000018282909918146986,0,0,0,0.000040690104166666664,0.00004069175991861648,0,0,0,0.00006105254589116366,0,0.000028668027935606062,0.000012715657552083334,0.000010979869378306878,0.000004892135051827341,0.000004892135051827341,0,0,0,0,0,0,0.0000406934158053227,0,0,0,0.00004069507182680177,0,0,0,0,0,0,0,0,0.0000813868316106454,0.00004069175991861648,0.000040698384274144313,0.000040705010786827856,0.0000406934158053227,0.00004069175991861648,0.000040690104166666664,0.00016282667100871122,0,0,0.00004069507182680177,0]}