{"startTime":"2025-03-24T20:33:55.228Z","infectedMalesAtStart":16,"infectedFemalesAtStart":32,"toxinAntitoxinLength":3,"killRate":0.04081100388175807,"rescueRate":0.9279420370361429,"simulationLength":103,"infectionRatio":[0.0036846549474169035,0.0036846549474169035,0.0037194885703215807,0.010675092873307998,0.013185203271883775,0.010172526041666666,0.010294596354166666,0.009358723958333334,0.007731119791666667,0.006917317708333333,0.007364908854166667,0.007039388020833333,0.006591796875,0.005655924479166667,0.0052490234375,0.0052490234375,0.0052490234375,0.005250946391500794,0.004557291666666667,0.012532552083333334,0.011067708333333334,0.010416666666666666,0.009318033854166666,0.008341471354166666,0.007649739583333333,0.006266276041666667,0.0052490234375,0.004801432291666667,0.004435221354166667,0.004109700520833333,0.0038657171922685655,0.0037029501525940997,0.0032145182291666665,0.002726791746367669,0.0020751953125,0.0062255859375,0.006876627604166667,0.006632486979166667,0.0059814453125,0.005574544270833333,0.004842122395833333,0.004109700520833333,0.003946940104166667,0.00390625,0.00390625,0.0037434895833333335,0.003662109375,0.0028483072916666665,0.002685546875,0.0021974444534874258,0.001261444557477111,0.004842122395833333,0.006103515625,0.00537109375,0.004638671875,0.004313151041666667,0.004150390625,0.0039879547489216245,0.00390625,0.00390625,0.0024820963541666665,0.0022788312850980713,0.0020345052083333335,0.001220703125,0.0011393692777212615,0.0008952551477170994,0.0006917317708333334,0.0037434895833333335,0.005330403645833333,0.0069580078125,0.0064697265625,0.005574544270833333,0.0036214192708333335,0.0028076171875,0.002685546875,0.0024821973550356053,0.0021565755208333335,0.001953125,0.001953125,0.0018310546875,0.0018310546875,0.0018310546875,0.0016276041666666667,0.0011800130208333333,0.0014241536458333333,0.0017903645833333333,0.0017903645833333333,0.0017903645833333333,0.0012613932291666667,0.0008544921875,0.0006917317708333334,0.002441604948319362,0.0021158854166666665,0.0021158854166666665,0.0021163159822555045,0.001546538602417484,0.0014241536458333333,0.0014241536458333333,0.00020345052083333334,0.00020345052083333334,0.00020345052083333334,0.00008138020833333333,0.00008138020833333333],"averageToxinCountInMales":[2.375,2.375,2.375,3.2818181818181817,3.356164383561644,3.230088495575221,2.890909090909091,2.878787878787879,3.182926829268293,3.3472222222222223,2.9871794871794872,3.0533333333333332,2.7941176470588234,2.8448275862068964,2.8727272727272726,2.8727272727272726,2.8727272727272726,2.8727272727272726,2.880952380952381,2.5314685314685317,2.609375,2.6440677966101696,2.5865384615384617,2.5851063829787235,2.611111111111111,2.453333333333333,2.3442622950819674,2.2363636363636363,2.125,2.106382978723404,2.0232558139534884,2,1.7297297297297298,1.6428571428571428,1.25,2.863013698630137,2.797752808988764,2.8255813953488373,2.923076923076923,3,3,3,3,3,3,3,3,3,3,3,3,3,3,3,3,3,3,3,3,3,3,3,3,3,3,3,3,3,3,3,3,3,3,3,3,3,3,3,3,3,3,3,3,3,3,3,3,3,3,3,3,3,3,3,3,3,3,3,3,3,3,null,null],"averageAntitoxinCountInFemales":[2.5625,2.5625,2.5625,2.892857142857143,3.044943820224719,2.9635036496350367,2.5734265734265733,2.50381679389313,2.861111111111111,2.877551020408163,2.6601941747572817,2.7551020408163267,2.6702127659574466,2.7037037037037037,2.5945945945945947,2.5945945945945947,2.5945945945945947,2.5945945945945947,2.5428571428571427,2.4727272727272727,2.4791666666666665,2.471014492753623,2.464,2.4684684684684686,2.510204081632653,2.329113924050633,2.2058823529411766,2.1904761904761907,2.1639344262295084,2.1481481481481484,2.1923076923076925,2.142857142857143,1.8571428571428572,1.8205128205128205,1.6,2.7375,2.9375,2.935064935064935,3,3,3,3,3,3,3,3,3,3,3,3,3,3,3,3,3,3,3,3,3,3,3,3,3,3,3,3,3,3,3,3,3,3,3,3,3,3,3,3,3,3,3,3,3,3,3,3,3,3,3,3,3,3,3,3,3,3,3,3,3,3,3,3,3],"reproductiveSuccessOverTime":[0,0,0,0.005679149408599855,0,0,0,0,0,0,0,0,0,0.000040690104166666664,0,0.000040690104166666664,0,0,0,0,0,0,0,0,0,0,0,0,0,0,0,0,0,0.000040698384274144313,0,0,0,0,0,0,0,0,0,0,0,0,0.000040690104166666664,0.000040690104166666664,0,0,0,0,0,0,0,0,0,0,0,0.00008138020833333333,0,0,0,0,0,0,0,0,0,0,0,0,0,0,0,0,0,0,0,0,0,0.000040690104166666664,0,0,0,0,0,0,0,0.000040690104166666664,0.000040690104166666664,0.0000406934158053227,0,0,0.00016279353709657725,0.00008139676854828863,0,0,0,0,0,0,0]}