{"startTime":"2025-03-24T20:33:55.229Z","infectedMalesAtStart":16,"infectedFemalesAtStart":32,"toxinAntitoxinLength":3,"killRate":0.6686469150128361,"rescueRate":0.3110429482723832,"simulationLength":77,"infectionRatio":[0.003887269193391642,0.003887269193391642,0.003849303849303849,0.002487887914102396,0.0034993489583333335,0.0037434895833333335,0.005289713541666667,0.004475911458333333,0.00390625,0.0037434895833333335,0.004435221354166667,0.004435221354166667,0.004353841145833333,0.005900065104166667,0.005818684895833333,0.0057373046875,0.005574544270833333,0.005577721683901963,0.007364908854166667,0.004801432291666667,0.0030924479166666665,0.0028076171875,0.007609049479166667,0.0052490234375,0.0042724609375,0.0025634765625,0.0026448567708333335,0.0026041666666666665,0.002197265625,0.0019938151041666665,0.0018717447916666667,0.0017904374364191252,0.001708984375,0.0017092625752889467,0.0015055338541666667,0.0014241536458333333,0.0008544921875,0.0004884004884004884,0.0017496744791666667,0.0015055338541666667,0.00146484375,0.00146484375,0.00146484375,0.0012614958899650037,0.001220703125,0.0010986775178026449,0.0010986328125,0.0010172526041666667,0.0010172526041666667,0.0009766817238432426,0.0008139345596614033,0.0008138020833333334,0.000732421875,0.0005289713541666666,0.0054931640625,0.0062255859375,0.005900065104166667,0.004354195491169529,0.0035400390625,0.0030517578125,0.0023600260416666665,0.0021974444534874258,0.0021973550356052898,0.002197265625,0.0021565755208333335,0.0021566632756866736,0.002034670790266135,0.0015462239583333333,0.0011393229166666667,0.0006104757641121648,0.0005696614583333334,0.0004475911458333333,0.0006917317708333334,0.0006917317708333334,0.0005696614583333334,0.0005697310055752248,0.00016276041666666666],"averageToxinCountInMales":[2.9375,2.9375,2.9375,2.238095238095238,2.6666666666666665,2.4722222222222223,3.169491525423729,3.4081632653061225,3.6341463414634148,3.6923076923076925,3.14,3.14,3.14,3.3285714285714287,3.289855072463768,3.3088235294117645,3.3692307692307693,3.3692307692307693,2.913978494623656,3.3333333333333335,2.942857142857143,2.2857142857142856,3.858695652173913,3.671875,4.019230769230769,4.142857142857143,3.6875,3.6875,4.12,4.125,4.217391304347826,4.142857142857143,4.15,4.15,4.055555555555555,4.0588235294117645,4.2727272727272725,5.75,5.392857142857143,5.791666666666667,5.869565217391305,5.869565217391305,5.869565217391305,5.857142857142857,5.857142857142857,5.833333333333333,5.833333333333333,5.8125,5.8125,5.8,5.769230769230769,5.769230769230769,5.75,5.625,5.956521739130435,5.962025316455696,6,6,6,6,6,6,6,6,6,6,6,6,6,6,6,6,6,6,6,6,6],"averageAntitoxinCountInFemales":[2.53125,2.53125,2.5161290322580645,2.2777777777777777,2.4339622641509435,2.142857142857143,2.6619718309859155,2.721311475409836,2.8,2.7735849056603774,2.406779661016949,2.406779661016949,2.4035087719298245,2.84,2.8513513513513513,2.863013698630137,2.888888888888889,2.888888888888889,2.625,2.9827586206896552,2.926829268292683,2.3658536585365852,3.431578947368421,3.353846153846154,3.641509433962264,3.4285714285714284,3.6363636363636362,3.65625,3.6551724137931036,3.28,3.4347826086956523,3.4347826086956523,3.4545454545454546,3.4545454545454546,3.1052631578947367,3.111111111111111,4,4.125,5.2,5.6923076923076925,5.6923076923076925,5.6923076923076925,5.6923076923076925,5.6,5.555555555555555,5.555555555555555,5.555555555555555,5.555555555555555,5.555555555555555,5.555555555555555,5.428571428571429,5.428571428571429,6,6,6,6,6,6,6,6,6,6,6,6,6,6,6,6,6,6,6,6,6,6,6,6,6],"reproductiveSuccessOverTime":[0,0,0,0.005979660425123303,0,0.000040690104166666664,0,0,0,4.787071078431372e-7,4.787071078431372e-7,4.787071078431372e-7,0.00008138020833333333,0,0,0.000040690104166666664,0,0,0,0,0,0,0,0,0,0,0,0,0,0,0.000040690104166666664,0,0.000040690104166666664,0.00004069672798307016,0,0,0,0,0,0,0,0,0,0,0,0,0,0,0.000040690104166666664,0,0,0,0,0,0,0,0,0,0,0,0,0,0,0,0,0.00008138351983723296,0,0,0,0,0,0,4.67702346743295e-7,0,0,0,0]}