{"startTime":"2025-03-24T20:33:26.773Z","infectedMalesAtStart":1024,"infectedFemalesAtStart":1024,"toxinAntitoxinLength":3,"killRate":0.6064770335283373,"rescueRate":0.4148857228285425,"simulationLength":255,"infectionRatio":[0.17201411053250462,0.17201411053250462,0.1730556736081598,0.15965914411461749,0.14465357449067082,0.13717750467974282,0.14701334635416666,0.15478515625,0.15950520833333334,0.159423828125,0.1593017578125,0.16743977864583334,0.1693115234375,0.185791015625,0.19047037760416666,0.1947021484375,0.19429524739583334,0.19355101376109438,0.18888346354166666,0.1751708984375,0.14892578125,0.13566080729166666,0.13069661458333334,0.12825520833333334,0.1370849609375,0.14326985677083334,0.14644368489583334,0.14840284842319432,0.14592065106815869,0.150390625,0.1478271484375,0.148681640625,0.14339192708333334,0.14410711378805144,0.14957682291666666,0.14493815104166666,0.12605794270833334,0.11637369791666667,0.11271158854166667,0.11344401041666667,0.12447102864583333,0.14461263020833334,0.15234375,0.15268169610157076,0.14971716925080372,0.15413411458333334,0.152099609375,0.1591796875,0.15691381134532434,0.15340169270833334,0.15104166666666666,0.14595540364583334,0.12528483072916666,0.1170654296875,0.1094970703125,0.12166341145833333,0.12459816887080366,0.13859049479166666,0.14441505595116988,0.14103763987792473,0.14233977619532046,0.15010579427083334,0.14078776041666666,0.14591471354166666,0.14557219599544197,0.14708396076675756,0.140869140625,0.12418619791666667,0.11319986979166667,0.10355631510416667,0.09395345052083333,0.09940592447916667,0.09684638860630722,0.11665852864583333,0.12366225839267549,0.12732451678535098,0.12646484375,0.11979166666666667,0.11792951900382519,0.11625162760416667,0.1158134613819484,0.11560999430292179,0.12276204427083333,0.10828077314343845,0.09391276041666667,0.087158203125,0.07413736979166667,0.070556640625,0.06620279947916667,0.0948486328125,0.09448626653102747,0.09697635616326863,0.10038657171922685,0.09912109375,0.09529622395833333,0.08968098958333333,0.09029134114583333,0.08797200520833333,0.09114583333333333,0.09200032552083333,0.080810546875,0.07133846091238351,0.057902018229166664,0.055704752604166664,0.052449544270833336,0.06302897135416667,0.0633544921875,0.06531027466937946,0.0634765625,0.06534830729166667,0.06486530479368438,0.060994466145833336,0.061360677083333336,0.0616455078125,0.059855143229166664,0.06673448626653103,0.058878580729166664,0.050537109375,0.043782552083333336,0.039103190104166664,0.037353515625,0.03849440488301119,0.041707356770833336,0.04419844532172073,0.0457763671875,0.0501708984375,0.048299153645833336,0.04777212614445575,0.047607421875,0.0455322265625,0.0469970703125,0.069091796875,0.062301619597949054,0.047526041666666664,0.0343017578125,0.026082356770833332,0.024007161458333332,0.023682604272634793,0.0233154296875,0.02356436449472956,0.0254323499491353,0.023478190104166668,0.022542317708333332,0.02437436419125127,0.0235595703125,0.021484375,0.016560872395833332,0.030965169270833332,0.0308837890625,0.026570638020833332,0.0201416015625,0.016560872395833332,0.01416015625,0.013916015625,0.013716471976881436,0.013714797330294645,0.012654622395833334,0.011881510416666666,0.0128173828125,0.0184326171875,0.014162461338108416,0.01281790437436419,0.00732421875,0.0146484375,0.015584309895833334,0.018351236979166668,0.013590494791666666,0.008951822916666666,0.008463541666666666,0.007731119791666667,0.007694813125966941,0.0074068044929187695,0.007120768229166667,0.0036214192708333335,0.0024820963541666665,0.002197265625,0.0021565755208333335,0.0017903645833333333,0.0010579427083333333,0.0016276041666666667,0.00146484375,0.008057296329453895,0.007039388020833333,0.0033365885416666665,0.0030924479166666665,0.0028484231943031535,0.0028506271379703536,0.002772002772002772,0.0027262369791666665,0.002685546875,0.00244140625,0.0024007161458333335,0.0023600260416666665,0.0023600260416666665,0.0022786458333333335,0.0027262369791666665,0.002197265625,0.004720052083333333,0.003987630208333333,0.0034595034595034596,0.0029296875,0.00288911495422177,0.0028905264014981885,0.002890055765864778,0.0028889973958333335,0.0025227864583333335,0.00244140625,0.00244140625,0.002197265625,0.002197265625,0.0020751953125,0.0020751953125,0.0016682942708333333,0.007650673503438734,0.008015950520833334,0.0034993489583333335,0.0028483072916666665,0.0028079599560493222,0.0028101327685916755,0.0028134556574923547,0.0022379557291666665,0.002197265625,0.0018717447916666667,0.0016276041666666667,0.0014241536458333333,0.0012613932291666667,0.0012613932291666667,0.001261444557477111,0.0010986775178026449,0.005696614583333333,0.0038248697916666665,0.0048836073579684195,0.004883408619216213,0.004885794552339074,0.004887585532746823,0.0049035632559660015,0.004475911458333333,0.0037031008382843655,0.0023193359375,0.0016276041666666667,0.0010986328125,0.0008138020833333334,0.0008138020833333334,0.0008138020833333334,0.0006512271561724123,0.0006513597134017262,0.000407000407000407,0.000040690104166666664,0.000040690104166666664,0.000040706667752177804,0.000040756439517443756,0.00004088976120379457,0.0028889973958333335,0.0026857654431512983,0.002685546875],