{"startTime":"2025-03-24T21:01:06.836Z","infectedMalesAtStart":2056,"infectedFemalesAtStart":2056,"toxinAntitoxinLength":3,"killRate":1,"rescueRate":1,"simulationLength":196,"infectionRatio":[0.16731770833333334,0.16731770833333334,0.1671871147999014,0.15909830729166666,0.1624755859375,0.1610107421875,0.17386881510416666,0.169189453125,0.1624755859375,0.1624755859375,0.16719563802083334,0.16487630208333334,0.1649169921875,0.15751139322916666,0.1597900390625,0.16507975260416666,0.1619532044760936,0.1618515952895155,0.16080729166666666,0.1470947265625,0.13972981770833334,0.12601725260416666,0.12019856770833333,0.11665852864583333,0.10811360677083333,0.10697428385416667,0.09892166836215667,0.1011962890625,0.10364191251271618,0.0948679337430304,0.09271469271469271,0.10074490169739896,0.10030110677083333,0.10220791917875183,0.1028083028083028,0.09212239583333333,0.10367838541666667,0.08199055989583333,0.09420142421159715,0.08863386643877426,0.08089192708333333,0.08089192708333333,0.07914225260416667,0.07838508811200195,0.08525964512453199,0.0771484375,0.07218424479166667,0.07904269608042655,0.0777587890625,0.080078125,0.07499796532920973,0.07954915364583333,0.09427897135416667,0.0755615234375,0.07161458333333333,0.06812355023806617,0.062093098958333336,0.060750325520833336,0.05327852171435549,0.0555419921875,0.056769625198388476,0.0528564453125,0.0499267578125,0.058813952541820994,0.058067141403865714,0.056358087487283826,0.06076763401033823,0.06392415364583333,0.06876627604166667,0.054606119791666664,0.056193033854166664,0.05200406917599186,0.047037760416666664,0.044718424479166664,0.04081549605273867,0.041829427083333336,0.040812174479166664,0.0380859375,0.03572881907707333,0.041424211597151574,0.040812174479166664,0.039959308240081384,0.03573318139269871,0.038167317708333336,0.042317708333333336,0.036051432291666664,0.041585286458333336,0.035115559895833336,0.025838216145833332,0.0245361328125,0.02266531027466938,0.022381378692927483,0.02181255849916575,0.022054036458333332,0.021200406917599186,0.020554357116691766,0.020484626349012422,0.019699621474215476,0.017214715936838678,0.0179443359375,0.018229166666666668,0.032145182291666664,0.0394287109375,0.033001017293997965,0.025838216145833332,0.022257486979166668,0.021244556591103334,0.021082621082621083,0.021082621082621083,0.02103763987792472,0.020345052083333332,0.02035002035002035,0.02035250539341393,0.02010418362363666,0.01710445937690898,0.016276041666666668,0.0150146484375,0.025105794270833332,0.029825846354166668,0.0296630859375,0.026570638020833332,0.023681640625,0.023194303153611394,0.023163979807848886,0.02316303684103399,0.023123269825761277,0.022799446299161304,0.022804088447285906,0.022797589969060415,0.02262553918775942,0.0188748471259682,0.016153971354166668,0.007527669270833333,0.01708984375,0.015543619791666666,0.019044518596891023,0.017537434895833332,0.01582909460834181,0.015625,0.015584944048830112,0.01559001913135507,0.015594462540716612,0.015599543825350276,0.015603356962437871,0.015584944048830112,0.015425315425315425,0.014187288515634555,0.009602864583333334,0.005696614583333333,0.013834635416666666,0.013346897253306206,0.0130615234375,0.01171875,0.01025390625,0.009933235629376322,0.009933640027683915,0.00993687639991855,0.009939709956004562,0.009940924831941332,0.009938495376970388,0.009935257950242273,0.011027018229166666,0.009939709956004562,0.008097330729166666,0.005655924479166667,0.0174560546875,0.0169677734375,0.014364775779278912,0.013142903645833334,0.012826255140681624,0.01213157466210715,0.011560693641618497,0.011568228105906313,0.011570584640456304,0.011577660008153282,0.011573413749541546,0.011394620111504496,0.011679010336127615,0.009409368635437882,0.004964192708333333,0.0025634765625,0.00406934158053227,0.0017903645833333333,0.0011396475233017218,0.0011393229166666667,0.0004883806112897318,0.000488599348534202,0.0004884601294419343,0.000488619243454538,0.0004887585532746823,0.0004890174823749949,0.0004891171435558817,0.0004883607357968419,0.0004886590381561266,0.00048828125,0.00048828125],"averageToxinCountInMales":[2.4858949416342413,2.4858949416342413,2.4838869608329204,2.6135558927668185,2.6479083665338647,2.606837606837607,2.6457169459962757,2.533526290400386,2.4593657086223986,2.4735279564571995,2.413294797687861,2.3665674603174605,2.513309894525364,2.488702049395691,2.5156739811912225,2.4507042253521125,2.450849202264539,2.4512132163138873,2.4499478623566215,2.585875706214689,2.4297520661157024,2.459170013386881,2.5823863636363638,2.5824011931394484,2.4773462783171523,2.357085020242915,2.358974358974359,2.112165660051769,2.1385135135135136,2.1795112781954886,2.2586206896551726,1.9499121265377857,1.9501748251748252,1.9828620394173093,1.971770744225834,2.0917602996254683,1.6899598393574298,1.6205128205128205,2.1441281138790034,2.09628217349857,2.0461215932914047,2.3036269430051814,2.237696335078534,2.179978700745474,2.1866404715127703,2.2160970231532526,2.342857142857143,2.037194473963868,2.0496760259179267,2.091578947368421,2.1912442396313363,2.2944325481798713,2.007860262008734,1.7894736842105263,1.9515366430260048,2.1363636363636362,2.09478021978022,2.063711911357341,1.9794628751974723,1.9295558958652375,1.9544117647058823,1.9810725552050472,2.1154499151103567,1.6705882352941177,1.6721556886227544,1.6521739130434783,1.7787610619469028,1.7726027397260273,1.4414303329223181,1.3710191082802548,1.5674418604651164,1.5812395309882747,1.521978021978022,1.4934086629001884,1.5180467091295118,1.3458333333333334,1.3368869936034116,1.3288288288288288,1.478908188585608,1.0912778904665315,1.0881147540983607,1.0675105485232068,1.1045130641330165,1.2779043280182232,0.9444444444444444,0.6175771971496437,0.7045908183632734,0.7105263157894737,0.6843853820598007,0.6840277777777778,0.6692015209125475,0.6563706563706564,0.6746031746031746,0.6901960784313725,0.6910569105691057,0.6778242677824268,0.679324894514768,0.6784140969162996,0.6526315789473685,1.0740740740740742,0.509090909090909,0.2606516290726817,0.2702169625246548,0.24343675417661098,0.13580246913580246,0.14642857142857144,0.1524163568773234,0.1509433962264151,0.1509433962264151,0.1509433962264151,0.15810276679841898,0.15810276679841898,0.15810276679841898,0.1593625498007968,0.14423076923076922,0.3487179487179487,0.2717391304347826,0.14420062695924765,0.11282051282051282,0.11023622047244094,0.058997050147492625,0.04040404040404041,0.034482758620689655,0.03460207612456748,0.03460207612456748,0.027777777777777776,0.027972027972027972,0.027972027972027972,0.027972027972027972,0.028070175438596492,0,0.06091370558375635,0.02631578947368421,0.009900990099009901,0.010416666666666666,0.008928571428571428,0,0,0,0,0,0,0,0,0,0,0,0,0,0,0,0,0,0,0,0,0,0,0,0,0,0,0,0,0,0,0,0,0,0,0,0,0,0,0,0,0,0,0,0,0,0,0,0,0,0,0,0,0,0,0,0,0,0,0,0],