{"startTime":"2025-03-24T20:33:26.773Z","infectedMalesAtStart":1024,"infectedFemalesAtStart":1024,"toxinAntitoxinLength":3,"killRate":0.43202986177025104,"rescueRate":0.959316441810315,"simulationLength":185,"infectionRatio":[0.17215870880968392,0.17215870880968392,0.17157903677907074,0.17527108722771328,0.1616198765886151,0.17313639322916666,0.1676025390625,0.17167154947916666,0.17606608072916666,0.17399088541666666,0.17720540364583334,0.17203776041666666,0.1724853515625,0.1737060546875,0.164306640625,0.16349283854166666,0.159912109375,0.15984040387590587,0.1604541385203874,0.16410319010416666,0.16703287760416666,0.16691080729166666,0.16016928460975013,0.16023763020833334,0.15523274739583334,0.14579264322916666,0.1519775390625,0.148681640625,0.14908854166666666,0.14888509114583334,0.1419677734375,0.13655598958333334,0.134521484375,0.1322021484375,0.13631184895833334,0.13671875,0.13321940104166666,0.12935384114583334,0.15071614583333334,0.14998372395833334,0.12451171875,0.10994466145833333,0.10738118489583333,0.10384114583333333,0.09733072916666667,0.093505859375,0.09212239583333333,0.08866373697916667,0.08565964027020428,0.08491065250132292,0.0860595703125,0.10616048177083333,0.10624186197916667,0.1054323499491353,0.1343994140625,0.1451416015625,0.1275634765625,0.11075846354166667,0.1099853515625,0.10152180989583333,0.0924072265625,0.09476725260416667,0.09717192268565615,0.0948486328125,0.09265890778871978,0.09196010584164462,0.09102376302083333,0.11332194010416667,0.10660807291666667,0.1051025390625,0.1282958984375,0.13960774739583334,0.124755859375,0.10648600260416667,0.09590657552083333,0.08646647135416667,0.07845052083333333,0.07247202441505596,0.07706705729166667,0.07352701822916667,0.07275686673448627,0.07168152399560386,0.06807454427083333,0.07389322916666667,0.0750732421875,0.06348689565358945,0.084716796875,0.104248046875,0.10148111979166667,0.094482421875,0.0810546875,0.07894843934399544,0.0699462890625,0.06697591145833333,0.06978352864583333,0.0673828125,0.06702751098811656,0.06535548497434644,0.05901025557545173,0.055867513020833336,0.056803385416666664,0.047770182291666664,0.07523600260416667,0.09065755208333333,0.08829752604166667,0.08162434895833333,0.0655517578125,0.06129426129426129,0.052571614583333336,0.050498474059003054,0.04949326386910334,0.048543294270833336,0.049609311411362524,0.04893851106311886,0.04510298786941301,0.0413818359375,0.052897135416666664,0.045939127604166664,0.06343587239583333,0.07051595052083333,0.07686360677083333,0.053263346354166664,0.040364583333333336,0.038736979166666664,0.037109375,0.036269640967190424,0.0361504640937958,0.03571574017511708,0.035803022280151524,0.03498043052837573,0.03133265513733469,0.024373372395833332,0.030721028645833332,0.02880859375,0.0299072265625,0.023885091145833332,0.024861653645833332,0.016398111979166668,0.009969075520833334,0.009806714140386572,0.009197460524173856,0.008872608872608873,0.008545617319117767,0.008504231770833334,0.0084228515625,0.008385914919601058,0.008057296329453895,0.006632486979166667,0.005411783854166667,0.0032958984375,0.0047607421875,0.0023193359375,0.0036214192708333335,0.0034586588541666665,0.0028076171875,0.0028076171875,0.002644964394710071,0.0026050146532074245,0.0026057570945808395,0.0024032586558044807,0.00240492397994538,0.0020764626847441063,0.001465082207390526,0.0011800130208333333,0.0008951822916666666,0.000244140625,0.0001220703125,0.00008138020833333333,0.0015462239583333333,0.0015055951169888097,0.0015055338541666667,0.0015055951169888097,0.0015055338541666667,0.0015060853991126309,0.0015066987009813902,0.0015072510998859377,0.0015076195909053867,0.0015078039039895677,0.0014656190204779547,0.0014242115971515768,0.0011803972647346141,0.0005289713541666666,0.0005289713541666666,0.0004475911458333333,0.0003255208333333333],"averageToxinCountInMales":[2.4736328125,2.4736328125,2.467871485943775,2.6822010106681637,2.4522003034901365,2.563240170535291,2.5945017182130585,2.5605700712589075,2.6372865712967237,2.5861588481189037,2.5533578656853724,2.5208530805687204,2.474081055607917,2.424953095684803,2.4009925558312655,2.3388059701492536,2.3421319796954316,2.339939024390244,2.3958227203260316,2.4298418972332017,2.2599431818181817,2.4040835707502373,2.405650857719475,2.301952929394091,2.4565217391304346,2.5223880597014925,2.5362860192102454,2.5955483170466884,2.562671045429666,2.5389254385964914,2.5105533371363378,2.4605418138987045,2.4487485101311086,2.4515151515151516,2.56145584725537,2.45873786407767,2.3429625076828517,2.5798107255520506,2.350053937432578,2.3924387646432375,2.3835263835263834,2.3529411764705883,2.182089552238806,2.245939675174014,2.290032679738562,2.375,2.3806228373702423,2.3582358235823584,2.37546468401487,2.3488151658767773,2.5176022835394862,2.647421093148576,2.4498456790123457,2.7024661893396975,2.297313797313797,2.4145516074450084,2.3425096030729833,2.4627539503386005,2.2452543659832953,2.182795698924731,2.168044077134986,2.2495495495495494,2.3150087260034904,2.3010752688172045,2.3139963167587476,2.320964749536178,2.5070159027128156,2.6548148148148147,2.552941176470588,2.56984126984127,1.9359137055837563,2.0275983558426307,1.8928104575163398,1.9581719597211464,1.9602076124567474,1.9375,1.8566844919786096,1.8638985005767013,1.9619151251360174,1.9498289623717218,1.9502890173410405,1.9131455399061033,2,2.4507829977628637,2.435215946843854,2.6785225718194257,1.6771573604060914,1.4668284789644013,1.5928917609046849,1.8083832335329342,1.8866599799398194,1.8877445932028836,1.846420323325635,1.8144578313253013,1.8515981735159817,1.8428571428571427,1.8597122302158273,1.8483353884093712,1.7198335644937586,1.8869047619047619,2.212481426448737,2.54275092936803,1.3993288590604027,1.2906137184115523,1.2265402843601896,1.4232323232323232,1.519546027742749,1.5202156334231807,1.2396825396825397,1.1771523178807948,1.1399662731871838,1.1600688468158347,1.2100840336134453,1.1945392491467577,1.1985157699443414,1.2032854209445585,2.7158385093167703,3.1020036429872495,2.068877551020408,2.1234140715109575,1.9345300950369588,2.250379362670713,2.3266533066132267,2.30188679245283,2.2183406113537116,2.247191011235955,2.2528216704288937,2.217889908256881,2.217889908256881,2.2023529411764704,2.2037037037037037,1.8829787234042554,2.852777777777778,3.2996941896024463,2.741144414168937,2.430976430976431,2.016891891891892,2.196969696969697,2.436974789915966,2.4237288135593222,2.293577981651376,2.317757009345794,2.3689320388349513,2.3689320388349513,2.3689320388349513,2.3689320388349513,2.3711340206185567,2.1184210526315788,2.727272727272727,2.5405405405405403,2.1228070175438596,2.2083333333333335,1.3725490196078431,1.3,1,1,1,1,1,1,1,1,1,0.8125,0.7692307692307693,0.6666666666666666,1,1,1,1,1,1,1,1,1,1,1,1,1,1,1,1,1,1,1],