{"startTime":"2025-03-24T20:33:55.229Z","infectedMalesAtStart":16,"infectedFemalesAtStart":32,"toxinAntitoxinLength":3,"killRate":0.5852442116142499,"rescueRate":0.5485390086966543,"simulationLength":76,"infectionRatio":[0.0037638202775817455,0.0037638202775817455,0.003803486529318542,0.005697885451399148,0.004763455744646201,0.004353841145833333,0.003987630208333333,0.0031331380208333335,0.0030110677083333335,0.0020751953125,0.0019938151041666665,0.0022786458333333335,0.0021158854166666665,0.0021158854166666665,0.0021158854166666665,0.0020345052083333335,0.0019938151041666665,0.0019543178209356295,0.0015869786368260428,0.000732421875,0.0004069175991861648,0.000244140625,0.000244140625,0.00020345052083333334,0.00008138020833333333,0.00008138020833333333,0.00008138020833333333,0.0017903645833333333,0.0008951822916666666,0.0008951822916666666,0.0008951822916666666,0.000895291580189639,0.0008951822916666666,0.0008952551477170994,0.0008952187182095626,0.0008544921875,0.0008138020833333334,0.0008138020833333334,0.0006510416666666666,0.0004069010416666667,0.000406934158053227,0.0003255605746144142,0.00024417043096081065,0.0038251810857003335,0.0038248697916666665,0.0038248697916666665,0.003784487669895011,0.0036627055184763144,0.003662258392675483,0.0036640475511948867,0.0033778284225948235,0.0032145182291666665,0.0029703776041666665,0.0027263479145473043,0.0021565755208333335,0.0020752797558494405,0.0011394156425490356,0.0008544921875,0.0005696614583333334,0.002400813835198372,0.0013428827215756492,0.0037034022464593848,0.0037027994791666665,0.0056159199120986445,0.005289713541666667,0.00520918118183298,0.003662407422479043,0.0030924479166666665,0.0029703776041666665,0.002971465787438434,0.0023193359375,0.0008952187182095626,0.0001627802873072071,0.00008138020833333333,0.00008138020833333333,0.0000406934158053227],"averageToxinCountInMales":[2.875,2.875,2.875,2.6956521739130435,3.0555555555555554,3.0980392156862746,3.0434782608695654,3.1666666666666665,3.27027027027027,3.5,3.5,3.04,3.0434782608695654,3.0434782608695654,3.0434782608695654,3.0952380952380953,3.0952380952380953,3.05,3.066666666666667,2.4285714285714284,3.3333333333333335,1,1,1,null,null,null,1,1,1,1,1,1,1,1,1,1,1,1,1,1,1,1,1,1,1,1,1,1,1,1,1,1,1,1,1,1,1,1,1,1,1,1,1,1,1,1,1,1,1,1,1,1,1,1,1],"averageAntitoxinCountInFemales":[2.96875,2.96875,2.96875,2.6515151515151514,3.0952380952380953,3.125,3.1538461538461537,3.3658536585365852,3.4324324324324325,3.413793103448276,3.4074074074074074,2.6774193548387095,2.586206896551724,2.586206896551724,2.586206896551724,2.586206896551724,2.607142857142857,2.607142857142857,2.7083333333333335,2.272727272727273,2.142857142857143,1.6,1.6,1.25,1,1,1,1,1,1,1,1,1,1,1,1,1,1,1,1,1,1,1,1,1,1,1,1,1,1,1,1,1,1,1,1,1,1,1,1,1,1,1,1,1,1,1,1,1,1,1,1,1,1,1,null],"reproductiveSuccessOverTime":[0,0,0,0.005360232980205124,0.0000814265939255761,0,0,0,0,0,0,0,0,0,0,0,0,0,0,0,0,0,0,0,0,0,0,0.000040690104166666664,0,0,0.000040690104166666664,0,0,0.0000406934158053227,0,0,0,0,0,0,0,0,0,0.0000813868316106454,0.00008138020833333333,0.00008138020833333333,0.0001220802474159681,0.00008139345596614032,0.00004069175991861648,0.00004071163945772096,0,0,0,0,0,0,0.0000406934158053227,0.000040690104166666664,0,0.00004069175991861648,0.0000406934158053227,0,0.000040690104166666664,0.00004069507182680177,0,0,0,0,0,0.000040705010786827856,0,0,0,0,0,0]}