{"startTime":"2025-03-24T20:43:41.881Z","infectedMalesAtStart":1024,"infectedFemalesAtStart":1024,"toxinAntitoxinLength":3,"killRate":0.9910283024073979,"rescueRate":0.6532275710262173,"simulationLength":116,"infectionRatio":[0.08333333333333333,0.08333333333333333,0.08296369311647774,0.087890625,0.07181803385416667,0.0721435546875,0.07352701822916667,0.07389322916666667,0.069091796875,0.068603515625,0.06856282552083333,0.072021484375,0.06905110677083333,0.06791178385416667,0.06949869791666667,0.07267252604166667,0.07840983072916667,0.07818863007004398,0.08011072213628592,0.08028157552083333,0.070556640625,0.06705729166666667,0.06966145833333333,0.06380208333333333,0.055582682291666664,0.051188151041666664,0.04896015628179561,0.049275716145833336,0.049086246896495586,0.04659396109709449,0.046590169270833336,0.04968868270052497,0.050010172939979655,0.04921436131238297,0.0457763671875,0.040283203125,0.046346028645833336,0.045206705729166664,0.047119140625,0.0428466796875,0.038045247395833336,0.030110677083333332,0.026814778645833332,0.024820963541666668,0.02510681586978637,0.024749653993324107,0.023681640625,0.023966471354166668,0.026448567708333332,0.026212959947899708,0.031742156024905384,0.031901041666666664,0.030476888020833332,0.03324922676216832,0.033935546875,0.028037763489867338,0.0250244140625,0.020874872838250253,0.020061037639877925,0.0182706002034588,0.015625,0.015260651935050665,0.0140380859375,0.014083360468902637,0.01676636959264233,0.017178213791419036,0.018764246173884728,0.014444986979166666,0.014689127604166666,0.019368489583333332,0.018269856770833332,0.020589192708333332,0.016682942708333332,0.014608341810783316,0.013427734375,0.01025390625,0.008138020833333334,0.0067138671875,0.007080078125,0.006797183442549554,0.009360628383053193,0.009117551286225985,0.011679010336127615,0.0096435546875,0.007609049479166667,0.009196337741607325,0.008504231770833334,0.00830078125,0.007242838541666667,0.0054931640625,0.004597981770833333,0.0037434895833333335,0.0032145182291666665,0.002685546875,0.0023193359375,0.0019938151041666665,0.004760935910478128,0.004681457358029717,0.00451696915439082,0.004069010416666667,0.0034586588541666665,0.0020751953125,0.0019938151041666665,0.001708984375,0.0016682942708333333,0.001261444557477111,0.0010172526041666667,0.0006510416666666666,0.0006104509197460524,0.0003662109375,0.0003255208333333333,0.00020350848630387887,0.00020359964166463066,0.00016281341582546403,0.00016276041666666666,0.0001220703125],"averageToxinCountInMales":[2.54296875,2.54296875,2.539,2.5954954954954954,2.628796400449944,2.6111744583808436,2.4469525959367946,2.3974507531865585,2.2816728167281672,2.154034229828851,2.015853658536585,2.082750582750583,2.0887290167865706,2.059040590405904,2.113253012048193,2.176738882554162,2.1243469174503655,2.1156677181913777,2.2118380062305296,2.402030456852792,2.5711009174311927,2.5676646706586825,2.665132336018412,2.7634271099744248,2.8808823529411764,2.944,3.037542662116041,2.9932773109243698,2.9043624161073827,2.882867132867133,2.636036036036036,2.7328881469115194,2.735440931780366,2.685374149659864,2.7532710280373833,2.8218884120171674,2.7787934186471666,2.50093808630394,2.669026548672566,2.7524557956777995,2.669642857142857,2.5761772853185594,2.485981308411215,2.551948051948052,2.5357142857142856,2.4818481848184817,2.494773519163763,2.505226480836237,2.4634920634920636,2.4583333333333335,3.1160949868073877,2.696476964769648,2.991253644314869,2.577720207253886,2.6876574307304786,2.5915915915915915,2.5340136054421767,2.623481781376518,2.6625,2.7268518518518516,2.9392265193370166,2.6483516483516483,2.4911242603550297,2.5321637426900585,2.4375,2.3142857142857145,3.004524886877828,3.229299363057325,2.7378048780487805,1.9375,1.7638888888888888,1.6239669421487604,1.6321243523316062,1.592814371257485,1.6233766233766234,1.7586206896551724,1.8936170212765957,1.9473684210526316,1.65,1.5921052631578947,1.7019230769230769,1.6336633663366336,1.6642335766423357,1.9243697478991597,2.0714285714285716,1.8760330578512396,1.9115044247787611,1.90990990990991,1.9795918367346939,2.026666666666667,2.0317460317460316,2.0392156862745097,2.1904761904761907,2.411764705882353,2.4516129032258065,2.56,2.2295081967213113,2.2333333333333334,2.1724137931034484,1.9166666666666667,1.9761904761904763,2,2,2,2,2,2,2,2,2,2,2,2,2,2,null],"averageAntitoxinCountInFemales":[2.4248046875,2.4248046875,2.4235294117647057,2.56,2.6495433789954337,2.619419642857143,2.469055374592834,2.4008394543546694,2.2689265536723164,2.161290322580645,2.039306358381503,2.098684210526316,2.0753186558516803,2.058411214953271,2.1002277904328017,2.1782178217821784,2.143298969072165,2.1434468524251806,2.254726368159204,2.4281376518218623,2.577726218097448,2.4674046740467404,2.543297746144721,2.6348600508905853,2.7128279883381925,2.7330173775671405,2.79902755267423,2.7646103896103895,2.718032786885246,2.729493891797557,2.4796610169491524,2.5289389067524115,2.5302547770700636,2.5120772946859904,2.5440677966101695,2.6259541984732824,2.570945945945946,2.458477508650519,2.602023608768971,2.7169117647058822,2.731006160164271,2.612137203166227,2.470414201183432,2.556291390728477,2.5728155339805827,2.537704918032787,2.5627118644067797,2.5827814569536423,2.5194029850746267,2.5150602409638556,3.0498753117206983,2.689156626506024,3.0344827586206895,2.777262180974478,2.7780320366132725,2.6853932584269664,2.5919003115264796,2.6278195488721803,2.691699604743083,2.7510729613733904,2.9458128078817736,2.8704663212435233,2.8011363636363638,2.7657142857142856,2.6519607843137254,2.6037735849056602,3.120833333333333,3.2777777777777777,2.8426395939086295,2.126984126984127,1.8412017167381973,1.6590909090909092,1.672811059907834,1.5989583333333333,1.625,1.7352941176470589,1.8962264150943395,1.9550561797752808,1.7553191489361701,1.7472527472527473,1.8174603174603174,1.8373983739837398,1.8466666666666667,1.8644067796610169,1.9101123595505618,1.7428571428571429,1.71875,1.7419354838709677,1.8,1.8666666666666667,1.84,1.8048780487804879,1.864864864864865,1.90625,1.9615384615384615,1.9583333333333333,1.9821428571428572,2,2.018867924528302,1.9423076923076923,1.930232558139535,1.9259259259259258,1.92,1.9047619047619047,1.95,2,2,2,2,2,2,2,2,2,2,2],"reproductiveSuccessOverTime":[0,0,0,0,0,0,0,0,0,0,0,0,0,0,0.000040690104166666664,0,0,0.000040723244828147904,0.000040706667752177804,0,0,0,0,0,0,0,0,0,0.00008140339452155154,0.0000813868316106454,0,0.00004069507182680177,0,0.00004247652287183771,0,0,0,0,0,0,0,0,0,0,0.00004069175991861648,0,0,0.000040690104166666664,0.00008138020833333333,0.00004070335395636601,0,0,0,0,0,0,0,0,0,0,0,0,0,0,0,0,0,0,0,0,0,0,0,0.00008138351983723296,0,0.000040690104166666664,0.000040690104166666664,0,0,0,0.000040698384274144313,0,0,0,0,0,0,0,0,0,0,0.000040690104166666664,0.000040690104166666664,0.000040690104166666664,0.00008138020833333333,0.00008138020833333333,0.00008138351983723296,0.0001628332994097293,0,0,0,0,0,0,0,0,0,0,0,0,0,0,0,0.00004070335395636601,0,0]}