{"startTime":"2025-03-24T20:33:55.228Z","infectedMalesAtStart":16,"infectedFemalesAtStart":32,"toxinAntitoxinLength":3,"killRate":0.43565460147428803,"rescueRate":0.9115629132559072,"simulationLength":82,"infectionRatio":[0.003683241252302026,0.003683241252302026,0.0037203534335761897,0.0019912722958945897,0.006388346354166667,0.006022135416666667,0.005655924479166667,0.0072021484375,0.0069580078125,0.007568359375,0.007486979166666667,0.008138020833333334,0.007405598958333333,0.008219401041666666,0.008138020833333334,0.008382161458333334,0.008260427263479145,0.008263453553692094,0.007446592065106816,0.005818684895833333,0.00732421875,0.005859375,0.007486979166666667,0.011962890625,0.011393229166666666,0.010254323499491354,0.009358723958333334,0.0089111328125,0.008544921875,0.0084228515625,0.007405598958333333,0.006795247395833333,0.006591796875,0.006350240169339738,0.005900065104166667,0.0045166015625,0.0037027994791666665,0.004638671875,0.003662109375,0.00537109375,0.006510416666666667,0.005777994791666667,0.0052490234375,0.006184895833333333,0.005697541917629822,0.005493611133718565,0.005452473958333333,0.005086263020833333,0.0050868839783502215,0.005089162120348506,0.0048828125,0.0036214192708333335,0.0025227864583333335,0.0018310546875,0.0015462239583333333,0.0015462239583333333,0.0037434895833333335,0.0033399861512769338,0.0028483072916666665,0.0024423006472096714,0.0023193359375,0.0022379557291666665,0.0022379557291666665,0.002197265625,0.0021158854166666665,0.0020752797558494405,0.0020751953125,0.0016276041666666667,0.0013834635416666667,0.0010579427083333333,0.0010579427083333333,0.0008951822916666666,0.0006103515625,0.00048828125,0.0004069010416666667,0.0004069838427414432,0.0003662407422479043,0.0003662109375,0.0003662109375,0.0003662109375,0.0003662109375,0.0003662109375],"averageToxinCountInMales":[2.0625,2.0625,2.0625,2.066666666666667,3.44,3.563380281690141,3.585714285714286,3.6153846153846154,3.590909090909091,3.5686274509803924,3.58,3.18348623853211,3.2323232323232323,2.8761061946902653,2.8660714285714284,3,2.963302752293578,2.963302752293578,2.9157894736842107,2.6027397260273974,3.282608695652174,2.7746478873239435,2.3010752688172045,2.352112676056338,2.7720588235294117,2.975,2.991228070175439,2.803738317757009,2.761904761904762,2.761904761904762,2.898876404494382,2.8333333333333335,2.876543209876543,2.858974358974359,2.8333333333333335,2.8518518518518516,2.7708333333333335,1.8070175438596492,1.5777777777777777,1.4126984126984128,2.2857142857142856,2.338235294117647,2.2241379310344827,1.2207792207792207,1.0704225352112675,1.0441176470588236,1.0441176470588236,1.0634920634920635,1.0634920634920635,1.0634920634920635,1.0833333333333333,0.7111111111111111,0.5172413793103449,0,0,0,3.902439024390244,4.2105263157894735,4.705882352941177,5,5,5,5,5,5,5,5,5,5,5,5,5,5,5,5,5,5,5,5,5,5,5],"averageAntitoxinCountInFemales":[2.625,2.625,2.625,2.625,3.0609756097560976,3.090909090909091,3.0579710144927534,3.4069767441860463,3.4578313253012047,3.5952380952380953,3.5952380952380953,3.318681318681319,3.3012048192771086,3.0786516853932584,3.0568181818181817,3,3,3,2.9431818181818183,3.0142857142857142,3.5454545454545454,3.041095890410959,2.4725274725274726,2.513157894736842,2.951388888888889,3.037878787878788,2.9913793103448274,2.75,2.6857142857142855,2.6372549019607843,2.78494623655914,2.7349397590361444,2.7160493827160495,2.641025641025641,2.589041095890411,2.6666666666666665,2.488372093023256,1.2982456140350878,1.0444444444444445,1.318840579710145,2.2048192771084336,2.2432432432432434,2.1690140845070425,1.0533333333333332,1.0579710144927537,1.0895522388059702,1.106060606060606,1.096774193548387,1.096774193548387,1.096774193548387,1.1,0.75,0.45454545454545453,0.25925925925925924,0.2692307692307692,0.2692307692307692,2.8823529411764706,3.2954545454545454,4.027777777777778,5,5,5,5,5,5,5,5,5,5,5,5,5,5,5,5,5,5,5,5,5,5,5],"reproductiveSuccessOverTime":[0,0,0,0.005465406939795789,0,0,0,0,0,0.000040690104166666664,0,0,0.000040690104166666664,0,0.000040690104166666664,0,0,0,0,0,0,0,0.000040690104166666664,0,0.00001307896205357143,0,0,0,0,0,0,0,0.00008138020833333333,0.00012212000325653342,0,0,0,0,0,0,0,0,0.000006260016025641026,0,0,0,0,0.000040690104166666664,0.00004069507182680177,0.00004071329696278805,0,0,0,0,0,0,0,0,0,0.000040705010786827856,0,0,0,0,0.000040690104166666664,0,0,0,0,0,0,0,0,0,0,0,0.000002653918422086263,0.000002653702445652174,0.00008138020833333333,0,0,0.000040690104166666664]}