{"startTime":"2025-03-24T20:33:55.229Z","infectedMalesAtStart":16,"infectedFemalesAtStart":32,"toxinAntitoxinLength":3,"killRate":0.6686469150128361,"rescueRate":0.9115629132559072,"simulationLength":49,"infectionRatio":[0.00393345898549537,0.00393345898549537,0.0038855820105820104,0.006007191090064018,0.004480651731160896,0.004679361979166667,0.005167643229166667,0.004435221354166667,0.004313151041666667,0.0042724609375,0.004109700520833333,0.003946940104166667,0.004191080729166667,0.005777994791666667,0.005411783854166667,0.005086263020833333,0.005045572916666667,0.005008551184949915,0.004801432291666667,0.0032552083333333335,0.0025227864583333335,0.00634765625,0.007893880208333334,0.00732421875,0.006632486979166667,0.005696614583333333,0.005452473958333333,0.004964394710071211,0.004923502604166667,0.004557291666666667,0.004150390625,0.0036214192708333335,0.0035808748728382504,0.003460630241836984,0.0030110677083333335,0.0025227864583333335,0.0016682942708333333,0.0034586588541666665,0.002807731434384537,0.0017905102954341987,0.0007731119791666666,0.0006104260774020266,0.0005698005698005698,0.0004475911458333333,0.0004475911458333333,0.0004475911458333333,0.0004475911458333333,0.0004475911458333333,0.00008138020833333333],"averageToxinCountInMales":[2.625,2.625,2.625,2.2857142857142856,2.235294117647059,0.9122807017543859,0.5483870967741935,0.5,0.39622641509433965,0.39622641509433965,0.48,0.48,0.8545454545454545,1.338235294117647,1.125,1.1333333333333333,1.152542372881356,1.152542372881356,1.1785714285714286,0.5263157894736842,0.8636363636363636,0.27692307692307694,0.24444444444444444,0.2558139534883721,0.10126582278481013,0.12698412698412698,0.09836065573770492,0.10714285714285714,0.10714285714285714,0.11538461538461539,0.1276595744680851,0.15384615384615385,0.15384615384615385,0.15789473684210525,0.17647058823529413,0.2,0.35294117647058826,0.02631578947368421,0,0,0,0,0,0,0,0,0,0,0],"averageAntitoxinCountInFemales":[2.3125,2.3125,2.3225806451612905,2.1621621621621623,2.0677966101694913,1.1379310344827587,0.8615384615384616,0.8113207547169812,0.8113207547169812,0.7884615384615384,0.8627450980392157,0.8297872340425532,1.0833333333333333,1.7972972972972974,1.6666666666666667,1.7076923076923076,1.7076923076923076,1.71875,1.7741935483870968,1.4523809523809523,1.475,0.5604395604395604,0.47115384615384615,0.4574468085106383,0.14285714285714285,0.15584415584415584,0.1232876712328767,0.13636363636363635,0.13846153846153847,0.15,0.10909090909090909,0.12,0.12244897959183673,0.1276595744680851,0.15,0.0625,0.08333333333333333,0,0,0,0,0,0,0,0,0,0,0,null],"reproductiveSuccessOverTime":[0,0,0,0.007159456784555443,0.0002048297934244981,0,0,0,0,0,0,0,0,0.000040690104166666664,0,0,0.00008138020833333333,0.00008143985666585227,0,0,0,0,0,0,0,0,0.00008138020833333333,0,0,0,0,0,0,0,0,0,0,0,0,0,0,0,0.0001221001221001221,0,0,0.00008138020833333333,0.00008138020833333333,0,0.000040690104166666664]}