{"startTime":"2025-03-24T20:33:55.228Z","infectedMalesAtStart":16,"infectedFemalesAtStart":32,"toxinAntitoxinLength":3,"killRate":0.08534495669114994,"rescueRate":0.4408720361461895,"simulationLength":50,"infectionRatio":[0.0042205222896333425,0.0042205222896333425,0.004262877442273535,0.006914672935970129,0.005167643229166667,0.005086263020833333,0.005330403645833333,0.007405598958333333,0.00341796875,0.0042724609375,0.0025634765625,0.0018717447916666667,0.0018310546875,0.001220703125,0.0011800130208333333,0.0010986328125,0.0010986328125,0.0010994380649890056,0.0015055338541666667,0.0009765625,0.000732421875,0.0006917317708333334,0.0006103515625,0.0006103515625,0.0006103515625,0.0006103515625,0.0017903645833333333,0.0017905102954341987,0.0017903645833333333,0.0016279353709657727,0.001627802873072071,0.0015869140625,0.0015055338541666667,0.00146484375,0.001708984375,0.0011393229166666667,0.0010986328125,0.0010986328125,0.0010172526041666667,0.0010172526041666667,0.0008138351983723296,0.0002848655027876124,0.00020345052083333334,0.0002034587995930824,0.00016276041666666666,0.0001220703125,0.0001220703125,0.0001220703125,0.00012208521548040532,0.00012208521548040532],"averageToxinCountInMales":[2.3125,2.3125,2.3125,1.9078947368421053,1.7076923076923076,1.7868852459016393,2.78125,2.393258426966292,1.5777777777777777,1.3214285714285714,1.5151515151515151,0.9130434782608695,1.3478260869565217,0.8125,0.8125,0.8125,0.8125,0.8125,0.9565217391304348,0.8571428571428571,0.8181818181818182,0.8181818181818182,0.9,0.9,0.9,0.9,0.7391304347826086,0.7391304347826086,0.7391304347826086,0.8095238095238095,0.8095238095238095,0.8095238095238095,0.631578947368421,0.6666666666666666,0.7,0.7692307692307693,0.75,0.75,0.7,0.7,0.5714285714285714,0.75,1,1,1,1,1,1,1,1],"averageAntitoxinCountInFemales":[2.625,2.625,2.625,2.175675675675676,2.0483870967741935,2.328125,3.1791044776119404,2.7096774193548385,1.8461538461538463,1.5714285714285714,1.8333333333333333,1.3478260869565217,1.8181818181818181,1.4285714285714286,1.4615384615384615,1,1,1,1.0714285714285714,1.2,1.2857142857142858,1.3333333333333333,1,1,1,1,1.1904761904761905,1.1904761904761905,1.1904761904761905,1.3157894736842106,1.3157894736842106,1.3333333333333333,1.3333333333333333,1.3333333333333333,1.3181818181818181,1.2666666666666666,1.2666666666666666,1.2666666666666666,1.2666666666666666,1.2666666666666666,1.3076923076923077,1,1,1,1,1,1,1,1,1],"reproductiveSuccessOverTime":[0,0,0,0.008896879177614898,0,0,0,0,0,0,0,0.000040690104166666664,0,0,0,0.000040690104166666664,0.000040690104166666664,0.00004071992833292614,0,0,0,0,0,0,0,0,0,0,0.00008138020833333333,0.000040698384274144313,0.00004069507182680177,0.00008138020833333333,0.000040690104166666664,0.000040690104166666664,0,0.000040690104166666664,0,0,0,0,0,0,0,0,0,0,0,0,0,0]}