{"startTime":"2025-03-24T20:33:55.229Z","infectedMalesAtStart":16,"infectedFemalesAtStart":32,"toxinAntitoxinLength":3,"killRate":0.3694216197287058,"rescueRate":0.4408720361461895,"simulationLength":87,"infectionRatio":[0.0038694074969770256,0.0038694074969770256,0.003904343582235237,0.007273042123035629,0.004964394710071211,0.005167643229166667,0.0045166015625,0.004353841145833333,0.0037841796875,0.0036214192708333335,0.0034586588541666665,0.004353841145833333,0.004109700520833333,0.003946940104166667,0.0032145182291666665,0.004150390625,0.004028484231943031,0.003990390488212061,0.004353841145833333,0.007364908854166667,0.007771809895833333,0.00732421875,0.006673448626653103,0.006429036458333333,0.005330403645833333,0.004842319430315361,0.004191080729166667,0.0037437942540896885,0.0037434895833333335,0.0036214192708333335,0.0032553407934893183,0.0029703776041666665,0.0029703776041666665,0.002686093362093525,0.0040283203125,0.0035400390625,0.0032958984375,0.0017903645833333333,0.0017903645833333333,0.0017903645833333333,0.0016682942708333333,0.0014244434495950511,0.0009765625,0.0009358723958333334,0.0009358723958333334,0.0008544921875,0.000854526958290946,0.0008544921875,0.000854526958290946,0.0008138020833333334,0.000732421875,0.0004475911458333333,0.000040690104166666664,0.000040690104166666664,0.000040690104166666664,0.0026448567708333335,0.0026448567708333335,0.0026453949778193807,0.0017903645833333333,0.0017903645833333333,0.0017903645833333333,0.0017496744791666667,0.001749816879628876,0.0017496744791666667,0.0017496744791666667,0.001709053916581892,0.0015055338541666667,0.0013020833333333333,0.0008544921875,0.0007731119791666666,0.0006510416666666666,0.0028076171875,0.0027669270833333335,0.0022788312850980713,0.0015462239583333333,0.0014241536458333333,0.0014241536458333333,0.0014241536458333333,0.0014241536458333333,0.0014241536458333333,0.0014241536458333333,0.0014242115971515768,0.0014241536458333333,0.0013020833333333333,0.0010172526041666667,0.0010172526041666667,0.00016276041666666666],"averageToxinCountInMales":[2.5,2.5,2.5,2.0657894736842106,1.9242424242424243,2.1940298507462686,2.192982456140351,2.1964285714285716,2,1.9795918367346939,2.0638297872340425,1.8035714285714286,1.6923076923076923,1.6875,1.8205128205128205,2.0943396226415096,2.0961538461538463,2.0980392156862746,1.875,1.8210526315789475,1.48,1.5483870967741935,1.5172413793103448,1.5411764705882354,1.6,1.453125,1.3392857142857142,1.44,1.44,1.4680851063829787,1.5121951219512195,1.4210526315789473,1.4210526315789473,1.2903225806451613,1.24,0,0,0,0,0,0,0,0,0,0,0,0,0,0,0,0,null,null,null,null,0,0,0,0,0,0,0,0,0,0,0,0,0,0,0,0,0,0,0,0,0,0,0,0,0,0,0,0,0,0,0,0],"averageAntitoxinCountInFemales":[2.03125,2.03125,2.03125,2.2065217391304346,1.875,2.2333333333333334,2.2037037037037037,2.215686274509804,1.9285714285714286,1.95,2.0526315789473686,1.7058823529411764,1.6122448979591837,1.6122448979591837,1.75,2.183673469387755,2.234042553191489,2.234042553191489,2.1176470588235294,1.5116279069767442,0.9120879120879121,0.9310344827586207,0.8961038961038961,0.9041095890410958,0.9344262295081968,0.7818181818181819,0.8085106382978723,0.8333333333333334,0.8333333333333334,0.8333333333333334,0.8974358974358975,0.6,0.6,0.6,0.7959183673469388,0,0,0,0,0,0,0,0,0,0,0,0,0,0,0,0,0,0,0,0,0,0,0,0,0,0,0,0,0,0,0,0,0,0,0,0,0,0,0,0,0,0,0,0,0,0,0,0,0,0,0,0],"reproductiveSuccessOverTime":[0,0,0,0.007576085544828781,0.00004069175991861648,0,0,0,0,0,0.000040690104166666664,0,0,0,0,0.00007929353632478633,0.00003860500299971307,0.000019315076931429387,0.000019301716079059828,0,0,0,0,0,0,0,0,0,0,0,0,0,0.000040690104166666664,0.000040698384274144313,0,0,0,0,0,0,0,0,0,0,0.00008138020833333333,0.000040690104166666664,0,0,0,0,0,0,0,0,0,0,0,0,0,0,0,0,0.0000406934158053227,0,0,0,0,0,0,0,0,0,0,0,0,0,0,0,0,0,0,0,0,0,0,0,0]}