{"startTime":"2025-03-24T20:33:26.773Z","infectedMalesAtStart":1024,"infectedFemalesAtStart":1024,"toxinAntitoxinLength":3,"killRate":0.7159007708692693,"rescueRate":0.2668731152160565,"simulationLength":137,"infectionRatio":[0.1638531082486599,0.1638531082486599,0.1640164662200339,0.18612089745966995,0.18706065064574137,0.1832275390625,0.1849365234375,0.174560546875,0.17207845052083334,0.17655436197916666,0.17667643229166666,0.17081705729166666,0.16451009114583334,0.16263834635416666,0.16825358072916666,0.16695149739583334,0.16561546286876908,0.1642028100183262,0.16231282552083334,0.15047200520833334,0.14082845052083334,0.13655598958333334,0.13838704427083334,0.13309733072916666,0.12784830729166666,0.12064615885416667,0.11568196614583333,0.114990234375,0.10995360950598193,0.11372884114583333,0.1170654296875,0.11382411589956457,0.10811360677083333,0.1051603451082533,0.09512373819602735,0.10542805989583333,0.11092122395833333,0.09944661458333333,0.09220377604166667,0.0997314453125,0.09232584635416667,0.09200406917599187,0.08382161458333333,0.09049479166666667,0.08565266927083333,0.08748372395833333,0.08199055989583333,0.08544921875,0.0828279539256787,0.07987792472024415,0.0795116988809766,0.08846028645833333,0.09676106770833333,0.08443196614583333,0.08235677083333333,0.086181640625,0.07710774739583333,0.0706787109375,0.06770833333333333,0.07239358671766909,0.06884765625,0.07051595052083333,0.07072515666965085,0.06933875890132248,0.069580078125,0.07464387464387465,0.072265625,0.06087487283825026,0.06416829427083333,0.051839192708333336,0.046793619791666664,0.04736328125,0.045247395833333336,0.040974934895833336,0.0350762970498474,0.03656202923333741,0.0404052734375,0.0386962890625,0.0413868880478574,0.0401774810713995,0.03906567917310979,0.0446036138694449,0.044921875,0.036946614583333336,0.033935546875,0.024739583333333332,0.0230712890625,0.0208740234375,0.014933875890132248,0.012736520854526959,0.012003580729166666,0.011233668443974113,0.013671875,0.017293294270833332,0.018433367243133266,0.017950909756991085,0.018107096354166668,0.0205078125,0.019490559895833332,0.018798828125,0.013671875,0.011515299479166666,0.009195963541666666,0.007771809895833333,0.006754557291666667,0.005655924479166667,0.0048828125,0.004519175962869473,0.004191080729166667,0.0037841796875,0.0037434895833333335,0.0037454708301103284,0.003662109375,0.00390672689537297,0.0035807291666666665,0.0030110677083333335,0.0013834635416666667,0.001017418199576754,0.0008138020833333334,0.0004069010416666667,0.0002034587995930824,0.0001220703125,0.0001220703125,0.00012209018394921048,0.0001220802474159681,0.00004069507182680177,0.000040690104166666664,0.0000406934158053227,0.000040690104166666664,0.000040690104166666664,0.000732421875,0.000732421875,0.0003255208333333333,0.0003255340793489318,0.0000406934158053227,0.000040690104166666664,0.0000406934158053227],"averageToxinCountInMales":[2.4951171875,2.4951171875,2.4925668979187314,2.476214321482223,2.551029347349978,2.520141655599823,2.575479930191972,2.493729679516953,2.4131652661064424,2.4282428702851884,2.420423183072677,2.4052505966587114,2.350668647845468,2.3119959677419355,2.2831858407079646,2.290611028315946,2.3205574912891986,2.3261197785606442,2.3331622176591376,2.4370967741935483,2.550960978450786,2.600121359223301,2.6415430267062314,2.6919779546846296,2.6336317135549874,2.4078061911170927,2.530942334739803,2.540057224606581,2.5216095380029806,2.469416785206259,2.585048010973937,2.587279151943463,2.586053412462908,2.5925644916540214,2.6013456686291,2.838044308632544,2.8343023255813953,2.837905236907731,2.694043321299639,2.825833333333333,2.5953237410071943,2.468218442256043,2.4856577645895155,2.5054744525547443,2.5014634146341463,2.3442307692307693,2.3523421588594706,2.3751214771622933,2.222333000997009,2.168737060041408,2.0378548895899056,2.455731593662628,2.4141759180187874,2.464039408866995,2.3421588594704685,2.2670623145400595,2.0339539978094194,2.009557945041816,1.867080745341615,1.8783943329397874,1.7878048780487805,1.679245283018868,1.6556603773584906,1.7398081534772183,1.6848989298454222,1.6247240618101546,1.5219842164599775,1.6722222222222223,2.079245283018868,2.0987654320987654,2.2982758620689654,2.2573402417962005,2.27807486631016,2.293307086614173,2.23953488372093,2.195067264573991,2.060416666666667,2.054229934924078,1.9794238683127572,1.9703389830508475,1.9605263157894737,1.762081784386617,1.6863468634686347,1.6891891891891893,2.305210918114144,2.237785016286645,2.6458333333333335,2.413127413127413,2.577889447236181,2.5028901734104045,2.4171779141104293,2.5714285714285716,2.1550802139037435,1.9008620689655173,1.8097165991902835,1.8158995815899581,1.8189655172413792,1.6743295019157087,1.5436507936507937,1.4661354581673307,1.2485549132947977,1.1756756756756757,1.0695652173913044,1.0792079207920793,1.0434782608695652,1,1,1,1,1,1,1,1,1,1,1,1,1,1,1,1,null,null,null,null,null,null,null,null,null,1,1,1,1,null,null,null],"averageAntitoxinCountInFemales":[2.4619140625,2.4619140625,2.4594330400782014,2.4459861248761148,2.5483870967741935,2.4937611408199643,2.541056369285397,2.4941506785212915,2.445136559655007,2.4905311778290993,2.536439114391144,2.514978601997147,2.447134387351779,2.414803775459513,2.3660161827701094,2.3545454545454545,2.3803978651140225,2.3828850855745722,2.4042136207741303,2.502176278563656,2.591743119266055,2.61768149882904,2.6421911421911424,2.6245421245421245,2.5627376425855513,2.3995943204868153,2.506685432793807,2.4789915966386555,2.4816176470588234,2.426205903527718,2.5059901338971105,2.507959479015919,2.4820473644003056,2.500789889415482,2.5165505226480835,2.8790951638065523,2.822962962962963,2.8477034649476227,2.68566493955095,2.782573940847322,2.6802074330164216,2.5961538461538463,2.617731172545281,2.646276595744681,2.6398148148148146,2.5126126126126125,2.533397870280736,2.503267973856209,2.3381782945736433,2.2768304914744233,2.1505483549351943,2.465940054495913,2.4175642087821045,2.4349056603773587,2.3512476007677545,2.3378500451671185,2.1313645621181263,2.066666666666667,1.9743888242142025,1.9774678111587982,1.9197247706422018,1.792090395480226,1.7674157303370785,1.7862068965517242,1.7249712313003451,1.6734913793103448,1.611923509561305,1.7796391752577319,2.0115089514066495,2.027156549520767,2.180701754385965,2.111111111111111,2.128856624319419,2.152304609218437,2.0925925925925926,2.0398230088495577,1.8830409356725146,1.9,1.8060263653483992,1.8135922330097087,1.7757936507936507,1.6003584229390682,1.5409252669039146,1.603448275862069,2.1925754060324825,2.0132890365448506,2.3620071684587813,2.0669291338582676,2.3333333333333335,2.3214285714285716,2.242424242424242,2.2713178294573644,1.9798657718120805,1.7512953367875648,1.703883495145631,1.7128712871287128,1.676056338028169,1.5761316872427984,1.5330396475770924,1.5497630331753554,1.4049079754601228,1.3777777777777778,1.2612612612612613,1.2222222222222223,1.135135135135135,1.1639344262295082,1.0943396226415094,1.0943396226415094,1.0961538461538463,1.0980392156862746,1.0980392156862746,1.0980392156862746,1.1,1.1,1,1,1,1,1,1,1,1,1,1,1,1,1,1,1,1,1,1,1,1,1,1,1],