{"startTime":"2025-03-24T21:01:06.836Z","infectedMalesAtStart":1024,"infectedFemalesAtStart":2056,"toxinAntitoxinLength":3,"killRate":0.5,"rescueRate":1,"simulationLength":229,"infectionRatio":[0.12532552083333334,0.12532552083333334,0.12575931702511903,0.14827473958333334,0.15067545572916666,0.1597900390625,0.17891438802083334,0.1875,0.1939697265625,0.19197591145833334,0.1968994140625,0.19710286458333334,0.19950358072916666,0.20215666327568668,0.19514973958333334,0.19559733072916666,0.194091796875,0.19409609120521173,0.184814453125,0.17793782552083334,0.18293179228390039,0.18477376302083334,0.19356282552083334,0.19959308240081383,0.19026692708333334,0.18839518229166666,0.18538411458333334,0.17997233072916666,0.18001302083333334,0.17591763652641002,0.17041015625,0.16366225839267548,0.15767415364583334,0.16000977158910468,0.15433756510416666,0.1373291015625,0.13956705729166666,0.143310546875,0.14579264322916666,0.14483432386224865,0.14449055989583334,0.15140787760416666,0.15780264496439472,0.15135113136903794,0.14210140799218687,0.14876302083333334,0.14643874643874644,0.13664849027427362,0.13525390625,0.13240559895833334,0.11983235677083333,0.1092529296875,0.10286458333333333,0.10400390625,0.09761555989583333,0.10684195530953641,0.09712727864583333,0.1090087890625,0.10388606307222788,0.0968096362008627,0.09330620549338758,0.0906982421875,0.08900012208521547,0.0849237029501526,0.0802913767142799,0.0780029296875,0.07601839417246571,0.06925455729166667,0.06978352864583333,0.08418782552083333,0.0830078125,0.09981282552083333,0.1036376953125,0.10225423177083333,0.10408528645833333,0.099365234375,0.09521871820956257,0.09106815869786368,0.08964029947916667,0.08908513755494059,0.08575498575498576,0.08277714471756471,0.08296712239583333,0.07645670572916667,0.08524576822916667,0.1097412109375,0.10945638020833333,0.106201171875,0.10331217447916667,0.09830729166666667,0.1021728515625,0.10160319010416667,0.0953369140625,0.08999511559752524,0.0872095389248362,0.08582939931629496,0.08657955794358285,0.08398779247202441,0.0806950435419549,0.064208984375,0.06909460834181079,0.09098307291666667,0.09077962239583333,0.08984375,0.08386571719226857,0.079833984375,0.07727994139909657,0.07761181881079321,0.07076585008545618,0.06731238808399805,0.06339518229166667,0.062215169270833336,0.06349206349206349,0.059369277721261444,0.054729812273486174,0.050821940104166664,0.046142578125,0.060099283854166664,0.0679931640625,0.06673177083333333,0.06502543234994913,0.06003256003256003,0.057377716285505004,0.054728190104166664,0.05033570701932859,0.047688802083333336,0.045694986979166664,0.044759114583333336,0.04443359375,0.0419921875,0.03746585674100045,0.029378255208333332,0.024007161458333332,0.026529947916666668,0.0181884765625,0.027100712105798577,0.026163736979166668,0.024944048830111903,0.02400813835198372,0.022750396809246672,0.019207292260112314,0.0181884765625,0.017049153645833332,0.01644013998535037,0.01595116988809766,0.015015259409969482,0.018369175627240143,0.012654622395833334,0.006998697916666667,0.0054931640625,0.005533854166666667,0.011637369791666666,0.011637369791666666,0.011271617497456764,0.011273911273911273,0.010050455729166666,0.007568359375,0.0062255859375,0.004923502604166667,0.0048828125,0.004475911458333333,0.0037027994791666665,0.0021166605609150486,0.0009358723958333334,0.0029299259379832344,0.0028889973958333335,0.0019124348958333333,0.0016276041666666667,0.001220703125,0.001220703125,0.0012208521548040532,0.001220703125,0.001220703125,0.0011393229166666667,0.0010986328125,0.0010986328125,0.0010986328125,0.0010987222267437129,0.001098945826040946,0.0010172526041666667,0.008626302083333334,0.007649739583333333,0.0057373046875,0.0048828125,0.004150390625,0.0040283203125,0.0039084765084276525,0.003868393191627983,0.0037849497374954216,0.003662109375,0.0034586588541666665,0.0034185251505778934,0.0034185251505778934,0.003418803418803419,0.0034210311965463874,0.002930880078156802,0.0076904296875,0.008829752604166666,0.005086263020833333,0.004313151041666667,0.003987630208333333,0.0037031008382843655,0.0037044575615713415,0.0033382185311838465,0.0015869786368260428,0.0009766817238432426,0.0008140339452155155,0.0008141333550435562,0.0007733637251709541,0.0007737101437472004,0.0007737731622887396,0.0006103515625,0.0032958984375,0.004475911458333333,0.0032145182291666665,0.0015869140625,0.0010986328125,0.0010986328125,0.0010990352912443521,0.0010999307451012344,0.0005698469553891241,0.0005697078212745178,0.0005698005698005698,0.0005700093644395586,0.000488619243454538,0.0001628531878511522,0.00016292615372082603,0.00016281341582546403,0.00016276041666666666],"averageToxinCountInMales":[2.482421875,2.482421875,2.4866204162537167,2.555936856554564,2.4097859327217126,2.4554455445544554,2.4144705318639197,2.3895114298520843,2.372073222647935,2.3159031979256697,2.2703826955074877,2.3253311258278146,2.2835638730675347,2.377101681345076,2.3468879668049794,2.389669421487603,2.3885403596821413,2.3890284757118927,2.4169658886894076,2.3947730398899587,2.438423645320197,2.416443252904379,2.3140916808149408,2.318348998774009,2.276321443919209,2.219298245614035,2.10603371783496,2.2335329341317367,2.2301624129930393,2.285781990521327,2.289705882352941,2.2854938271604937,2.2994623655913977,2.2962374138844726,2.4089912280701755,2.4442390634627236,2.1605370694687682,2.248719408081958,2.0622895622895623,2.103139013452915,2.1278026905829597,2.016621983914209,1.9638124362895004,2.1087775982767907,2.1028901734104046,2.3966083150984683,2.4106844741235394,2.3483483483483485,2.3137492428831012,2.2767295597484276,2.328441649196366,2.479182437547313,2.1827450980392156,2.359230769230769,2.2240204429301533,2.155226209048362,2.0874035989717226,1.940814757878555,1.8662369057211925,1.8742358078602621,1.848238482384824,1.9078341013824884,1.8985915492957746,1.9339901477832513,1.8947916666666667,1.8646055437100213,1.8453038674033149,2.2966101694915255,1.9852579852579852,1.9124236252545825,1.8756530825496343,1.933677863910422,1.943163097199341,1.9156429156429156,1.8935663224781574,1.8953488372093024,1.8980291345329905,1.8955357142857143,1.896551724137931,1.8887876025524157,1.90521327014218,1.8964497041420119,1.8076171875,1.974416017797553,1.7951219512195122,1.8053892215568863,1.8032544378698225,1.7853846153846153,1.829093799682035,1.8489626556016598,1.8824,1.8562300319488818,1.8630952380952381,1.8663636363636364,1.8650421743205248,1.8666666666666667,1.8753568030447194,1.884990253411306,1.8724489795918366,1.8453608247422681,1.8329326923076923,1.8787602552415679,1.9055258467023173,1.9004524886877827,1.9027645376549094,1.846619576185671,1.8472803347280335,1.8527542372881356,1.843822843822844,1.8364312267657992,1.836627140974967,1.836,1.8130718954248366,1.8222222222222222,1.8006042296072509,1.6688102893890675,1.6635859519408502,1.631578947368421,1.6670547147846333,1.6946745562130177,1.736969696969697,1.7260812581913498,1.7400820793433653,1.7306590257879657,1.7303543913713406,1.719155844155844,1.7094017094017093,1.7147826086956521,1.7177700348432057,1.7119266055045872,1.7735042735042734,1.788888888888889,1.8387096774193548,1.5943396226415094,1.732394366197183,1.8275862068965518,1.8203592814371257,1.8107255520504733,1.8013245033112584,1.7864768683274022,1.7542372881355932,1.7285067873303168,1.7211538461538463,1.7128712871287128,1.7010309278350515,1.6944444444444444,2.0655021834061134,2.3525641025641026,2.4545454545454546,2.514705882352941,2.5081967213114753,2.2013422818791946,2.2,2.1594202898550723,2.1594202898550723,2.1507936507936507,2.061224489795918,2.0125,2,2,2,2,2,2,2,2,2,2,2,2,2,2,2,2,2,2,2,2,2,2,2,2,2,2,2,2,2,2,2,2,2,2,2,2,2,2,2.010869565217391,2,2,2,2,2,2,2,2,2,2,2,2,2,2,2,2,2,2,2,2,2,2,2,2,2,2,2,2,2,2,2,2],