{"startTime":"2025-03-24T21:01:06.836Z","infectedMalesAtStart":2056,"infectedFemalesAtStart":4096,"toxinAntitoxinLength":3,"killRate":0.5,"rescueRate":1,"simulationLength":264,"infectionRatio":[0.2503255208333333,0.2503255208333333,0.2505337493841353,0.2719319661458333,0.2874348958333333,0.3082275390625,0.310546875,0.3247477213541667,0.3236897786458333,0.3409016927083333,0.3492838541666667,0.3543294270833333,0.3563639322916667,0.3650716145833333,0.36279296875,0.3575439453125,0.3537190755208333,0.35304652203996906,0.3544015302592487,0.3429361979166667,0.3371175130208333,0.3321940104166667,0.3144938151041667,0.2933062054933876,0.2920685305009563,0.2810872395833333,0.2912190755208333,0.2860921223958333,0.2799072265625,0.2835693359375,0.2772329603255341,0.2638753255208333,0.2631429036458333,0.26462565647518627,0.26133311630178235,0.2554117838541667,0.2619222005208333,0.2622884114583333,0.23738606770833334,0.2298583984375,0.23307291666666666,0.22444661458333334,0.23750813802083334,0.23785103785103784,0.22737630208333334,0.2271728515625,0.22500305213038702,0.21631739572736522,0.21232096354166666,0.210205078125,0.19275539275539275,0.19010416666666666,0.2209969481180061,0.24515787760416666,0.23624674479166666,0.2076416015625,0.20841471354166666,0.19414038657171923,0.19160970052083334,0.1820068359375,0.17736355866672093,0.1844482421875,0.18327568667344862,0.18013509114583334,0.17534079348931841,0.17493387589013223,0.16581217447916666,0.15401204427083334,0.19913736979166666,0.22085215480405324,0.22021484375,0.18265787760416666,0.19222005208333334,0.19199934887885078,0.20198567708333334,0.19618295759746074,0.18900553385416666,0.20157877604166666,0.19569463660779685,0.1876220703125,0.1837158203125,0.18074544270833334,0.169189453125,0.1519775390625,0.20231119791666666,0.20060221354166666,0.22856561546286877,0.20646998982706002,0.216796875,0.21106407229504193,0.22831217447916666,0.22737630208333334,0.22074381510416666,0.214599609375,0.20731608072916666,0.19734700520833334,0.19353001017293997,0.19169108072916666,0.172119140625,0.14485677083333334,0.177734375,0.17342122395833334,0.19212925280807422,0.18123372395833334,0.18058268229166666,0.16284842319430315,0.1679078663573841,0.16550012208024742,0.163818359375,0.15792258537181,0.1588134765625,0.15785618361616408,0.15584944048830113,0.1546630859375,0.14066569010416666,0.10624186197916667,0.13627115885416666,0.15088504577822992,0.1512129599478997,0.13834635416666666,0.12858072916666666,0.12019856770833333,0.11192511192511193,0.10633622268343304,0.112060546875,0.11300561569138114,0.11956212102714361,0.12053880275098686,0.12058440501383688,0.11751302083333333,0.1068115234375,0.0701904296875,0.08829752604166667,0.09444941808415398,0.1113100809897847,0.10542805989583333,0.0965576171875,0.09124949124949125,0.0844354018311292,0.08276676301754672,0.0821533203125,0.0830078125,0.08125813802083333,0.08207194010416667,0.0869140625,0.08414713541666667,0.08060709635416667,0.053181966145833336,0.070556640625,0.07424593967517401,0.07198110903020927,0.06856282552083333,0.06746693794506613,0.0645751953125,0.060750325520833336,0.0594482421875,0.05985757884028484,0.059247202441505595,0.05876846689186439,0.05850738976426041,0.06428746027866047,0.061914841651062445,0.0574951171875,0.031168619791666668,0.053629557291666664,0.06632756866734486,0.06802998207593286,0.0704345703125,0.06868489583333333,0.0654323499491353,0.06046795523906409,0.060262044270833336,0.0614013671875,0.0615234375,0.06104012370798405,0.05942205942205942,0.0714750895473787,0.06424967447916667,0.052978515625,0.0311279296875,0.044108072916666664,0.05751149822947617,0.059921734876895484,0.056193033854166664,0.0509033203125,0.047770182291666664,0.0458984375,0.04578009278098804,0.0472412109375,0.049519856770833336,0.04949729311678268,0.049374669002322076,0.056295572121063994,0.05093855613013559,0.04038265825361286,0.025151601481421187,0.02844585520693444,0.03900810293578729,0.04125015300501857,0.039198109363540054,0.029988606770833332,0.0252685546875,0.024210611979166668,0.023722330729166668,0.02486367705705217,0.026652018229166668,0.026700313403068908,0.026469031233456855,0.028178190406384886,0.029560260586319217,0.019330159117730842,0.013468972533062055,0.0164794921875,0.019491353001017293,0.022896090115092645,0.027835513713982966,0.024495442708333332,0.023276633840644583,0.021285254975377477,0.023885091145833332,0.023893841331867952,0.023811462064474112,0.02382018811840873,0.023826979472140762,0.023713482459357046,0.023450859050565914,0.01677046444417308,0.009279231614504904,0.020143240823634737,0.028564453125,0.0323081956486177,0.026921353806052213,0.017985026041666668,0.017252604166666668,0.016602238046795524,0.01611328125,0.01611459265890779,0.016119184271583833,0.016132974822781716,0.01614481409001957,0.015889830508474576,0.01576695864738236,0.009490061909416748,0.0038268941090257706,0.009565677534904548,0.014936914936914937,0.01664064426000493,0.014119466145833334,0.006062825520833333,0.004720052083333333,0.0047210125758007405,0.004722357922162514,0.0047252433907694815,0.004724858457903955,0.0047279396780110046,0.004727554305742348,0.004727168996291617,0.004730253231660074,0.003951603047215545,0.000488599348534202,0.0004478098029636867,0.00036662864591820106,0.00024509803921568627,0.00044775511865510645],