{"startTime":"2025-03-24T20:33:26.773Z","infectedMalesAtStart":1024,"infectedFemalesAtStart":1024,"toxinAntitoxinLength":3,"killRate":0.5243082511327758,"rescueRate":0.5828216620965389,"simulationLength":199,"infectionRatio":[0.17120882795519143,0.17120882795519143,0.1713609067072655,0.1510902696365768,0.14422135161606267,0.14497884114583334,0.14029947916666666,0.14359537760416666,0.14306640625,0.13297526041666666,0.13374837239583334,0.12943522135416666,0.12959798177083334,0.133056640625,0.1363525390625,0.13468424479166666,0.13692220052083334,0.13669855485446775,0.14558919270833334,0.13618977864583334,0.12479654947916667,0.11604817708333333,0.11153157552083333,0.10331217447916667,0.1131591796875,0.117919921875,0.13041178385416666,0.12349446614583333,0.1220703125,0.12083842083842083,0.11551920572916667,0.11084886465369903,0.1099853515625,0.10844795312118499,0.11661783854166667,0.1121826171875,0.09415690104166667,0.0860595703125,0.08780924479166667,0.0728759765625,0.08272298177083333,0.07804361979166667,0.0809766022380468,0.08126144455747711,0.08406575520833333,0.08793131510416667,0.08699544270833333,0.08809407552083333,0.0811767578125,0.08040691759918617,0.09012858072916667,0.08430989583333333,0.08524576822916667,0.0728759765625,0.069580078125,0.0634765625,0.07779947916666667,0.07161458333333333,0.0787353515625,0.079833984375,0.0791015625,0.0770263671875,0.07840983072916667,0.08431675754862863,0.07930501302083333,0.07584635416666667,0.08919270833333333,0.07902018229166667,0.07230631510416667,0.06636555989583333,0.061767578125,0.058349609375,0.0758056640625,0.07792154947916667,0.07776511760397167,0.07377716285505005,0.07556695574284435,0.07523600260416667,0.08744303385416667,0.0873316241403166,0.08150227864583333,0.07645670572916667,0.09431966145833333,0.08833821614583333,0.07759602864583333,0.0681586978636826,0.0645751953125,0.05224821973550356,0.06624348958333333,0.06522623697916667,0.06498209635416667,0.06343587239583333,0.0631158889160355,0.058349609375,0.06294759114583333,0.06042972247090421,0.061686197916666664,0.059000651041666664,0.06953938802083333,0.06905110677083333,0.06103515625,0.058634440104166664,0.0577392578125,0.04708036622583927,0.047932942708333336,0.052734375,0.055379231770833336,0.05770796027999349,0.057114922393775205,0.052001953125,0.051513671875,0.04638860630722279,0.046061197916666664,0.04431332655137335,0.05347332438041753,0.051676432291666664,0.047566731770833336,0.047119140625,0.051472981770833336,0.04231943031536114,0.035603841145833336,0.040445963541666664,0.0426025390625,0.0426112083350291,0.04244841479793252,0.036865234375,0.033528645833333336,0.033040364583333336,0.030598958333333332,0.029500325520833332,0.029378255208333332,0.0264892578125,0.025919596354166668,0.024861653645833332,0.033203125,0.028727213541666668,0.022787385554425228,0.020914713541666668,0.017903645833333332,0.0171747181636889,0.01664292980671414,0.015421549479166666,0.014567057291666666,0.0128173828125,0.010335286458333334,0.009480794270833334,0.012330104989012778,0.01029501525940997,0.009724934895833334,0.012410481770833334,0.023193359375,0.019490559895833332,0.016969154390819564,0.013956705729166666,0.0125732421875,0.011679485614292108,0.009847405900305188,0.0076904296875,0.007120768229166667,0.004923502604166667,0.004638671875,0.004191762982256227,0.004192786778474314,0.004110871423338353,0.0038248697916666665,0.005574544270833333,0.013875325520833334,0.014485677083333334,0.012898763020833334,0.009521484375,0.008626302083333334,0.007164081898481703,0.006266276041666667,0.004150390625,0.0033365885416666665,0.0020345052083333335,0.0016276041666666667,0.0016276041666666667,0.0016276041666666667,0.001627802873072071,0.0014241536458333333,0.0011393229166666667,0.0064697265625,0.0086669921875,0.00659206510681587,0.005818684895833333,0.004597981770833333,0.0030110677083333335,0.002482399381434908,0.0017496744791666667,0.00146484375,0.00048828125,0.0004475911458333333,0.0004475911458333333,0.00044768222701558745,0.00044775511865510645,0.00044779157337675554,0.0004069010416666667,0.0003662109375],"averageToxinCountInMales":[2.4853515625,2.4853515625,2.489021956087824,2.325187969924812,2.500840336134454,2.5030846887268647,2.535921205098494,2.4358974358974357,2.446747265400115,2.396845425867508,2.401539448364336,2.4009216589861753,2.366252452583388,2.3185840707964602,2.32540675844806,2.412507896399242,2.4080100125156445,2.405897114178168,2.5026486168334316,2.664560960202148,2.851826792963464,2.7430249632892805,2.7808734939759034,2.780844155844156,2.7329919531821507,2.48465829846583,2.6250783699059563,2.576540755467197,2.575351640991293,2.504076086956522,2.512802275960171,2.4992548435171384,2.482706766917293,2.4628352490421457,2.667611622962438,2.945827232796486,3.0654450261780104,3.0144648023143685,2.9233716475095783,2.809635722679201,2.7487231869254343,2.5738045738045736,2.4468718967229393,2.409274193548387,2.377906976744186,2.3977695167286246,2.2635009310986964,2.214814814814815,2.2768762677484786,2.2813141683778233,2.382379654859219,2.367209971236817,2.5014354066985645,2.492801771871539,2.5990510083036775,2.517426273458445,2.448017148981779,2.436848203939745,2.2407211028632026,2.186991869918699,2.190082644628099,2.202127659574468,2.048603929679421,2.0117302052785924,2.038341968911917,1.9846659364731654,2.2295684113865932,2.189105858170606,2.51894374282434,2.5255292652552925,2.674540682414698,2.666195190947666,2.3583877995642704,2.3551106427818755,2.336831059811123,2.313876651982379,2.2823275862068964,2.218201754385965,1.9381443298969072,1.916279069767442,1.9804305283757337,1.9705263157894737,2.183290707587383,2.232304900181488,2.314720812182741,2.224705882352941,2.3362175525339928,2.404120443740095,2.1635220125786163,2.0621039290240812,2.1216730038022815,2.1109660574412534,2.1102362204724407,2.085592011412268,1.958611481975968,1.9457579972183587,2.002688172043011,1.8877840909090908,2.0263473053892214,2.1525625744934445,2.1831750339213025,2.081118881118881,2.116022099447514,2.229059829059829,2.175,2.195751138088012,2.250720461095101,2.2712100139082056,2.262039660056657,2.268445839874411,2.292332268370607,2.341240875912409,2.325497287522604,2.3377358490566036,1.8303030303030303,2.107476635514019,2,2.0335689045936394,2.0142857142857142,2.046511627906977,2.057471264367816,1.9575757575757575,2.1622641509433964,2.1710526315789473,2.170132325141777,2.2646420824295013,2.325358851674641,2.4150485436893203,2.3753280839895012,2.3787465940054497,2.1662125340599454,2.107871720116618,1.988235294117647,1.816568047337278,1.869767441860465,1.8123249299719888,1.7517482517482517,1.8401486988847584,1.8836206896551724,1.8721461187214612,1.869767441860465,1.8743718592964824,1.9793814432989691,1.9770114942528736,1.951048951048951,1.9236641221374047,1.5471698113207548,1.3571428571428572,1.3416666666666666,1.4834437086092715,1.7118055555555556,1.6694214876033058,1.7037037037037037,1.6685082872928176,1.6219512195121952,1.5894039735099337,1.53125,1.836734693877551,1.8494623655913978,1.903225806451613,1.9661016949152543,2,2,2,2,2,2.0053763440860215,2.0052083333333335,2.0058479532163744,2.008,2.0088495575221237,2.011111111111111,2.0125,2,2,2,2,2,2,2,2,2,2,2,2,2,2,2,2,2,2,2,2,2,2,2,2,2,2],