{"startTime":"2025-03-24T20:43:41.882Z","infectedMalesAtStart":1024,"infectedFemalesAtStart":1024,"toxinAntitoxinLength":3,"killRate":0.2588474289675051,"rescueRate":0.858666051456542,"simulationLength":220,"infectionRatio":[0.08333333333333333,0.08333333333333333,0.08326148540460648,0.07877604166666667,0.06953938802083333,0.0694580078125,0.07784016927083333,0.08430989583333333,0.07999674479166667,0.07552083333333333,0.07246907552083333,0.07124837239583333,0.07405598958333333,0.072509765625,0.078125,0.082275390625,0.0823974609375,0.0823596466229695,0.08004720628331909,0.07560221354166667,0.07454427083333333,0.07401529947916667,0.08487955729166667,0.10099283854166667,0.09025065104166667,0.08109537760416667,0.0802913767142799,0.0791015625,0.0839471007121058,0.0806884765625,0.08614095052083333,0.09334309895833333,0.0899658203125,0.09135671848294946,0.08650716145833333,0.07470703125,0.07914225260416667,0.0689697265625,0.07857259114583333,0.0919301672567452,0.08829752604166667,0.0740966796875,0.06510416666666667,0.062459309895833336,0.06519085212012696,0.061442057291666664,0.06632486979166667,0.07958984375,0.07572428385416667,0.0753204476093591,0.07020471287289895,0.053426106770833336,0.060302734375,0.048055013020833336,0.053629557291666664,0.0740831196320267,0.0687255859375,0.059773763020833336,0.0545654296875,0.0538330078125,0.06815592447916667,0.067138671875,0.06437174479166667,0.078369140625,0.0748291015625,0.07675090546534814,0.07014973958333333,0.055419921875,0.049886067708333336,0.044718424479166664,0.054972330729166664,0.07084147135416667,0.0623779296875,0.056070963541666664,0.050824008138351986,0.0517578125,0.06494140625,0.063232421875,0.061482747395833336,0.06685384114583333,0.0641735167249939,0.068774671387295,0.07470703125,0.06477864583333333,0.058024088541666664,0.0527408130875351,0.060384114583333336,0.060994466145833336,0.053914388020833336,0.045613606770833336,0.040690104166666664,0.044189453125,0.054931640625,0.0555419921875,0.05441595441595442,0.056681315104166664,0.05607324516785351,0.057291666666666664,0.0574951171875,0.046142578125,0.044189453125,0.039143880208333336,0.046305338541666664,0.0411376953125,0.034505208333333336,0.0269775390625,0.023518880208333332,0.03414038657171923,0.0372314453125,0.047119140625,0.0460205078125,0.057047526041666664,0.056396484375,0.054524739583333336,0.0531005859375,0.049235026041666664,0.044718424479166664,0.040568033854166664,0.047607421875,0.0433349609375,0.03845371312309257,0.031046549479166668,0.027140299479166668,0.0436658120701583,0.043253580729166664,0.05477556667887519,0.054167344945466385,0.06266276041666667,0.06339518229166667,0.06351725260416667,0.060262044270833336,0.056966145833333336,0.052408854166666664,0.047892252604166664,0.055338541666666664,0.057662570196142265,0.049031575520833336,0.03466796875,0.0284423828125,0.042236328125,0.039469401041666664,0.0455322265625,0.044759114583333336,0.04887080366225839,0.052164713541666664,0.047770182291666664,0.04374364191251272,0.045939127604166664,0.042399088541666664,0.039713541666666664,0.043741861979166664,0.042317708333333336,0.033787909627518826,0.020751953125,0.014933268229166666,0.02958892958892959,0.0379638671875,0.033455433455433455,0.0322265625,0.0311279296875,0.0306396484375,0.0299072265625,0.0288911495422177,0.031656901041666664,0.030192057291666668,0.028858677955063496,0.031168619791666668,0.026936848958333332,0.024166598744803976,0.018636067708333332,0.015177408854166666,0.020882520556867214,0.029622395833333332,0.02681805233386237,0.024210611979166668,0.022705078125,0.022664388020833332,0.022258392675483216,0.021565755208333332,0.020711263020833332,0.0201416015625,0.01977941475723414,0.019536814685172373,0.018310546875,0.020603444765666355,0.00948118006103764,0.007364908854166667,0.005861044405551711,0.013631184895833334,0.010336127614551965,0.008707682291666666,0.008219735503560529,0.008219735503560529,0.008219401041666666,0.008219401041666666,0.008219401041666666,0.008219401041666666,0.008220404509013958,0.008219401041666666,0.008219735503560529,0.0078252363873492,0.005412004069175992,0.0037434895833333335,0.0028895852834642465,0.0036214192708333335,0.0032552083333333335,0.0032552083333333335,0.003255605746144142,0.003255473264425816,0.0032552083333333335,0.0032552083333333335,0.0032552083333333335,0.0032552083333333335,0.0032553407934893183,0.0032552083333333335,0.0032552083333333335,0.002934224468171815,0.0021565755208333335,0.0019124348958333333,0.0012212497455729697],