{"startTime":"2025-03-24T20:33:26.773Z","infectedMalesAtStart":1024,"infectedFemalesAtStart":1024,"toxinAntitoxinLength":3,"killRate":0.6231184375877467,"rescueRate":0.4148857228285425,"simulationLength":197,"infectionRatio":[0.17420891459680163,0.17420891459680163,0.17394293571674116,0.16857753595025263,0.17120273794002608,0.15653483072916666,0.15755208333333334,0.158447265625,0.17529296875,0.1776123046875,0.17582194010416666,0.17521158854166666,0.17728678385416666,0.183837890625,0.18701171875,0.18363444010416666,0.1849440488301119,0.1848609471069669,0.18184407552083334,0.18094889322916666,0.18143717447916666,0.16487630208333334,0.15462239583333334,0.16280110677083334,0.18058268229166666,0.18277994791666666,0.18269856770833334,0.17513227513227514,0.1678466796875,0.16105143229166666,0.1632080078125,0.15966796875,0.1628209823790339,0.16415539990226422,0.1580810546875,0.15287272135416666,0.1373291015625,0.12581380208333334,0.13387044270833334,0.13041178385416666,0.14701334635416666,0.14910067551070236,0.15470377604166666,0.1511291963377416,0.14278738555442522,0.13297526041666666,0.14103190104166666,0.13448079427083334,0.13081868489583334,0.12925945527826405,0.1221923828125,0.1162109375,0.1102294921875,0.0914306640625,0.09785970052083333,0.09814453125,0.11141403865717192,0.11344862665310275,0.12223307291666667,0.11796061197916667,0.11020225450697921,0.09842936197916667,0.109130859375,0.1091937650075292,0.10743061772605192,0.10489681279765539,0.10453287760416667,0.08583289243417036,0.08846028645833333,0.065673828125,0.07466634114583333,0.07113788051440664,0.07999674479166667,0.08048502604166667,0.08939615885416667,0.08304850260416667,0.08170572916666667,0.07535807291666667,0.08512369791666667,0.08492024739583333,0.084716796875,0.08358767753225084,0.08082041264802832,0.06324271528569103,0.06868489583333333,0.046793619791666664,0.0458984375,0.038492838541666664,0.045654296875,0.044759114583333336,0.050297061935378855,0.051554361979166664,0.051839192708333336,0.048014322916666664,0.045817057291666664,0.048952187182095624,0.050537109375,0.048177083333333336,0.043826808822332544,0.035333387608890335,0.0523681640625,0.033040364583333336,0.03202441505595117,0.027474763920547055,0.026700313403068908,0.025647288715192965,0.027685041934695873,0.0283656194041999,0.02799820941683962,0.028564453125,0.026814778645833332,0.026407877604166668,0.030110677083333332,0.02970982052012535,0.02730972730972731,0.021869273060476483,0.044881184895833336,0.028361002604166668,0.022097424001953362,0.020389890521346304,0.01375773363725171,0.011928510361112242,0.011114730070841137,0.010824008138351984,0.010661674940994547,0.01025390625,0.009969075520833334,0.00997069835585219,0.012209018394921048,0.010866910866910866,0.010299206187665378,0.009688975736850675,0.021809895833333332,0.008138020833333334,0.007039388020833333,0.006876627604166667,0.005657535919247832,0.0054540274329439534,0.005128205128205128,0.005129040136774404,0.004842319430315361,0.004597981770833333,0.004516785350966429,0.00439453125,0.004966820013841957,0.0039487075106859355,0.0038676057484834914,0.0021178674703702196,0.005007531653299678,0.0015869140625,0.0015869140625,0.0015869786368260428,0.0013834635416666667,0.001302348296772618,0.0013027724626470708,0.0012220954863940035,0.001220802474159681,0.0011393229166666667,0.0010986328125,0.0010579427083333333,0.0026864213611201564,0.002769067882884717,0.0022385022385022386,0.0022380467955239063,0.00683844181218708,0.0029703776041666665,0.002644964394710071,0.002645179668742115,0.0026455026455026454,0.0025240188894316887,0.002484421455626604,0.0024850287204138998,0.002360122075279756,0.0023600260416666665,0.0023600260416666665,0.0023600260416666665,0.002360122075279756,0.0023608906256360157,0.0023615635179153093,0.002037738924888943,0.011668706650346796,0.0008951822916666666,0.0008954737870400521,0.0008547704330836861,0.000854805226523385,0.000855222968845449,0.0008555365436323637,0.0008553971486761711,0.000855327468230694,0.0008550836760454416,0.000854979236218549,0.0008548748219010788,0.000854805226523385,0.0008548748219010788,0.0008550488599348534,0.0007338252680500632,0.002341535554368812],"averageToxinCountInMales":[2.5400390625,2.5400390625,2.542372881355932,2.4598961338718985,2.4482758620689653,2.317948717948718,2.388036809815951,2.378904249871992,2.397590361445783,2.3493810178817056,2.3173569101907865,2.2935438922433815,2.2544868844914863,2.302346170872067,2.3399913156752064,2.3376163048294196,2.294065934065934,2.295204575450946,2.336789900811542,2.319253001333926,2.3434298440979955,2.265625,2.352785145888594,2.531361550229475,2.3300090661831367,2.297224709042077,2.2494412159141706,2.249415067852129,2.2086223984142714,2.298974358974359,2.2946247464503045,2.286455630513752,2.236196319018405,2.2389873417721518,2.229352972119937,2.3012372243141472,2.306634787806336,2.360103626943005,2.4589665653495443,2.495,2.286415711947627,2.203915171288744,2.1842379958246347,2.1578663793103448,2.1259977194982898,2.1432098765432097,2.124784358826912,2.1044685990338166,2.121663563004345,2.1242937853107344,2.12541918175721,2.2273047149894443,2.21976401179941,2.3550724637681157,2.3183742591024554,2.3682885906040267,1.9977728285077951,1.8938628158844766,1.8521739130434782,1.7657342657342658,1.7381489841986455,1.7179269328802038,1.3747143945163747,1.33206106870229,1.3245136186770428,1.3200319233838786,1.3042433947157726,1.4594059405940594,1.6064638783269962,1.5929319371727748,1.6946902654867257,1.6871378910776362,1.6156186612576064,1.5995975855130784,1.5764809902740937,1.6009569377990431,1.601161665053243,1.6348373557187827,1.3317886932344765,1.3773408239700375,1.388468809073724,1.3877159309021114,1.4598612487611498,1.4220532319391634,1.5732265446224256,1.5229982964224873,1.6101398601398602,1.682875264270613,1.617132867132867,1.6163410301953818,1.5393258426966292,1.5108024691358024,1.521604938271605,1.5480132450331126,1.5541958041958042,1.5081699346405228,1.4849921011058451,1.5016556291390728,1.5446265938069217,1.590497737556561,1.8265460030165912,1.8369829683698298,1.8636363636363635,1.8905325443786982,1.9384615384615385,1.935897435897436,1.8682634730538923,1.8275862068965518,1.8250728862973762,1.7742857142857142,1.7874251497005988,1.7920489296636086,1.6781002638522426,1.656,1.6512968299711817,1.6352941176470588,1.8453237410071943,1.7802816901408451,1.806338028169014,1.7945736434108528,1.875,1.9285714285714286,1.9652777777777777,1.9857142857142858,1.9927007299270072,1.9923664122137406,2.015748031496063,2.015748031496063,1.795031055900621,1.773972602739726,1.7591240875912408,1.7603305785123966,1.9097744360902256,1.7227722772277227,1.6931818181818181,1.8452380952380953,1.9375,1.9344262295081966,1.9285714285714286,1.9285714285714286,1.9230769230769231,1.9148936170212767,1.9111111111111112,1.9318181818181819,1.803921568627451,1.775,1.7894736842105263,1.5294117647058822,1.8222222222222222,1.5555555555555556,1.5555555555555556,1.5555555555555556,1.7142857142857142,1.7142857142857142,1.7142857142857142,1.7692307692307692,1.7692307692307692,1.9090909090909092,1.9090909090909092,2,1.2941176470588236,1.2857142857142858,1.3703703703703705,1.3703703703703705,1.7951807228915662,1.8529411764705883,1.90625,1.90625,1.90625,1.935483870967742,1.9333333333333333,1.9333333333333333,2,2,2,2,2,2,2,2,2,2,2,2,2,2,2,2,2,2,2,2,2,2,2,2,2],