{"startTime":"2025-03-24T20:33:55.228Z","infectedMalesAtStart":16,"infectedFemalesAtStart":32,"toxinAntitoxinLength":3,"killRate":0.3694216197287058,"rescueRate":0.4408720361461895,"simulationLength":65,"infectionRatio":[0.0038155802861685214,0.0038155802861685214,0.003771465254373295,0.0018633014313542814,0.0029718286923953756,0.005574544270833333,0.007649739583333333,0.007568359375,0.010172526041666666,0.0103759765625,0.009928385416666666,0.009521484375,0.009358723958333334,0.007080078125,0.0069580078125,0.0064697265625,0.006184895833333333,0.006187665377569713,0.006022135416666667,0.003946940104166667,0.0059814453125,0.0087890625,0.00732421875,0.004191080729166667,0.009195963541666666,0.008951822916666666,0.0078125,0.007568359375,0.006876627604166667,0.006551639944656955,0.007649739583333333,0.007364908854166667,0.007039388020833333,0.006958290946083418,0.006632486979166667,0.004923502604166667,0.004353841145833333,0.0034993489583333335,0.0029296875,0.002197265625,0.007120768229166667,0.0068359375,0.006917317708333333,0.006510416666666667,0.005942447800073263,0.0042724609375,0.004353841145833333,0.004150390625,0.003784333672431333,0.0036214192708333335,0.0033365885416666665,0.0031331380208333335,0.0018310546875,0.0008951822916666666,0.0004069175991861648,0.00020345052083333334,0.0001220703125,0.0001220703125,0.0007731119791666666,0.0013834635416666667,0.000732511292882432,0.000732421875,0.000732421875,0.0007324516785350967,0.0007325709169345977],"averageToxinCountInMales":[2.6875,2.6875,2.533333333333333,2.642857142857143,2.0606060606060606,3.0579710144927534,3.032608695652174,3.0549450549450547,3.1627906976744184,3.1791044776119404,3.248062015503876,3.2601626016260163,3.2644628099173554,3.0898876404494384,3.0898876404494384,3.036144578313253,3.0641025641025643,3.0641025641025643,3.08,3.111111111111111,2.7066666666666666,2.440677966101695,2.2323232323232323,2.314814814814815,2.8508771929824563,2.8440366972477062,2.9361702127659575,2.911111111111111,2.9390243902439024,2.962962962962963,2.934065934065934,2.872093023255814,2.8658536585365852,2.8518518518518516,2.909090909090909,3.230769230769231,3.111111111111111,3.342857142857143,3.5,3.0625,2.987012987012987,3.0135135135135136,2.9705882352941178,2.8805970149253732,2.8095238095238093,2.7857142857142856,2.682926829268293,2.736842105263158,2.764705882352941,2.6875,2.6451612903225805,2.6,2.263157894736842,3,3,4,4,4,1,2.5,1,1,1,1,1],"averageAntitoxinCountInFemales":[2.5625,2.5625,2.5625,2.7,2.525,3.2058823529411766,3.1666666666666665,3.1894736842105265,3.4297520661157024,3.355371900826446,3.347826086956522,3.3513513513513513,3.3486238532110093,3.2823529411764705,3.3048780487804876,3.276315789473684,3.2567567567567566,3.2567567567567566,3.2465753424657535,3.25,2.7916666666666665,2.4285714285714284,2.2098765432098766,2.4489795918367347,3.125,3.1171171171171173,3.142857142857143,3.15625,3.2528735632183907,3.1875,2.9587628865979383,2.9368421052631577,2.923076923076923,2.933333333333333,2.9186046511627906,2.971014492753623,2.870967741935484,2.8627450980392157,2.8863636363636362,2.8947368421052633,2.877551020408163,2.872340425531915,2.6666666666666665,2.6559139784946235,2.4939759036144578,2.4444444444444446,2.3333333333333335,2.375,2.389830508474576,2.3333333333333335,2.235294117647059,2.148936170212766,1.8076923076923077,1.9,1.75,1.75,2.5,2.5,1.3333333333333333,2.2857142857142856,1,1,1,1,1],"reproductiveSuccessOverTime":[0,0,0,0.004912340137206742,0,0,0,0,0,0,0,0,0,0,0.00008138020833333333,0,0,0,0,0,0.000012520032051282053,0.000005744485294117647,0.0000029064360119047617,0,0,0,0,0,0.000040690104166666664,0,0,0,0,0,0,0,0,0.000040690104166666664,0,0.00005015291908914729,0.000012520032051282053,0.000012520032051282053,0.000040690104166666664,0,0,0,0,0,0,0.000040690104166666664,0,0,0,0,0,0,0,0,0,0.000040690104166666664,0,0,0,0,0]}