{"startTime":"2025-03-24T20:43:41.881Z","infectedMalesAtStart":1024,"infectedFemalesAtStart":1024,"toxinAntitoxinLength":3,"killRate":0.37316104457707866,"rescueRate":0.8611141892475841,"simulationLength":139,"infectionRatio":[0.08333333333333333,0.08333333333333333,0.0832065775950668,0.0843505859375,0.08919270833333333,0.08634440104166667,0.08793131510416667,0.09114583333333333,0.0947265625,0.09468587239583333,0.09318033854166667,0.09208170572916667,0.09033203125,0.0897216796875,0.08894856770833333,0.09261067708333333,0.09717192268565615,0.09718545069447274,0.09623992837958818,0.0924072265625,0.08516438802083333,0.07279459635416667,0.08292643229166667,0.08951822916666667,0.09029134114583333,0.08692467342204858,0.0784912109375,0.0767822265625,0.07051595052083333,0.06856282552083333,0.06599934895833333,0.067138671875,0.06620279947916667,0.06746419270833333,0.06247710529529081,0.060709635416666664,0.0589599609375,0.0438232421875,0.060709635416666664,0.061808268229166664,0.056884765625,0.060587565104166664,0.056193033854166664,0.05546286876907426,0.052205403645833336,0.050130208333333336,0.0476500508646999,0.046309107186457234,0.044392903645833336,0.044514973958333336,0.042195638020833336,0.038126627604166664,0.0390625,0.0281982421875,0.044474283854166664,0.05509888500040693,0.049967447916666664,0.048828125,0.0440673828125,0.04314731143403753,0.038655598958333336,0.0404052734375,0.0362548828125,0.034423828125,0.0325927734375,0.031747323863405105,0.029012044270833332,0.024658203125,0.018798828125,0.0120849609375,0.0252685546875,0.030029296875,0.028971354166666668,0.024169921875,0.0225830078125,0.020920672392038746,0.0169677734375,0.014892578125,0.013550356052899289,0.0132660535525352,0.012981727912749767,0.012614958899650036,0.011598567475174995,0.00927734375,0.0076904296875,0.005940755208333333,0.007161458333333333,0.007609049479166667,0.004109700520833333,0.0023193359375,0.0020345052083333335,0.001994058519513287,0.0019938151041666665,0.0013834635416666667,0.0013834635416666667,0.0013834635416666667,0.0013835761373809717,0.0013838013838013837,0.0011800130208333333,0.0006917317708333334,0.0005696614583333334,0.0004475911458333333,0.0012613932291666667,0.0024007161458333335,0.0023193359375,0.0008544921875,0.0008544921875,0.0006103763987792472,0.00048828125,0.00048828125,0.00048828125,0.0004883011190233978,0.0004883209896638724,0.0004884998982291878,0.0003662109375,0.0003255208333333333,0.0003255208333333333,0.0002848307291666667,0.0008138020833333334,0.0008138020833333334,0.0008138020833333334,0.0006917317708333334,0.0004476093591047813,0.00028492347769456204,0.0002848307291666667,0.00020345052083333334,0.00020345052083333334,0.00020348363991535081,0.0002035250539341393,0.0002034587995930824,0.00020345052083333334,0.0002034670790266135,0.00020345052083333334,0.0001220703125,0.0006103515625,0.0005696614583333334,0.000244140625,0.000040690104166666664,0.0000406934158053227],"averageToxinCountInMales":[2.5107421875,2.5107421875,2.5094715852442673,2.4113614103819785,2.2300724637681157,2.184331797235023,2.251618871415356,2.226244343891403,2.2604255319148936,2.3208191126279862,2.37984496124031,2.3731473408892763,2.367724867724868,2.3989314336598397,2.413949275362319,2.552055993000875,2.5054852320675107,2.503803888419273,2.475171232876712,2.3728963684676705,2.2453567937438903,2.167056074766355,2.1076142131979694,2.176470588235294,2.2518115942028984,2.354048964218456,2.403707518022657,2.3389651531151,2.3538283062645013,2.2944711538461537,2.2669172932330826,2.3680387409200967,2.396319018404908,2.448733413751508,2.419098143236074,2.0901639344262297,1.9288702928870294,1.904397705544933,1.871191135734072,1.9423592493297588,2.1024531024531026,1.9394347240915208,1.9263622974963182,1.973134328358209,1.949921752738654,2.011456628477905,1.9704347826086956,1.9946140035906643,1.9962686567164178,2.0241187384044528,1.97265625,1.8676789587852494,1.9787234042553192,1.8944099378881987,2.049335863377609,2.203757225433526,2.1850079744816586,1.9547657512116317,2.0396396396396397,2.0791896869244937,2.172064777327935,2.2903225806451615,2.2361702127659573,2.195067264573991,2.1357142857142857,2.1348039215686274,2.1114130434782608,2.119496855345912,2.1330645161290325,2.1232876712328768,2.2666666666666666,2.3527696793002915,2.2147058823529413,2.030716723549488,1.9633699633699633,1.9488188976377954,2.0878048780487806,2.2131147540983607,2.2754491017964074,2.2650602409638556,2.2777777777777777,2.2848101265822787,2.267123287671233,2.206896551724138,2.090909090909091,1.9701492537313432,1.776470588235294,1.5729166666666667,1.537037037037037,1.2758620689655173,1.3333333333333333,1.3333333333333333,1.3333333333333333,1.5333333333333334,1.5333333333333334,1.5333333333333334,1.5333333333333334,1.5333333333333334,1.6666666666666667,1.8888888888888888,2.142857142857143,2.6,1,2.3076923076923075,2.3076923076923075,1.3333333333333333,1.3333333333333333,1.5,1,1,1,1,1,1,1,1,1,1,1,1,1,1,1,1,1,1,1,1,1,1,1,1,1,1,1,1,1,1,1],"averageAntitoxinCountInFemales":[2.5029296875,2.5029296875,2.5004897159647403,2.3422053231939164,2.224264705882353,2.210221793635487,2.3425925925925926,2.2837004405286345,2.2697311361665222,2.328138528138528,2.379096545615589,2.39336917562724,2.3784530386740332,2.4297597042513863,2.432532347504621,2.578993821712268,2.4954280964256026,2.4954280964256026,2.465329991645781,2.316112084063047,2.276635514018692,2.1918542336548765,2.1528964862298197,2.230366492146597,2.3237668161434977,2.4059590316573556,2.4029227557411272,2.3680851063829786,2.3260619977037886,2.261430246189918,2.2487864077669903,2.29126213592233,2.2955665024630543,2.3268998793727382,2.268886043533931,2.0026315789473683,1.790983606557377,1.8231046931407942,1.8987012987012988,1.998706338939198,2.120567375886525,2.0093833780160857,2.0085470085470085,2.0259740259740258,1.9968944099378882,2.0177133655394526,1.9865771812080537,1.9776247848537005,1.9675675675675677,2.018018018018018,1.9561904761904763,1.8592436974789917,1.9653061224489796,1.935309973045822,2.2385159010600706,2.3187311178247736,2.2928452579034944,2.061962134251291,2.168560606060606,2.230174081237911,2.3640350877192984,2.439914163090129,2.401425178147268,2.365,2.304461942257218,2.303763440860215,2.272463768115942,2.267361111111111,2.3130841121495327,2.2847682119205297,2.205607476635514,2.3139240506329113,2.14247311827957,2.0033222591362128,1.9397163120567376,1.9115384615384616,2.080188679245283,2.1038251366120218,2.1506024096385543,2.11875,2.082802547770701,2.0789473684210527,2.093525179856115,2.0625,1.9222222222222223,1.9113924050632911,1.6263736263736264,1.6593406593406594,1.425531914893617,1.3571428571428572,1.3846153846153846,1.32,1.32,1.4210526315789473,1.4210526315789473,1.4210526315789473,1.4210526315789473,1.4210526315789473,1.3529411764705883,1.75,1.8571428571428572,2,1.1818181818181819,1.7878787878787878,1.8387096774193548,1.2666666666666666,1.2666666666666666,1.3636363636363635,1.2,1.2,1.2,1.2,1.2,1.2,1.2857142857142858,1,1,1,1,1,1,1,1,1,1,1,1,1,1,1,1,1,1,1,1,1,1,null,null],