{"startTime":"2025-03-24T21:01:06.836Z","infectedMalesAtStart":1024,"infectedFemalesAtStart":2056,"toxinAntitoxinLength":3,"killRate":0.5,"rescueRate":0.5,"simulationLength":138,"infectionRatio":[0.12532552083333334,0.12532552083333334,0.12570841889117043,0.1446533203125,0.14640299479166666,0.14469401041666666,0.1475830078125,0.14778645833333334,0.13773600260416666,0.14619954427083334,0.14261881510416666,0.13736979166666666,0.13228352864583334,0.13590494791666666,0.13427734375,0.13033040364583334,0.13004557291666666,0.12992142013761654,0.13314885651501587,0.1258544921875,0.1121826171875,0.1141357421875,0.10546875,0.10880533854166667,0.10478128179043744,0.1114501953125,0.11104329427083333,0.10842932150270666,0.1009521484375,0.10074869791666667,0.09322102864583333,0.09151204427083333,0.09256998697916667,0.08966218966218967,0.08366566289574347,0.07991536458333333,0.07682291666666667,0.08414713541666667,0.08516438802083333,0.08597819010416667,0.08634440104166667,0.08516438802083333,0.0845947265625,0.07588704427083333,0.06709798177083333,0.06363932291666667,0.059651692708333336,0.057169596354166664,0.05997965412004069,0.058349609375,0.051798502604166664,0.048258463541666664,0.040608723958333336,0.046468098958333336,0.048583984375,0.045817057291666664,0.04541015625,0.039638613055510336,0.038777669270833336,0.034383138020833336,0.032470703125,0.0299072265625,0.0283226174005046,0.028157552083333332,0.0321084116713466,0.0291748046875,0.027437410950539386,0.021158854166666668,0.016968463886063073,0.01416015625,0.014851888020833334,0.01611328125,0.0206298828125,0.019124348958333332,0.018595377604166668,0.017822265625,0.017295405526390754,0.015055338541666666,0.013347440384145846,0.012863307009688187,0.012780853142298926,0.012532552083333334,0.00968937019093759,0.007120768229166667,0.005493387589013225,0.005208333333333333,0.0037434895833333335,0.0024820963541666665,0.0059814453125,0.0050048828125,0.005777994791666667,0.00602262553918776,0.005045572916666667,0.004069010416666667,0.003946940104166667,0.003948225333767503,0.0039084765084276525,0.0033365885416666665,0.0020345052083333335,0.0014241536458333333,0.0011801090583543582,0.0010173353951330674,0.0008951822916666666,0.0009765625,0.0035807291666666665,0.0031331380208333335,0.0038655598958333335,0.0037027994791666665,0.0027262369791666665,0.0024820963541666665,0.0024820963541666665,0.002482904591338326,0.002482702482702483,0.002319524700903394,0.001220703125,0.0007324814844958086,0.0005697773798380205,0.0003662109375,0.00020345052083333334,0.0001627736632212908,0.00016276041666666666,0.00012207527975584945,0.00146484375,0.00146484375,0.0014649033570701933,0.0013835761373809717,0.0013428827215756492,0.00134342940889106,0.0013430466810467625,0.0013437576349865624,0.0012618553343916635,0.001017293997965412,0.0006515188533268182,0.00028484231943031536,0.000244140625,0.0001220703125,0.0001220703125,0.000040690104166666664],"averageToxinCountInMales":[2.47265625,2.47265625,2.479207920792079,2.7309292649098476,2.6351606805293004,2.7126296522269677,2.6713697824808937,2.6032577079697496,2.5660725261216966,2.55561893896178,2.58047646717025,2.576646706586826,2.553770086526576,2.585322195704057,2.625606796116505,2.5806451612903225,2.591078066914498,2.5905707196029777,2.583950617283951,2.594296824368114,2.454222853087296,2.684989429175476,2.746768060836502,2.5612998522895127,2.412125863392172,2.462536023054755,2.4151212553495007,2.439238653001464,2.395129615082482,2.4328358208955225,2.4763912310286678,2.4435831180017225,2.4485106382978725,2.4620811287477955,2.3381642512077296,2.247422680412371,2.294940796555436,2.8175542406311638,2.798822374877331,2.5033428844317096,2.300187617260788,2.3635505193578847,2.4367924528301885,2.5604626708727656,2.502433090024331,2.5006451612903224,2.451117318435754,2.3865300146412882,2.376731301939058,2.399429386590585,2.346774193548387,2.3572649572649573,2.417372881355932,3.4184782608695654,3.2968197879858656,2.5648994515539307,2.408450704225352,2.3353174603174605,2.2474645030425964,2.2821670428893905,2.486873508353222,2.483116883116883,2.4972222222222222,2.4860335195530725,2.589242053789731,2.570291777188329,2.5587392550143266,2.6162361623616235,2.5688073394495414,2.7597765363128492,2.7945945945945945,2.031413612565445,1.8403361344537814,1.7252252252252251,1.6651162790697673,1.6407766990291262,1.665,1.5625,1.825503355704698,1.880281690140845,1.8581560283687943,1.8613138686131387,1.8653846153846154,1.7662337662337662,1.728813559322034,2.78125,3.0425531914893615,3.6774193548387095,2,2.095890410958904,1.9876543209876543,1.975609756097561,2.111111111111111,2.4285714285714284,2.4814814814814814,2.4814814814814814,2.509433962264151,2.739130434782609,2.8,1,1,1,1,1,1,1,1,1,1,1,1,1,1,1,1,1,1,1,1,1,1,1,1,1,1,1,1,1,1,1,1,1,1,1,1,1,1,null],"averageAntitoxinCountInFemales":[2.5437743190661477,2.5437743190661477,2.545587518283764,2.5887363937529577,2.5509696668324215,2.7282211789254043,2.715472481827622,2.6021955044432827,2.5853242320819114,2.5804347826086955,2.5952914798206277,2.582063305978898,2.5664421310471526,2.6033653846153846,2.6138014527845037,2.559396605908234,2.56763590391909,2.564914502849905,2.5659806295399514,2.587096774193548,2.4399109792284865,2.738816738816739,2.773688332028191,2.5825757575757575,2.393867924528302,2.4966691339748333,2.4943481537302183,2.5385208012326657,2.5074503311258276,2.5070656691604323,2.5167420814479637,2.5,2.5145454545454546,2.5126286248830683,2.3623898139079333,2.288732394366197,2.3399374348279456,2.8605313092979125,2.7057728119180635,2.397748592870544,2.247159090909091,2.332688588007737,2.4425907752698723,2.5820568927789935,2.558645707376058,2.491761723700887,2.465333333333333,2.4335180055401664,2.4507978723404253,2.4583901773533423,2.4104134762633995,2.4442595673876872,2.4847908745247147,3.2898305084745765,3.171974522292994,2.5803108808290154,2.489051094890511,2.370212765957447,2.276086956521739,2.3656716417910446,2.6147757255936677,2.5542857142857143,2.5297619047619047,2.538922155688623,2.668421052631579,2.6176470588235294,2.6338461538461537,2.6265060240963853,2.693467336683417,2.78698224852071,2.6944444444444446,2.0195121951219512,1.7695167286245352,1.6290322580645162,1.5950413223140496,1.5603448275862069,1.5866666666666667,1.4845360824742269,1.5865921787709498,1.632183908045977,1.6358381502890174,1.6140350877192982,1.492537313432836,1.489795918367347,1.5394736842105263,1.359375,1.3777777777777778,1.3666666666666667,1.15625,1.2,1.1639344262295082,1.1515151515151516,1.1923076923076923,1.2272727272727273,1.2325581395348837,1.2325581395348837,1.2325581395348837,1.2777777777777777,1.4,1,1,1,1,1,1,1,1,1,1,1,1,1,1,1,1,1,1,1,1,1,1,1,1,1,1,1,1,1,1,1,1,1,1,1,1,1,1,1],