{"startTime":"2025-03-24T20:33:55.229Z","infectedMalesAtStart":16,"infectedFemalesAtStart":32,"toxinAntitoxinLength":3,"killRate":0.43565460147428803,"rescueRate":0.9115629132559072,"simulationLength":112,"infectionRatio":[0.003812549642573471,0.003812549642573471,0.0038473869830073742,0.004837888304192836,0.006062825520833333,0.005167643229166667,0.004231770833333333,0.0035400390625,0.0031331380208333335,0.0029703776041666665,0.0028889973958333335,0.0027669270833333335,0.0025635808748728384,0.0035807291666666665,0.005452473958333333,0.00537109375,0.00537109375,0.005373936408419167,0.00533409340771204,0.0030924479166666665,0.0023600260416666665,0.0030517578125,0.0017496744791666667,0.0015055338541666667,0.001261444557477111,0.0010579427083333333,0.0009358723958333334,0.0008951822916666666,0.0008138020833333334,0.0006917880686904858,0.003173828125,0.0031331380208333335,0.0030924479166666665,0.0030131520013029845,0.0029296875,0.002197265625,0.0018717447916666667,0.0005289713541666666,0.0004883209896638724,0.0004475911458333333,0.0004475911458333333,0.000406934158053227,0.0004069010416666667,0.0003662109375,0.0003662705518476315,0.0003255208333333333,0.004475911458333333,0.004435221354166667,0.004557291666666667,0.0043948889069748516,0.004923502604166667,0.0022379557291666665,0.0015462239583333333,0.0015055338541666667,0.0015055951169888097,0.0015055338541666667,0.0013428827215756492,0.000732421875,0.0006510416666666666,0.0006510416666666666,0.0006510416666666666,0.0005696614583333334,0.0028889973958333335,0.0028889973958333335,0.0028889973958333335,0.004069175991861648,0.0042322874699873845,0.0025227864583333335,0.0024007161458333335,0.0023193359375,0.0021158854166666665,0.0018310546875,0.001749816879628876,0.0015462239583333333,0.001220703125,0.0011800130208333333,0.0011396011396011395,0.0006103515625,0.0005696614583333334,0.0005289713541666666,0.0003662109375,0.005655924479166667,0.004842713547389411,0.0010172526041666667,0.0006512006512006512,0.0029717077142275596,0.002930880078156802,0.002930164414781052,0.0025227864583333335,0.00244220123738196,0.00244140625,0.0024007161458333335,0.0023600260416666665,0.0023600260416666665,0.0021565755208333335,0.0019938151041666665,0.0019124348958333333,0.0017903645833333333,0.0013433747201302667,0.000244140625,0.0002034670790266135,0.0005696846388606307,0.0005697310055752248,0.0005289713541666666,0.0005291005291005291,0.0001627670396744659,0.00016276041666666666,0.00016276041666666666,0.00016276041666666666,0.00016276041666666666,0.00016276041666666666,0.00016276041666666666],"averageToxinCountInMales":[2.6875,2.6875,2.6875,3.5283018867924527,3.375,3.4,3.34,3.2051282051282053,3.2058823529411766,3.193548387096774,3.1666666666666665,3.25,3.1538461538461537,2.604651162790698,2.029850746268657,1.9692307692307693,1.9692307692307693,1.9692307692307693,1.9692307692307693,1.5806451612903225,3.413793103448276,2.6666666666666665,3.8,4.333333333333333,3.9411764705882355,3.6666666666666665,3.0833333333333335,3.0833333333333335,2.5,2.875,1.4285714285714286,1.4285714285714286,1.4411764705882353,1.303030303030303,1.3125,1.2,1.2,1,1,1,1,1,1,1,1,1,1,1,1,1,1,1,1,1,1,1,1,1,1,1,1,1,1,1,1,1,1,1,1,1,1,1,1,1,1,1,1,1,1,1,1,1,1,1,1,1,1,1,1,1,1,1,1,1,1,1,1,1,1,1,1,1,1,1,1,1,1,1,1,1,1,1],"averageAntitoxinCountInFemales":[2.53125,2.53125,2.53125,3.3278688524590163,3.4675324675324677,3.5223880597014925,3.6481481481481484,3.625,3.6744186046511627,3.6666666666666665,3.682926829268293,3.675,3.6216216216216215,2.888888888888889,2.1940298507462686,2.1940298507462686,2.1940298507462686,2.1940298507462686,2.1515151515151514,2.1555555555555554,3.5172413793103448,2.6666666666666665,4.055555555555555,4.125,3.857142857142857,4.181818181818182,4.181818181818182,4,4,4.333333333333333,1.697674418604651,1.5952380952380953,1.5952380952380953,1.4878048780487805,1.375,1.1724137931034482,1,1,1,1,1,1,1,1,1,1,1,1,1,1,1,1,1,1,1,1,1,1,1,1,1,1,1,1,1,1,1,1,1,1,1,1,1,1,1,1,1,1,1,1,1,1,1,1,1,1,1,1,1,1,1,1,1,1,1,1,1,1,1,1,1,1,1,1,1,1,1,1,1,1,1,1],"reproductiveSuccessOverTime":[0,0,0,0.005304702087930742,0,0,0,0,0,0,0,0,0.00008138351983723296,0,0,0,0.00008138020833333333,0.00008142327891544193,0.00004071827028787817,0,0,0,0,0,0.00004069175991861648,0,0,0.000040690104166666664,0,0,0,0,0,0.00016287308115151269,0,0,0,0,0,0,0,0,0,0,0.00004069672798307016,0,0,0,0.000040690104166666664,0,0,0,0,0,0,0,0,0,0,0,0,0,0,0,0,0.00008138351983723296,0.00004069507182680177,0,0,0,0,0,0,0.000040690104166666664,0.000040690104166666664,0.000040690104166666664,0,0,0,0,0.000040690104166666664,0,0,0,0,0,0.000040706667752177804,0,0,0.00004070335395636601,0,0,0,0,0,0,0,0,0.00008141664970486465,0,0.0000406934158053227,0.00004069175991861648,0.00008139014365360354,0.000040690104166666664,0.0000407000407000407,0.00004069175991861648,0.000040690104166666664,0.000040690104166666664,0.000040690104166666664,0.000040690104166666664,0.000040690104166666664,0.00008138020833333333]}