{"startTime":"2025-03-24T20:33:26.773Z","infectedMalesAtStart":1024,"infectedFemalesAtStart":1024,"toxinAntitoxinLength":3,"killRate":0.5239497417140404,"rescueRate":0.13708461918937365,"simulationLength":132,"infectionRatio":[0.16356521044644998,0.16356521044644998,0.16287144702842377,0.15865579530609486,0.15315755208333334,0.15718587239583334,0.15584309895833334,0.15596516927083334,0.15726725260416666,0.15641276041666666,0.1610107421875,0.16328938802083334,0.16544596354166666,0.1690673828125,0.17919921875,0.18522135416666666,0.18782552083333334,0.19035409035409034,0.18977864583333334,0.17496744791666666,0.16349283854166666,0.149169921875,0.15287272135416666,0.14481608072916666,0.13916015625,0.13464121453864625,0.13968912760416666,0.1328179043743642,0.13358561197916666,0.1268310546875,0.12418619791666667,0.12467447916666667,0.12357584635416667,0.12105798575788403,0.11583703040416786,0.1177978515625,0.10013834635416667,0.08540852864583333,0.10283644650632809,0.091552734375,0.08402506510416667,0.07417805989583333,0.07686360677083333,0.072021484375,0.0665283203125,0.06437436419125127,0.0595703125,0.059369277721261444,0.0582706002034588,0.05704984740590031,0.05473264425815903,0.055745442708333336,0.0474853515625,0.039754231770833336,0.04891348579799788,0.047159830729166664,0.044108072916666664,0.039632161458333336,0.036824544270833336,0.034101082444860424,0.029825846354166668,0.028564453125,0.026695967118381965,0.025187174479166668,0.024333672431332654,0.023643836731371833,0.0297887925772189,0.028849283854166668,0.029622395833333332,0.026814778645833332,0.028523763020833332,0.02734375,0.0299072265625,0.029052734375,0.025431315104166668,0.021077473958333332,0.0189208984375,0.016520182291666668,0.014567057291666666,0.013875325520833334,0.013671875,0.013224821973550356,0.01164021164021164,0.011149088541666666,0.012451171875,0.013264973958333334,0.01806640625,0.014567057291666666,0.018351983723296033,0.015706380208333332,0.01367577027962066,0.010050455729166666,0.005533854166666667,0.004191080729166667,0.0033365885416666665,0.0030517578125,0.0029703776041666665,0.0029703776041666665,0.0028494667426524466,0.0022786458333333335,0.0022381378692927483,0.0015869140625,0.00048828125,0.0002848307291666667,0.0024826014407228034,0.0023600260416666665,0.0023600260416666665,0.0023600260416666665,0.0023600260416666665,0.0023600260416666665,0.0010579427083333333,0.0003255870741931545,0.0003255605746144142,0.0003255473264425816,0.0003255605746144142,0.0003255208333333333,0.0003255208333333333,0.0003255208333333333,0.0003255208333333333,0.00016276041666666666,0.0015055338541666667,0.00146484375,0.00146484375,0.0011393692777212615,0.000244140625,0.000244140625,0.0001220703125,0.0001220703125,0.00012209515282243295,0.00012208521548040532,0.0001220703125,0.0001220703125],"averageToxinCountInMales":[2.4619140625,2.4619140625,2.4552763819095476,2.4857305936073057,2.361420243773185,2.483787956767885,2.4798955613577025,2.436402341671102,2.419287211740042,2.4127320954907163,2.4653567735263704,2.4115838031778574,2.3748110831234257,2.425173439048563,2.4346815434681544,2.4210049796287914,2.434647762516615,2.4109170305676857,2.397797356828194,2.288824383164006,2.2426127527216173,2.547169811320755,2.6050139275766018,2.6528588098016335,2.6315789473684212,2.5967336683417086,2.5345345345345347,2.5443273403595783,2.442260442260442,2.4292178409825467,2.436219431592862,2.4423203691496376,2.4606666666666666,2.4504442925495558,2.3664285714285715,2.608817354793562,2.3798701298701297,2.5169738118331715,2.6362934362934363,2.7579672695951767,2.6663498098859315,2.6995661605206074,2.6297071129707112,2.5089285714285716,2.511377245508982,2.541044776119403,2.4885906040268457,2.3748326639892907,2.3836734693877553,2.393646408839779,2.244956772334294,2.628279883381924,2.5008635578583767,2.238993710691824,2.221105527638191,2.3418367346938775,2.3302411873840447,2.427685950413223,2.4164810690423164,2.428921568627451,2.4600550964187327,2.446376811594203,2.423312883435583,2.3245033112582782,2.3195876288659796,2.3646209386281587,1.8683473389355743,1.9146005509641872,1.9835616438356165,1.798780487804878,1.7072463768115942,1.8284883720930232,2.0110192837465566,2.0880681818181817,1.9281045751633987,1.9616858237547892,2.042194092827004,1.9104477611940298,1.9550561797752808,2.0058479532163744,2.011904761904762,2.04320987654321,2.0802919708029197,2.0671641791044775,1.6903225806451614,1.3035714285714286,1.2844036697247707,1.2705882352941176,1.6745283018867925,1.598901098901099,1.611842105263158,1.7565217391304349,1.421875,1.18,1.170731707317073,1.1794871794871795,1.1794871794871795,1.1794871794871795,1.1891891891891893,1.1666666666666667,1.1666666666666667,1.3333333333333333,2.5,4,4,4,4,4,4,4,4,4,4,4,4,4,4,4,4,4,4,4,4,4,4,4,4,4,4,4,4,4],"averageAntitoxinCountInFemales":[2.51953125,2.51953125,2.5215264187866926,2.4677966101694917,2.3468300479488544,2.5229166666666667,2.5075718015665798,2.40532241555783,2.372508942258559,2.3787646758550283,2.4186851211072664,2.3860329776915616,2.3661701105237865,2.4117922321010763,2.4105636928539727,2.393512590695689,2.399321746502755,2.3803937997486386,2.399749373433584,2.315270935960591,2.327908089995213,2.5774647887323945,2.615188583078491,2.7149051490514906,2.7198641765704585,2.6579254079254078,2.58710407239819,2.5832828588734102,2.4658610271903325,2.4420382165605097,2.4665367121507473,2.4518422753716873,2.461938841899805,2.4636243386243386,2.439142461964039,2.6145975443383356,2.4247355573637104,2.5159176029962547,2.575487012987013,2.6657483930211203,2.5735439289239883,2.634850166481687,2.5541264737406215,2.4496567505720823,2.45625,2.467866323907455,2.446453407510431,2.383426966292135,2.407460545193687,2.4424778761061945,2.3179723502304146,2.577485380116959,2.4676870748299318,2.33,2.327272727272727,2.4273204903677756,2.4165137614678898,2.4612244897959186,2.4714912280701755,2.4488372093023254,2.472972972972973,2.4873949579831933,2.4545454545454546,2.2681388012618298,2.247557003257329,2.2467105263157894,1.84,2.1416184971098264,2.286501377410468,2,1.7893258426966292,1.826219512195122,2.1236559139784945,2.165745856353591,2.0344827586206895,2.1206225680933852,2.1842105263157894,2.0878048780487806,2.05,2.0647058823529414,2.0595238095238093,2.0920245398773005,2.0805369127516777,2.2071428571428573,1.8211920529801324,1.6139240506329113,1.3982300884955752,1.5319148936170213,1.9623430962343096,1.857843137254902,1.9130434782608696,1.8863636363636365,1.7777777777777777,1.7735849056603774,1.7804878048780488,1.8055555555555556,1.6764705882352942,1.6764705882352942,1.696969696969697,1.8846153846153846,1.8,1.9523809523809523,3.25,4,4,4,4,4,4,4,4,4,4,4,4,4,4,4,4,4,4,4,4,4,4,4,4,4,4,4,4,4],