{"startTime":"2025-03-24T20:33:55.228Z","infectedMalesAtStart":16,"infectedFemalesAtStart":32,"toxinAntitoxinLength":3,"killRate":0.5852442116142499,"rescueRate":0.5485390086966543,"simulationLength":40,"infectionRatio":[0.003743565746373421,0.003743565746373421,0.0037845935504218246,0.00534413653406887,0.004319654427645789,0.0050048828125,0.00341796875,0.004720052083333333,0.004801432291666667,0.00439453125,0.004231770833333333,0.004069010416666667,0.0038655598958333335,0.0036214192708333335,0.0029296875,0.00439453125,0.004150390625,0.004152587224687538,0.0056561546286876905,0.00341796875,0.0019124348958333333,0.0018717447916666667,0.0018310546875,0.0029703776041666665,0.0022379557291666665,0.002197265625,0.0023600260416666665,0.0023193359375,0.0020345052083333335,0.0020345052083333335,0.0016276041666666667,0.0015463498006022625,0.0015055338541666667,0.0012613932291666667,0.0016691092655919232,0.0003662109375,0.0003662109375,0.0002441903056448659,0.00020345052083333334,0.000040690104166666664],"averageToxinCountInMales":[3.25,3.25,3.25,1.9038461538461537,1.6428571428571428,1.5769230769230769,1.4864864864864864,2,2.109090909090909,2.1346153846153846,2.1176470588235294,2.163265306122449,2.1666666666666665,2.152173913043478,2.263157894736842,2.0185185185185186,1.9807692307692308,1.9807692307692308,2.4473684210526314,1.6808510638297873,2.925925925925926,2.925925925925926,3,2.1739130434782608,2.4444444444444446,2.4285714285714284,2.3421052631578947,2.3421052631578947,2.393939393939394,2.393939393939394,2.4615384615384617,2.3333333333333335,2.3043478260869565,2.2222222222222223,3.2083333333333335,2.4285714285714284,2.4285714285714284,2.3333333333333335,2.2,3],"averageAntitoxinCountInFemales":[2.15625,2.15625,2.15625,1.6666666666666667,1.5,1.3380281690140845,1.2765957446808511,1.8333333333333333,1.8888888888888888,2.017857142857143,2.0943396226415096,2.1176470588235294,2.0638297872340425,2,2,1.962962962962963,1.94,1.94,2.2063492063492065,1.5405405405405406,2.65,2.736842105263158,2.736842105263158,2.2962962962962963,2.6315789473684212,2.6315789473684212,2.65,2.6315789473684212,2.823529411764706,2.823529411764706,2.7142857142857144,2.7142857142857144,2.7142857142857144,2.8461538461538463,3.411764705882353,1.5,1.5,null,null,null],"reproductiveSuccessOverTime":[0,0,0,0.004783864155497134,0.00016300582745833165,0,0,0,0,0,0,0,0.00008138020833333333,0,0,0,0,0,0.00004069175991861648,0,0,0,0,0,0,0,0.000040690104166666664,0,0,0,0,0,0.00008138020833333333,0.000040690104166666664,0,0,0,0,0,0]}