{"startTime":"2025-03-24T20:33:55.229Z","infectedMalesAtStart":16,"infectedFemalesAtStart":32,"toxinAntitoxinLength":3,"killRate":0.09783595079706431,"rescueRate":0.3110429482723832,"simulationLength":115,"infectionRatio":[0.003988035892323031,0.003988035892323031,0.004027859360577327,0.005005222841225627,0.006022135416666667,0.005167643229166667,0.005533854166666667,0.004435221354166667,0.0038248697916666665,0.004109700520833333,0.0037027994791666665,0.006673177083333333,0.007120768229166667,0.007283528645833333,0.006591796875,0.006062825520833333,0.0059814453125,0.005983636585663695,0.005249877909816051,0.005086263020833333,0.0072021484375,0.006184895833333333,0.004842122395833333,0.004638671875,0.00341796875,0.0029703776041666665,0.00244140625,0.005859375,0.0048828125,0.004313151041666667,0.004150390625,0.0040283203125,0.003987630208333333,0.0039472613331163016,0.0038248697916666665,0.0026448567708333335,0.005126953125,0.0048828125,0.0037027994791666665,0.0035400390625,0.0031740864328151704,0.0030924479166666665,0.0027669270833333335,0.0093994140625,0.008748372395833334,0.007161458333333333,0.0068359375,0.006754557291666667,0.0067138671875,0.004272634791454731,0.0034993489583333335,0.0029296875,0.0020751953125,0.0018310546875,0.0016682942708333333,0.0016683621566632757,0.0013834635416666667,0.0012613932291666667,0.0007731119791666666,0.003296032553407935,0.0025227864583333335,0.0024820963541666665,0.0024820963541666665,0.0037439466080657633,0.0037436419125127162,0.0037434895833333335,0.0037434895833333335,0.0032958984375,0.0022786458333333335,0.0020345052083333335,0.0016682942708333333,0.0016276041666666667,0.0012617012617012616,0.0012613932291666667,0.0011800130208333333,0.0030521303870101333,0.004842122395833333,0.0038655598958333335,0.0027265698123957187,0.002685546875,0.002685546875,0.002685546875,0.0026448567708333335,0.002197265625,0.001708984375,0.0015869140625,0.0015462239583333333,0.001220703125,0.0008951822916666666,0.000732421875,0.0006103515625,0.0004070501078682786,0.0003662109375,0.0003662109375,0.0006917317708333334,0.0006918443757121927,0.0006923233557320301,0.0006917317708333334,0.0003255208333333333,0.0003255208333333333,0.0003255208333333333,0.000040690104166666664,0.000040690104166666664,0.00004070169726077577,0.00004071827028787817,0.000040690104166666664,0.000040690104166666664,0.000040690104166666664,0.0011800130208333333,0.0011800130208333333,0.0011800130208333333,0.0011800130208333333,0.0011802051115090346,0.0011800130208333333,0.000732421875],"averageToxinCountInMales":[2.5,2.5,2.5,3.017543859649123,3.2027027027027026,3.2903225806451615,2.927536231884058,3.150943396226415,3.2,2.9361702127659575,3.0714285714285716,3.6973684210526314,3.567901234567901,3.619047619047619,3.608108108108108,3.8088235294117645,3.8088235294117645,3.8088235294117645,3.85,4.2444444444444445,3.7948717948717947,3.727272727272727,3.5849056603773586,3.5,3.611111111111111,3.625,3.375,3.2153846153846155,2.9661016949152543,2.6792452830188678,2.66,2.66,2.673469387755102,2.673469387755102,2.673469387755102,2.193548387096774,2.5762711864406778,2.6315789473684212,2.522727272727273,2.5,2.5641025641025643,2.5526315789473686,2.625,1.9739130434782608,1.9724770642201834,1.935483870967742,1.9111111111111112,1.898876404494382,1.9090909090909092,1.6440677966101696,1.7346938775510203,1.5609756097560976,1.90625,1.9310344827586208,1.9259259259259258,1.9259259259259258,1.9583333333333333,1.9047619047619047,1.2,1.0571428571428572,1.0869565217391304,1.0869565217391304,1.0869565217391304,1.0434782608695652,1.0434782608695652,1.0434782608695652,1.0434782608695652,1.0465116279069768,1,1,1,1,1,1,1,1.0256410256410255,1.0151515151515151,1.0188679245283019,1.0277777777777777,1.0285714285714285,1.0285714285714285,1.0285714285714285,1.0294117647058822,1.0357142857142858,1.04,1.0416666666666667,1.0434782608695652,1.0555555555555556,1.0833333333333333,1.1,1,1,1,1,1,1,1,1,1,1,1,null,null,null,null,null,null,null,1,1,1,1,1,1,1],"averageAntitoxinCountInFemales":[2.5,2.5,2.5,2.8620689655172415,3.2432432432432434,3.3384615384615386,2.985074626865672,3.375,3.4081632653061225,2.8333333333333335,3.020408163265306,3.5681818181818183,3.4148936170212765,3.3473684210526318,3.272727272727273,3.4691358024691357,3.518987341772152,3.518987341772152,3.6231884057971016,4.1625,3.787878787878788,3.813953488372093,3.621212121212121,3.578125,3.6458333333333335,3.5853658536585367,3.75,3.329113924050633,2.639344262295082,2.358490566037736,2.3461538461538463,2.2653061224489797,2.2653061224489797,2.25,2.2222222222222223,1.911764705882353,2.4477611940298507,2.507936507936508,2.3404255319148937,2.311111111111111,2.4358974358974357,2.4210526315789473,2.5,1.7844827586206897,1.7641509433962264,1.6746987951807228,1.6666666666666667,1.6753246753246753,1.6753246753246753,1.173913043478261,1.2162162162162162,1.1612903225806452,1.368421052631579,1.375,1.4285714285714286,1.4285714285714286,1.2,1.2,1,1,1,1,1,1,1,1,1,1,1,1,1,1,1,1,1,1,1,1,1,1,1,1,1,1,1,1,1,1,1,1,1,1,1,1,1,1,1,1,1,1,1,1,1,1,1,1,1,1,1,1,1,1,1,1,1],"reproductiveSuccessOverTime":[0,0,0,0.0070073119777158775,0,0,0,0,0,0,0,0,0,0,0,0,0,0.00008141002157365571,0.00003906885886374735,0,0,0,0,0,0,0,0,0,0,0,0,0,0,0,0,0,0,0,0,0.000040690104166666664,0,0,0,0,0,0,0,0,0.000040690104166666664,0.00012207527975584945,0,0,0,0,0,0.00004069175991861648,0,0,0,0,0,0,0,0,0,0.000040690104166666664,0,0,0,0,0,0,0,0.00008138020833333333,0,0,0,0,0,0,0,0.000040690104166666664,0,0,0,0,0,0.000040690104166666664,0.000040690104166666664,0,0,0,0,0,0,0,0,0,0,0,0,0,0,0,0,0,0.00008138020833333333,0.000040690104166666664,0,0,0,0.000040690104166666664,0.00012209018394921048,0.000040690104166666664,0]}