{"startTime":"2025-03-24T20:43:41.881Z","infectedMalesAtStart":1024,"infectedFemalesAtStart":1024,"toxinAntitoxinLength":3,"killRate":0.37316104457707866,"rescueRate":0.858666051456542,"simulationLength":169,"infectionRatio":[0.08333333333333333,0.08333333333333333,0.08330934660142275,0.07185872395833333,0.06941731770833333,0.06730143229166667,0.0689697265625,0.0718994140625,0.07161458333333333,0.07560221354166667,0.07417805989583333,0.082763671875,0.0888671875,0.086181640625,0.0875244140625,0.087890625,0.0875244140625,0.08751933566718229,0.0931396484375,0.08504231770833333,0.08194986979166667,0.0810546875,0.086181640625,0.08671061197916667,0.09228515625,0.09200032552083333,0.08634440104166667,0.08650716145833333,0.09261067708333333,0.09122721354166667,0.094970703125,0.09928385416666667,0.0948486328125,0.09651550924041358,0.09611002604166667,0.09684244791666667,0.08602238046795524,0.08284505208333333,0.0899658203125,0.08256694066899975,0.08544921875,0.07486979166666667,0.07417805989583333,0.0750732421875,0.07718912760416667,0.07088216145833333,0.06656901041666667,0.069091796875,0.06648763020833333,0.0684870188003581,0.068359375,0.06416829427083333,0.06709798177083333,0.060791015625,0.06551106770833333,0.0557499796532921,0.064453125,0.07088216145833333,0.062052408854166664,0.0576171875,0.058186848958333336,0.056396484375,0.0531005859375,0.052408854166666664,0.051472981770833336,0.056233723958333336,0.05058603288295621,0.04052734375,0.044108072916666664,0.0404052734375,0.043619791666666664,0.03851477892679749,0.05078331637843337,0.057779947916666664,0.0555419921875,0.05574771108850458,0.054484049479166664,0.051961263020833336,0.0496826171875,0.049235026041666664,0.049163648203166335,0.047531843893704476,0.042195638020833336,0.03540903540903541,0.029866536458333332,0.0230712890625,0.024617513020833332,0.03239195898103687,0.048506551639944655,0.051886216579172265,0.044514973958333336,0.041666666666666664,0.040852864583333336,0.03955078125,0.037841796875,0.037556966145833336,0.03723599072152362,0.03719529564969682,0.03630000406950718,0.028892325221779116,0.023152669270833332,0.019449869791666668,0.024495442708333332,0.036999348746336695,0.0533447265625,0.044677734375,0.037312825520833336,0.035401831129196336,0.035400390625,0.034993489583333336,0.034342447916666664,0.034304549523887035,0.034304549523887035,0.03426664496174508,0.033733468972533064,0.031744739733832565,0.02840516013510764,0.024210611979166668,0.029012044270833332,0.03765060240963856,0.0411917942038424,0.0362548828125,0.028524923702950154,0.030232747395833332,0.03023766889142113,0.03007488197948885,0.029094608341810782,0.029061011844193903,0.029061011844193903,0.029061011844193903,0.028529567376175166,0.024784307341689727,0.019303604153940133,0.0164794921875,0.0106201171875,0.0214887468967482,0.022303622303622303,0.019449869791666668,0.019734700520833332,0.019571940104166668,0.01949928760431508,0.018930141670737664,0.01889635512115659,0.01890020366598778,0.018907905460472697,0.018894816142036894,0.018695776139464788,0.017055399519680874,0.015506715506715507,0.0137939453125,0.007364908854166667,0.006592333360462277,0.005574544270833333,0.0033772786458333335,0.0029296875,0.0029298067141403867,0.0029309993893751273,0.0029329096908224366,0.00293398533007335,0.0029345832484206236,0.0029349421164193705,0.0029353010722002527,0.0029349421164193705,0.0029344636452559502,0.0025647288715192965,0.002279109519352082,0.00016276041666666666,0.00016276041666666666,0.00008138020833333333],"averageToxinCountInMales":[2.52734375,2.52734375,2.5368525896414345,2.4585698070374575,2.661214953271028,2.764127764127764,2.716183574879227,2.764294049008168,2.8145539906103285,2.8520971302428255,2.9035476718403546,2.9251231527093595,2.7901008249312556,2.708293612964728,2.7460611677479148,2.7316849816849818,2.7438468550592523,2.7445255474452557,2.85580204778157,2.743068391866913,2.55736137667304,2.566733067729084,2.556603773584906,2.7318908748824082,3.094782608695652,3.2215411558669,3.2313503305004723,3.261116367076632,3.147441457068517,3.145631067961165,3.0706382978723403,2.9828150572831422,3.005982905982906,2.9941126997476872,3.0102389078498293,2.7502088554720134,2.6577946768060836,2.518664047151277,2.511190689346464,2.4942418426103647,2.78003696857671,2.805181347150259,2.8810526315789473,3.1976866456361726,3.205521472392638,3.250556792873051,3.166267942583732,3.1815068493150687,3.1556603773584904,3.1390804597701147,3.1496519721577725,2.998766954377312,2.880434782608696,2.758904109589041,2.516624040920716,2.4103703703703703,2.6687979539641944,3.0546511627906976,3.094986807387863,3.1467625899280574,3.211267605633803,3.2580645161290325,3.090352220520674,3.102803738317757,3.121405750798722,2.9751098096632504,2.9343185550082103,3.071729957805907,3.073217726396917,3.049689440993789,2.7090558766859343,2.647191011235955,2.22,2.7928571428571427,2.985141158989599,3.0176730486008836,3.1184407796101947,3.1189358372456963,3.14951768488746,3.1623376623376624,3.1661237785016287,3.18013468013468,2.9487666034155597,2.6261682242990654,2.6470588235294117,2.6884057971014492,2.6203389830508477,2.4,2.3965811965811965,2.359937402190923,2.4098360655737703,2.3737574552683895,2.3515151515151516,2.379454926624738,2.3969298245614037,2.4030837004405288,2.411111111111111,2.411111111111111,2.3914027149321266,2.3636363636363638,2.4326241134751774,2.3807531380753137,2.0844594594594597,1.9732739420935412,1.9848714069591529,1.9628318584070796,1.9686847599164927,1.975501113585746,1.975501113585746,2.002277904328018,2.0023201856148494,2.0023255813953487,2.0023255813953487,2.0023255813953487,2.0023474178403755,2.0025188916876573,2.0027932960893855,2,2,2.0064102564102564,2.0057471264367814,2.0065789473684212,2.008426966292135,2.0079575596816976,2.0079575596816976,2.0080213903743314,2.0082644628099175,2.0082872928176796,2.0082872928176796,2.0082872928176796,2.0083798882681565,2.00974025974026,2.00836820083682,2.010152284263959,2.007518796992481,2,2,2,2,2,2,2,2,2,2,2,2,2,2,2,2,2,2,2,2,2,2,2,2,2,2,2,2,2,2,2,2,2,2],