{"startTime":"2025-03-24T20:43:41.882Z","infectedMalesAtStart":1024,"infectedFemalesAtStart":1024,"toxinAntitoxinLength":3,"killRate":0.18988532376533052,"rescueRate":0.6293436027334597,"simulationLength":211,"infectionRatio":[0.08333333333333333,0.08333333333333333,0.08331621543897129,0.0897216796875,0.09724934895833333,0.10400390625,0.10343424479166667,0.10335286458333333,0.097900390625,0.09537760416666667,0.0927734375,0.0941162109375,0.08744303385416667,0.08756510416666667,0.09090169270833333,0.08671061197916667,0.08426920572916667,0.0841882429571731,0.07878022962299487,0.078857421875,0.07869466145833333,0.0946044921875,0.09232584635416667,0.09689102303247335,0.08821614583333333,0.078369140625,0.073974609375,0.07706705729166667,0.07267252604166667,0.07137044270833333,0.07195474339668716,0.0682373046875,0.069580078125,0.07010904947916667,0.06377177274947095,0.058064778645833336,0.06494140625,0.0777587890625,0.0728759765625,0.07491657849759908,0.06913248697916667,0.0650634765625,0.05908203125,0.058756510416666664,0.0548095703125,0.05163784333672431,0.049318413021363174,0.046875,0.044677734375,0.05078538292504273,0.05127161749745676,0.044148763020833336,0.047200520833333336,0.057047526041666664,0.061848958333333336,0.06671551267961086,0.060465494791666664,0.052571614583333336,0.048990885416666664,0.042032877604166664,0.0380859375,0.0341796875,0.0322265625,0.031941731770833336,0.030476888020833332,0.0294189453125,0.030721028645833332,0.030110677083333332,0.044270833333333336,0.05582909460834181,0.0594482421875,0.06234738727006349,0.0614013671875,0.056070963541666664,0.04862863188736063,0.043294270833333336,0.041585286458333336,0.03662109375,0.0345458984375,0.03202571823878896,0.031046549479166668,0.0299072265625,0.029055098885000408,0.02783203125,0.0352783203125,0.033610026041666664,0.034912109375,0.048299153645833336,0.047322591145833336,0.044474283854166664,0.040771484375,0.042805989583333336,0.040730794270833336,0.039835611979166664,0.038818359375,0.0380859375,0.037760416666666664,0.03674465920651068,0.038004557291666664,0.033121744791666664,0.033121744791666664,0.027547200520833332,0.031778971354166664,0.044026692708333336,0.0460205078125,0.044840494791666664,0.042887369791666664,0.05419921875,0.052777212614445575,0.05322482197355036,0.051554361979166664,0.0535888671875,0.053181966145833336,0.050988850004069344,0.046956380208333336,0.041748046875,0.0303955078125,0.023193359375,0.041788736979166664,0.0585147507629705,0.06356052899287894,0.059326171875,0.056803385416666664,0.05709518577300289,0.061482747395833336,0.06547037760416667,0.06157916157916158,0.0630979035212701,0.06243386243386243,0.061436365116847164,0.05884986366041268,0.04887279238219256,0.03617644665093188,0.027872721354166668,0.044718424479166664,0.05828683149362551,0.05461056401074306,0.051524154491066704,0.054972330729166664,0.053021363173957274,0.047892252604166664,0.05563469130275528,0.054304905353144715,0.05427082485139647,0.05317373071129026,0.05307751843252271,0.05062260926182144,0.044108072916666664,0.028767903645833332,0.018798828125,0.034261067708333336,0.03541480094439469,0.035807291666666664,0.03523906408952187,0.03638435554108502,0.035481770833333336,0.031087239583333332,0.030029296875,0.02955544699560332,0.029572301425661914,0.02932431882051073,0.02994377902713273,0.02711284807034685,0.02759013591600879,0.01884335191892882,0.013102213541666666,0.022216796875,0.02504903563255966,0.024583825145508567,0.024861653645833332,0.024581824101583168,0.022135416666666668,0.0194091796875,0.0191650390625,0.01909142717577139,0.01901852983099165,0.018729641693811076,0.01868968606213608,0.01770812131080806,0.019005371968093765,0.012329603255340793,0.008260091145833334,0.009521484375,0.009203453331161427,0.008870442708333334,0.0087890625,0.01123046875,0.009114583333333334,0.008708036622583926,0.00850527001180157,0.00850527001180157,0.008509079065222701,0.008506654727502137,0.008509079065222701,0.008517054484697828,0.005902707103602686,0.004152587224687538,0.002645179668742115,0.0017903645833333333,0.000814663951120163,0.000732511292882432,0.0006510416666666666,0.0006510416666666666,0.0006103515625,0.00008138020833333333,0.00008138020833333333,0.000040705010786827856,0.000040749796251018746,0.000040754778497778866,0.000040736516213133455,0.00004076474664709959],"averageToxinCountInMales":[2.498046875,2.498046875,2.5,2.9072727272727272,2.7203672787979967,2.600465477114042,2.65078125,2.5258215962441315,2.464019851116625,2.3959044368600684,2.4130434782608696,2.4451166810717373,2.469310670443815,2.51425855513308,2.4851851851851854,2.4328214971209214,2.4226190476190474,2.4208955223880597,2.3447905477980666,2.60855614973262,2.64021164021164,2.301503094606543,2.262250453720508,2.414445399828031,2.4834123222748814,2.5069075451647183,2.463882618510158,2.6876355748373104,2.691501746216531,2.817751479289941,2.807058823529412,2.8672350791717416,2.721759809750297,2.675739644970414,2.707953063885267,2.8172661870503597,2.9214463840399003,2.4730290456431536,2.41034103410341,2.514500537056928,2.5265017667844525,2.7496871088861075,2.7838214783821478,3.340659340659341,3.3866666666666667,3.338632750397456,3.36046511627907,3.3275563258232235,3.2296564195298374,3.0464396284829722,3.1559633027522938,2.938053097345133,3.0273972602739727,2.030513176144244,1.9429312581063554,1.8994011976047904,1.7918367346938775,1.7305863708399367,1.7208121827411167,1.699009900990099,1.701525054466231,1.6943765281173595,1.7139175257731958,1.6031331592689295,1.558904109589041,1.4914772727272727,1.7374301675977655,1.8163841807909604,2.551059730250482,1.6562009419152277,1.3590116279069768,1.435967302452316,1.2890733056708161,1.3864306784660767,1.5549915397631133,1.6334586466165413,1.62475442043222,1.6222707423580787,1.6712962962962963,1.5467980295566504,1.5303030303030303,1.5411140583554377,1.4763231197771587,1.1202346041055717,1.4634703196347032,1.2476190476190476,1.011600928074246,1.0800653594771241,0.8100840336134454,0.7468805704099821,0.6783625730994152,0.533457249070632,0.42943548387096775,0.38923395445134573,0.38054968287526425,0.34051724137931033,0.31808278867102396,0.32662192393736017,0.30620985010706636,0.18491484184914841,0.5469879518072289,0.5205882352941177,0.35,0.18478260869565216,0.14113597246127366,0.19389587073608616,0.15939278937381404,0.0974124809741248,0.07704160246533127,0.05206738131699847,0.04716981132075472,0.04216867469879518,0.0425531914893617,0.0380952380952381,0.038128249566724434,0.007920792079207921,0.0921409214092141,0,0,0,0,0,0,0,0,0,0,0,0,0,0,0,0,0,0,0,0,0,0,0,0,0,0,0,0,0,0,0,0,0,0,0,0,0,0,0,0,0,0,0,0,0,0,0,0,0,0,0,0,0,0,0,0,0,0,0,0,0,0,0,0,0,0.008,0.00847457627118644,0.009009009009009009,0.009174311926605505,0.007194244604316547,0.008928571428571428,0.00909090909090909,0.009174311926605505,0.009174311926605505,0.009174311926605505,0.009174311926605505,0.009174311926605505,0.009174311926605505,0.012658227848101266,0.01818181818181818,0.03333333333333333,0.04,0.07692307692307693,0.09090909090909091,0.1111111111111111,0.1111111111111111,0.125,0.5,0.5,1,1,1,1,1],