{"startTime":"2025-03-24T21:01:06.836Z","infectedMalesAtStart":4096,"infectedFemalesAtStart":4096,"toxinAntitoxinLength":3,"killRate":1,"rescueRate":0.5,"simulationLength":181,"infectionRatio":[0.3333333333333333,0.3333333333333333,0.33371682143150627,0.3389892578125,0.3457438151041667,0.3289794921875,0.31884765625,0.3020426432291667,0.2998046875,0.2823486328125,0.2848307291666667,0.2997233072916667,0.2945149739583333,0.29220250691844374,0.294921875,0.2954508463541667,0.29378485082827954,0.29323277619241744,0.2903804591607878,0.292724609375,0.281982421875,0.2648518880208333,0.24666341145833334,0.22372329603255342,0.2076416015625,0.18159993489583334,0.18754069010416666,0.1786252085792194,0.1733468972533062,0.16910807291666666,0.15824381510416666,0.16389973958333334,0.1582224392626053,0.15727862299628828,0.15462445432662886,0.15352376302083334,0.17525227864583334,0.17305501302083334,0.17724609375,0.16499837239583334,0.1427466937945066,0.12455240885416667,0.1171875,0.11414503133393017,0.1068115234375,0.10984940984940984,0.0985107421875,0.09420909127904611,0.09422059422059421,0.0932714239165852,0.09220493605929787,0.10066731770833333,0.1341552734375,0.13765462239583334,0.13627115885416666,0.12619028241230568,0.1019287109375,0.0850830078125,0.07975260416666667,0.07899556387611412,0.07712343819950349,0.07670708879303328,0.06950152594099694,0.06644694010416667,0.0643310546875,0.06352759238157252,0.058761292422885976,0.0601806640625,0.0806884765625,0.09159342447916667,0.08980305989583333,0.0819938962360122,0.062296549479166664,0.049845377604166664,0.045166015625,0.0455359322861561,0.044485144485144484,0.043784333672431335,0.04277052048996866,0.041666666666666664,0.041015625,0.04069672798307016,0.03691493691493691,0.038045247395833336,0.0596923828125,0.06754557291666667,0.06355794270833333,0.055460611979166664,0.046101888020833336,0.0345458984375,0.031575520833333336,0.033984533984533986,0.033854166666666664,0.033162434895833336,0.032511393229166664,0.0321057985757884,0.032113639138752086,0.03211756085646829,0.03202571823878896,0.027750651041666668,0.045824515708937,0.06040131873499125,0.05168484453849911,0.0484619140625,0.042561848958333336,0.0325927734375,0.027669270833333332,0.027670396744659206,0.027513227513227514,0.027384440104166668,0.02738555442522889,0.027384440104166668,0.027307504476640078,0.027307504476640078,0.02730528200537153,0.021525065104166668,0.036051432291666664,0.051326929338977534,0.0402441505595117,0.034342447916666664,0.0240478515625,0.020100911458333332,0.0184326171875,0.018149263449173923,0.018150740680449293,0.018150740680449293,0.01814852492370295,0.018147786458333332,0.018147786458333332,0.018160348548393664,0.018149263449173923,0.013468424479166666,0.018147786458333332,0.047200520833333336,0.0299072265625,0.024335652952427463,0.016072591145833332,0.012247721354166666,0.011678059895833334,0.011680911680911682,0.011680436286679419,0.011682338095819596,0.01167853509664293,0.011679010336127615,0.011678059895833334,0.011732962675279016,0.01159762350451697,0.010498046875,0.009888500040693415,0.0272216796875,0.016438802083333332,0.01041836236366596,0.00577822990844354,0.004272634791454731,0.0032958984375,0.0030517578125,0.0030527515467274505,0.0030520061853992024,0.003051881993896236,0.0030520061853992024,0.0030517578125,0.0030602252325771175,0.0030517578125,0.0029703776041666665,0.0023193359375,0.006754557291666667,0.0019124348958333333,0.0015462868769074262,0.0008951822916666666,0.000732421875,0.0005289713541666666,0.0004475911458333333,0.0004475911458333333,0.0004476275738585497,0.0004476093591047813,0.0004476457900948195,0.0004476275738585497,0.0004495667811018473,0.0004475911458333333,0.0004475911458333333,0.00020345052083333334],"averageToxinCountInMales":[2.476806640625,2.476806640625,2.4786600496277917,2.498792270531401,2.4778360343183983,2.4700897308075773,2.50414293112377,2.559977888336097,2.602624965093549,2.6245519713261647,2.6302545885139135,2.681576740285155,2.66943569177886,2.669835782195333,2.666762424590635,2.6556100374963947,2.6370712020755263,2.6340968396636706,2.6455322913594808,2.52821997105644,2.3716012084592144,2.45947691314175,2.4252793296089385,2.4392843547773126,2.3363083164300202,2.364622641509434,2.4993203443588583,2.5706106870229006,2.5433812592959844,2.539927872230809,2.535180055401662,2.477643345607575,2.461663947797716,2.462513781697905,2.4487832484436898,2.2695115103874226,2.086749285033365,2.111321648507816,2.2983271375464684,2.3637747336377473,2.4168136390358614,2.3571910871033084,2.261146496815287,2.4266764922623434,2.400943396226415,2.3404907975460123,2.353195164075993,2.481149012567325,2.542649727767695,2.533702677746999,2.577181208053691,2.0130434782608697,1.9027093596059113,1.5587167070217918,1.9776029055690072,1.8995403808273146,1.9377022653721683,1.9090909090909092,2.0673575129533677,2.41804979253112,2.389541088580576,2.311563169164882,2.343601895734597,2.4225,2.4100905562742563,2.4028871391076114,2.4771428571428573,1.9519774011299436,1.3689024390243902,0.9822380106571936,1.2678733031674208,1.2046138415245737,1.0388219544846051,0.8696369636963697,1.0536044362292052,1.3102189781021898,1.2849056603773585,1.4204545454545454,1.4282982791586998,1.384765625,1.2974051896207586,1.2971887550200802,1.040909090909091,1.0209302325581395,0.5006802721088436,0.2838479809976247,0.3316582914572864,0.2840909090909091,0.28865979381443296,0.2431818181818182,0.10024449877750612,0.6212471131639723,0.6241299303944315,0.6211764705882353,0.6423357664233577,0.6534653465346535,0.6534653465346535,0.6534653465346535,1.0687960687960687,1.0205278592375366,0.3848987108655617,0.06703146374829001,0.06962025316455696,0.040336134453781515,0.040697674418604654,0.04450261780104712,0.012539184952978056,0.012539184952978056,0.009433962264150943,0.0031645569620253164,0.0031645569620253164,0.0031645569620253164,0.0031645569620253164,0.0031645569620253164,0.0031645569620253164,0.004405286343612335,0.002325581395348837,0,0,0,0,0,0,0,0,0,0,0,0,0,0,0,0,0,0,0,0,0,0,0,0,0,0,0,0,0,0,0,0,0,0,0,0,0,0,0,0,0,0,0,0,0,0,0,0,0,0,0,0,0,0,0,0,0,0,0,0,0,0,0,0],