{"startTime":"2025-03-24T20:43:41.882Z","infectedMalesAtStart":1024,"infectedFemalesAtStart":1024,"toxinAntitoxinLength":3,"killRate":0.3438794215079337,"rescueRate":0.512501964649485,"simulationLength":132,"infectionRatio":[0.08333333333333333,0.08333333333333333,0.0835627131177848,0.08748372395833333,0.07975260416666667,0.07889811197916667,0.07666015625,0.08512369791666667,0.093017578125,0.09623209635416667,0.10038248697916667,0.10201009114583333,0.09952799479166667,0.10530598958333333,0.10880533854166667,0.110107421875,0.11222330729166667,0.11220584642944385,0.10799593082400814,0.0970458984375,0.09220377604166667,0.09708658854166667,0.09200032552083333,0.1141357421875,0.1119384765625,0.10970052083333333,0.12202962239583333,0.1195068359375,0.11214192708333333,0.11885579427083333,0.1207275390625,0.11662732969805485,0.11804679552390641,0.11647877579260103,0.10847981770833333,0.09440104166666667,0.08304850260416667,0.08028157552083333,0.07405598958333333,0.08846028645833333,0.09130859375,0.08524576822916667,0.08964029947916667,0.09016927083333333,0.08907063802083333,0.0958251953125,0.09639485677083333,0.09700520833333333,0.09956868489583333,0.09818847954406676,0.08951822916666667,0.08561197916666667,0.07108561197916667,0.061442057291666664,0.050577799479166664,0.055908203125,0.05029296875,0.049479166666666664,0.0484619140625,0.045003255208333336,0.041463216145833336,0.04296875,0.045857747395833336,0.049072265625,0.04900683816346467,0.050008138020833336,0.048223660114760106,0.050537109375,0.039591471354166664,0.038533528645833336,0.032877604166666664,0.034505208333333336,0.031743447826794724,0.026570638020833332,0.028238932291666668,0.028523763020833332,0.028526084479531214,0.025919596354166668,0.029744466145833332,0.03133265513733469,0.031209309895833332,0.038045247395833336,0.038661891583916655,0.038045247395833336,0.030924479166666668,0.028889973958333332,0.021891276041666668,0.0196533203125,0.015828450520833332,0.013224283854166666,0.012776692708333334,0.011759440104166666,0.011761833055227707,0.014893184130213632,0.0150146484375,0.013916015625,0.012247721354166666,0.01204525107837552,0.012374826996662053,0.0179443359375,0.014040942574579789,0.013264973958333334,0.0096435546875,0.0078125,0.007120768229166667,0.007893880208333334,0.007405598958333333,0.007366707366707367,0.007040820479426967,0.006429036458333333,0.006754832146490336,0.006022135416666667,0.00732421875,0.007202734597542118,0.0063901664699417965,0.0098876953125,0.008261435780563244,0.00634765625,0.004557291666666667,0.002685546875,0.00244140625,0.0028483072916666665,0.0021565755208333335,0.0021565755208333335,0.0021565755208333335,0.0016276041666666667,0.0014246173884728101,0.0013834635416666667,0.0013839140345164442,0.0013834635416666667,0.0009777560498655585,0.0006510416666666666],"averageToxinCountInMales":[2.537109375,2.537109375,2.5345849802371543,2.443119266055046,2.3840653728294177,2.412565445026178,2.4603174603174605,2.206439393939394,2.3258813413585555,2.2861952861952863,2.2993474714518762,2.3441295546558703,2.3521008403361345,2.382120253164557,2.3728813559322033,2.3384146341463414,2.3102162565249813,2.3111940298507463,2.304783950617284,2.4005102040816326,2.290990990990991,2.3478991596638656,2.2706834532374103,2.029517638588913,2.132947976878613,2.24795234549516,2.3107836570663096,2.3144611186903137,2.2995626822157433,2.2008281573498967,2.2163624070317782,2.2201963534361853,2.2186851211072662,2.2116327960756834,2.1246246246246248,2.170918367346939,2.157740993184031,2.3585461689587426,2.4219269102990033,2.3265682656826567,2.3105263157894735,2.4615384615384617,2.286624203821656,2.244186046511628,2.3550724637681157,2.2869127516778525,2.23185988323603,2.217788861180382,2.190129449838188,2.198844884488449,2.1172668513388735,2.2716763005780347,2.2148664343786293,2.289972899728997,2.3709150326797386,2.245833333333333,2.330721003134796,2.5864297253634896,2.4629324546952223,2.3028169014084505,2.3204633204633205,2.4003795066413662,2.2,2.176282051282051,2.185185185185185,2.204113924050633,2.1592039800995027,2.3422712933753944,2.3155737704918034,2.082105263157895,1.9676616915422886,2.145238095238095,2.0469973890339426,2.1923076923076925,2.056547619047619,1.9912023460410557,2.061046511627907,2.0414012738853504,1.8722222222222222,1.7827225130890052,1.9893617021276595,2.004366812227074,2.0306122448979593,2.233820459290188,2.2253164556962024,2.214092140921409,2.160839160839161,2.1825396825396823,2.2989690721649483,2.227272727272727,2.23841059602649,2.2517985611510793,2.562043795620438,2.8192090395480225,2.9364161849710984,2.949685534591195,2.8345323741007196,2.8970588235294117,2.3819444444444446,2.481651376146789,2.276470588235294,2.2341772151898733,2.2288135593220337,2.3300970873786406,2.2717391304347827,2.4019607843137254,2.4536082474226806,2.4375,2.4065934065934065,2.3658536585365852,2.7857142857142856,2.789473684210526,2.8297872340425534,2.868131868131868,3,3.007575757575758,3.0091743119266057,3.011627906976744,3.015873015873016,3.0277777777777777,3.032258064516129,3.0277777777777777,3.0344827586206895,3.0344827586206895,3.0344827586206895,3.0416666666666665,3.0454545454545454,3.0454545454545454,3.0454545454545454,3.0454545454545454,3.0833333333333335,3],"averageAntitoxinCountInFemales":[2.5,2.5,2.50293542074364,2.3509433962264152,2.4240570846075435,2.4278455284552845,2.435569755058573,2.1515444015444016,2.268032056990205,2.2574341546304164,2.32232070910556,2.368710691823899,2.3877388535031847,2.406344410876133,2.4011627906976742,2.389526542324247,2.3549752999294284,2.352401129943503,2.333578792341679,2.357320099255583,2.2301038062283736,2.3637123745819397,2.3028720626631856,2.114406779661017,2.18727139722019,2.320768662232077,2.3266932270916336,2.328348062542488,2.290462427745665,2.1854619565217392,2.180779569892473,2.1979166666666665,2.191620879120879,2.1965156794425087,2.15592203898051,2.2132867132867133,2.195266272189349,2.242931937172775,2.3238822246455832,2.1807339449541283,2.183876811594203,2.362763915547025,2.2192028985507246,2.2058287795992713,2.288479262672811,2.2751504729148753,2.2222222222222223,2.2116850127011007,2.162675474814203,2.1983333333333333,2.15129811996419,2.282363977485929,2.2223476297968396,2.244818652849741,2.3137876386687797,2.287461773700306,2.382943143812709,2.6180904522613067,2.464041095890411,2.349442379182156,2.349301397205589,2.4234404536862004,2.2740213523131674,2.2199312714776633,2.2264150943396226,2.2479061976549413,2.1752577319587627,2.335526315789474,2.268041237113402,2.1186440677966103,1.9852216748768472,2.0794392523364484,2.0125944584382873,2.12316715542522,2.0195530726256985,1.9777777777777779,2.0756302521008405,2.1640866873065017,2.0053908355795147,1.9123711340206186,2.0485933503836318,2.0230607966457024,2.0434782608695654,2.245614035087719,2.249315068493151,2.190615835777126,2.1666666666666665,2.155844155844156,2.2666666666666666,2.210526315789474,2.2699386503067487,2.34,2.6447368421052633,2.814814814814815,2.923469387755102,2.9234972677595628,2.7962962962962963,2.8,2.575,2.497757847533632,2.302857142857143,2.2738095238095237,2.2605042016806722,2.438202247191011,2.397590361445783,2.5,2.5058823529411764,2.5058823529411764,2.4878048780487805,2.5,2.707317073170732,2.6666666666666665,2.7209302325581395,2.7209302325581395,2.9210526315789473,2.963963963963964,3,3,3,3,3,3,3,3,3,3,3,3,3,3,3,3],