{"startTime":"2025-03-24T20:10:07.200Z","infectedMalesAtStart":1024,"infectedFemalesAtStart":1024,"toxinAntitoxinLength":3,"killRate":0.75,"rescueRate":0.75,"simulationLength":244,"infectionRatio":[0.17197077840288857,0.17197077840288857,0.1719253604749788,0.16386227133097978,0.15517241379310345,0.16524251302083334,0.16866048177083334,0.17598470052083334,0.17106119791666666,0.16666666666666666,0.16532389322916666,0.16776529947916666,0.16719563802083334,0.16446940104166666,0.16337076822916666,0.15865071614583334,0.16426595052083334,0.16365486365486365,0.16209506755656844,0.153564453125,0.16414388020833334,0.15694173177083334,0.15311686197916666,0.154296875,0.1494140625,0.14603678385416666,0.15234375,0.1456298828125,0.13920084635416666,0.13929923086314247,0.1414503133393017,0.13847405900305187,0.13660223804679553,0.13163784333672432,0.12943522135416666,0.11421712239583333,0.11800130208333333,0.1309814453125,0.14083360468902636,0.13468424479166666,0.11861165364583333,0.11291963377416073,0.11027018229166667,0.1082763671875,0.10401237079840482,0.09859212239583333,0.10137554940582777,0.10213216145833333,0.10673448626653102,0.1055994140148124,0.10302734375,0.09627278645833333,0.08516438802083333,0.11783854166666667,0.14174670356503338,0.13529459635416666,0.12378433367243133,0.11121963130264925,0.11258951822916667,0.1043701171875,0.10152242937393145,0.0920709866492999,0.08793131510416667,0.08760579427083333,0.09232584635416667,0.09042444959915354,0.0828857421875,0.07275390625,0.060587565104166664,0.1075439453125,0.15061859026534266,0.15071614583333334,0.14286295572916666,0.1293499938947454,0.12748209635416666,0.1199951171875,0.1181163254507713,0.11112919633774161,0.10270182291666667,0.09888097660223805,0.1044921875,0.1019287109375,0.09700520833333333,0.07979329427083333,0.055135091145833336,0.0897216796875,0.13689822162536117,0.1585693359375,0.1531982421875,0.1401131322996785,0.13387044270833334,0.12862141927083334,0.12646484375,0.11440436446543441,0.1083984375,0.11206510681586979,0.11658189216683622,0.11549731401595312,0.112060546875,0.09236653645833333,0.06791178385416667,0.08866373697916667,0.132080078125,0.1602783203125,0.16597493489583334,0.15270033779658948,0.14383951822916666,0.1380615234375,0.13985188802083334,0.12822183313652835,0.1180419921875,0.10978190104166667,0.110107421875,0.10962751882760025,0.0944279376449998,0.07340494791666667,0.055419921875,0.08268229166666667,0.114501953125,0.14884440104166666,0.15564598168870802,0.14982096354166666,0.15018717447916666,0.14306640625,0.13997395833333334,0.12865925654492896,0.12027994791666667,0.11527506510416667,0.11175321504151066,0.1024169921875,0.09200032552083333,0.07100423177083333,0.0546875,0.059366861979166664,0.07466634114583333,0.10331217447916667,0.11995442708333333,0.12035340580595252,0.12569173177083334,0.1226806640625,0.12056968463886063,0.12447558144271109,0.1121826171875,0.10771108850457782,0.10756145205925444,0.1045134508160026,0.0902099609375,0.07462565104166667,0.060099283854166664,0.053548177083333336,0.058064778645833336,0.07100423177083333,0.08875595165425466,0.09010255575451734,0.09335449477068326,0.0961217596549058,0.091353001017294,0.09946619942137647,0.09346516927083333,0.09126790364583333,0.0872802734375,0.0831298828125,0.0726318359375,0.059122721354166664,0.043050130208333336,0.0347900390625,0.043619791666666664,0.054850260416666664,0.06451744209712215,0.06439255002649061,0.06396154159537196,0.07325813413690598,0.07517204870301747,0.07603029809415214,0.0648193359375,0.0574951171875,0.05307069309348419,0.051310221354166664,0.046590169270833336,0.035929361979166664,0.025675455729166668,0.0181884765625,0.027994791666666668,0.024576822916666668,0.028483072916666668,0.02834107011971659,0.028123089464030977,0.03129584352078239,0.033456946085822566,0.03245114006514658,0.030601448685602668,0.0274658203125,0.027180989583333332,0.026738838468112817,0.024983723958333332,0.017618815104166668,0.0120849609375,0.008138020833333334,0.008748372395833334,0.0072021484375,0.007161458333333333,0.0071667073865949995,0.007130342663896019,0.011615111871866977,0.01128033881739697,0.010666883804250469,0.012085944494180842,0.012003580729166666,0.012003580729166666,0.012005046188906524,0.01167853509664293,0.009602864583333334,0.0069580078125,0.0028483072916666665,0.002156838806820494,0.0006510416666666666,0.00048828125,0.0004070501078682786,0.00036644951140065146,0.0009369398729020694,0.0018734981468659633,0.0017906560312550871,0.0016682942708333333,0.0016682942708333333,0.0016682942708333333,0.0016683621566632757,0.001668837512211006,0.0011393229166666667,0.0010579427083333333,0.0005289713541666666,0.0003255208333333333,0.00028484231943031536,0.00004069507182680177,0.000040698384274144313,0.00004071329696278805,0.000040716612377850165,0.00004071329696278805,0.0002034919213707216,0.00020345052083333334,0.00020345052083333334,0.000040690104166666664,0.000040690104166666664,0.0000406934158053227,0.000040690104166666664],