{"startTime":"2025-03-24T20:10:07.200Z","infectedMalesAtStart":1024,"infectedFemalesAtStart":1024,"toxinAntitoxinLength":3,"killRate":1,"rescueRate":1,"simulationLength":217,"infectionRatio":[0.18339751052207398,0.18339751052207398,0.18347794649313087,0.19324577861163228,0.18946156061042327,0.19950358072916666,0.1949462890625,0.190673828125,0.189453125,0.19514973958333334,0.18827311197916666,0.18863932291666666,0.18680826822916666,0.18631998697916666,0.1865234375,0.18416341145833334,0.18880208333333334,0.18830719087390507,0.1947544188319622,0.197021484375,0.20625813802083334,0.19925944010416666,0.17989095052083334,0.16219075520833334,0.14713541666666666,0.1567853509664293,0.14546712239583334,0.14893184130213633,0.13872385448034508,0.13671875,0.12772623697916666,0.1293997965412004,0.13644692373467976,0.13423474790258205,0.1336075253491876,0.14510091145833334,0.15470377604166666,0.15185546875,0.13358561197916666,0.11470540364583333,0.10477701822916667,0.12044270833333333,0.1126708984375,0.10982259114583333,0.09767214715936838,0.09087209538924836,0.08846028645833333,0.08729803426803956,0.08881471833279062,0.08614445574771108,0.09453849910467198,0.08988444010416667,0.09619140625,0.10835774739583333,0.09375,0.07784016927083333,0.066650390625,0.0714111328125,0.0660400390625,0.0626220703125,0.054117838541666664,0.04793684381867014,0.043863932291666664,0.040974934895833336,0.04062029386625422,0.03960275143473483,0.04101896313176528,0.048543294270833336,0.076171875,0.08264496439471007,0.07320149739583333,0.067138671875,0.06353017785193928,0.06937662760416667,0.0646998982706002,0.05717192268565616,0.051513671875,0.045106660153069536,0.042360122075279755,0.0411376953125,0.04020509481565883,0.03937296416938111,0.03861648016276704,0.039591471354166664,0.061197916666666664,0.06522623697916667,0.0631103515625,0.0543212890625,0.04987785016286645,0.054443359375,0.056925455729166664,0.049112955729166664,0.039143880208333336,0.033284505208333336,0.032063802083333336,0.02950632859875463,0.02800048838061129,0.02783203125,0.027425130208333332,0.02392578125,0.046346028645833336,0.046061197916666664,0.0482177734375,0.044148763020833336,0.04126312362659722,0.053548177083333336,0.06388346354166667,0.050862630208333336,0.039510091145833336,0.035486102632971146,0.03239195898103687,0.029215494791666668,0.02669488076829169,0.026408952187182096,0.025315425315425317,0.022298177083333332,0.0401611328125,0.038899739583333336,0.038859049479166664,0.033528645833333336,0.03337403337403337,0.032145182291666664,0.045127161749745674,0.04688263063649683,0.04407455640566498,0.035481770833333336,0.028889973958333332,0.0240478515625,0.021933751119068933,0.021688708036622584,0.021162298551196484,0.017822265625,0.027750651041666668,0.03630739172907848,0.03271484375,0.026529947916666668,0.032023111979166664,0.030598958333333332,0.034586588541666664,0.028484231943031537,0.023153611393692777,0.018717447916666668,0.016398111979166668,0.012737557481788956,0.010417514446162611,0.010055774946057078,0.009969075520833334,0.009848207382086029,0.010213216145833334,0.011069510011395084,0.0103759765625,0.010416666666666666,0.010701497395833334,0.010579427083333334,0.010660807291666666,0.0068359375,0.005086676975665338,0.00496459672824937,0.0048836073579684195,0.004885197850512946,0.0033380826378994503,0.003133520530663737,0.0031336480546964025,0.0031331380208333335,0.0030924479166666665,0.002360314165954503,0.004313151041666667,0.004231770833333333,0.004231770833333333,0.004231770833333333,0.004191080729166667,0.0030924479166666665,0.0017903645833333333,0.0017903645833333333,0.0017906560312550871,0.0017913121361397223,0.0005697078212745178,0.00024421018356465466,0.000244140625,0.000244140625,0.000244140625,0.00016283992835043154,0.0014241536458333333,0.0014241536458333333,0.0019938151041666665,0.0013834635416666667,0.0030924479166666665,0.0027262369791666665,0.0018311291963377416,0.0013428280773143438,0.0013435387997720056,0.001344688480502017,0.0013442502749602835,0.00134342940889106,0.0013430466810467625,0.0013429373702844585,0.0013428827215756492,0.0013020833333333333,0.0017496744791666667,0.00175010175010175,0.0015055338541666667,0.0010986328125,0.0006510416666666666,0.0022786458333333335,0.0021158854166666665,0.001953522445158927,0.0019545565599804545,0.001955910517093843,0.0019575058113453776,0.0006928029994294564,0.0006922105948939289,0.0006920978707812564,0.000692069695489334,0.0006106248727864848,0.0025634765625,0.0025664005214274077,0.0009765625],"averageToxinCountInMales":[2.533203125,2.533203125,2.5426587301587302,2.728342245989305,2.5987920621225196,2.6176941553242594,2.621665319320938,2.6674897119341563,2.6782897467828977,2.689613034623218,2.690939881456393,2.678616617460987,2.659148936170213,2.6703483432455397,2.621598639455782,2.5863851788022405,2.6178691275167787,2.6168776371308016,2.527422680412371,2.6547231270358305,2.3388299960738124,2.34030340303403,2.390984360625575,2.4488957370313305,2.4711593375214163,2.486677542142469,2.5296884185773076,2.548071387449626,2.5569383945239577,2.55239898989899,2.534612748457848,2.526031102096011,2.8032362459546927,2.8129543952412424,2.745308310991957,2.7851897184822523,2.298076923076923,2.066361556064073,1.965154503616042,1.8888888888888888,2.034804753820034,1.8981481481481481,1.9089506172839505,1.98328025477707,2.0027124773960217,1.9442815249266863,2.0459081836327346,1.9707955689828802,2.0548354935194415,1.9989690721649485,2.21447963800905,2.3401677539608574,1.7376325088339222,1.4303797468354431,1.3203266787658803,1.3253275109170306,1.2592592592592593,1.0457831325301206,0.9884467265725289,1.307482993197279,1.4137380191693292,1.443649373881932,1.40234375,1.374468085106383,1.334051724137931,1.3207126948775056,1.349892008639309,2.0265017667844525,1.1512875536480687,1.0422396856581533,0.9617547806524185,0.9459459459459459,0.846553966189857,0.5746445497630331,0.49120603015075376,0.49572649572649574,0.5463258785942492,0.5579710144927537,0.580896686159844,0.5771543086172345,0.5843621399176955,0.5741525423728814,0.6047516198704104,1.6148936170212767,0.672108843537415,0.4683698296836983,0.3594936708860759,0.25149700598802394,0.1373534338358459,0.046511627906976744,0.03412462908011869,0.030874785591766724,0.03829787234042553,0.04488778054862843,0.046875,0.037463976945244955,0.03927492447129909,0.024242424242424242,0.018404907975460124,0.0035971223021582736,0,0.0018083182640144665,0.001718213058419244,0.001893939393939394,0.002053388090349076,0,0.0012422360248447205,0.001564945226917058,0.002036659877800407,0.002277904328018223,0.0024752475247524753,0.002770083102493075,0.003003003003003003,0.0030211480362537764,0.0031746031746031746,0.003703703703703704,0.002,0,0,0,0,0,0,0,0,0,0,0,0,0,0,0,0,0,0,0,0,0,0,0,0,0,0,0,0,0,0,0,0,0,0,0,0,0,0,0,0,0,0,0,0,0,0,0,0,0,0,0,0,0,0,0,0,0,0,0,0,0,0,0,0,0,0,0,0,0,0,0,0,0,0,0,0,0,0,0,0,0,0,0,0,0,0,0,0,0,0,0,0,0,0,0,0,0,0,0,0],