{"startTime":"2025-03-24T20:33:55.228Z","infectedMalesAtStart":16,"infectedFemalesAtStart":32,"toxinAntitoxinLength":3,"killRate":0.43565460147428803,"rescueRate":0.05942219180203834,"simulationLength":71,"infectionRatio":[0.003494212710198733,0.003494212710198733,0.00353045013239188,0.0069236289948072785,0.0062255859375,0.008097330729166666,0.0078125,0.008260091145833334,0.008463541666666666,0.007975260416666666,0.008015950520833334,0.008219401041666666,0.009318033854166666,0.008260091145833334,0.00732421875,0.006673177083333333,0.00634765625,0.006350757205666829,0.006795247395833333,0.004923502604166667,0.00439453125,0.0034586588541666665,0.0032553407934893183,0.0026041666666666665,0.004760935910478128,0.004597981770833333,0.004191080729166667,0.005208333333333333,0.009480794270833334,0.009318413021363174,0.009114954221770092,0.0089111328125,0.008748372395833334,0.01171875,0.010783316378433367,0.0108642578125,0.009073893229166666,0.008097330729166666,0.007039388020833333,0.004639238188255402,0.0034993489583333335,0.0031331380208333335,0.0029296875,0.004313151041666667,0.006184895833333333,0.005859375,0.005777994791666667,0.0057373046875,0.005697078212745178,0.005698237616508608,0.00634765625,0.004923502604166667,0.0013427734375,0.0011800130208333333,0.0009358723958333334,0.0006921824104234528,0.0006510416666666666,0.00036622583926754833,0.0003255208333333333,0.00020345052083333334,0.00020345052083333334,0.00020345052083333334,0.00020350848630387887,0.00012208521548040532,0.00012207527975584945,0.00012207527975584945,0.0004071163945772096,0.0009359104781281791,0.0006103515625,0.0006103515625,0.0006103515625],"averageToxinCountInMales":[2.625,2.625,2.625,3.039473684210526,3.130434782608696,3.1122448979591835,3.11340206185567,2.961904761904762,2.7941176470588234,2.778947368421053,2.5833333333333335,2.49,2.25,2.173076923076923,2.043956043956044,2.0246913580246915,1.9605263157894737,1.9605263157894737,1.8271604938271604,1.8666666666666667,1.7450980392156863,1.794871794871795,1.7777777777777777,1.7407407407407407,1.8870967741935485,1.8688524590163935,1.8846153846153846,1.65,2.0254237288135593,2.034188034188034,2,2.017699115044248,2.017857142857143,1.76,1.7872340425531914,1.5147058823529411,1.6306306306306306,1.6868686868686869,1.5930232558139534,1.5689655172413792,1.372093023255814,1.4444444444444444,1.375,2.4583333333333335,2.0294117647058822,2.076923076923077,2.09375,2.09375,2.111111111111111,2.129032258064516,1.92,1.8507462686567164,1.75,1.4285714285714286,1.6,2,2,1.75,1,null,null,null,null,null,null,null,1,1,1,1,1],"averageAntitoxinCountInFemales":[2.15625,2.15625,2.15625,2.840909090909091,2.869047619047619,2.9504950495049505,2.9894736842105263,2.877551020408163,2.688679245283019,2.6633663366336635,2.514851485148515,2.5,2.247787610619469,2.101010101010101,2.044943820224719,2,1.975,1.975,1.755813953488372,1.5737704918032787,1.6140350877192982,1.6521739130434783,1.6363636363636365,1.5405405405405406,1.7454545454545454,1.7884615384615385,1.7450980392156863,1.6470588235294117,1.7652173913043478,1.7857142857142858,1.798165137614679,1.8018867924528301,1.796116504854369,1.5942028985507246,1.5806451612903225,1.3282442748091603,1.375,1.42,1.3563218390804597,1.3392857142857142,1.186046511627907,1.1951219512195121,1.2,2.2586206896551726,1.8452380952380953,1.8987341772151898,1.9102564102564104,1.922077922077922,1.922077922077922,1.9102564102564104,1.8641975308641976,1.6111111111111112,1.7058823529411764,1.6,1.6923076923076923,1.8181818181818181,1.6,1,1,1,1,1,1,1,1,1,1,1,1,1,1],"reproductiveSuccessOverTime":[0,0,0,0.004903994576781774,0.0000032739164272030652,0.0000032739164272030652,0.0000032739164272030652,0,0,0,0,0,0,0,0.000016276041666666666,0,0,0,0,0,0,0,0,0,0,0.000040690104166666664,0,0,0,0,0,0,0,0,0,0,0,0,0,0,0,0,0,0,0,0.000020345052083333332,0.000020345052083333332,0,0,0.00008140339452155154,0,0,0,0,0,0,0,0,0.0001220703125,0,0,0.000040690104166666664,0,0,0.00004069175991861648,0,0,0,0,0,0]}