{"startTime":"2025-03-24T20:33:55.229Z","infectedMalesAtStart":16,"infectedFemalesAtStart":32,"toxinAntitoxinLength":3,"killRate":0.9783495857942636,"rescueRate":0.21846305747320338,"simulationLength":149,"infectionRatio":[0.0038970528537793296,0.0038970528537793296,0.003775133360689372,0.0020039207144412984,0.0013435935018932454,0.0024820963541666665,0.0012613932291666667,0.0009765625,0.00390625,0.0037434895833333335,0.003662109375,0.0034586588541666665,0.0032958984375,0.0032958984375,0.003173828125,0.003173828125,0.0031331380208333335,0.0031344134169176913,0.0027669270833333335,0.0023600260416666665,0.0018717447916666667,0.0027669270833333335,0.0017905102954341987,0.0017903645833333333,0.005615234375,0.0043947100712105796,0.0040283203125,0.0037434895833333335,0.0032552083333333335,0.0032145182291666665,0.0030924479166666665,0.0030924479166666665,0.0030517578125,0.004924905368553869,0.004801432291666667,0.004353841145833333,0.0023600260416666665,0.00244140625,0.003987792472024415,0.0035400390625,0.006184895833333333,0.005127579050177023,0.003418386033451349,0.0033772786458333335,0.0028076171875,0.0026448567708333335,0.0026041666666666665,0.0026041666666666665,0.0026041666666666665,0.002604378611540653,0.003255738238645613,0.0042724609375,0.003946940104166667,0.003175120084669869,0.011233668443974113,0.014078776041666666,0.0137939453125,0.011962890625,0.010335286458333334,0.010052500915713646,0.009521484375,0.008585611979166666,0.008504231770833334,0.008504231770833334,0.008463541666666666,0.008179376576869863,0.007895807895807896,0.0054931640625,0.004557291666666667,0.0037434895833333335,0.019490559895833332,0.0223388671875,0.018351236979166668,0.013835198372329603,0.01330620549338759,0.013020833333333334,0.012491861979166666,0.012166341145833334,0.01192365604525292,0.011922200520833334,0.011922200520833334,0.011637369791666666,0.011027915683242451,0.0089111328125,0.007039388020833333,0.005777994791666667,0.029581705729166668,0.036376953125,0.029988606770833332,0.0244140625,0.023356119791666668,0.022216796875,0.0211181640625,0.018636067708333332,0.017336100598217555,0.017333984375,0.017333984375,0.0172133148856515,0.016398111979166668,0.012613932291666666,0.011393229166666666,0.00830078125,0.037760416666666664,0.04024578823146415,0.034138997395833336,0.030232747395833332,0.029142415238715455,0.02669488076829169,0.023356119791666668,0.020792643229166668,0.01904296875,0.0181884765625,0.018027183201757956,0.016805013020833332,0.016764322916666668,0.015218098958333334,0.0126953125,0.010050455729166666,0.01812036810815213,0.02128179043743642,0.0205078125,0.021931966145833332,0.02079348931841302,0.018765009972727644,0.015177408854166666,0.011515299479166666,0.010538736979166666,0.009562174479166666,0.009075739693134183,0.008465263929022018,0.006795247395833333,0.0054931640625,0.0029296875,0.0018311291963377416,0.005091857102122286,0.00341796875,0.0023600260416666665,0.0014241536458333333,0.0013428280773143438,0.0010580288109383901,0.0004069010416666667,0.0002848770958814911,0.0002848307291666667,0.0002848307291666667,0.0002848307291666667,0.00028484231943031536,0.00008138020833333333,0.00008138020833333333,0.00008139014365360354],"averageToxinCountInMales":[2.4375,2.4375,2.2666666666666666,2.2666666666666666,2.3,1.6333333333333333,1.3333333333333333,1.4166666666666667,2.6818181818181817,2.761904761904762,2.725,2.717948717948718,2.763157894736842,2.717948717948718,2.72972972972973,2.72972972972973,2.72972972972973,2.72972972972973,2.53125,2.6296296296296298,2.590909090909091,1.7428571428571429,1.25,1.25,1.63013698630137,1.3898305084745763,1.3636363636363635,1.3773584905660377,1.2916666666666667,1.2916666666666667,1.2765957446808511,1.2765957446808511,1.2765957446808511,1.8333333333333333,1.8461538461538463,1.8983050847457628,1.5161290322580645,1.3666666666666667,0.6923076923076923,0.5714285714285714,0.8985507246376812,0.8333333333333334,0.5853658536585366,0.5853658536585366,0.5277777777777778,0.5142857142857142,0.5,0.5,0.5,0.5,1.6444444444444444,1.5087719298245614,1.5576923076923077,1.7435897435897436,0.39869281045751637,0.3333333333333333,0.3388888888888889,0.36363636363636365,0,0,0,0,0,0,0,0,0,0,0,0,0,0,0,0,0,0,0,0,0,0,0,0,0,0,0,0,0.005263157894736842,0.004395604395604396,0.005263157894736842,0.006349206349206349,0.006666666666666667,0.003472222222222222,0.0035971223021582736,0.003952569169960474,0.00423728813559322,0.00423728813559322,0.00423728813559322,0.00425531914893617,0.0044444444444444444,0.005747126436781609,0.006493506493506494,0.01,0,0,0,0,0,0,0,0,0,0,0,0,0,0,0,0,0,0,0,0,0,0,0,0,0,0,0,0,0,0,0,0,0,0,0,0,0,0,0,0,0,0,0,0,0,0,0],"averageAntitoxinCountInFemales":[2.3125,2.3125,2.3548387096774195,2.3548387096774195,2.6956521739130435,2.2903225806451615,2.625,2.3333333333333335,2.8846153846153846,2.88,2.88,2.869565217391304,2.953488372093023,3.1904761904761907,3.1707317073170733,3.1707317073170733,3.15,3.15,3.111111111111111,3,3.3333333333333335,2.4545454545454546,1.9,1.9,1.9076923076923078,1.6122448979591837,1.4545454545454546,1.435897435897436,1.3125,1.3225806451612903,1.1724137931034482,1.1724137931034482,1.1785714285714286,2.5272727272727273,2.6226415094339623,2.7916666666666665,2.4444444444444446,2.066666666666667,1.3478260869565217,1.3555555555555556,1.4096385542168675,1.378787878787879,1.069767441860465,1.0714285714285714,0.9393939393939394,0.8,0.8,0.8,0.8,0.8,1.8,1.375,1.4,1.2820512820512822,0.36585365853658536,0.27607361963190186,0.2830188679245283,0.32142857142857145,0,0,0,0,0,0,0,0,0,0,0,0,0,0,0,0,0,0,0,0,0,0,0,0,0,0,0,0,0,0.002277904328018223,0.0028011204481792717,0.0035087719298245615,0.0036496350364963502,0.003875968992248062,0.004149377593360996,0.004878048780487805,0.005263157894736842,0.005263157894736842,0.005263157894736842,0.005319148936170213,0.0056179775280898875,0.007352941176470588,0.007936507936507936,0.009615384615384616,0.004273504273504274,0.0020161290322580645,0.0023752969121140144,0.0026954177897574125,0.0028169014084507044,0.003048780487804878,0.003355704697986577,0.0036900369003690036,0.003968253968253968,0.0041841004184100415,0.004219409282700422,0.0044444444444444444,0.004424778761061947,0.00510204081632653,0.006097560975609756,0.0072992700729927005,0.008658008658008658,0.007722007722007722,0.008,0.0037735849056603774,0.00398406374501992,0,0,0,0,0,0,0,0,0,0,0,0,0,0,0,0,0,0,0,0,0,0,0,null,null,null],"reproductiveSuccessOverTime":[0,0,0,0.007275103463297757,0.0002442897276169537,0,0,0,0,0,0,0,0.000040690104166666664,0,0,0,0,0,0,0,0.0000018219449626865671,0,0,0,0,0,0,0,0,0,0,0,0.000040690104166666664,0.00004070169726077577,0,0,0,0,0,0,0.000040690104166666664,0,0,0,0,0,0,0,0,0.0000406934158053227,0,0,0,0,0.00004070169726077577,0,0,0,0,0,0,0,0,0,0,0,0,0,0,0,0,0,0,0,0,0.000040690104166666664,0,0.000040690104166666664,0,0,0,0,0,0,0,0,0,0.000040690104166666664,0,0,0,0,0,0,0,0,0,0,0,0,0,0,0,0,0,0,0,0.0000406934158053227,0,0,0,0,0,0,0,0,0,0,0,0,0,0,0.00004069175991861648,0.000040705010786827856,0,0,0,0,0,0,0.000040690104166666664,0,0,0.00004069175991861648,0,0,0,0,0,0,0,0,0.000040690104166666664,0,0,0,0,0,0]}