{"startTime":"2025-03-24T20:33:55.229Z","infectedMalesAtStart":16,"infectedFemalesAtStart":32,"toxinAntitoxinLength":3,"killRate":0.3694216197287058,"rescueRate":0.05942219180203834,"simulationLength":122,"infectionRatio":[0.003979109674210396,0.003979109674210396,0.004015056461731493,0.004893964110929853,0.006962257237083181,0.0062255859375,0.005615234375,0.01025390625,0.010416666666666666,0.010213216145833334,0.0096435546875,0.0086669921875,0.0096435546875,0.009440104166666666,0.009073893229166666,0.008585611979166666,0.008504231770833334,0.008509771986970683,0.009521871820956256,0.007527669270833333,0.006022135416666667,0.004842122395833333,0.0031331380208333335,0.006184895833333333,0.0062255859375,0.003987792472024415,0.0029296875,0.0027669270833333335,0.0024820963541666665,0.0023193359375,0.002197265625,0.002197265625,0.002197265625,0.002197891652081892,0.0021162298551196486,0.0017903645833333333,0.0016682942708333333,0.0016682942708333333,0.0014241536458333333,0.010986328125,0.010579427083333334,0.007364908854166667,0.006917317708333333,0.006876627604166667,0.006876627604166667,0.006592333360462277,0.006306966145833333,0.0062255859375,0.0062255859375,0.006144705786603728,0.005208757223081306,0.004150390625,0.0037027994791666665,0.0034586588541666665,0.0020345052083333335,0.003662109375,0.004923502604166667,0.0032552083333333335,0.0027262369791666665,0.002685546875,0.0026041666666666665,0.00260459059091649,0.0025638938629334203,0.0024820963541666665,0.002482298364124685,0.0024009115325140393,0.0021973550356052898,0.0021158854166666665,0.0017903645833333333,0.0016276041666666667,0.0010579427083333333,0.010050455729166666,0.008504231770833334,0.007161458333333333,0.006998697916666667,0.006591796875,0.0062255859375,0.006103515625,0.005859375,0.005777994791666667,0.005574544270833333,0.005046599649993895,0.0062258392675483215,0.005330403645833333,0.004679361979166667,0.004069010416666667,0.00341796875,0.008911495422177009,0.007975260416666666,0.010416666666666666,0.008585611979166666,0.0081787109375,0.007649739583333333,0.0074872838250254325,0.0072021484375,0.00634765625,0.005655924479166667,0.0057373046875,0.00618565091767387,0.004557291666666667,0.00390625,0.003133265513733469,0.0019938151041666665,0.0050868839783502215,0.004802213902002279,0.004314204314204314,0.004150559511698881,0.00288911495422177,0.002115971515768057,0.0021160576218767803,0.001994139671170438,0.0019124348958333333,0.0015869140625,0.000244140625,0.00024418036789842097,0.000040690104166666664,0.000040690104166666664,0.0000407000407000407,0.000040690104166666664,0.00004069507182680177,0.000040690104166666664,0.0000406934158053227],"averageToxinCountInMales":[2.1875,2.1875,2.1875,3.68,3.25,3.180327868852459,3.2181818181818183,2.8702290076335877,2.8636363636363638,2.828125,2.8306451612903225,2.8347826086956522,3.096,3.0901639344262297,3.091666666666667,3.0869565217391304,3.088495575221239,3.088495575221239,2.959016393442623,2.797872340425532,2.7564102564102564,2.484375,2.3333333333333335,3.090909090909091,3.0123456790123457,3.018181818181818,3.238095238095238,3.289473684210526,3.3055555555555554,3.303030303030303,3.34375,3.34375,3.34375,3.34375,3.3225806451612905,3.28,3.391304347826087,3.391304347826087,3.2222222222222223,3.9571428571428573,4,4,4,4,4,4,4,4,4,4,4,4,4,4,4,4,4.016393442622951,4,4,4,4,4,4,4,4,4,4,4,4,4,4,4,4,4,4,4,4,4,4,4,4,4,4,4,4,4,4,4,4,4,4,4,4,4,4,4,4,4,4,4,4,4,4,4,4,4,4,4,4,4,4,4,4,4,4,null,null,null,null,null,null,null],"averageAntitoxinCountInFemales":[2.5,2.5,2.5,3.540983606557377,2.9611650485436893,2.8260869565217392,2.7951807228915664,2.652892561983471,2.588709677419355,2.569105691056911,2.584070796460177,2.5408163265306123,2.9464285714285716,2.963636363636364,2.970873786407767,2.9895833333333335,2.9895833333333335,2.9895833333333335,2.794642857142857,2.6923076923076925,2.942857142857143,2.6545454545454548,2.5526315789473686,3.2,3.25,3.2790697674418605,3.6666666666666665,3.6666666666666665,3.52,3.5833333333333335,3.727272727272727,3.727272727272727,3.727272727272727,3.727272727272727,3.7142857142857144,3.6842105263157894,3.7777777777777777,3.7777777777777777,3.764705882352941,3.9692307692307693,4,4,4,4,4,4,4,4,4,4,4,4,4,4,4,4.042553191489362,4.016666666666667,4.0476190476190474,4.054054054054054,4.055555555555555,4,4,4,4,4,4,4,4,4,4,4,4,4,4,4,4,4,4,4,4,4,4,4,4,4,4,4,4,4,4,4,4,4,4,4,4,4,4,4,4,4,4,4,4,4,4,4,4,4,4,4,4,4,4,4,4,4,4,4,4,4,4],"reproductiveSuccessOverTime":[0,0,0,0.0071425422159516775,0,0,0,0,0,0,0,0,0,0,0,0,0,0,0.0000027587633843129815,0,0.000001731493794326241,0,0,0.00001964349856321839,0.000020345052083333332,0.00004069175991861648,0,0,0.000040690104166666664,0,0,0,0,0.00016280678904310309,0,0,0,0,0,0,0,0,0,0,0,0,0,0,0,0.0000406934158053227,0,0,0,0,0,0.000013459034455128206,0.0000047870710784313725,0.000027330915845280765,0.00003310628546893668,0.00003310628546893668,0.00007379638963560333,0.00007380840272198386,0.00003311167473891372,0.00005515769675925925,0.000006330086903050198,0.00008771691851369559,0,0,0,0,0,0,0,0,0,0,0,0,0,0,0,0,0,0,0,0,0,0,0,0,0,0,0,0,0,0,0,0.000040690104166666664,0,0,0,0,0,0,0,0.000003938713616132971,0,0,0,0,0,0,0,0,0,0,0,0,0,0,0,0]}