{"startTime":"2025-03-24T20:33:55.228Z","infectedMalesAtStart":16,"infectedFemalesAtStart":32,"toxinAntitoxinLength":3,"killRate":0.8711660358087097,"rescueRate":0.3110429482723832,"simulationLength":70,"infectionRatio":[0.0038719044930225054,0.0038719044930225054,0.0039084765084276525,0.0063903434809621015,0.005208333333333333,0.005818684895833333,0.005126953125,0.004720052083333333,0.004231770833333333,0.004638671875,0.003987630208333333,0.003662109375,0.0035807291666666665,0.005126953125,0.004597981770833333,0.0034993489583333335,0.0032552083333333335,0.003256135780862062,0.0025232998249969476,0.0013427734375,0.001220703125,0.0010579427083333333,0.0010579427083333333,0.0006917599186164802,0.0005696614583333334,0.003377416073245168,0.0033375391753836135,0.0032552083333333335,0.003255473264425816,0.0032552083333333335,0.0032552083333333335,0.003173828125,0.0031331380208333335,0.0030925737538148525,0.0030517578125,0.0030110677083333335,0.0027262369791666665,0.002197265625,0.002197265625,0.0021565755208333335,0.0015055338541666667,0.0020345052083333335,0.0017500305237882056,0.0016276041666666667,0.0014649033570701933,0.00146484375,0.0013834635416666667,0.0010986328125,0.0004475911458333333,0.00044775511865510645,0.0003662109375,0.00020345052083333334,0.00020345052083333334,0.00020345052083333334,0.00016276041666666666,0.00016276041666666666,0.00016276041666666666,0.0001220703125,0.0001220703125,0.00012207527975584945,0.00008138020833333333,0.00008141333550435561,0.00008138020833333333,0.000040690104166666664,0.000040690104166666664,0.000040698384274144313,0.0000406934158053227,0.000040690104166666664,0.000040690104166666664,0.000040690104166666664],"averageToxinCountInMales":[3.3125,3.3125,3.3125,3.289855072463768,3.375,3.1666666666666665,3.1475409836065573,3.107142857142857,3.1666666666666665,3.5660377358490565,3.6666666666666665,3.627906976744186,3.619047619047619,3.1864406779661016,3.314814814814815,3.727272727272727,3.731707317073171,3.731707317073171,3.7333333333333334,4.923076923076923,5,5,5,5,5,5,5,5,5,5,5,5,5,5,5,5,5,5,5,5,5,5,5,5,5,5,5,5,5,5,5,5,5,5,5,5,5,5,5,5,null,null,null,null,null,null,null,null,null,null],"averageAntitoxinCountInFemales":[2.75,2.75,2.75,2.96,2.953125,2.788732394366197,2.769230769230769,2.85,2.857142857142857,3.4262295081967213,3.38,3.404255319148936,3.391304347826087,3.2238805970149254,3.152542372881356,3.619047619047619,3.5641025641025643,3.5641025641025643,3.5,4.05,4.05,4.5,4.5,4.333333333333333,4.2727272727272725,5,5,5,5,5,5,5,5,5,5,5,5,5,5,5,5,5,5,5,5,5,5,5,5,5,5,5,5,5,5,5,5,5,5,5,5,5,5,5,5,5,5,5,5,5],"reproductiveSuccessOverTime":[0,0,0,0.007277891186651283,0,0,0,0,0,0,0,0,0,0,0,0,0.000040690104166666664,0.00004070169726077577,0,0,0,0,0,0,0.000040690104166666664,0,0.00004070169726077577,0,0,0,0,0,0,0,0,0,0,0,0,0,0,0,0.000040698384274144313,0.00008138020833333333,0.00004069175991861648,0,0,0,0,0,0,0,0,0,0,0,0,0,0,0.00004069175991861648,0.00008138020833333333,0.00008141333550435561,0.000040690104166666664,0.000040690104166666664,0.000040690104166666664,0.00016279353709657725,0.0000406934158053227,0,0,0]}