{"startTime":"2025-03-24T20:33:55.228Z","infectedMalesAtStart":16,"infectedFemalesAtStart":32,"toxinAntitoxinLength":3,"killRate":0.3694216197287058,"rescueRate":0.5111496538385711,"simulationLength":70,"infectionRatio":[0.00398439445505105,0.00398439445505105,0.004017072558373086,0.0019696494919199605,0.0013836324421112602,0.001220703125,0.0009765625,0.0008138020833333334,0.004842122395833333,0.004638671875,0.004638671875,0.004435221354166667,0.0062255859375,0.006103515625,0.006429036458333333,0.006144705786603728,0.005859375,0.005861282969716704,0.0057373046875,0.0103759765625,0.009806315104166666,0.006632486979166667,0.0052490234375,0.00439453125,0.005086263020833333,0.004435221354166667,0.0033772786458333335,0.003987630208333333,0.005574544270833333,0.005533854166666667,0.005452473958333333,0.005331054409311032,0.005330837470497274,0.005251801490046004,0.004353841145833333,0.004923502604166667,0.0040283203125,0.0034993489583333335,0.001708984375,0.0011393229166666667,0.0008544921875,0.0007731119791666666,0.0011393229166666667,0.0010579427083333333,0.003987630208333333,0.0029704984740590032,0.0026042726347914546,0.0026041666666666665,0.0025634765625,0.0023193359375,0.0023199967438642193,0.002197265625,0.0016276041666666667,0.0013835761373809717,0.0009358723958333334,0.0008952187182095626,0.0008951822916666666,0.0005696614583333334,0.0005696614583333334,0.0004475911458333333,0.0008138020833333334,0.0006103515625,0.00036622583926754833,0.0003255208333333333,0.0003255473264425816,0.0002848539106372589,0.00028484231943031536,0.0002848307291666667,0.0002848307291666667,0.0002848307291666667],"averageToxinCountInMales":[2.0625,2.0625,2.0625,2.076923076923077,2.4,2.2222222222222223,2.375,3,2.4655172413793105,2.482142857142857,2.482142857142857,2.4339622641509435,1.783132530120482,1.7804878048780488,2,1.9012345679012346,1.8831168831168832,1.8831168831168832,1.881578947368421,2.0863309352517985,2.0601503759398496,2.067415730337079,1.971830985915493,1.95,1.90625,2.0576923076923075,1.9024390243902438,2,2.0793650793650795,2.0806451612903225,2.0327868852459017,2.033333333333333,2.033333333333333,2.033333333333333,1.7307692307692308,0.9836065573770492,0.7692307692307693,0.6086956521739131,1.1304347826086956,0.8,0.9090909090909091,0.6666666666666666,1.3846153846153846,1.3333333333333333,1.84,1.7714285714285714,1.75,1.75,1.75,1.7419354838709677,1.75,1.8,1.826086956521739,1.9,2,2,2,2,2,2,2,2,2,2,2,2,2,2,2,2],"averageAntitoxinCountInFemales":[2.6875,2.6875,2.6875,2.6774193548387095,2.7916666666666665,2.619047619047619,2.5,2.6923076923076925,2.3114754098360657,2.3620689655172415,2.3620689655172415,2.375,1.9142857142857144,1.911764705882353,2.1805555555555554,2.1857142857142855,2.1940298507462686,2.1940298507462686,2.2,2.0086206896551726,2.037037037037037,2.1216216216216215,1.9827586206896552,1.9583333333333333,1.9508196721311475,1.8596491228070176,1.8333333333333333,1.9107142857142858,1.9594594594594594,1.9594594594594594,1.917808219178082,1.9014084507042253,1.9014084507042253,1.9275362318840579,1.7818181818181817,1.0666666666666667,0.851063829787234,0.65,1.1578947368421053,1.0769230769230769,1.2,1.2,1.7333333333333334,1.7142857142857142,1.9166666666666667,1.894736842105263,1.9375,1.9375,1.935483870967742,1.9230769230769231,1.92,2,2,2,2,2,2,2,2,2,2,2,2,2,2,2,2,2,2,2],"reproductiveSuccessOverTime":[0,0,0,0.007296656072339854,0.00012208521548040532,0,0,0,0,0,0,0,0,0,0,0,0.000040690104166666664,0.00004070335395636601,0.00008138020833333333,0,0,0,0,0.000040690104166666664,0,0,0,0,0,0,0.000040690104166666664,0.00004069507182680177,0,0.00004071163945772096,0,0,0,0,0.000040690104166666664,0,0,0,0,0,0,0,0,0,0,0,0.00004070169726077577,0,0,0,0,0,0,0,0,0.000040690104166666664,0.000040690104166666664,0.000040690104166666664,0.00004069175991861648,0,0,0.0000813868316106454,0,0,0,0]}