{"startTime":"2025-03-24T20:33:55.228Z","infectedMalesAtStart":16,"infectedFemalesAtStart":32,"toxinAntitoxinLength":3,"killRate":0.9783495857942636,"rescueRate":0.8459915163146887,"simulationLength":130,"infectionRatio":[0.003912937148447053,0.003912937148447053,0.003951918327021241,0.0032205408743989057,0.007572981556125565,0.006388346354166667,0.007039388020833333,0.008544921875,0.011637369791666666,0.011067708333333334,0.010294596354166666,0.009765625,0.009318033854166666,0.008382161458333334,0.00830078125,0.008056640625,0.0079345703125,0.007939092907743668,0.007818226239921818,0.003946940104166667,0.012288411458333334,0.010050455729166666,0.007242838541666667,0.0068359375,0.005900065104166667,0.005574544270833333,0.004638671875,0.004638671875,0.005086263020833333,0.005045572916666667,0.004964798762869816,0.004842122395833333,0.004801432291666667,0.0047212047212047215,0.004598730262086928,0.0037434895833333335,0.008748372395833334,0.0064697265625,0.005859375,0.0038655598958333335,0.003825025432349949,0.0030924479166666665,0.0027669270833333335,0.0027263479145473043,0.0021565755208333335,0.0021158854166666665,0.002115971515768057,0.0019938151041666665,0.0018717447916666667,0.0018312782322060799,0.001790583160379278,0.0014241536458333333,0.0030924479166666665,0.0023193359375,0.002034587995930824,0.0020345052083333335,0.0019938151041666665,0.0019938151041666665,0.0019938151041666665,0.0019938151041666665,0.0019938151041666665,0.0019938962360122074,0.0019938151041666665,0.0019938962360122074,0.001994058519513287,0.0019939773744608123,0.001994545528554565,0.0015869140625,0.0045166015625,0.0032552083333333335,0.002197265625,0.0021565755208333335,0.0020751953125,0.0020751953125,0.0020751953125,0.0020751953125,0.0020752797558494405,0.0020752797558494405,0.0020751953125,0.0020751953125,0.0020751953125,0.0020756175979813603,0.0020757865602995646,0.0019124348958333333,0.008829752604166666,0.0054931640625,0.0016276041666666667,0.001220703125,0.001220703125,0.001220703125,0.001220802474159681,0.0012211503236048357,0.0012213989088836414,0.0012219959266802445,0.0012207527975584944,0.001220703125,0.0012207527975584944,0.0012208521548040532,0.00122110061869098,0.0009359485635224221,0.005167643229166667,0.005086263020833333,0.0029703776041666665,0.0024007161458333335,0.0024007161458333335,0.0024010092377813046,0.0023197134950349993,0.002320185614849188,0.002320185614849188,0.002320563449090095,0.0023194303153611395,0.0023193359375,0.0021973550356052898,0.0021974444534874258,0.0021158854166666665,0.0016276041666666667,0.003377553511841784,0.0015462239583333333,0.0010986328125,0.0004476275738585497,0.0004475911458333333,0.0004476275738585497,0.00044773689352002605,0.000447955693109627,0.0004479921805001222,0.00044813818952171435,0.000040709982087607885,0.00004070169726077577,0.000040708324852432325,0.0000407000407000407],"averageToxinCountInMales":[2.6875,2.6875,2.6875,2.0416666666666665,1.9642857142857142,2.0135135135135136,2.1184210526315788,2.211764705882353,2.432,2.5555555555555554,2.4727272727272727,2.4952380952380953,2.489795918367347,2.5977011494252875,2.5977011494252875,2.5930232558139537,2.5833333333333335,2.5833333333333335,2.5833333333333335,2.085714285714286,1.7841726618705036,1.936936936936937,2.0641025641025643,2.12,2.1475409836065573,2.175438596491228,2.0625,2.0625,2.3518518518518516,2.3518518518518516,2.3518518518518516,2.358490566037736,2.358490566037736,2.3846153846153846,2.4,2.5405405405405403,1.5047619047619047,1.5666666666666667,1.5783132530120483,1.7454545454545454,1.7592592592592593,1.6304347826086956,1.7073170731707317,1.725,1.4193548387096775,1.4333333333333333,1.4333333333333333,1.4482758620689655,1.4814814814814814,1.4814814814814814,1.4814814814814814,1.5263157894736843,1.25,1.1428571428571428,1.16,1.16,1,1,1,1,1,1,1,1,1,1,1,1,1,1,1,1,1,1,1,1,1,1,1,1,1,1,1,1,1,1,1,1,1,1,1,1,1,1,1,1,1,1,1,1,1,1,1,1,1,1,1,1,1,1,1,1,1,1,1,1,1,1,1,1,1,1,1,1,1,1,null,null,null,null],"averageAntitoxinCountInFemales":[2.78125,2.78125,2.78125,2.163265306122449,2.4411764705882355,2.3012048192771086,2.6288659793814433,2.728,2.6149068322981366,2.632258064516129,2.5104895104895104,2.511111111111111,2.5114503816793894,2.53781512605042,2.5128205128205128,2.455357142857143,2.4414414414414414,2.4414414414414414,2.425925925925926,2.096774193548387,1.7607361963190185,1.8602941176470589,1.98,1.924731182795699,1.9642857142857142,1.95,1.9242424242424243,1.9242424242424243,2.0704225352112675,2.085714285714286,2.088235294117647,2.106060606060606,2.123076923076923,2.125,2.126984126984127,2.109090909090909,1.3,1.2173913043478262,1.2459016393442623,1.225,1.225,1.0333333333333334,1.037037037037037,1.037037037037037,1.0454545454545454,1.0454545454545454,1.0454545454545454,1.05,1.0526315789473684,0.9444444444444444,0.9411764705882353,1,1,1,1,1,1,1,1,1,1,1,1,1,1,1,1,1,1,1,1,1,1,1,1,1,1,1,1,1,1,1,1,1,1,1,1,1,1,1,1,1,1,1,1,1,1,1,1,1,1,1,1,1,1,1,1,1,1,1,1,1,1,1,1,1,1,1,1,1,1,1,1,1,1,1,1,1,1,1],"reproductiveSuccessOverTime":[0,0,0,0.007852825693739797,0.00012214486380847684,0,0,0,0,0,0.000040690104166666664,0,0.000040690104166666664,0.000040690104166666664,0.00008138020833333333,0,0,0,0,0,0,0,0,0.00000652895046152519,0,0,0,0,0,0,0,0,0,0.0000814000814000814,0.00008139345596614032,0,0.0000047344017235438785,4.5211226851851854e-7,4.5211226851851854e-7,0,8.4774499830451e-7,8.477105034722222e-7,0.000040690104166666664,0,0,0,0,0.000040690104166666664,0,0,0.00012208521548040532,0,0,9.68812003968254e-7,0,0,0,0,0.00008138020833333333,0,0,0.00004069175991861648,0,0,0,0,0.00008141002157365571,0.000040690104166666664,0,0,0,0,0,0.000040690104166666664,0,0,0,0.00004069175991861648,0,0.000040690104166666664,0.00008138020833333333,0.000040698384274144313,0,0,0,0,0,0,0,0,0.0000813868316106454,0,0,0.000040733197556008144,0,0,0,0.00004069507182680177,0,0,0,0,0,0,0,0,0,0.000040705010786827856,0.00008141002157365571,0.00004071163945772096,0,0,0.00004069175991861648,0,0,0,0,0.0000068158773926237165,0,0,0,0,0,0,0,0,0,0,0.00008141664970486465,0]}