{"startTime":"2025-03-24T20:33:55.228Z","infectedMalesAtStart":16,"infectedFemalesAtStart":32,"toxinAntitoxinLength":3,"killRate":0.013055076489070672,"rescueRate":0.4408720361461895,"simulationLength":123,"infectionRatio":[0.004072283023670145,0.004072283023670145,0.004029837949069708,0.005333459196677208,0.0037506624811447674,0.006144205729166667,0.006429036458333333,0.006062825520833333,0.006673177083333333,0.005411783854166667,0.004720052083333333,0.006429036458333333,0.006144205729166667,0.0067138671875,0.0064697265625,0.00537109375,0.006144205729166667,0.006106994544418207,0.005533854166666667,0.008463541666666666,0.007080078125,0.007039388020833333,0.0074462890625,0.005777994791666667,0.0050048828125,0.004353841145833333,0.0040286481647269475,0.006144205729166667,0.005696614583333333,0.005452473958333333,0.005330403645833333,0.005086263020833333,0.005087919244545751,0.005086676975665338,0.0042724609375,0.0081787109375,0.00732421875,0.0081787109375,0.007364908854166667,0.00732421875,0.005818684895833333,0.003947421967199772,0.0032958984375,0.007609049479166667,0.007365208545269583,0.00732421875,0.006673177083333333,0.006591796875,0.006592333360462277,0.006512801725892458,0.005818921668362157,0.0042724609375,0.0031331380208333335,0.0030517578125,0.0030517578125,0.002197265625,0.0019124348958333333,0.0017903645833333333,0.0013427734375,0.0068359375,0.006754557291666667,0.0059814453125,0.0059814453125,0.005452473958333333,0.0054526958290946085,0.005455359687334609,0.005086263020833333,0.003946940104166667,0.0037841796875,0.0035807291666666665,0.0028076171875,0.002279016767051929,0.0017496744791666667,0.0016276041666666667,0.0010173353951330674,0.0045166015625,0.00557499796532921,0.005533854166666667,0.007893880208333334,0.007405598958333333,0.006754557291666667,0.006676437062367693,0.006510416666666667,0.005126953125,0.0042724609375,0.0030924479166666665,0.0030925737538148525,0.0024417043096081063,0.0018310546875,0.001708984375,0.0016687695876918067,0.0023600260416666665,0.0019951952441060305,0.0013427734375,0.0022786458333333335,0.004720052083333333,0.00439453125,0.004232459710239297,0.005330403645833333,0.004557291666666667,0.004313151041666667,0.004231770833333333,0.0037841796875,0.0032552083333333335,0.0028483072916666665,0.0027669270833333335,0.002767940733504294,0.0020764626847441063,0.002035084863038789,0.0015462868769074262,0.0037434895833333335,0.0034586588541666665,0.00341796875,0.003256135780862062,0.00439453125,0.004353841145833333,0.003173828125,0.0026041666666666665,0.001261444557477111,0.0004475911458333333,0.0001220703125,0.0000406934158053227,0.00004071163945772096],"averageToxinCountInMales":[2.8125,2.8125,2.8666666666666667,2.4347826086956523,2.3846153846153846,3.9558823529411766,3.7746478873239435,3.8260869565217392,3.4794520547945207,3.810344827586207,4.018867924528302,3.0779220779220777,3.1095890410958904,2.721518987341772,2.723684210526316,2.2615384615384615,2.4285714285714284,2.4342105263157894,2.4242424242424243,2.456896551724138,2.4526315789473685,2.917525773195876,3.198019801980198,3.0714285714285716,3.081081081081081,2.9523809523809526,2.982456140350877,2.193548387096774,2.2528735632183907,2.25,2.2222222222222223,2.1973684210526314,2.1973684210526314,2.1973684210526314,2.0655737704918034,2.4864864864864864,2.4693877551020407,2.1636363636363636,2.09,2.09,1.927710843373494,1.9811320754716981,2.2142857142857144,1.5555555555555556,1.5517241379310345,1.558139534883721,1.48,1.4383561643835616,1.4383561643835616,1.4383561643835616,1.3076923076923077,1.0784313725490196,1.3902439024390243,1.4,1.4,1.16,1.2,1.2222222222222223,1.3076923076923077,1.0454545454545454,1.0454545454545454,1.05,1.05,1.0555555555555556,1.0555555555555556,1.0555555555555556,1.0579710144927537,1,1,1,1,1,1,1,1,1,1,1,1,1,1,1,1,1,1,1,1,1,1,1,1,1,1,1,1,1,1,1,1,1,1,1,1,1,1,1,1,1,1,1,1,1,1,1,1,1,1,1,1,1,1,1,1],"averageAntitoxinCountInFemales":[2.375,2.375,2.375,2.388059701492537,2.3207547169811322,3.710843373493976,3.574712643678161,3.8,3.3956043956043955,3.64,3.9523809523809526,3.1604938271604937,3.051282051282051,2.4651162790697674,2.4819277108433737,1.835820895522388,1.864864864864865,1.864864864864865,1.8285714285714285,2,2.050632911392405,2.6447368421052633,3.3048780487804876,2.810344827586207,2.7142857142857144,2.6818181818181817,2.5952380952380953,2.0517241379310347,2.1132075471698113,2.18,2.18,2.204081632653061,2.204081632653061,2.204081632653061,2.1136363636363638,2.588888888888889,2.6463414634146343,2.4065934065934065,2.345679012345679,2.3375,2.15,2.159090909090909,2.2564102564102564,1.5051546391752577,1.5106382978723405,1.5106382978723405,1.4831460674157304,1.4831460674157304,1.4831460674157304,1.4482758620689655,1.3205128205128205,1.1111111111111112,1.3888888888888888,1.4,1.4,1.2758620689655173,1.2962962962962963,1.3076923076923077,1.4,1.1,1.0512820512820513,1.0597014925373134,1.0597014925373134,1.064516129032258,1.064516129032258,1.064516129032258,1.0714285714285714,1,1,1,1,1,1,1,1,1,1,1,1,1,1,1,1,1,1,1,1,1,1,1,1,1,1,1,1,1,1,1,1,1,1,1,1,1,1,1,1,1,1,1,1,1,1,1,1,1,1,1,1,1,1,null,null],"reproductiveSuccessOverTime":[0,0,0,0.008684570727332799,0.00040768070447225733,0,0,0,0,0,0,0.000040690104166666664,0,0.000040690104166666664,0,0,0,0,0,0,0,0,0,0,0,0,0.0000406934158053227,0,0,0,0,0,0,0.0000406934158053227,0,0,0,0,0,0,0,0.00004069507182680177,0,0,0.00004069175991861648,0,0,0,0.0000406934158053227,0.00012211503236048357,0,0,0,0,0,0,0,0,0.000040690104166666664,0,0.000040690104166666664,0,0,0,0,0,0,0,0,0,0,0,0,0.00008138020833333333,0.0001627736632212908,0.0001220703125,0.0000813868316106454,0,0,0,0,0,0,0,0,0,0,0.00004069507182680177,0,0.000040690104166666664,0.00004070169726077577,0.000040690104166666664,0.0001221548108636345,0,0.000040690104166666664,0.000040690104166666664,0.000040690104166666664,0,0,0,0,0,0,0,0,0,0,0,0.00008140339452155154,0,0,0,0,0,0,0,0,0,0,0,0,0,0]}