{"startTime":"2025-03-24T20:33:55.228Z","infectedMalesAtStart":16,"infectedFemalesAtStart":32,"toxinAntitoxinLength":3,"killRate":0.5852442116142499,"rescueRate":0.5558352754804061,"simulationLength":71,"infectionRatio":[0.0041753653444676405,0.0041753653444676405,0.004219780219780219,0.002702459237906495,0.0015904734717181192,0.0015055338541666667,0.0019124348958333333,0.004231770833333333,0.004109700520833333,0.003987630208333333,0.005045572916666667,0.004964192708333333,0.004801432291666667,0.004231770833333333,0.0037434895833333335,0.0034993489583333335,0.00341796875,0.003418803418803419,0.0033772786458333335,0.0030110677083333335,0.0018717447916666667,0.0017496744791666667,0.0026041666666666665,0.00439453125,0.004191080729166667,0.003987630208333333,0.006591796875,0.007731119791666667,0.007731119791666667,0.007649739583333333,0.006632486979166667,0.0052490234375,0.004964192708333333,0.004925707307144311,0.0046795523906408955,0.0035400390625,0.0030517578125,0.0028076171875,0.0018310546875,0.0024007161458333335,0.0020751953125,0.0018310546875,0.0047607421875,0.004231770833333333,0.004231770833333333,0.004028484231943031,0.003946940104166667,0.003825025432349949,0.0035400390625,0.003499633759257752,0.0025635808748728384,0.0018717447916666667,0.0006510416666666666,0.0004069010416666667,0.0003255208333333333,0.0005289713541666666,0.0021158854166666665,0.0020753642060714578,0.0020751953125,0.0020751953125,0.0006103515625,0.00048828125,0.00048828125,0.00048828125,0.00048828125,0.00036622583926754833,0.0003662109375,0.0003662109375,0.0003662109375,0.00008138351983723296,0.000040690104166666664],"averageToxinCountInMales":[2.4375,2.4375,2.4375,2.608695652173913,2.6,3.066666666666667,3.25,3.25531914893617,3.282608695652174,3.340909090909091,2.8833333333333333,2.8833333333333333,2.8620689655172415,3.163265306122449,3.372093023255814,3.4146341463414633,3.358974358974359,3.358974358974359,3.3684210526315788,3.342857142857143,3.391304347826087,3.409090909090909,5,3.5454545454545454,3.5294117647058822,3.5106382978723403,2.4805194805194803,2.5376344086021505,2.5376344086021505,2.4615384615384617,2.6,2.492063492063492,2.4166666666666665,2.4166666666666665,2.4285714285714284,1.55,1.5161290322580645,1.5517241379310345,1.3888888888888888,1.09375,1,1,1,1,1,1,1,1,1,1,1,1,1,1,1,1,1,1,1,1,1,1,1,1,1,1,1,1,1,1,1],"averageAntitoxinCountInFemales":[2.5625,2.5625,2.5625,2.6216216216216215,2.8333333333333335,3.5,4.074074074074074,3.6842105263157894,3.709090909090909,3.7222222222222223,3.296875,3.2096774193548385,3.183333333333333,3.3636363636363638,3.3469387755102042,3.2222222222222223,3.2222222222222223,3.2222222222222223,3.2222222222222223,3.1538461538461537,3.0434782608695654,2.9047619047619047,4.387096774193548,3.3962264150943398,3.4423076923076925,3.392156862745098,2.4235294117647057,2.4742268041237114,2.4742268041237114,2.4742268041237114,2.7228915662650603,2.5606060606060606,2.403225806451613,2.4262295081967213,2.389830508474576,2,2.022727272727273,1.95,2.3703703703703702,1.5185185185185186,1.2608695652173914,1,1.0163934426229508,1,1,1,1,1,1,1,1,1,1,1,1,1,1,1,1,1,1,1,1,1,1,1,1,1,1,null,null],"reproductiveSuccessOverTime":[0,0,0,0.007566885866138186,0.0003670323396272583,0,0,0,0.000040690104166666664,0,0,0,0,0,0,0,0,0,0,0,0,0,0,0,0.00008138020833333333,0,0,0,0,0,0,0,0.000040690104166666664,0,0,0,0,0,0,0,0,0,0,0,0,0,0,0.00004069175991861648,0,0,0.00004069175991861648,0,0,0,0,0,0,0.0000406934158053227,0.0001220703125,0,0,0.00008138020833333333,0,0,0,0.00004069175991861648,0,0,0,0,0]}