{"startTime":"2025-03-24T20:33:55.229Z","infectedMalesAtStart":16,"infectedFemalesAtStart":32,"toxinAntitoxinLength":3,"killRate":0.013055076489070672,"rescueRate":0.8460005940063737,"simulationLength":87,"infectionRatio":[0.0037968675842429997,0.0037968675842429997,0.003835091083413231,0.001958139332492059,0.002197265625,0.0010579427083333333,0.00390625,0.0050048828125,0.005330403645833333,0.005126953125,0.004964192708333333,0.004964192708333333,0.00634765625,0.006266276041666667,0.006510416666666667,0.006103515625,0.005900065104166667,0.005904149191742335,0.005452473958333333,0.004069010416666667,0.0037841796875,0.0022379557291666665,0.0018717447916666667,0.0016682942708333333,0.0023193359375,0.0015055951169888097,0.0015055338541666667,0.0014241536458333333,0.0052490234375,0.004720052083333333,0.004597981770833333,0.0045166015625,0.004476275738585497,0.0044780980296368665,0.0041507284121429155,0.0035807291666666665,0.0034586588541666665,0.002685546875,0.0026448567708333335,0.0023600260416666665,0.0022786458333333335,0.002034670790266135,0.0019125127161749745,0.001220703125,0.008708036622583926,0.009114583333333334,0.009073893229166666,0.008870442708333334,0.008870803662258392,0.00883406611301091,0.0086669921875,0.008585611979166666,0.007405598958333333,0.0067138671875,0.005615462868769074,0.004720052083333333,0.004150390625,0.0034993489583333335,0.0026448567708333335,0.0019532839586554897,0.007324516785350966,0.00830078125,0.007649739583333333,0.007486979166666667,0.007487588508179377,0.007448713774014979,0.006754557291666667,0.0057373046875,0.005208333333333333,0.004801432291666667,0.003662109375,0.0027669270833333335,0.0019938151041666665,0.0018717447916666667,0.0013428280773143438,0.0009358723958333334,0.0005696614583333334,0.00016276041666666666,0.00016276041666666666,0.00016276041666666666,0.00016276041666666666,0.0001627736632212908,0.00016276041666666666,0.00016276041666666666,0.00016276041666666666,0.00016276041666666666,0.00016276041666666666],"averageToxinCountInMales":[1.9375,1.9375,1.9375,1.8666666666666667,3.125,1.6666666666666667,3.6875,3.6440677966101696,3.4923076923076923,3.492063492063492,3.4918032786885247,3.4918032786885247,3.0246913580246915,3.0246913580246915,2.9285714285714284,2.8461538461538463,2.8181818181818183,2.8181818181818183,2.8333333333333335,3.381818181818182,3.4423076923076925,3.4642857142857144,2.9565217391304346,2.9,3.3703703703703702,3.85,3.85,3.9473684210526314,1.5675675675675675,1.3432835820895523,1.353846153846154,1.3174603174603174,1.3225806451612903,1.3225806451612903,1.0357142857142858,0.6470588235294118,0.5714285714285714,0.5675675675675675,0.4722222222222222,0.4375,0.36666666666666664,0.36,0.375,0.3,0.010309278350515464,0.019801980198019802,0.019801980198019802,0.02040816326530612,0.02040816326530612,0.020618556701030927,0.020833333333333332,0.02127659574468085,0.024691358024691357,0.025,0.015384615384615385,0.017857142857142856,0.020833333333333332,0.023809523809523808,0.03125,0.047619047619047616,0.010638297872340425,0.008849557522123894,0.00980392156862745,0.010101010101010102,0.010101010101010102,0,0,0,0,0,0,0,0,0,0,0,0,0,0,0,0,0,0,0,0,0,0],"averageAntitoxinCountInFemales":[2.96875,2.96875,2.96875,2.966666666666667,3.1333333333333333,2.8823529411764706,3.7083333333333335,3.546875,3.4545454545454546,3.4761904761904763,3.4754098360655736,3.4754098360655736,2.88,2.8219178082191783,2.75,2.7083333333333335,2.6911764705882355,2.6911764705882355,2.661290322580645,2.6444444444444444,2.707317073170732,1.962962962962963,1.7826086956521738,1.7619047619047619,2.7333333333333334,2.3529411764705883,2.3529411764705883,2.375,1.3454545454545455,1.163265306122449,1.1666666666666667,1.1666666666666667,1.1666666666666667,1.1666666666666667,1.173913043478261,0.3783783783783784,0.3611111111111111,0.3793103448275862,0.3793103448275862,0.4230769230769231,0.4230769230769231,0.16,0.17391304347826086,0.2,0.03418803418803419,0.032520325203252036,0.03278688524590164,0.03333333333333333,0.03333333333333333,0.03333333333333333,0,0,0,0,0,0,0,0,0,0,0,0,0,0,0,0,0,0,0,0,0,0,0,0,0,0,0,0,0,0,0,0,0,0,0,0,0],"reproductiveSuccessOverTime":[0,0,0,0.005656846960532614,0,0,0,0,0,0,0,0.000040690104166666664,0,0,0,0,0,0,0,0,0,0,0,0,0,0,0,0,0,0.00016276041666666666,0,0,0,0.000040709982087607885,0,0,0,0,0,0.00008138020833333333,0,0,0,0,0,0,0,0,0.00012207527975584945,0.00012212994626282364,0,0,0,0,0,0,0,0.000040690104166666664,0,0.0000406934158053227,0.00004069175991861648,0,0,0,0.0000813868316106454,0.00004070335395636601,0,0,0,0,0,0,0,0,0,0,0,0,0,0,0,0,0,0,0,0,0]}