{"startTime":"2025-03-24T20:43:41.882Z","infectedMalesAtStart":1024,"infectedFemalesAtStart":1024,"toxinAntitoxinLength":3,"killRate":0.9910283024073979,"rescueRate":0.526280618620328,"simulationLength":261,"infectionRatio":[0.08333333333333333,0.08333333333333333,0.08313802886394474,0.0797119140625,0.08125813802083333,0.0804443359375,0.08304850260416667,0.08500162760416667,0.07572428385416667,0.07417805989583333,0.074951171875,0.06982421875,0.07393391927083333,0.07234700520833333,0.07393391927083333,0.07438151041666667,0.07454427083333333,0.07447371635652918,0.07097220526594229,0.06298828125,0.06840006510416667,0.06417090539165819,0.06966145833333333,0.06856282552083333,0.062093098958333336,0.0604248046875,0.052734375,0.048909505208333336,0.04923702950152594,0.048990885416666664,0.04793489318413021,0.045735677083333336,0.04455747711088504,0.046960201839342394,0.04449057679000285,0.038411458333333336,0.053059895833333336,0.049275716145833336,0.0509033203125,0.0462646484375,0.036336263020833336,0.031412760416666664,0.028280773143438454,0.025431315104166668,0.026611328125,0.02587890625,0.025270611215105397,0.024088541666666668,0.021893948642819353,0.02055184763145043,0.022908528645833332,0.019449869791666668,0.053914388020833336,0.057576497395833336,0.054402669270833336,0.05057985757884029,0.04813835198372329,0.044881184895833336,0.044148763020833336,0.0423583984375,0.04439651664360707,0.045817057291666664,0.0441912512716175,0.040201822916666664,0.037434895833333336,0.035847981770833336,0.03435642758283807,0.029215494791666668,0.060017903645833336,0.060709635416666664,0.055867513020833336,0.0523681640625,0.044108072916666664,0.040242513020833336,0.038818359375,0.037638346354166664,0.037434895833333336,0.037383938752239776,0.035689577992105155,0.030520061853992024,0.0279541015625,0.02624618514750763,0.02243028699369021,0.01513671875,0.05985757884028484,0.06522623697916667,0.059855143229166664,0.055833638546372036,0.052571614583333336,0.0498046875,0.046427408854166664,0.0450439453125,0.044775511865510646,0.044790097316665986,0.042862376358529734,0.03992024090502157,0.034993489583333336,0.032674153645833336,0.03134413416917691,0.021199544270833332,0.057820638020833336,0.06290690104166667,0.053670247395833336,0.048343777976723366,0.043375651041666664,0.039957682291666664,0.038818359375,0.038126627604166664,0.03780572172709885,0.03780572172709885,0.036051432291666664,0.033406575520833336,0.029052734375,0.024133159693960606,0.022589441979730555,0.016194661458333332,0.041748046875,0.04866932530316595,0.04793489318413021,0.043009440104166664,0.03662258392675483,0.034138997395833336,0.032674153645833336,0.032063802083333336,0.03190233977619532,0.031743447826794724,0.030192057291666668,0.025960286458333332,0.020914713541666668,0.018229166666666668,0.01721751872354282,0.014241536458333334,0.044392903645833336,0.041015625,0.04427263479145473,0.040201822916666664,0.034997761771049525,0.031412760416666664,0.0281982421875,0.027058919270833332,0.026897253306205494,0.026407877604166668,0.023398714088060553,0.01953204476093591,0.016560872395833332,0.0140380859375,0.01216931216931217,0.0103759765625,0.0341796875,0.028116861979166668,0.03389623601220753,0.0308837890625,0.027141403865717194,0.0250244140625,0.024129231770833332,0.023478190104166668,0.02349252880583038,0.02336943245664034,0.022387755932755323,0.02026862026862027,0.01770235624465877,0.0152587890625,0.013023482967726182,0.009741583109154642,0.036417643229166664,0.028728382502543236,0.030965169270833332,0.028323769991454036,0.025068164245309894,0.023888007162332643,0.022623697916666668,0.022135416666666668,0.022019618218079694,0.022019618218079694,0.019327799479166668,0.016560872395833332,0.0146484375,0.0137939453125,0.012620608231893498,0.009768407342586187,0.0386962890625,0.02946083418107833,0.028203980301982012,0.024336643333875956,0.021201269634573125,0.02063408082699117,0.020467122395833332,0.020388230985227688,0.02014242115971516,0.019734700520833332,0.017049153645833332,0.015543619791666666,0.0147705078125,0.012909268610522887,0.012378858213209545,0.00898179145913285,0.029337565104166668,0.026096160892399137,0.01946967536963871,0.016008146639511202,0.013403405850240364,0.0134143358068988,0.013331159036242815,0.01333768405596117,0.013349118223383409,0.012929276449955136,0.011897970825523593,0.011567756914178648,0.011524678286365858,0.01114999593065842,0.01102971102971103,0.008660673972827649,0.02490234375,0.016938800439757318,0.01474061405651926,0.012744299674267101,0.01188779872165452,0.011848534201954397,0.011854326218021835,0.01186254127430598,0.011827079934747145,0.011700436218353785,0.011696144755073763,0.011611326135669179,0.011612745497514464,0.01079253889386658,0.01063656369712283,0.00964843264731459,0.0224609375,0.010423452768729642,0.008267828778560665,0.007858626165560488,0.0070838252656434475,0.007085556053263835,0.007091909517016507,0.007097116286658237,0.007101171285148757,0.007105811246784008,0.007101461105215901,0.0064086864233815,0.006200032631750694,0.00591257543630729,0.005671617431042925,0.004625041295011563,0.006876627604166667,0.0015055951169888097,0.001302295295458245,0.0011804933648131564,0.001832098363325462,0.0018341145302628898,0.001835386246839057,0.0018370346178967995,0.00183838548901054,0.0018386108273748722,0.0018389113644722325,0.0018377098052027607,0.001836359926545603,0.0018353113911660345,0.0011845437464259455,0.001034596921039563,0.0004069010416666667],