{"startTime":"2025-03-24T20:43:41.881Z","infectedMalesAtStart":1024,"infectedFemalesAtStart":1024,"toxinAntitoxinLength":3,"killRate":0.37316104457707866,"rescueRate":0.512501964649485,"simulationLength":121,"infectionRatio":[0.08333333333333333,0.08333333333333333,0.08339838133190912,0.0718994140625,0.07515462239583333,0.07450358072916667,0.076171875,0.07332356770833333,0.078369140625,0.07902018229166667,0.07950846354166667,0.083251953125,0.08683268229166667,0.09541829427083333,0.0980224609375,0.10062662760416667,0.09989420572916667,0.09980868644930191,0.09905583591079277,0.0797119140625,0.07039388020833333,0.07979329427083333,0.09684244791666667,0.0882568359375,0.08382161458333333,0.08150227864583333,0.08109537760416667,0.08121744791666667,0.08439127604166667,0.08830830586415984,0.10413445104582078,0.10758463541666667,0.10481770833333333,0.1041259765625,0.105224609375,0.0810546875,0.06644694010416667,0.07731119791666667,0.10888671875,0.10062662760416667,0.0855712890625,0.08247884114583333,0.0740966796875,0.07568667344862666,0.07430013020833333,0.06815592447916667,0.07637532552083333,0.07756165052494507,0.0771484375,0.07844494199063709,0.07051595052083333,0.0609130859375,0.0489501953125,0.041585286458333336,0.0730824008138352,0.063232421875,0.0650634765625,0.060709635416666664,0.0579833984375,0.054402669270833336,0.050455729166666664,0.049479166666666664,0.057698567708333336,0.055257161458333336,0.054443359375,0.05363173957273652,0.04801823065028078,0.038899739583333336,0.030069986979166668,0.02685546875,0.041592055998697704,0.0447998046875,0.052490234375,0.05156065600455785,0.05029296875,0.046549479166666664,0.044759114583333336,0.041871820956256356,0.044596354166666664,0.042204224492287654,0.043296032553407936,0.044230143229166664,0.036749145368712356,0.030680338541666668,0.023274739583333332,0.015096028645833334,0.02360698441124995,0.033162434895833336,0.033935546875,0.038330078125,0.034383138020833336,0.032796223958333336,0.032633463541666664,0.0313720703125,0.031340306890797344,0.030973991615450364,0.029219061571643674,0.027913411458333332,0.024658203125,0.018189216683621567,0.012532552083333334,0.010091145833333334,0.009240037448609923,0.01416015625,0.011555989583333334,0.011555989583333334,0.010946528851631806,0.009969481180061038,0.010499755819632101,0.010458207861967933,0.010461613612309696,0.01046715269009897,0.01013719822497252,0.009731270358306189,0.007773391396361564,0.006069246435845214,0.0035400390625,0.0030924479166666665,0.0016276041666666667,0.00020345052083333334,0.00020345052083333334],"averageToxinCountInMales":[2.4931640625,2.4931640625,2.502477700693756,2.503928170594837,2.214814814814815,2.2738990332975297,2.3254564983888293,2.2031425364758697,2.184126984126984,2.290832455216017,2.3625668449197863,2.36652977412731,2.364179104477612,2.267080745341615,2.3663793103448274,2.362126245847176,2.36744966442953,2.3672268907563025,2.3536379018612523,2.4071353620146905,2.347517730496454,2.554630593132154,2.4667235494880546,2.3817153628652217,2.3317214700193425,2.380281690140845,2.480040941658137,2.3615071283095723,2.378802747791953,2.2029657089898054,2.09773260359656,2.0610687022900764,2.019592476489028,2.0141955835962144,1.9882720875684128,1.8677685950413223,1.85479797979798,2.050273224043716,1.8034638554216869,1.6918032786885246,1.7204198473282444,1.790513833992095,1.7651598676957,1.7997823721436343,1.8333333333333333,1.8557575757575757,1.713355048859935,1.6136363636363635,1.6004366812227073,1.6516129032258065,1.6895734597156398,1.768392370572207,1.7271186440677966,1.7030927835051546,1.6280623608017817,1.526867627785059,1.8624678663239074,1.8356353591160222,1.757532281205165,1.7910906298003073,1.842016806722689,1.8453608247422681,1.893491124260355,1.8664596273291925,1.859621451104101,1.820097244732577,1.89087656529517,1.909706546275395,1.9205882352941177,1.6423611111111112,1.6761133603238867,1.6623376623376624,1.9209726443768997,1.989296636085627,2.03343949044586,2.0996563573883162,2.1238938053097347,2.134980988593156,2.1254355400696863,2.143646408839779,2.1238938053097347,2.0747028862478776,1.9979296066252588,2.115,2.1912225705329154,2.1105527638190953,2.15359477124183,2.189497716894977,2.172645739910314,2.194,2.212860310421286,2.2552693208430914,2.2365339578454333,2.207317073170732,2.2102689486552567,2.207920792079208,2.1962864721485413,2.1721311475409837,2.1625,2.122950819672131,2.21301775147929,2.258992805755396,1.8518518518518519,1.6206896551724137,1.9251700680272108,2.1944444444444446,2.2,2.161290322580645,1.984375,1.984375,1.984375,1.984375,1.96,1.9166666666666667,1.7578947368421052,1.868421052631579,1.7826086956521738,1.8717948717948718,2.263157894736842,1,1],"averageAntitoxinCountInFemales":[2.48828125,2.48828125,2.4906953966699312,2.5239726027397262,2.251662971175166,2.3655555555555554,2.46971307120085,2.29198682766191,2.279306829765545,2.414904330312185,2.4857703631010795,2.441231343283582,2.4588131089459697,2.361247947454844,2.410728582866293,2.3916469661150512,2.367379255740301,2.366877971473851,2.3634185303514377,2.3856858846918487,2.332579185520362,2.486,2.410596026490066,2.322202166064982,2.309941520467836,2.356788899900892,2.456692913385827,2.3796844181459567,2.4113744075829384,2.277726856095325,2.115625,2.0697151424287856,2.023076923076923,2.017815646785438,1.9678653404743687,1.85546875,1.8382877526753865,1.932994923857868,1.8004451038575668,1.6608140462889067,1.7004739336492891,1.7901477832512316,1.7592997811816193,1.800212539851222,1.826086956521739,1.8082352941176472,1.6997907949790796,1.6008146639511203,1.6010204081632653,1.6208625877632898,1.688413948256468,1.7470511140235911,1.7063621533442088,1.7169459962756053,1.6815144766146994,1.5714285714285714,1.9330085261875762,1.875,1.8392857142857142,1.8717201166180757,1.9023255813953488,1.8974763406940063,1.9447439353099731,1.9313725490196079,1.921875,1.8701854493580599,1.9694041867954912,1.9434697855750487,1.9248120300751879,1.7446236559139785,1.7234848484848484,1.699288256227758,1.9050632911392404,1.9836867862969005,1.9950657894736843,2.0587188612099645,2.0990654205607475,2.091451292246521,2.0900383141762453,2.1093117408906883,2.0761523046092183,2.0220883534136544,1.9690476190476192,2.0112994350282487,2.150197628458498,2.1511627906976742,2.295620437956204,2.3050397877984086,2.3221649484536084,2.316742081447964,2.3248730964467006,2.366754617414248,2.3573333333333335,2.337950138504155,2.337950138504155,2.3361344537815127,2.3167155425219943,2.29375,2.2797202797202796,2.2216748768472905,2.302158273381295,2.3486238532110093,1.8403361344537814,1.7126436781609196,1.948905109489051,2.107142857142857,2.1194029850746268,2.041322314049587,1.9076923076923078,1.8992248062015504,1.8992248062015504,1.8992248062015504,1.8548387096774193,1.8067226890756303,1.6875,1.821917808219178,1.8780487804878048,1.8108108108108107,2.142857142857143,2.3333333333333335,2.3333333333333335],