{"startTime":"2025-03-24T20:33:55.229Z","infectedMalesAtStart":16,"infectedFemalesAtStart":32,"toxinAntitoxinLength":3,"killRate":0.3694216197287058,"rescueRate":0.5558352754804061,"simulationLength":101,"infectionRatio":[0.004052342760658505,0.004052342760658505,0.004092420496205985,0.006643148394190682,0.005220015496921007,0.004679361979166667,0.0033772786458333335,0.004435221354166667,0.006103515625,0.006022135416666667,0.005615234375,0.005045572916666667,0.0048828125,0.005900065104166667,0.005818684895833333,0.005818684895833333,0.0054931640625,0.005495400146544004,0.005126953125,0.0103759765625,0.009765625,0.008382502543234995,0.007568359375,0.00659206510681587,0.006184895833333333,0.006103515625,0.005615234375,0.005534079348931842,0.005330403645833333,0.005167643229166667,0.005167643229166667,0.005167643229166667,0.005167643229166667,0.005169746804526582,0.004557291666666667,0.015177408854166666,0.015706380208333332,0.014078776041666666,0.012859119394481974,0.01220703125,0.011881510416666666,0.011067708333333334,0.010498046875,0.010457782299084435,0.010091145833333334,0.010091556459816887,0.009928385416666666,0.009724934895833334,0.009602864583333334,0.009521484375,0.008626302083333334,0.017618815104166668,0.020670572916666668,0.019083658854166668,0.01697191697191697,0.015421549479166666,0.013142903645833334,0.0130615234375,0.013020833333333334,0.012980143229166666,0.012984369912080755,0.012288411458333334,0.011515299479166666,0.011515299479166666,0.011515299479166666,0.011515299479166666,0.009562563580874872,0.020100911458333332,0.014404296875,0.012451171875,0.013142903645833334,0.009602864583333334,0.0091552734375,0.008992878942014242,0.008829752604166666,0.008829752604166666,0.008796220882879948,0.008260091145833334,0.00797558494404883,0.007975909497843249,0.007976234078053148,0.007934893184130213,0.007161458333333333,0.010904947916666666,0.008748372395833334,0.005777994791666667,0.0034994913530010173,0.0034993489583333335,0.0034994913530010173,0.0034993489583333335,0.0034994913530010173,0.0034993489583333335,0.003501486095843003,0.0034994913530010173,0.0034993489583333335,0.0034993489583333335,0.0035003459644267166,0.003499918606544034,0.0026857654431512983,0.0010172526041666667,0.0003662109375],"averageToxinCountInMales":[2.5,2.5,2.5,2,1.9230769230769231,1.9782608695652173,1.8,2.56,3.27027027027027,3.2916666666666665,3.4153846153846152,3.2711864406779663,3.3035714285714284,3.0434782608695654,3.0294117647058822,3.0294117647058822,3.1904761904761907,3.1904761904761907,3.375,1.373015873015873,1.7073170731707317,1.683168316831683,1.7640449438202248,1.8313253012048192,1.9102564102564104,1.922077922077922,1.8732394366197183,1.8985507246376812,1.955223880597015,2.0153846153846153,2.0153846153846153,2.0153846153846153,2.0153846153846153,2.0153846153846153,2.1132075471698113,0.882051282051282,1.404040404040404,1.4011299435028248,1.35,1.38,1.3581081081081081,1.467153284671533,1.4198473282442747,1.4198473282442747,1.4126984126984128,1.4126984126984128,1.435483870967742,1.459016393442623,1.4710743801652892,1.4833333333333334,1.6464646464646464,0.5920398009950248,1.387218045112782,1.322314049586777,1.2431192660550459,1.2385786802030456,1.1333333333333333,1.1288343558282208,1.1358024691358024,1.1358024691358024,1.1358024691358024,1.1753246753246753,1.2275862068965517,1.2275862068965517,1.2275862068965517,1.2275862068965517,1.4732142857142858,0.6947791164658634,0.5681818181818182,1.5769230769230769,1.75,1.6869565217391305,1.614678899082569,1.561904761904762,1.5339805825242718,1.5339805825242718,1.5196078431372548,1.4105263157894736,1.4086021505376345,1.4086021505376345,1.4086021505376345,1.391304347826087,1.5454545454545454,0.9523809523809523,0.16304347826086957,0.10909090909090909,0,0,0,0,0,0,0,0,0,0,0,0,0,0,0],"averageAntitoxinCountInFemales":[2.53125,2.53125,2.53125,2.223529411764706,2.1842105263157894,2.0869565217391304,1.875,2.5084745762711864,3.0657894736842106,3.0657894736842106,3.1095890410958904,2.9846153846153847,3.03125,3.013157894736842,3.0533333333333332,3.0533333333333332,3.0694444444444446,3.0694444444444446,3.0714285714285716,1.3333333333333333,1.6752136752136753,1.6,1.6391752577319587,1.6962025316455696,1.7027027027027026,1.726027397260274,1.7164179104477613,1.7164179104477613,1.71875,1.7741935483870968,1.7741935483870968,1.7741935483870968,1.7741935483870968,1.7741935483870968,1.7627118644067796,0.9213483146067416,1.5212765957446808,1.6745562130177514,1.6025641025641026,1.5866666666666667,1.5486111111111112,1.651851851851852,1.5669291338582678,1.5793650793650793,1.5819672131147542,1.5819672131147542,1.6083333333333334,1.6495726495726495,1.6782608695652175,1.6929824561403508,1.7079646017699115,0.6982758620689655,1.0661157024793388,1.052863436123348,1.035175879396985,1.0824175824175823,0.9810126582278481,0.9810126582278481,0.9810126582278481,0.9681528662420382,0.9681528662420382,1.0202702702702702,1.0869565217391304,1.0869565217391304,1.0869565217391304,1.0869565217391304,1.089430894308943,0.6653061224489796,0.6404494382022472,1.38,1.6855345911949686,1.5950413223140496,1.5344827586206897,1.5344827586206897,1.5087719298245614,1.5087719298245614,1.5087719298245614,1.5092592592592593,1.4368932038834952,1.4368932038834952,1.4368932038834952,1.4368932038834952,1.4646464646464648,0.6549295774647887,0.0975609756097561,0,0,0,0,0,0,0,0,0,0,0,0,0,0,0,0],"reproductiveSuccessOverTime":[0,0,0,0.008063407706052137,0.00047560611974787584,0,0.000040690104166666664,0,0,0,0,0,0,0,0,0,0,0,0.000040690104166666664,0,0,0,0,0,0.000040690104166666664,0,0,0.00008138351983723296,0,0,0,0,0,0.00008141333550435561,0,0,0,0,0,0,0,0,0.00008138020833333333,0.00008138351983723296,0.000040690104166666664,0,0,0,0,0.000040690104166666664,0,0,0,0,0,0,0,0,0,0,0,0,0,0.000040690104166666664,0.000040690104166666664,0,0,0,0,0,0,0,0,0,0,0,0,0,0,0,0,0,0,0.00000904224537037037,0,0,0.00004069175991861648,0,0,0,0,0,0.00004071495460282562,0.00004069175991861648,0.000040690104166666664,0.000040690104166666664,0.00004070169726077577,0,0,0,0]}