{"startTime":"2025-03-24T20:33:26.773Z","infectedMalesAtStart":1024,"infectedFemalesAtStart":1024,"toxinAntitoxinLength":3,"killRate":0.7159007708692693,"rescueRate":0.6471324552336003,"simulationLength":215,"infectionRatio":[0.1630443436032163,0.1630443436032163,0.16308013489641882,0.16514339741569492,0.18416341145833334,0.17919921875,0.172607421875,0.1802978515625,0.1817626953125,0.18314615885416666,0.1756591796875,0.188720703125,0.18513997395833334,0.18204752604166666,0.17696126302083334,0.17915852864583334,0.17668362156663275,0.1767053553247811,0.17351839791598828,0.1884765625,0.1954345703125,0.1814519410759339,0.16581217447916666,0.15633138020833334,0.14283388947668268,0.1412353515625,0.1348118006103764,0.138671875,0.14591471354166666,0.14457194010416666,0.13924153645833334,0.1396484375,0.13806714140386572,0.14131673177083334,0.13979894998168574,0.1431884765625,0.15010579427083334,0.14664713541666666,0.12105305989583333,0.103759765625,0.09122721354166667,0.08569684638860631,0.0775178026449644,0.086669921875,0.09480794270833333,0.09603255340793489,0.09521484375,0.08992878942014242,0.08891060087933561,0.0919671197200293,0.10892740885416667,0.10453287760416667,0.102783203125,0.09562174479166667,0.0755615234375,0.06937662760416667,0.062052408854166664,0.054361979166666664,0.048506551639944655,0.045979817708333336,0.0594482421875,0.059326171875,0.05859375,0.05505819158460161,0.05492223760280107,0.052138874191053765,0.06966429298067141,0.062052408854166664,0.061238606770833336,0.05249237029501526,0.046101888020833336,0.039150252319713495,0.0311279296875,0.0257568359375,0.02286876907426246,0.021119023397761953,0.025390625,0.023111979166666668,0.022705078125,0.02210192119830674,0.021368391061907282,0.01989827060020346,0.031290690104166664,0.035603841145833336,0.037190755208333336,0.034464518229166664,0.027425130208333332,0.022216796875,0.017049153645833332,0.01806640625,0.015665690104166668,0.014771108850457782,0.018107833163784334,0.018107833163784334,0.017985026041666668,0.017949448492002116,0.01986242826325858,0.019083658854166668,0.027994791666666668,0.026082356770833332,0.033772786458333336,0.0311279296875,0.028727213541666668,0.018513997395833332,0.013142903645833334,0.013997395833333334,0.0128173828125,0.010783755188410515,0.015462239583333334,0.0185546875,0.018391927083333332,0.018313527592381574,0.02035416242621616,0.01934039087947883,0.02819938962360122,0.026611328125,0.028401692708333332,0.02685546875,0.024985757304468136,0.01998128026695967,0.014689127604166666,0.0125732421875,0.010701497395833334,0.009602864583333334,0.008260091145833334,0.009480794270833334,0.009521484375,0.009441256663818011,0.010952322788160091,0.010826210826210826,0.02112676056338028,0.023681640625,0.023356119791666668,0.0208740234375,0.01806640625,0.014811197916666666,0.011189778645833334,0.008544921875,0.005696614583333333,0.004842122395833333,0.004150390625,0.004231770833333333,0.004028484231943031,0.003785257845252147,0.0037863366175392883,0.0035823325870140443,0.00806057645334636,0.026205493387589013,0.0230712890625,0.017903645833333332,0.017130533854166668,0.015178644095385366,0.01306205493387589,0.011394156425490356,0.0096435546875,0.008829752604166666,0.0068359375,0.0067138671875,0.006267041061327474,0.006227866650384662,0.006232179226069247,0.0061104774319700175,0.005465372379476303,0.017707400472197345,0.015706380208333332,0.0140380859375,0.011189778645833334,0.009969075520833334,0.00830078125,0.0079345703125,0.0068359375,0.005126953125,0.004516785350966429,0.004353841145833333,0.004313151041666667,0.004313853166205437,0.004313677613640988,0.0041507284121429155,0.0032213342032294894,0.013591600878977782,0.013387044270833334,0.012369791666666666,0.013875325520833334,0.011800130208333334,0.007039674465920651,0.005411783854166667,0.0033772786458333335,0.0025634765625,0.0018717447916666667,0.001708984375,0.001708984375,0.0017094712849525825,0.00170961045304677,0.0017091234638235532,0.0011826115325014274,0.0033368600960364614,0.004801432291666667,0.002278738555442523,0.0019938151041666665,0.0019938151041666665,0.0017496744791666667,0.0016276041666666667,0.0006917880686904858,0.0002034587995930824,0.0002034587995930824,0.0002034587995930824,0.00020345052083333334,0.00020345052083333334,0.00020350848630387887,0.0002034587995930824,0.00020403166571451888,0.002197891652081892,0.0011800130208333333,0.0010579427083333333,0.00036622583926754833],"averageToxinCountInMales":[2.5498046875,2.5498046875,2.5514851485148515,2.4216867469879517,2.5579742336739226,2.636196600826826,2.678418294425917,2.710865561694291,2.7010402532790594,2.702412868632708,2.6700838769804287,2.5224331320103537,2.4957871396895785,2.491456834532374,2.4819277108433737,2.480804387568556,2.4882217090069285,2.4868238557558944,2.472474868358066,2.3327495621716285,2.2717666948436177,2.3971920289855073,2.3492375799311365,2.41091658084449,2.4175199089874857,2.568312284730195,2.56566265060241,2.50653983353151,2.2809871003925966,2.216494845360825,2.199644549763033,2.18096357226792,2.1580510992275697,2.1854419410745236,2.158579881656805,2.077054794520548,2.2104413347685683,2.4342825848849947,2.4401058901389807,2.4663573085846866,2.449955713020372,2.52,2.497867803837953,2.312144212523719,2.0167400881057267,1.9653078924544667,1.9790940766550522,1.9906976744186047,1.9754253308128544,2.0420091324200915,1.9539877300613497,1.9432624113475176,2.0688291139240507,1.945054945054945,1.8782051282051282,2.0283018867924527,2.052069425901202,2.0604229607250755,2.0791738382099827,2.162062615101289,1.6218130311614731,1.600284495021337,1.5650289017341041,1.4969512195121952,1.4938650306748467,1.468590831918506,1.652542372881356,1.2992021276595744,1.4029850746268657,1.3364928909952607,1.3879781420765027,1.5508474576271187,1.5093333333333334,1.4772727272727273,1.4551971326164874,1.5275590551181102,1.0063291139240507,1.010204081632653,0.9283276450511946,0.8551236749116607,0.8241758241758241,0.7160493827160493,0.8590425531914894,0.6844547563805105,0.6345733041575492,0.6066350710900474,0.655688622754491,0.6928838951310862,0.6697674418604651,0.8068669527896996,0.6700507614213198,0.6648351648351648,0.5280373831775701,0.4796380090497738,0.4772727272727273,0.4794520547945205,0.4262295081967213,0.3930131004366812,0.5865102639296188,0.546031746031746,0.5204819277108433,0.4666666666666667,0.4540229885057471,0.6336206896551724,0.6097560975609756,0.847953216374269,0.8343949044585988,0.7099236641221374,0.4888888888888889,0.3888888888888889,0.38967136150234744,0.3933649289099526,0.3487394957983193,0.2986425339366516,0.5508982035928144,0.7011834319526628,0.6629834254143646,0.6882352941176471,0.6863354037267081,0.703125,0.7239583333333334,0.8719512195121951,0.855072463768116,0.8225806451612904,0.7722772277227723,0.6846846846846847,0.6637168141592921,0.6756756756756757,0.5639097744360902,0.5,0.749003984063745,0.825938566552901,0.8788927335640139,0.8295454545454546,0.8669527896995708,0.9042553191489362,0.9264705882352942,0.9134615384615384,0.9436619718309859,0.9508196721311475,0.9807692307692307,0.8518518518518519,0.84,0.8333333333333334,0.8333333333333334,0.8181818181818182,0.9080459770114943,0.9751552795031055,0.9709090909090909,0.9622641509433962,0.9655172413793104,0.9779005524861878,0.9741935483870968,0.9701492537313433,0.9914529914529915,1,1,1,1,1,1,1,1,1,1,1,1,1,1,1,1,1,1,1,1,1,1,1,1,1,1,1,1,1,1,1,1,1,1,1,1,1,1,1,1,1,1,1,1,1,1,1,1,1,1,1,1,1,1,1,1,1,1,1,1],