{"startTime":"2025-03-24T20:33:55.228Z","infectedMalesAtStart":16,"infectedFemalesAtStart":32,"toxinAntitoxinLength":3,"killRate":0.09783595079706431,"rescueRate":0.8460005940063737,"simulationLength":84,"infectionRatio":[0.0036416053410211666,0.0036416053410211666,0.003683806600153492,0.0029341724783126383,0.0032145182291666665,0.0047607421875,0.0026041666666666665,0.005086263020833333,0.0050048828125,0.004597981770833333,0.0024820963541666665,0.0036214192708333335,0.0033365885416666665,0.0030924479166666665,0.0032958984375,0.0032145182291666665,0.004801432291666667,0.004802409344349029,0.004313151041666667,0.009033203125,0.008504231770833334,0.0064697265625,0.005900065104166667,0.005574544270833333,0.005289713541666667,0.005208333333333333,0.003987630208333333,0.0038655598958333335,0.0038655598958333335,0.0037841796875,0.0037434895833333335,0.0030110677083333335,0.0029703776041666665,0.002970982052012535,0.004028812110853376,0.0137939453125,0.007242838541666667,0.004679361979166667,0.0040283203125,0.0018310546875,0.0017496744791666667,0.0016276041666666667,0.0014241536458333333,0.0014241536458333333,0.0013427734375,0.0013020833333333333,0.0013021893057703264,0.0011393229166666667,0.0011393692777212615,0.0009765625,0.0006919570172582221,0.0072021484375,0.004150390625,0.003662407422479043,0.0034993489583333335,0.0028483072916666665,0.0027669270833333335,0.0027669270833333335,0.0025227864583333335,0.0025227864583333335,0.0025227864583333335,0.0025227864583333335,0.0023602181167087163,0.0023600260416666665,0.0023193359375,0.0021162298551196486,0.0011396475233017218,0.007853190104166666,0.007405598958333333,0.0062255859375,0.0054931640625,0.004069010416666667,0.0015462239583333333,0.000732541103695263,0.0006510416666666666,0.0004475911458333333,0.0004475911458333333,0.0004476093591047813,0.0004475911458333333,0.0002848307291666667,0.0002848307291666667,0.00012209018394921048,0.00008138020833333333,0.000040690104166666664],"averageToxinCountInMales":[2.8125,2.8125,2.8125,3.1,2.3783783783783785,2.107142857142857,2.2903225806451615,3.203125,3.203125,3.2295081967213113,2.9375,2.3488372093023258,2.4615384615384617,2.324324324324324,2.3658536585365852,2.358974358974359,2.103448275862069,2.103448275862069,2.111111111111111,3.3620689655172415,3.385321100917431,3.5058823529411764,3.6103896103896105,3.6,3.5714285714285716,3.5714285714285716,3.611111111111111,3.5849056603773586,3.5849056603773586,3.627450980392157,3.627450980392157,3.75,3.75,3.75,3.577777777777778,3.4683544303797467,3.780821917808219,3.851063829787234,3.9473684210526314,4.3,4.3,4.3,4.222222222222222,4.222222222222222,4.222222222222222,4.222222222222222,4.222222222222222,4.4375,4.4375,4.785714285714286,4.666666666666667,3.395348837209302,2.1914893617021276,2.2195121951219514,2.1538461538461537,2,2,2,2,2,2,2,2,2,2,2,2,2,2,2,2,2,2,2,2,2,2,2,2,2,2,2,2,2],"averageAntitoxinCountInFemales":[2.5625,2.5625,2.5625,2.6153846153846154,2.142857142857143,2.098360655737705,2.0606060606060606,3.1475409836065573,3.135593220338983,3.423076923076923,3.1724137931034484,2.217391304347826,2.255813953488372,2.0256410256410255,2.075,2.075,1.8833333333333333,1.8833333333333333,1.8846153846153846,3.30188679245283,3.41,3.554054054054054,3.588235294117647,3.6451612903225805,3.6333333333333333,3.586206896551724,3.5454545454545454,3.5476190476190474,3.5476190476190474,3.5476190476190474,3.5121951219512195,3.7,3.7586206896551726,3.7586206896551726,3.314814814814815,3.6464088397790055,3.8095238095238093,3.75,3.6885245901639343,3.84,3.9130434782608696,3.75,3.5294117647058822,3.5294117647058822,3.6,3.5,3.5,3.25,3.25,3.5,3.875,3.1538461538461537,2.2181818181818183,2.2448979591836733,2.25531914893617,2,2,2,2,2,2,2,2,2,2,2,2,2,2,2,2,2,2,2,2,2,2,2,2,2,2,2,2,null],"reproductiveSuccessOverTime":[0,0,0,0.004039802687531893,0.00005307404891304348,0,0,0,0,0,0,0,0,0,0,0,0.000040690104166666664,0.000040698384274144313,0,0,0,0,0,0,0,0,0,0,0,0,0,0,0,0.000040698384274144313,0,0,0,0,0,0,0,0,0,0,0,0,0,0,0,0.000040690104166666664,0.00004070335395636601,0,0,0,0,0,0,0,0,0,0,0.000040690104166666664,0,0,0,0,0,0,0,0.000040690104166666664,0,0,0.000040690104166666664,0,0,0.000040690104166666664,0,0,0,0,0.000040690104166666664,0,0,0]}