{"startTime":"2025-03-24T20:33:55.229Z","infectedMalesAtStart":16,"infectedFemalesAtStart":32,"toxinAntitoxinLength":3,"killRate":0.8711660358087097,"rescueRate":0.3110429482723832,"simulationLength":138,"infectionRatio":[0.004092769440654843,0.004092769440654843,0.004046840020664715,0.007658347598882782,0.006391727394862191,0.006510416666666667,0.005411783854166667,0.0050048828125,0.004679361979166667,0.0030517578125,0.0029703776041666665,0.002685546875,0.0030110677083333335,0.0026448567708333335,0.0026448567708333335,0.0029703776041666665,0.0029703776041666665,0.0029720706782835273,0.0032145182291666665,0.009562174479166666,0.0072021484375,0.006754557291666667,0.005655924479166667,0.0052490234375,0.004842122395833333,0.0045166015625,0.0037841796875,0.003662109375,0.00362171400667372,0.0035400390625,0.0032958984375,0.0032553407934893183,0.0032552083333333335,0.0032552083333333335,0.002525046835546143,0.015340169270833334,0.012491861979166666,0.0096435546875,0.008097330729166666,0.007446895092374054,0.006103515625,0.006022135416666667,0.005900065104166667,0.005167643229166667,0.0050048828125,0.004923502604166667,0.0036214192708333335,0.0035807291666666665,0.0035807291666666665,0.0035810205908683975,0.0032578595862518323,0.0181884765625,0.015584309895833334,0.0123291015625,0.01025390625,0.007935861956698681,0.006632486979166667,0.005411783854166667,0.0050048828125,0.004720052083333333,0.004720244150559512,0.004558404558404558,0.0037434895833333335,0.0035807291666666665,0.0035807291666666665,0.0035807291666666665,0.0028505110559107383,0.018391927083333332,0.0155029296875,0.014689127604166666,0.012898763020833334,0.011027915683242451,0.009033203125,0.008219401041666666,0.007527669270833333,0.0069580078125,0.006103515625,0.005940755208333333,0.005900065104166667,0.0057787001994058515,0.005777994791666667,0.005696614583333333,0.004801627670396744,0.0137939453125,0.0115966796875,0.0096435546875,0.007364908854166667,0.004191080729166667,0.0029703776041666665,0.0022786458333333335,0.0016276041666666667,0.0011800130208333333,0.0011393692777212615,0.0011393692777212615,0.0011393229166666667,0.0011393692777212615,0.0011393692777212615,0.0011396475233017218,0.000814000814000814,0.006144205729166667,0.0047607421875,0.004720052083333333,0.004720052083333333,0.004557848044601799,0.0036214192708333335,0.0022786458333333335,0.0018717447916666667,0.0018311291963377416,0.00146484375,0.0013834635416666667,0.0013427734375,0.0013432653559653192,0.0013431560096056005,0.0013431560096056005,0.001261803972647346,0.006836215666327568,0.00634765625,0.00390625,0.0015462239583333333,0.0013020833333333333,0.0010579427083333333,0.0010172526041666667,0.0008951822916666666,0.0008952187182095626,0.0008951822916666666,0.0008952551477170994,0.0008954737870400521,0.0008955831467535111,0.0008957654723127036,0.000895911386219254,0.0006921542282480355,0.0008544921875,0.0006510416666666666,0.0006510416666666666,0.0006510416666666666,0.00020350848630387887,0.0001220703125,0.0001220703125],"averageToxinCountInMales":[2.1875,2.1875,2.066666666666667,1.2098765432098766,1.2125,1.345679012345679,1.2941176470588236,1.2295081967213115,1.2542372881355932,1.2439024390243902,1.3170731707317074,1.4166666666666667,1.3421052631578947,1.4848484848484849,1.4848484848484849,1.8205128205128205,1.8205128205128205,1.8205128205128205,2.8,1.9112903225806452,2.391304347826087,2.218390804597701,2.589041095890411,2.746268656716418,2.7301587301587302,2.819672131147541,2.641509433962264,2.68,2.68,2.625,2.772727272727273,2.6744186046511627,2.6744186046511627,2.6744186046511627,2.5714285714285716,2.814814814814815,2.593103448275862,2.385321100917431,2.1538461538461537,2.176470588235294,2.2941176470588234,2.242424242424242,2.242424242424242,2.210526315789474,2.1454545454545455,2.1454545454545455,2.4864864864864864,2.4864864864864864,2.4864864864864864,2.4864864864864864,2.6333333333333333,2.2039800995024876,2.6927374301675977,2.5144927536231885,2.6782608695652175,2.303370786516854,2.4285714285714284,2.125,2.169491525423729,2.1607142857142856,2.1607142857142856,2.1666666666666665,2.152173913043478,2.25,2.25,2.25,2.21875,1.9619047619047618,1.734463276836158,2.023529411764706,1.8926174496644295,1.7258064516129032,1.9207920792079207,1.946236559139785,1.8620689655172413,1.8125,1.7297297297297298,1.7222222222222223,1.7222222222222223,1.6857142857142857,1.6857142857142857,1.6521739130434783,1.7307692307692308,0.6861313868613139,1.0254237288135593,1.625,1.930232558139535,1.2244897959183674,1.5384615384615385,2.08,1.4736842105263157,0.6153846153846154,0.6153846153846154,0.6153846153846154,0.6153846153846154,0.6153846153846154,0.6153846153846154,0.6153846153846154,1,0.05333333333333334,0,0.9056603773584906,0.9056603773584906,0.9056603773584906,0.27906976744186046,0.4444444444444444,0,0,0,0,0,0,0,0,0,0,0,0,0,0,0,0,0,0,0,0,0,0,0,0,0,0,0,0,0,0,0,0],"averageAntitoxinCountInFemales":[2.53125,2.53125,2.53125,1.5393258426966292,1.4025974025974026,1.4303797468354431,1.5384615384615385,1.5,1.625,1.911764705882353,2.0625,2.033333333333333,1.8888888888888888,1.9375,1.9375,1.8823529411764706,1.8823529411764706,1.8823529411764706,2.4871794871794872,1.6036036036036037,2,1.8481012658227849,2.121212121212121,2.2419354838709675,2.3392857142857144,2.54,2.25,2.25,2.282051282051282,2.282051282051282,2.2972972972972974,2.2972972972972974,2.2972972972972974,2.2972972972972974,2.2941176470588234,2.9095744680851063,2.802469135802469,2.5625,2.3333333333333335,2.2346938775510203,2.2195121951219514,2.2195121951219514,2.240506329113924,2.2142857142857144,2.161764705882353,2.106060606060606,2.5,2.4705882352941178,2.4705882352941178,2.4705882352941178,2.44,2.1951219512195124,2.7450980392156863,2.56969696969697,2.802919708029197,2.6226415094339623,2.813953488372093,2.579710144927536,2.53125,2.5,2.5,2.586206896551724,2.5434782608695654,2.659090909090909,2.659090909090909,2.659090909090909,2.6315789473684212,2.0371900826446283,1.7303921568627452,2.020942408376963,1.9226190476190477,1.8843537414965987,2.0578512396694215,2,1.9591836734693877,1.89010989010989,1.7894736842105263,1.7432432432432432,1.7671232876712328,1.7361111111111112,1.7361111111111112,1.704225352112676,1.5303030303030303,0.6386138613861386,0.8622754491017964,1.3834586466165413,1.8631578947368421,1.7037037037037037,2.7058823529411766,2.967741935483871,2.4761904761904763,2.25,2.1333333333333333,2.1333333333333333,2.1333333333333333,2.1333333333333333,2.1333333333333333,2.1333333333333333,1.6666666666666667,0.21052631578947367,0.2711864406779661,1.0158730158730158,1.0158730158730158,1.0169491525423728,0.6086956521739131,0.9655172413793104,0,0,0,0,0,0,0,0,0,0,0,0,0,0,0,0,0,0,0,0,0,0,0,0,0,0,0,0,0,0,null,null],"reproductiveSuccessOverTime":[0,0,0,0.007433102081268583,0.0002035581972886048,0,0,0,0,0,0,0,0,0,0,0,0.00008138020833333333,0.0000814265939255761,0.0001220703125,0,0,0,0,0,0,0,0,0,0.0000406934158053227,0.0001220703125,0,0,0,0,0.00004072656186364747,0,0,0,0,0,0,0.000040690104166666664,0,0,0.000040690104166666664,0,0,0,0,0,0,0,0,0,0,0,0.000040690104166666664,0,0,0,0.00008138351983723296,0,0,0,0,0,0.0000814431730260211,0.000006260016025641026,0.000006260016025641026,0,0,0.0000406934158053227,0,0,0,0,0,0,0,0.00004069507182680177,0,0,0.00012207527975584945,0,0,0,0,0.000040690104166666664,0,0,0,0,0,0,0,0,0,0,0.0000407000407000407,0,0,0,0,0,0,0,0,0.00004069175991861648,0,0,0,0,0,0,0.00012211006186909801,0,0,0,0,0,0,0,0,0.00004069175991861648,0.000040690104166666664,0,0,0,0.000040716612377850165,0.000040723244828147904,0.00004071495460282562,0,0,0,0,0,0,0]}