{"startTime":"2025-03-24T20:10:07.200Z","infectedMalesAtStart":1024,"infectedFemalesAtStart":1024,"toxinAntitoxinLength":3,"killRate":0.75,"rescueRate":1,"simulationLength":315,"infectionRatio":[0.16459053282970346,0.16459053282970346,0.16477180445021927,0.16681344148319815,0.1684485432139068,0.16129557291666666,0.1728515625,0.17167154947916666,0.18172200520833334,0.18534342447916666,0.18770345052083334,0.18204752604166666,0.18310546875,0.18131510416666666,0.17850748697916666,0.17256673177083334,0.16988118489583334,0.16982361806998247,0.17387057387057386,0.13346354166666666,0.14501953125,0.16162109375,0.17464192708333334,0.17488606770833334,0.16668701420258006,0.15568033854166666,0.1475830078125,0.14070638020833334,0.1317138671875,0.12109867751780265,0.12215169270833333,0.12532552083333334,0.11776195320447609,0.11894488317186355,0.12455747711088505,0.1246337890625,0.12137858072916667,0.14603678385416666,0.16141764322916666,0.15804036458333334,0.15476965651961583,0.14701334635416666,0.134521484375,0.1365966796875,0.1298828125,0.11763509114583333,0.11539713541666667,0.10498474059003052,0.09757486979166667,0.09839267548321465,0.11069510011395084,0.1197509765625,0.127197265625,0.13859049479166666,0.15519205729166666,0.16874186197916666,0.1604476093591048,0.147216796875,0.138427734375,0.13031092300179065,0.1239013671875,0.10888671875,0.09701705123509544,0.08931477864583333,0.08329264322916667,0.0789794921875,0.09297688802083333,0.10652669270833333,0.11328125,0.13228352864583334,0.15474446614583334,0.16170247395833334,0.16263834635416666,0.15861002604166666,0.15641912512716175,0.14359537760416666,0.12715657552083334,0.10677083333333333,0.09724934895833333,0.084716796875,0.074462890625,0.06966145833333333,0.09305826822916667,0.112060546875,0.11128743489583333,0.13517252604166666,0.1646728515625,0.17171223958333334,0.19112141927083334,0.17887369791666666,0.18160358160358162,0.16353352864583334,0.14693196614583334,0.12333170572916667,0.11051432291666667,0.1009521484375,0.08780924479166667,0.0784912109375,0.11719226856561546,0.12032063802083333,0.12513734586741546,0.14607747395833334,0.1739501953125,0.18546549479166666,0.20091156960892037,0.19287109375,0.19640820980615736,0.177001953125,0.15083821614583334,0.12772623697916666,0.11189778645833333,0.10257975260416667,0.0911865234375,0.08089192708333333,0.10237630208333333,0.10583926754832146,0.10173353951330674,0.10970052083333333,0.1275634765625,0.15592447916666666,0.17122395833333334,0.1605340280039075,0.15487626180397265,0.13993896236012207,0.12308756510416667,0.10139973958333333,0.08064778645833333,0.07124837239583333,0.0611572265625,0.055257161458333336,0.060221354166666664,0.0745849609375,0.07682291666666667,0.08085123697916667,0.10359700520833333,0.142333984375,0.15505453361549731,0.15100712105798575,0.14237965189744425,0.1263886063072228,0.10843912760416667,0.09012858072916667,0.07464083675878068,0.061808268229166664,0.0538330078125,0.0521240234375,0.054402669270833336,0.057439446366782006,0.05721261444557477,0.057169596354166664,0.07389322916666667,0.098876953125,0.118896484375,0.1209716796875,0.11758000162853188,0.098388671875,0.08455403645833333,0.060384114583333336,0.044476093591047816,0.0391845703125,0.031941731770833336,0.030681586978636825,0.030235207943354766,0.03020680670900505,0.028730720709722053,0.030031740864328152,0.04256358087487284,0.053426106770833336,0.06437174479166667,0.06409212989338325,0.056575359192478324,0.0465087890625,0.040771484375,0.030517578125,0.024088541666666668,0.020711263020833332,0.01806640625,0.015828450520833332,0.015344539867312467,0.015229253196514374,0.014577140763060385,0.017582417582417582,0.02775290957923008,0.0299072265625,0.033090479873010704,0.03425661914460285,0.02844932844932845,0.02409050215675104,0.018351236979166668,0.013224283854166666,0.010823567708333334,0.009602864583333334,0.008219401041666666,0.007975260416666666,0.007570515690504294,0.007450230020762936,0.0066837836736357336,0.011358547408704149,0.01807596791922811,0.021248880566636815,0.023487747293006594,0.021656828821493994,0.022970716409400075,0.020150620801954,0.0126953125,0.011067708333333334,0.009114583333333334,0.00732421875,0.006754557291666667,0.006144205729166667,0.005900785414886258,0.0059034280596042665,0.0055813574513158964,0.009490835030549899,0.013932456104615635,0.017303855706200886,0.017708842208109428,0.018033787909627518,0.014097706066902986,0.010712394607144312,0.010050455729166666,0.009033203125,0.0084228515625,0.0059814453125,0.0052490234375,0.005127161749745677,0.005088333469022226,0.005092479426383118,0.004359872870996658,0.009332463933490912,0.01165396683101748,0.011568228105906313,0.011531722423699115,0.012220954863940035,0.014893790184748108,0.009892928388226195,0.004231770833333333,0.0038655598958333335,0.0036214192708333335,0.0035400390625,0.0030517578125,0.0030520061853992024,0.0030546165438032013,0.003054989816700611,0.0030546165438032013,0.0058253218184780835,0.0067228945116733895,0.006641404881228863,0.008314313661558527,0.007743407914577984,0.008430054978619426,0.005952623639254699,0.004231770833333333,0.0033772786458333335,0.0026041666666666665,0.0024007161458333335,0.0013020833333333333,0.0013020833333333333,0.0013028785472904197,0.001303727846811978,0.001182225845902976,0.004036861849616702,0.005994617078541717,0.005587275693311583,0.0055059341734981036,0.005261869799314733,0.003910864871471056,0.0030925737538148525,0.0030517578125,0.0028889973958333335,0.0021565755208333335,0.0015462239583333333,0.0015462239583333333,0.0015464127294184675,0.0015478615071283096,0.0015489972281102233,0.0015497553017944535,0.0012243398767497857,0.0058720384944745746,0.0058329254364496656,0.0057529886980292955,0.005758157389635317,0.005139081491149359,0.002159035359296073,0.0017496744791666667,0.0013834635416666667,0.0008138020833333334,0.000732421875,0.000732421875,0.000732541103695263,0.0007332274227056092,0.0007337355291048426,0.0007341245564664138,0.0003670323396272583,0.00008156274213939073,0.00008158936074735855,0.00008161599673536013,0.00008162598971512529,0.00008148631029986962,0.001953125,0.001953125,0.0008138020833333334,0.000732421875,0.000244140625,0.000244140625,0.00020345052083333334,0.00016278691193228064,0.0001628863460520422,0.00016297926088905187,0.00016303240269003463,0.00016306563391765185,0.0001631321370309951,0.00016317206494248184,0.00016315209854386752,0.00016281341582546403],