{"startTime":"2025-03-24T20:33:55.228Z","infectedMalesAtStart":16,"infectedFemalesAtStart":32,"toxinAntitoxinLength":3,"killRate":0.03914184661412512,"rescueRate":0.8460005940063737,"simulationLength":67,"infectionRatio":[0.0036385688295936932,0.0036385688295936932,0.0035219355332669782,0.004772870002093364,0.003825336751719367,0.0028889973958333335,0.0020345052083333335,0.0027669270833333335,0.0025227864583333335,0.0022379557291666665,0.001953125,0.0017496744791666667,0.0016682942708333333,0.0015869140625,0.0015869140625,0.0015462239583333333,0.0014241536458333333,0.0014251974916524148,0.0011800130208333333,0.0027669270833333335,0.0025634765625,0.0025634765625,0.002197265625,0.004435221354166667,0.0026448567708333335,0.0020345052083333335,0.0019125905428501668,0.001708984375,0.0015462239583333333,0.0015055338541666667,0.0015055338541666667,0.0013427734375,0.0012613932291666667,0.001261547226630855,0.0010579857578840285,0.0025227864583333335,0.0022786458333333335,0.002197265625,0.0017496744791666667,0.001708984375,0.0027262369791666665,0.0015462239583333333,0.0013025603451784914,0.0013020833333333333,0.001220703125,0.0012209018394921049,0.0011393229166666667,0.0011393229166666667,0.000854526958290946,0.0008544921875,0.0005696614583333334,0.0036214192708333335,0.0038248697916666665,0.0033365885416666665,0.0029703776041666665,0.0023600260416666665,0.0012613932291666667,0.0010172526041666667,0.000773237831678333,0.0006103515625,0.00048828125,0.0004475911458333333,0.0004475911458333333,0.0004069010416666667,0.000406934158053227,0.000366255646441216,0.00008138020833333333],"averageToxinCountInMales":[2.625,2.625,2.642857142857143,1.851063829787234,1.5,1.2058823529411764,1.75,2.6363636363636362,2.6666666666666665,2.7857142857142856,2.8260869565217392,2.9523809523809526,2.95,3.0526315789473686,3.0526315789473686,3.0526315789473686,3.0555555555555554,3.0555555555555554,3.4166666666666665,1.5151515151515151,1.3870967741935485,1.3870967741935485,1.5384615384615385,2.963636363636364,2.8,2.3846153846153846,2.3846153846153846,2.5416666666666665,2.652173913043478,2.652173913043478,2.652173913043478,2.5714285714285716,2.8421052631578947,2.8421052631578947,3.4285714285714284,1.875,1.5,1.5,1.1818181818181819,1.1818181818181819,2.6857142857142855,1.1428571428571428,0.875,0.875,0.875,0.875,0.8,0.8,0.6153846153846154,0.6153846153846154,0.2857142857142857,0,0.8333333333333334,0.8095238095238095,0.6111111111111112,0.3333333333333333,0,0,0,0,0,0,0,0,0,0,0],"averageAntitoxinCountInFemales":[2.71875,2.71875,2.71875,2.1044776119402986,1.8571428571428572,1.7297297297297298,2.230769230769231,2.742857142857143,2.8125,2.814814814814815,2.8,2.9545454545454546,3,3.15,3.15,3.1578947368421053,3.235294117647059,3.235294117647059,3.235294117647059,1.9714285714285715,1.84375,1.84375,2.0357142857142856,3.2962962962962963,3.066666666666667,2.75,2.5714285714285716,2.7777777777777777,3.2666666666666666,3.357142857142857,3.357142857142857,3.1666666666666665,3.1666666666666665,3.1666666666666665,3.1666666666666665,1.7333333333333334,1.5,1.4615384615384615,1.619047619047619,1.45,2.96875,1.1764705882352942,1.125,1.125,1.2857142857142858,1.2857142857142858,1.2307692307692308,1.2307692307692308,0.75,0.75,0.5714285714285714,0.14285714285714285,0.8695652173913043,0.85,0.7567567567567568,0.35714285714285715,0.2222222222222222,0.26666666666666666,0.36363636363636365,0,0,0,0,0,0,0,0],"reproductiveSuccessOverTime":[0,0,0,0.004479799037052544,0,0,0,0,0,0,0,0,0,0,0,0,0,0,0,0,0,0,0,0.00008138020833333333,0,0,0.0000406934158053227,0,0,0,0.000040690104166666664,0,0,0,0.00008138351983723296,0,0,0,0,0,0,0,0,0,0,0.00004069672798307016,0,0,0,0,0,0,0,0,0,0,0,0,0,0,0,0,0,0,0,0,0]}