{"startTime":"2025-03-24T20:33:26.773Z","infectedMalesAtStart":1024,"infectedFemalesAtStart":1024,"toxinAntitoxinLength":3,"killRate":0.8636364304191526,"rescueRate":0.4148857228285425,"simulationLength":164,"infectionRatio":[0.17075204268801067,0.17075204268801067,0.17101059357659323,0.16493481957302097,0.17059424137226872,0.17289225260416666,0.17134602864583334,0.17329915364583334,0.17073567708333334,0.16914876302083334,0.16585286458333334,0.16532389322916666,0.1649169921875,0.16385904947916666,0.156494140625,0.15645345052083334,0.15974934895833334,0.1600635205016491,0.1609775967413442,0.15962727864583334,0.16170247395833334,0.1732177734375,0.1659003051881994,0.16239420572916666,0.15620930989583334,0.14729817708333334,0.13460286458333334,0.13761393229166666,0.13082933181411247,0.1241455078125,0.11423106661783258,0.11784813217221454,0.11348470052083333,0.11116085965483556,0.10507895165228716,0.1248779296875,0.1240234375,0.13187662760416666,0.124755859375,0.12074227811012087,0.11287434895833333,0.11072678440628306,0.0985107421875,0.09847005208333333,0.09796499796499797,0.09115325140392284,0.0823974609375,0.08296712239583333,0.08052899287894201,0.07588704427083333,0.06926019370065924,0.08048502604166667,0.077880859375,0.07527669270833333,0.07918294270833333,0.07272801269789589,0.06412760416666667,0.06583658854166667,0.0655517578125,0.06266276041666667,0.059984535872705816,0.058064778645833336,0.053466796875,0.051595052083333336,0.049357096354166664,0.046468098958333336,0.04337741607324517,0.057082366353161516,0.0552978515625,0.052978515625,0.05281790437436419,0.047058823529411764,0.043145555193747964,0.05160345108253296,0.05196549198339709,0.04989012777732563,0.0469175991861648,0.0450439453125,0.041788736979166664,0.040283203125,0.039143880208333336,0.037027994791666664,0.02999348852352271,0.03995601173020528,0.051798502604166664,0.036905924479166664,0.030812438944969066,0.028451644415499838,0.02714582231085426,0.026087664319726506,0.025634765625,0.024700903393830877,0.023518880208333332,0.021891276041666668,0.019327799479166668,0.0185546875,0.018147786458333332,0.017415364583333332,0.012496946999918587,0.01915240423797881,0.025960286458333332,0.01802865049650008,0.01571021571021571,0.01192608270921524,0.011112467944804005,0.011728294510506597,0.009816700610997963,0.009325243311479416,0.009120521172638436,0.007692620782286622,0.0066332967077686895,0.006388866281435664,0.005982905982905983,0.004313151041666667,0.0037047591906526076,0.0019550342130987292,0.008585611979166666,0.00618539920240905,0.0050061050061050065,0.0037841796875,0.003502056440118907,0.003299254612846727,0.003258788545358263,0.0032589212970506763,0.0032578595862518323,0.003217005334527833,0.003216088584921023,0.003215695852159401,0.0032158267524220467,0.0028483072916666665,0.0023214140262279056,0.0010610512569376427,0.0010172526041666667,0.00020345052083333334,0.00012207527975584945,0.00012207527975584945,0.0001220802474159681,0.0001221349183731629,0.00012222448563862294,0.0001222593528404923,0.00012222448563862294,0.0001221796855909424,0.0001221498371335505,0.00012212497455729696,0.0001221548108636345,0.00012212000325653342,0.0001223790487068614,0.00008160600620205648,0.0006103515625,0.0005696614583333334,0.0005698237616508609,0.0005697541917629822,0.0005701254275940707,0.0005706831893037666,0.000570822800293566,0.0005707297187117815,0.0005705901532442126,0.0005704506560182544,0.0005703344604228623,0.000570218312153796,0.0005706134094151213,0.0005700557840302944,0.0005714052487653565,0.00020353333876088904],"averageToxinCountInMales":[2.5302734375,2.5302734375,2.5286561264822134,2.5370786516853934,2.447605500237079,2.3965355805243447,2.3731060606060606,2.3607954545454546,2.44349477682811,2.4388489208633093,2.4329238329238327,2.4968121628249142,2.5315095261358085,2.5416051206302313,2.5949691991786445,2.5982688391038695,2.627606752730884,2.6294642857142856,2.63837267704671,2.3982793522267207,2.4594458438287155,2.4763244256915145,2.38019801980198,2.3477596741344198,2.3618037135278516,2.3738839285714284,2.308968058968059,2.36424649176327,2.3638709677419354,2.380041011619959,2.376681614349776,2.3803019410496047,2.478550295857988,2.485562310030395,2.470209339774557,2.0993464052287583,2.235371466140697,2.491076923076923,2.217673814165042,2.2135135135135133,2.2254127781765973,2.1339748334566986,2.098910310142498,1.9974958263772955,1.9630252100840335,2.001788908765653,2.032835820895522,2.1509803921568627,2.1470588235294117,2.1728922091782286,2.175914994096812,2.105577689243028,1.9371196754563895,2.1553911205073994,2.101761252446184,2.071352502662407,2.0805288461538463,1.9089820359281438,1.7529976019184652,1.7393483709273183,1.7509881422924902,1.8356164383561644,1.8121301775147929,1.7678018575851393,1.7922077922077921,1.8186528497409327,1.8533333333333333,1.7925824175824177,1.5802650957290132,1.7321156773211568,1.907715582450832,2.0371621621621623,2.0295748613678373,1.6189024390243902,1.470059880239521,1.4498432601880877,1.434634974533107,1.4280639431616342,1.3238095238095238,1.2772277227722773,1.2651821862348178,1.2388059701492538,1.3270777479892761,1.5511811023622046,1.299854439592431,1.6430062630480167,1.7964376590330788,1.8169398907103824,1.8433048433048433,1.8493975903614457,1.5044776119402985,1.5078369905956113,1.481967213114754,1.4580419580419581,1.3951612903225807,1.4194915254237288,1.4155844155844155,1.4088888888888889,1.52,1.634703196347032,1.3493589743589745,1.271889400921659,1.331578947368421,1.3986928104575163,1.3309859154929577,1.36986301369863,1.384,1.3884297520661157,1.376068376068376,1.4123711340206186,1.3209876543209877,1.3037974683544304,1.2857142857142858,1.2456140350877194,1.25,1.45,1.1057692307692308,1.082191780821918,1.0862068965517242,1.119047619047619,1.1219512195121952,1.0526315789473684,1.027027027027027,1.027027027027027,1.027027027027027,1,1,1,1,1,1,1,1,1,1,1,1,1,1,1,1,1,1,1,1,1,1,1,1,1,1,1,1,1,1,1,1,1,1,1,1,1,1,null],