{"startTime":"2025-03-24T20:33:55.229Z","infectedMalesAtStart":16,"infectedFemalesAtStart":32,"toxinAntitoxinLength":3,"killRate":0.013055076489070672,"rescueRate":0.4408720361461895,"simulationLength":71,"infectionRatio":[0.004047217537942664,0.004047217537942664,0.004090676666098517,0.0036949650536437697,0.0028889973958333335,0.002685546875,0.0054931640625,0.0037841796875,0.0035807291666666665,0.00341796875,0.0032958984375,0.002685546875,0.0023193359375,0.0022379557291666665,0.004353841145833333,0.005330403645833333,0.0048828125,0.00488440247476392,0.004679361979166667,0.004150390625,0.0025227864583333335,0.0023600260416666665,0.0022379557291666665,0.0016276041666666667,0.0015462239583333333,0.001220703125,0.0010986328125,0.0010986328125,0.0010986328125,0.0006103515625,0.005574544270833333,0.005574544270833333,0.005574544270833333,0.004476822270155875,0.006388346354166667,0.004638671875,0.0035400390625,0.0025634765625,0.0024820963541666665,0.00244140625,0.0017497456765005086,0.0017497456765005086,0.0017496744791666667,0.0015462239583333333,0.0013834635416666667,0.0007731434384537131,0.0025634765625,0.0025227864583333335,0.0025227864583333335,0.002482298364124685,0.004353841145833333,0.004313151041666667,0.004313151041666667,0.0032958984375,0.0030110677083333335,0.0027262369791666665,0.0026041666666666665,0.0024820963541666665,0.0020752797558494405,0.001465022585764864,0.0013427734375,0.0011800130208333333,0.0037027994791666665,0.003662109375,0.0035808748728382504,0.0039068858863747355,0.0010986328125,0.0005289713541666666,0.0004475911458333333,0.0002848307291666667,0.00008138020833333333],"averageToxinCountInMales":[3.125,3.125,3.125,2.3055555555555554,2.2580645161290325,2.2666666666666666,1.803030303030303,1.653061224489796,1.6170212765957446,1.488888888888889,1.4090909090909092,1.5714285714285714,1.4242424242424243,1.375,0.7358490566037735,1.0952380952380953,1.1896551724137931,1.1896551724137931,1.1636363636363636,1.1063829787234043,0.48148148148148145,0,0,0,0,0,0,0,0,0,0,0,0,0,0,0,0,0,0,0,0,0,0,0,0,0,0,0,0,0,0,0,0,0,0,0,0,0,0,0,0,0,0,0,0,0,0,0,0,0,0],"averageAntitoxinCountInFemales":[2.25,2.25,2.25,2.1914893617021276,2.325,2.361111111111111,1.6376811594202898,1.7272727272727273,1.6341463414634145,1.435897435897436,1.4054054054054055,1.6451612903225807,1.2916666666666667,1.3478260869565217,0.5740740740740741,1.0735294117647058,1.1774193548387097,1.1774193548387097,1.0833333333333333,1,0.17142857142857143,0.08823529411764706,0.09375,0,0,0,0,0,0,0,0,0,0,0,0,0,0,0,0,0,0,0,0,0,0,0,0,0,0,0,0,0,0,0,0,0,0,0,0,0,0,0,0,0,0,0,0,0,0,0,0],"reproductiveSuccessOverTime":[0,0,0,0.007650440807187457,0.000040690104166666664,0,0,0,0,0,0,0,0,0.00008138020833333333,0,0,0,0,0,0,0,0,0,0,0,0,0,0,0,0,0,0,0,0.000040698384274144313,0,0,0,0,0.000040690104166666664,0,0,0,0,0,0,0,0.00008138020833333333,0.000040690104166666664,0,0.0000406934158053227,0,0,0,0,0,0,0,0,0,0,0,0,0,0,0,0.00004069672798307016,0,0,0,0,0]}