{"startTime":"2025-03-24T20:33:26.773Z","infectedMalesAtStart":1024,"infectedFemalesAtStart":1024,"toxinAntitoxinLength":3,"killRate":0.6064770335283373,"rescueRate":0.2518289961357031,"simulationLength":203,"infectionRatio":[0.18630037296461385,0.18630037296461385,0.18628529519618628,0.2268572539867756,0.2213185106469939,0.2155769074179627,0.21875,0.21366373697916666,0.20548502604166666,0.20023600260416666,0.19523111979166666,0.19677734375,0.194580078125,0.20035807291666666,0.19478352864583334,0.19608561197916666,0.19365208545269583,0.19358253929473085,0.19250030536215954,0.23356119791666666,0.23152669270833334,0.20475260416666666,0.20721930574207464,0.19169108072916666,0.18159993489583334,0.1713123092573754,0.16560872395833334,0.16312662760416666,0.1549072265625,0.15848795572916666,0.15559895833333334,0.1541748046875,0.14994303385416666,0.15106625427315643,0.15052712988968941,0.181640625,0.1717529296875,0.15812174479166666,0.16276041666666666,0.14957682291666666,0.13834635416666666,0.12803711692645803,0.1231689453125,0.12186686197916667,0.11027018229166667,0.10957845052083333,0.10107421875,0.09916178385416667,0.09867751780264497,0.1026496804916765,0.0967032967032967,0.122314453125,0.11844889322916667,0.1107177734375,0.1143798828125,0.1246337890625,0.11833645316187841,0.1129071661237785,0.11055501302083333,0.1014404296875,0.09073893229166667,0.08540852864583333,0.0836181640625,0.08223470052083333,0.08222746885939917,0.0804443359375,0.0777746123478898,0.09757486979166667,0.10384114583333333,0.1070556640625,0.10392252604166667,0.10599772135416667,0.10608341810783316,0.10869653684938754,0.10327568667344862,0.09358723958333333,0.0853271484375,0.08256022135416667,0.0780029296875,0.07881993896236013,0.07875457875457875,0.07825414274663084,0.08219401041666667,0.0987548828125,0.09989420572916667,0.09737141927083333,0.09420142421159715,0.10429298067141404,0.10563580874872838,0.10351983723296032,0.10331217447916667,0.08487955729166667,0.07796223958333333,0.0743408203125,0.07202734597542118,0.07004191933580237,0.0701904296875,0.06657171922685656,0.06669108072916667,0.07979329427083333,0.0767853509664293,0.08024088541666667,0.08102718541429269,0.08305188199389624,0.08716529665500122,0.0846629762292413,0.083740234375,0.07267252604166667,0.06510416666666667,0.06181329860828518,0.060099283854166664,0.05954658309251496,0.058390299479166664,0.0574951171875,0.051843411735981115,0.0709228515625,0.054931640625,0.061279296875,0.06363932291666667,0.06584194677301212,0.0658553461679352,0.06707366707366708,0.06697591145833333,0.05712890625,0.051717122395833336,0.049845377604166664,0.0479736328125,0.04635357317271691,0.044359433501546475,0.04445349073885609,0.03854293854293854,0.055704752604166664,0.040730794270833336,0.048787434895833336,0.04383751221100619,0.042805989583333336,0.04044925531049076,0.041720990873533245,0.038248697916666664,0.029296875,0.030965169270833332,0.02864816472694718,0.027872721354166668,0.028650496500081394,0.026175452880113984,0.030083452065947487,0.030615152872206165,0.043425176020511984,0.039510091145833336,0.032674153645833336,0.028279622395833332,0.024373372395833332,0.022705078125,0.027333088924192433,0.025146484375,0.02197265625,0.021809895833333332,0.0189208984375,0.017862955729166668,0.016927772126144457,0.016773195456581038,0.02267361393796304,0.02097674229155635,0.022216796875,0.028849283854166668,0.0234375,0.023163979807848886,0.022745768229166668,0.021444557477110885,0.02508668162349582,0.02046795523906409,0.017700915564598168,0.014607747395833334,0.012532552083333334,0.011393229166666666,0.009156763796190787,0.008753002483410008,0.009774374847275393,0.010188694624444716,0.008342829236529382,0.0103759765625,0.008015950520833334,0.007123376887694875,0.006591796875,0.005167643229166667,0.008293838862559242,0.009847806624888093,0.007568359375,0.005249237029501526,0.0035807291666666665,0.0024007161458333335,0.0021973550356052898,0.002116832892326481,0.002117436273312159,0.002079002079002079,0.002036162241407395,0.004313853166205437,0.0012613932291666667,0.0011393229166666667,0.0007731119791666666,0.0006918725326604533,0.00028560936798727,0.000040690104166666664],"averageToxinCountInMales":[2.4970703125,2.4970703125,2.489593657086224,2.5658813263525304,2.477595220313667,2.352091254752852,2.371214953271028,2.2911585365853657,2.2452153110047846,2.3228476821192054,2.332907620263942,2.3127659574468087,2.348329048843188,2.337945492662474,2.3181818181818183,2.435614109647259,2.4573275862068966,2.455330168321105,2.399734395750332,2.4888656924147528,2.383061658398299,2.235270379338176,2.2053606621994484,2.1085665818490247,2.0743394536497983,2.057427622211675,2.011764705882353,2.045203415369161,2.029504741833509,2.0395277207392195,2.039174166225516,2.0832888414308597,2.088267543859649,2.0839694656488548,1.9674705552439709,2.422340898976413,2.411654135338346,2.242110708742887,2.2407035175879395,2.1943231441048034,2.1673541543901003,2.2061855670103094,2.1162483487450463,2.1369953673064197,2.142330383480826,2.137108792846498,2.2,2.2946502057613167,2.2819455894476506,2.1902086677367576,2.028620988725065,2.6464163822525597,2.4705882352941178,2.2830188679245285,2.1300219138056975,2.299145299145299,2.2946116165150454,2.2845468053491826,2.1587301587301586,2.133884297520661,2.120960295475531,2.1480392156862744,2.202010050251256,2.203476482617587,2.1956967213114753,2.1789802289281996,2.372143634385201,2.218117854001759,2.3846153846153846,2.120472440944882,2.112126245847176,1.9853777416734362,1.9664804469273742,1.9349019607843136,1.8229942100909844,1.7864963503649636,1.7227722772277227,1.707142857142857,1.6922246220302375,1.6773504273504274,1.6659528907922911,1.6105032822757113,2.023735810113519,2.163114754098361,2.1488519398258115,2.1057770545158667,2.1783549783549785,1.9762269938650308,1.906273620559335,1.898069498069498,1.7761650114591292,1.7614593077642657,1.683049147442327,1.6782700421940928,1.6728869374313942,1.6799091940976163,1.669683257918552,1.6419161676646707,1.778894472361809,2.2904858299595143,2.3535135135135135,2.4672708962739174,2.4945273631840794,2.3877952755905514,2.2861189801699715,2.4037145650048877,2.3141153081510932,2.271546635182999,2.1657963446475197,2.128099173553719,2.138418079096045,2.1502145922746783,2.1114369501466275,2.083209509658247,1.9242424242424243,2.7473309608540926,2.7242472266244055,2.866758241758242,2.8211488250652743,2.64321608040201,2.610275689223058,2.6120689655172415,2.4510532837670382,2.371345029239766,2.2836304700162073,2.277027027027027,2.26140350877193,2.276867030965392,2.312977099236641,2.287334593572779,2.2304347826086954,2.8779411764705882,2.7034632034632033,3.039316239316239,3.0744274809160306,2.911937377690802,2.949260042283298,2.970212765957447,2.611607142857143,2.489675516224189,2.2349726775956285,2.1940298507462686,2.2006079027355625,2.241279069767442,2.246006389776358,2.0432432432432432,1.8961748633879782,2.3384912959381046,2.4393939393939394,2.556701030927835,2.624242424242424,2.698961937716263,2.6911764705882355,3.0304878048780486,2.9084967320261437,2.6,2.388888888888889,2.2605042016806722,2.2422907488986783,2.2046511627906975,2.2216981132075473,1.834983498349835,1.726643598615917,1.9158249158249159,2.595108695652174,2.637873754152824,2.8401360544217686,3.02135231316726,3,3.276315789473684,3.3453815261044175,3.3317972350230414,3.49438202247191,3.5657894736842106,3.511111111111111,3.5045871559633026,3.5247524752475248,3.217391304347826,3.059322033898305,2.9263157894736844,3.669491525423729,3.7954545454545454,3.85,4,4,4,4,4,4,4,4,4,4,4,4,4,4,4,4,4,4,4,4],