{"startTime":"2025-03-24T20:43:41.882Z","infectedMalesAtStart":1024,"infectedFemalesAtStart":1024,"toxinAntitoxinLength":3,"killRate":0.19396323697334727,"rescueRate":0.10089879732613405,"simulationLength":166,"infectionRatio":[0.08333333333333333,0.08333333333333333,0.0832580300665407,0.09232584635416667,0.09684244791666667,0.104248046875,0.10233561197916667,0.10306803385416667,0.10359700520833333,0.105712890625,0.0970458984375,0.10221354166666667,0.10233561197916667,0.09908040364583333,0.10201009114583333,0.10262044270833333,0.0994873046875,0.09935257950242274,0.09412004069175992,0.09676106770833333,0.10164388020833333,0.09781901041666667,0.09322102864583333,0.10404459635416667,0.10111490885416667,0.0986328125,0.09761555989583333,0.11475076297049848,0.11421712239583333,0.11531575520833333,0.11129196337741608,0.11202441505595118,0.11098449391559155,0.11179846160107444,0.10514322916666667,0.10139973958333333,0.10441080729166667,0.09330240885416667,0.09781901041666667,0.1129150390625,0.1060791015625,0.10644964394710071,0.10474485228290063,0.10444905767900028,0.10498046875,0.102783203125,0.10103352864583333,0.0943603515625,0.09416456417351672,0.09582739670262569,0.090087890625,0.08723958333333333,0.09151204427083333,0.0816650390625,0.096435546875,0.1004638671875,0.090087890625,0.08378092447916667,0.08504231770833333,0.08761292422885977,0.08504231770833333,0.07938639322916667,0.0738525390625,0.06807731434384537,0.06787385554425229,0.06986490885416667,0.0758056640625,0.07047812817904374,0.0751953125,0.06880696614583333,0.08695475260416667,0.09749348958333333,0.09525553385416667,0.08622233072916667,0.080078125,0.07845690567266217,0.079524642871678,0.080810546875,0.0753173828125,0.07014973958333333,0.06970782127451779,0.0676000162793537,0.0714750895473787,0.07100423177083333,0.078857421875,0.06380208333333333,0.08101399739583333,0.08817545572916667,0.0876500508646999,0.08382161458333333,0.07763671875,0.07757496740547588,0.07664753531159686,0.07527669270833333,0.07071940104166667,0.060953776041666664,0.05977862781801904,0.0596923828125,0.05419921875,0.048990885416666664,0.058349609375,0.046142578125,0.0679931640625,0.07438151041666667,0.0755239064089522,0.07308537478635957,0.07326410099776014,0.07379321591650359,0.07080942497863509,0.0631103515625,0.0618896484375,0.052652994791666664,0.0543212890625,0.04676815369586454,0.043212890625,0.042643229166666664,0.062337239583333336,0.042195638020833336,0.052449544270833336,0.0511474609375,0.05094815658826402,0.04928173198225695,0.04917165303048805,0.0492831541218638,0.0467529296875,0.036458333333333336,0.032674153645833336,0.03019328585961343,0.029500325520833332,0.02600203458799593,0.020956256358087486,0.016072591145833332,0.0284423828125,0.020833333333333332,0.022828077314343845,0.022135416666666668,0.021975338786472957,0.021936429123763788,0.021871054453630922,0.02179669993888776,0.018150740680449293,0.010782877604166666,0.009806315104166666,0.008504231770833334,0.0076904296875,0.007243722785170716,0.005208333333333333,0.007405598958333333,0.01070236835679987,0.00732421875,0.006795247395833333,0.005900065104166667,0.0057373046875,0.0057373046875,0.005741042345276873,0.004683745367164908,0.004475911458333333,0.0030517578125,0.00244140625,0.002278738555442523,0.0018718209562563581,0.0017906560312550871,0.001708984375,0.0008544921875,0.0006512006512006512,0.0004475911458333333],"averageToxinCountInMales":[2.5625,2.5625,2.5701492537313433,2.590868397493286,2.55,2.688411358403684,2.5891167192429023,2.587719298245614,2.560031595576619,2.5031055900621118,2.621551724137931,2.5995125913891144,2.638211382113821,2.5020815986677767,2.565947242206235,2.7157726180944755,2.7089859851607585,2.705541770057899,2.6640070921985815,2.890893470790378,2.83115823817292,2.6417157275021026,2.663732394366197,2.7735408560311283,2.823859087269816,2.8170631665299424,2.811320754716981,2.749299719887955,2.890063424947146,2.830975954738331,2.752751283932502,2.7905797101449274,2.7584434654919234,2.7542062911485004,2.744167962674961,2.7037037037037037,3.0142405063291138,3.0219106047326907,2.8460236886632826,2.9268985095812634,2.892830188679245,2.8582145536384096,2.7963525835866263,2.765019011406844,2.856929955290611,2.8470407378939275,2.800155520995334,2.8189438390611903,2.804366078925273,2.8051197357555737,2.8089395267309376,2.644894204231831,2.7365163572060123,2.666329625884732,2.7463706233988043,2.73371335504886,2.7520361990950226,2.83088954056696,2.7346743295019156,2.726423902894491,2.7586206896551726,2.715025906735751,2.668141592920354,2.6009615384615383,2.595667870036101,2.562647754137116,2.5703211517165006,2.431980906921241,2.5049614112458656,2.4939759036144578,2.5023212627669453,2.7402376910016977,2.905096660808436,2.925387596899225,2.9035269709543567,2.9202127659574466,2.949843260188088,2.998970133882595,2.9392265193370166,2.9501779359430604,2.9487485101311086,2.8984088127294982,2.8230500582072175,2.9791907514450866,3.1246231155778896,3.026854219948849,3.018428709990301,3.2619692863595304,3.2463636363636366,3.2521489971346704,3.3248212461695608,3.33025641025641,3.341995841995842,3.385759829968119,3.3514124293785312,3.405440414507772,3.4225165562913906,3.3409395973154363,3.25,3.3426573426573425,3.0318840579710145,3.030360531309298,2.5548780487804876,2.7527352297593,2.8580786026200875,2.8843537414965987,2.911036036036036,2.9498886414253898,2.964244521337947,2.958495460440986,2.9318479685452163,2.8348765432098766,2.7815750371471024,2.72572402044293,2.669104204753199,2.7974452554744524,2.5,2.577142857142857,2.3808049535603715,2.3712480252764614,2.4066985645933014,2.449251247920133,2.448160535117057,2.4403361344537817,2.4275618374558303,2.440449438202247,2.4354430379746836,2.4806629834254146,2.460227272727273,2.4640522875816995,2.4715447154471546,2.672222222222222,3.0348837209302326,3.263374485596708,2.8576512455516014,2.760869565217391,2.769230769230769,2.7720588235294117,2.774907749077491,2.7777777777777777,2.776824034334764,2.4122137404580153,2.4390243902439024,2.2735849056603774,2.150537634408602,2.1235955056179776,2.0517241379310347,3.2705882352941176,2.6444444444444444,2.433333333333333,2.0357142857142856,2.0422535211267605,2.0434782608695654,2.0434782608695654,2.0434782608695654,2,2,2,2,2,2,2,2,2,2,2],