{"startTime":"2025-03-24T20:33:55.228Z","infectedMalesAtStart":16,"infectedFemalesAtStart":32,"toxinAntitoxinLength":3,"killRate":0.43565460147428803,"rescueRate":0.5111496538385711,"simulationLength":36,"infectionRatio":[0.003844921499519385,0.003844921499519385,0.0038838093696901043,0.0019651513166513822,0.0018332179085020573,0.0026041666666666665,0.0016682942708333333,0.0017903645833333333,0.0031331380208333335,0.0029703776041666665,0.0027669270833333335,0.0021565755208333335,0.0021158854166666665,0.0018310546875,0.0014241536458333333,0.0012613932291666667,0.0012207527975584944,0.0012211503236048357,0.0034201954397394137,0.0015869140625,0.0008951822916666666,0.0007731119791666666,0.0006103515625,0.0006103763987792472,0.0006103515625,0.0006103515625,0.0006103515625,0.0006103515625,0.0004475911458333333,0.00020345052083333334,0.00020345052083333334,0.00020345052083333334,0.00020345052083333334,0.00016276041666666666,0.0000406934158053227,0.000040690104166666664],"averageToxinCountInMales":[2,2,2,2.0714285714285716,1.7647058823529411,1.8666666666666667,1.1428571428571428,0.9130434782608695,1.4390243902439024,1.4871794871794872,1.5405405405405406,1.7,1.7241379310344827,1.8,1.3529411764705883,1.2666666666666666,1.2857142857142858,1.2857142857142858,3.5789473684210527,2.608695652173913,3.4285714285714284,3.25,4.25,4.25,4.25,4.25,4.25,4.25,4.25,4.25,4.25,4.25,4.25,4,null,null],"averageAntitoxinCountInFemales":[2.53125,2.53125,2.53125,2.5483870967741935,2.7142857142857144,2.5588235294117645,1.75,1.6666666666666667,1.75,1.7941176470588236,1.8064516129032258,2.0869565217391304,2.0869565217391304,2,2.111111111111111,2.125,2.125,2.125,3.891304347826087,2.625,4.125,4.714285714285714,4.714285714285714,4.714285714285714,4.714285714285714,4.714285714285714,4.714285714285714,4.714285714285714,3.3333333333333335,5,5,5,5,5,5,5],"reproductiveSuccessOverTime":[0,0,0,0.0066815144766146995,0.0007332871634008229,0,0,0,0,0,0.000040690104166666664,0,0,0,0,0,0,0,0.00008143322475570033,0,0,0,0,0,0,0,0.00008138020833333333,0.00008138020833333333,0,0,0,0,0,0,0.0000813868316106454,0]}