{"startTime":"2025-03-24T20:33:55.228Z","infectedMalesAtStart":16,"infectedFemalesAtStart":32,"toxinAntitoxinLength":3,"killRate":0.8711660358087097,"rescueRate":0.9115629132559072,"simulationLength":148,"infectionRatio":[0.004078857919782461,0.004078857919782461,0.004033642293168555,0.002135684100513473,0.002849002849002849,0.004191080729166667,0.0027669270833333335,0.0028483072916666665,0.004679361979166667,0.004191080729166667,0.007364908854166667,0.0072021484375,0.006876627604166667,0.006591796875,0.0064697265625,0.006306966145833333,0.0062255859375,0.0062301490349376985,0.006510946528851632,0.0052490234375,0.004231770833333333,0.004842122395833333,0.004638671875,0.0037027994791666665,0.01123046875,0.0107421875,0.008870803662258392,0.008463541666666666,0.008423879868147967,0.00830078125,0.008260091145833334,0.008260091145833334,0.008260091145833334,0.008220069992675185,0.007893880208333334,0.0064697265625,0.005126953125,0.008463541666666666,0.007120768229166667,0.00537109375,0.019206510681586977,0.0185546875,0.016728397574178842,0.013674100602311574,0.013510214047367136,0.013509114583333334,0.013346354166666666,0.013021893057703264,0.012696862409962154,0.012044270833333334,0.01123046875,0.0106201171875,0.009073893229166666,0.006632486979166667,0.004842122395833333,0.0032958984375,0.014690323105721494,0.014119466145833334,0.012452185236428746,0.011881510416666666,0.012898763020833334,0.012736002604166666,0.012288411458333334,0.012247721354166666,0.014080494852073414,0.013882669055082848,0.012657712657712658,0.010050455729166666,0.009073893229166666,0.007609049479166667,0.006144205729166667,0.0045166015625,0.014038657171922686,0.018229166666666668,0.013597687578878801,0.01164021164021164,0.013590494791666666,0.013387044270833334,0.012898763020833334,0.01281842597867665,0.016438802083333332,0.01648620043963201,0.016927083333333332,0.013671875,0.011067708333333334,0.009358723958333334,0.008748372395833334,0.005859375,0.009806315104166666,0.00838523222208654,0.006267296109392805,0.005414427617651848,0.0072021484375,0.006795247395833333,0.006632486979166667,0.006471569864463348,0.009607164665174028,0.010908942890869865,0.009485811993648985,0.0098876953125,0.009440104166666666,0.007649739583333333,0.007161458333333333,0.0035400390625,0.0031331380208333335,0.0028892325221779114,0.00260459059091649,0.002035250539341393,0.0017496744791666667,0.0013021363173957273,0.0013020833333333333,0.0011801570829772514,0.0037056643726839597,0.0036653905677282725,0.00301131276959388,0.0028076171875,0.004597981770833333,0.0042724609375,0.004069010416666667,0.0033772786458333335,0.0033772786458333335,0.003051881993896236,0.0030520061853992024,0.0030536215952119213,0.0028076171875,0.0024007161458333335,0.0024007161458333335,0.0023199967438642193,0.0058605673354767815,0.005047626801270048,0.004599291790467663,0.0037434895833333335,0.0030517578125,0.00244140625,0.001953125,0.0013427734375,0.0009362152480970407,0.0008952187182095626,0.000732660371214588,0.0006924925658886309,0.0003255208333333333,0.0001627670396744659,0.0001627670396744659,0.00012219461529061954,0.0007333170373991689,0.0007332274227056092,0.0007326901941629015,0.0000406934158053227],"averageToxinCountInMales":[2.125,2.125,2.2,2.2,2.2083333333333335,2.652173913043478,2.7142857142857144,2.53125,1.368421052631579,1.2,1.6881720430107527,1.6444444444444444,1.627906976744186,1.619047619047619,1.5783132530120483,1.5185185185185186,1.5185185185185186,1.5185185185185186,1.6235294117647059,1.2878787878787878,1.1636363636363636,1.8253968253968254,1.7903225806451613,1.6444444444444444,0.5158730158730159,0.3983050847457627,0.35051546391752575,0.29347826086956524,0.29347826086956524,0.25555555555555554,0.25555555555555554,0.25555555555555554,0.25555555555555554,0.25555555555555554,0.1839080459770115,0.15714285714285714,0.10344827586206896,2.6944444444444446,2.9456521739130435,3.4057971014492754,0.8346774193548387,0.7679324894514767,0.8425925925925926,0.7383720930232558,0.7426900584795322,0.6071428571428571,0.5542168674698795,0.3875,0.17647058823529413,0.1836734693877551,0.16417910447761194,0.16923076923076924,0.14414414414414414,0.11764705882352941,0.15625,0,0,0,0,0,0,0,0,0,0,0,0,0,0,0,0,0,0,0,0,0,0,0,0,0,0,0,0,0,0,0,0,0,0,0,0,0,0,0,0,0,0,0,0,0,0,0,0,0,0,0,0,0,0,0,0,0,0,0,0,0,0,0,0,0,0,0,0,0,0,0,0,0,0,0,0,0,0,0,0,0,0,0,0,0,0,0,0,0,0,0,0,null],"averageAntitoxinCountInFemales":[2.125,2.125,2.125,2.125,2.0434782608695654,2.526315789473684,2.6,2.6052631578947367,1.706896551724138,1.6981132075471699,1.8409090909090908,1.8505747126436782,1.8795180722891567,1.794871794871795,1.763157894736842,1.6756756756756757,1.6666666666666667,1.6666666666666667,1.7733333333333334,1.5555555555555556,1.469387755102041,2.0892857142857144,1.9807692307692308,1.8695652173913044,0.46,0.4178082191780822,0.36363636363636365,0.33620689655172414,0.3217391304347826,0.32456140350877194,0.3274336283185841,0.3274336283185841,0.3274336283185841,0.3125,0.2803738317757009,0.29213483146067415,0.25,2.17,2.4698795180722892,2.7777777777777777,0.6294642857142857,0.4155251141552511,0.441025641025641,0.31097560975609756,0.3105590062111801,0.18292682926829268,0.12345679012345678,0.0625,0.031446540880503145,0.03355704697986577,0.035211267605633804,0.03816793893129771,0.044642857142857144,0,0,0,0,0,0,0,0,0,0,0,0,0,0,0,0,0,0,0,0.00625,0.004651162790697674,0,0,0,0,0,0,0,0,0,0,0,0,0,0,0,0,0,0,0,0,0,0,0,0,0,0,0,0,0,0,0,0,0,0,0,0,0,0,0,0,0,0,0,0,0,0,0,0,0,0,0,0,0,0,0,0,0,0,0,0,0,0,0,0,0,0,0,0,0,0,0,0,0,0],"reproductiveSuccessOverTime":[0,0,0,0.008406416140318989,0.0001628001628001628,0,0.000040690104166666664,0,0,0,0,0,0,0,0,0.00008138020833333333,0,0,0.0000406934158053227,0,0,0,0,0,0,0,0,0,0,0,0.000040690104166666664,0,0,0,0,0,0,0,0,0,0,0,0,0,0,0,0,0,0,0.000040690104166666664,0,0,0,0,0,0,0,0,0,0,0,0,0.000040690104166666664,0,0,0,0,0,0,0,0,0,0,0.000040690104166666664,0.00004071163945772096,0,0,0,0,0,0.000040690104166666664,0,0.000040690104166666664,0,0,0,0,0.000040690104166666664,0.000040690104166666664,0.00008141002157365571,0.00004069672798307016,0,0,0,0,0.00004070169726077577,0.00008141664970486465,0,0,0,0,0,0,0,0.000040690104166666664,0,0,0,0,0,0.00008138020833333333,0.00008139014365360354,0.0000814431730260211,0,0,0,0,0,0,0,0,0,0,0,0,0,0,0.00004070169726077577,0.000040698384274144313,0.000040706667752177804,0,0,0,0,0,0,0,0,0,0,0,0,0,0,0,0.00008146971363395658,0.000040705010786827856,0]}