{"startTime":"2025-03-24T20:33:55.229Z","infectedMalesAtStart":16,"infectedFemalesAtStart":32,"toxinAntitoxinLength":3,"killRate":0.04081100388175807,"rescueRate":0.8460005940063737,"simulationLength":51,"infectionRatio":[0.003939269593762823,0.003939269593762823,0.003972523379955309,0.0020542855894051314,0.006280331144733086,0.004557291666666667,0.004557291666666667,0.004109700520833333,0.003662109375,0.0032552083333333335,0.004109700520833333,0.004109700520833333,0.005086263020833333,0.004923502604166667,0.003987630208333333,0.0032552083333333335,0.0032145182291666665,0.003216481413623224,0.0030517578125,0.0024820963541666665,0.0062255859375,0.005126953125,0.0045166015625,0.003987630208333333,0.0033365885416666665,0.0032145182291666665,0.0024007161458333335,0.0019124348958333333,0.001708984375,0.0017091930167256746,0.0016682942708333333,0.0016682942708333333,0.0016682942708333333,0.0016289297931259162,0.0013834635416666667,0.0008951822916666666,0.0018717447916666667,0.00146484375,0.0014241536458333333,0.0009358723958333334,0.0006917317708333334,0.0005696614583333334,0.0004069010416666667,0.0004069010416666667,0.0004069010416666667,0.0004069010416666667,0.00020345052083333334,0.0002034587995930824,0.00020345052083333334,0.0001627802873072071,0.00008138020833333333],"averageToxinCountInMales":[2.8125,2.8125,2.8125,2.7333333333333334,4.04054054054054,4.615384615384615,4.576923076923077,4.653061224489796,4.659090909090909,4.853658536585366,4.36734693877551,4.36734693877551,4.396825396825397,4.435483870967742,4.62962962962963,4.761904761904762,4.804878048780488,4.804878048780488,4.666666666666667,4.444444444444445,5.869565217391305,6.089285714285714,6,5.785714285714286,6.088235294117647,6.212121212121212,5.916666666666667,5.631578947368421,5.375,5.375,5.375,5.375,5.375,5.375,5.142857142857143,5,6.421052631578948,7,7,7,7,7,7,7,7,7,7,7,7,7,7],"averageAntitoxinCountInFemales":[2.375,2.375,2.375,2.375,3.7125,4.266666666666667,4.3,4.596153846153846,4.6521739130434785,5.076923076923077,4.596153846153846,4.596153846153846,4.306451612903226,4.237288135593221,4.363636363636363,4.5,4.5,4.5,4.527777777777778,4.5,6.166666666666667,6.371428571428571,6.266666666666667,6.214285714285714,6.291666666666667,6.478260869565218,6.314285714285714,6.142857142857143,6.076923076923077,6.076923076923077,6.04,6.04,6.04,6,5.8,5.642857142857143,6.296296296296297,7,7,7,7,7,7,7,7,7,7,7,7,7,7],"reproductiveSuccessOverTime":[0,0,0,0.007467463668246985,0.00008156274213939073,0,0,0,0,0,0,0,0,0,0,0,0,0,0,0,0,0,0,0,0,0,0,0,0.000040690104166666664,0.00008139014365360354,0.000040690104166666664,0,0,0,0,0,0,0,0,0,0,0,0,0,0,0,0,0,0.000040690104166666664,0,0]}