{"startTime":"2025-03-24T21:01:06.836Z","infectedMalesAtStart":2056,"infectedFemalesAtStart":2056,"toxinAntitoxinLength":3,"killRate":1,"rescueRate":0.5,"simulationLength":127,"infectionRatio":[0.16731770833333334,0.16731770833333334,0.16758354544708104,0.17142740885416666,0.16475423177083334,0.15828450520833334,0.16914876302083334,0.17500813802083334,0.1732177734375,0.16691080729166666,0.17289225260416666,0.17923990885416666,0.1693115234375,0.1627197265625,0.16617838541666666,0.16996256510416666,0.17008463541666666,0.16949704744451233,0.16819957675402897,0.16560872395833334,0.1627197265625,0.15132649739583334,0.148193359375,0.17029501525940996,0.16327527266807748,0.16267903645833334,0.15718587239583334,0.15360514322916666,0.15376790364583334,0.15268790949416025,0.1448974609375,0.14347914547304172,0.1418165540815496,0.1396702625686953,0.1358642578125,0.11531575520833333,0.12589518229166666,0.10982259114583333,0.11344401041666667,0.12303622303622304,0.1266734486266531,0.1302490234375,0.12589518229166666,0.1199951171875,0.10860188802083333,0.10746256510416667,0.10791015625,0.10567220052083333,0.10042726347914548,0.09782697159599577,0.09749348958333333,0.08146821844225605,0.08296712239583333,0.06970498474059003,0.07670084635416667,0.07939285423618458,0.0758056640625,0.07511393229166667,0.07621256510416667,0.0676297049847406,0.059407552083333336,0.06201171875,0.05770091556459817,0.055216471354166664,0.0521240234375,0.04972937777235177,0.04976804752990966,0.04394888906974852,0.050862630208333336,0.043986002604166664,0.04203800919708623,0.03969546453871835,0.040364583333333336,0.045328776041666664,0.04248046875,0.03993486668023611,0.037190755208333336,0.03548321464903357,0.032633463541666664,0.029502726458858958,0.028123728123728122,0.026531027466937945,0.025597200179058317,0.0198974609375,0.028116861979166668,0.02372329603255341,0.019654919833970864,0.017171922685656156,0.026287946610238463,0.028849283854166668,0.031453450520833336,0.03031659477496541,0.030598958333333332,0.027058919270833332,0.023681640625,0.019694010416666668,0.0186767578125,0.01611328125,0.014249653936975816,0.01318359375,0.019368489583333332,0.016398111979166668,0.013753255208333334,0.011764226980379386,0.0152587890625,0.0128173828125,0.012247721354166666,0.012452691979001344,0.010579427083333334,0.009847005208333334,0.008585611979166666,0.007853190104166666,0.0068359375,0.00646998982706002,0.004192104192104192,0.006754557291666667,0.006632486979166667,0.005615234375,0.0014649033570701933,0.0013834635416666667,0.0009765625,0.0003255208333333333,0.000244140625,0.0001627670396744659,0.00016276041666666666,0.0001220703125,0.00008138020833333333],"averageToxinCountInMales":[2.534533073929961,2.534533073929961,2.539486673247779,2.5114832535885165,2.59375,2.618850336613154,2.566389024987751,2.607329842931937,2.5675156174915905,2.5319781854238967,2.5973089860643923,2.506716072255674,2.5310981535471333,2.5360772357723578,2.5534028812717335,2.510184287099903,2.5009633911368017,2.502906976744186,2.4985221674876845,2.536224741251848,2.6210840377921434,2.5214854111405836,2.34002169197397,2.4904428904428904,2.3895720609936055,2.4329845540607873,2.4416114227434984,2.386257157730349,2.381400208986416,2.3703116745905968,2.4754376058723886,2.4476409666283083,2.391657010428737,2.3755896226415096,2.5293764988009593,2.4932480454868515,2.3976833976833976,2.4205052005943535,2.2496402877697843,2.4367588932806323,2.23738680465718,2.3634069400630913,2.348563968668407,2.290721649484536,2.236100533130236,2.30370942812983,2.24,2.1373626373626373,2.1248966087675765,2.0966638152266897,2.238382099827883,2.4058272632674296,2.385148514851485,2.530035335689046,2.165079365079365,2.328236493374108,2.100534759358289,2.1880341880341883,2.3382978723404255,2.3877300613496932,2.4675862068965517,2.2952127659574466,2.5021398002853066,2.505865102639296,2.5086614173228345,2.512396694214876,2.4654605263157894,2.285451197053407,2.4664586583463337,2.4825046040515653,2.3843283582089554,2.404296875,1.9068441064638784,2.560067681895093,2.229357798165138,2.26171875,2.3298097251585626,2.302013422818792,2.3333333333333335,2.2053333333333334,2.2148760330578514,2.2767857142857144,2.250783699059561,2.165289256198347,2.5644699140401146,2.9210526315789473,2.8947368421052633,3.0952380952380953,1.6706948640483383,1.8100558659217878,1.740053050397878,1.7747252747252746,1.669398907103825,1.7547169811320755,1.6334519572953736,1.1512605042016806,1.1096491228070176,1.0796019900497513,1.0662983425414365,0.9520958083832335,1.7385892116182573,1.9543147208121827,2.005952380952381,2.0140845070422535,1.4444444444444444,1.5403726708074534,1.9044585987261147,2.0443037974683542,2.3106060606060606,2.319327731092437,2.2058823529411766,2.1595744680851063,2.0375,1.948051948051948,2.4782608695652173,1.4269662921348314,1.4367816091954022,1.5205479452054795,2.176470588235294,2.2,1.8,4,3,3,3,null,null],"averageAntitoxinCountInFemales":[2.5009727626459144,2.5009727626459144,2.5009727626459144,2.5105982100800754,2.5961633054599114,2.600816743236345,2.5543478260869565,2.6236363636363635,2.6314338235294117,2.565947242206235,2.6268450184501844,2.5467497773820122,2.5511174512601045,2.5465288035450517,2.600676001931434,2.601891252955083,2.586977186311787,2.5896091515729265,2.5801236329053734,2.611954924056835,2.717303822937626,2.5986913849509268,2.407675194660734,2.5431372549019606,2.403233956543709,2.509794073329985,2.534700315457413,2.4805825242718447,2.4654155495978554,2.455621301775148,2.5016759776536315,2.482662192393736,2.462762933484935,2.446685878962536,2.526630760023938,2.524176594253679,2.4006493506493505,2.4094604582409462,2.2660944206008584,2.443189368770764,2.269304403318443,2.412128712871287,2.393725992317542,2.318607764390897,2.265486725663717,2.3578322197475874,2.1974852071005917,2.130007558578987,2.112787926926132,2.08582995951417,2.245542949756888,2.4015369836695486,2.4188532555879494,2.5243055555555554,2.2159574468085106,2.3268041237113404,2.103448275862069,2.179120879120879,2.292604501607717,2.293978748524203,2.3346938775510204,2.161917098445596,2.2747559274755926,2.311111111111111,2.303405572755418,2.325769854132901,2.286178861788618,2.2383612662942274,2.4203612479474548,2.4479553903345725,2.41046277665996,2.367170626349892,1.9935622317596566,2.5831739961759084,2.4549098196392785,2.5202558635394454,2.5374149659863945,2.5176470588235293,2.5370843989769822,2.4171428571428573,2.402439024390244,2.4272151898734178,2.3741935483870966,2.2388663967611335,2.5760233918128654,2.802867383512545,2.7584745762711864,2.8254716981132075,1.6825396825396826,1.829059829059829,1.77020202020202,1.8136482939632546,1.7305699481865284,1.8155619596541788,1.6877076411960132,1.1666666666666667,1.0735930735930737,1.1282051282051282,1.1124260355029585,1.0445859872611465,1.8170212765957447,2.0194174757281553,2.0352941176470587,2.0272108843537415,1.543010752688172,1.8051948051948052,2.1458333333333335,2.331081081081081,2.6328125,2.569105691056911,2.4403669724770642,2.4343434343434343,2.340909090909091,2.1707317073170733,2.0526315789473686,1.4805194805194806,1.5921052631578947,1.5846153846153845,2.3684210526315788,2.3684210526315788,2.142857142857143,3.3333333333333335,3.4,3,3,3,3],"reproductiveSuccessOverTime":[0,0,0,0,0,0,0,0,0,0,0,0,0,0,0,0,0.000040690104166666664,0.000040724903278354713,0.00004069672798307016,0,0,0,0,0,0,0,0,0,0,0,0,0,0,0,0,0,0,0,0,0,0,0,0,0.000040690104166666664,0,0,0,0,0,0,0,0,0,0,0,0,0.00008138020833333333,0,0,0.00008138351983723296,0,0,0,0.000040690104166666664,0.000040690104166666664,0,0,0,0,0,0,0,0,0,0,0.000040708324852432325,0,0,0,0,0,0,0.00004069507182680177,0,0,0.00004069175991861648,0.0000813868316106454,0,0,0,0,0,0.000040690104166666664,0,0,0,0,0,0,0,0,0.000040690104166666664,0,0,0,0,0,0,0,0,0,0.000040690104166666664,0,0.00004069175991861648,0,0,0,0,0,0.000040690104166666664,0,0.000040690104166666664,0.000040690104166666664,0,0.000040690104166666664,0,0]}