{"startTime":"2025-03-24T20:43:41.882Z","infectedMalesAtStart":1024,"infectedFemalesAtStart":1024,"toxinAntitoxinLength":3,"killRate":0.9910283024073979,"rescueRate":0.8215420341663875,"simulationLength":137,"infectionRatio":[0.08333333333333333,0.08333333333333333,0.0835387902695595,0.09012858072916667,0.07975260416666667,0.09236653645833333,0.08256022135416667,0.07625325520833333,0.08504231770833333,0.08015950520833333,0.07857259114583333,0.07470703125,0.073974609375,0.07568359375,0.07234700520833333,0.07149251302083333,0.06978352864583333,0.06955246976422201,0.071533203125,0.062174479166666664,0.06522623697916667,0.06815592447916667,0.061442057291666664,0.056233723958333336,0.060750325520833336,0.056925455729166664,0.051920572916666664,0.045450846354166664,0.047403971354166664,0.046712239583333336,0.04496439471007121,0.043131510416666664,0.042683919270833336,0.042439778645833336,0.04032553407934893,0.042317708333333336,0.06514485677083333,0.06791178385416667,0.0618896484375,0.061564127604166664,0.0595703125,0.053141276041666664,0.051350911458333336,0.038614908854166664,0.037638346354166664,0.032918294270833336,0.027711088504577822,0.02547407829413201,0.02356244658771823,0.022786458333333332,0.020100911458333332,0.020060221354166668,0.0340576171875,0.032063802083333336,0.031047812817904374,0.035563151041666664,0.0322265625,0.0291748046875,0.027140299479166668,0.022787385554425228,0.019816080729166668,0.017252604166666668,0.016682942708333332,0.014614288622023203,0.014078776041666666,0.013875325520833334,0.012980671414038657,0.013753255208333334,0.0211181640625,0.021648016276703968,0.019816080729166668,0.026163736979166668,0.022501627604166668,0.01940996948118006,0.0181884765625,0.0169677734375,0.015667602653318683,0.0150146484375,0.014282807731434385,0.013633958731838347,0.013224283854166666,0.012939453125,0.012613932291666666,0.0106201171875,0.017008463541666668,0.0186767578125,0.013021893057703264,0.0211181640625,0.020467122395833332,0.0185546875,0.017374674479166668,0.0147705078125,0.013712565104166666,0.013224283854166666,0.012044270833333334,0.011881510416666666,0.01131415082821212,0.011313229967850892,0.010660807291666666,0.009073893229166666,0.014729817708333334,0.015869140625,0.012044270833333334,0.0179443359375,0.014485677083333334,0.013224283854166666,0.013142903645833334,0.011515299479166666,0.009318033854166666,0.008748372395833334,0.00830078125,0.00809766022380468,0.00773237831678333,0.006998697916666667,0.006593138252411379,0.0057373046875,0.005086263020833333,0.002726902726902727,0.0022797589969060414,0.004638671875,0.004638671875,0.004069175991861648,0.0040283203125,0.0019124348958333333,0.001708984375,0.001708984375,0.001708984375,0.0017094712849525825,0.0037032515362389615,0.0037027994791666665,0.002767039674465921,0.0026856561546286877,0.0018310546875,0.0011393692777212615,0.0006919288534331881,0.0003255473264425816,0.00016276041666666666],"averageToxinCountInMales":[2.55078125,2.55078125,2.5533596837944663,2.6794425087108014,2.6579476861167004,2.777586206896552,2.7678227360308285,2.6542827657378743,2.620754716981132,2.505030181086519,2.495449949443883,2.5203426124197,2.563852813852814,2.505252100840336,2.5005476451259585,2.4569832402234635,2.4868571428571427,2.487327188940092,2.540268456375839,2.748663101604278,2.7711313394018204,2.8574969021065675,2.8356545961002784,2.714501510574018,2.5575589459084607,2.5707831325301207,2.6133333333333333,2.5894941634241246,2.5516605166051662,2.44547134935305,2.4545454545454546,2.405241935483871,2.375,2.3549695740365113,2.243010752688172,2.699203187250996,2.6104575163398693,2.94147582697201,2.9481792717086837,2.7105624142661178,2.4894810659186537,2.464,2.4006622516556293,2.3820960698689957,2.1261061946902653,2.1954887218045114,2.280597014925373,2.238853503184713,2.2693602693602695,2.267361111111111,2.3201581027667983,2.6016949152542375,2.0874704491725766,2.44987146529563,2.448,2.144186046511628,2.0775193798449614,2.0344827586206895,2.0186915887850465,1.9063670411985019,1.8405172413793103,1.9090909090909092,1.8854166666666667,1.9064327485380117,1.9156626506024097,1.9146341463414633,1.881578947368421,2.3540372670807455,2.21978021978022,2.2230483271375463,2.2550607287449393,2.135646687697161,2.1768953068592056,2.0798319327731094,2.022222222222222,2.014423076923077,2.0157068062827226,2.016304347826087,2.0170454545454546,2.0176470588235293,2.0180722891566263,2.01840490797546,2.00625,2.0076923076923077,2.0048076923076925,2,2,2,2,2,2,2,2,2,2,2,2,2,2,2,2,2,2,2,2,2,2,2,2,2,2,2,2,2,2,2,2,2,2,2,2,2,2,2,2,2,2,2,2,2,2,2,2,2,2,2,2],"averageAntitoxinCountInFemales":[2.5107421875,2.5107421875,2.5122428991185113,2.625117150890347,2.599378881987578,2.72972972972973,2.727547931382442,2.6386740331491714,2.7,2.6086065573770494,2.59447983014862,2.6407982261640797,2.7114093959731544,2.655286343612335,2.6196531791907516,2.5962877030162415,2.607142857142857,2.607142857142857,2.673611111111111,2.83974358974359,2.8884892086330933,2.9493087557603688,2.9406565656565657,2.7805555555555554,2.571243523316062,2.5605442176870747,2.6153846153846154,2.625207296849088,2.582664526484751,2.489291598023064,2.4676870748299318,2.404255319148936,2.3743218806509945,2.367272727272727,2.2680608365019013,2.607806691449814,2.6638755980861246,2.9864099660249153,3.006195786864932,2.7895408163265305,2.5685752330226364,2.481644640234949,2.430091185410334,2.364562118126273,2.1289640591966172,2.1731707317073172,2.286127167630058,2.2564102564102564,2.297872340425532,2.301470588235294,2.3858921161825726,2.700389105058366,2.241545893719807,2.611528822055138,2.5257731958762886,2.2387387387387387,2.2098765432098766,2.18970189701897,2.167630057803468,2.0102389078498293,1.9411764705882353,1.9867256637168142,1.944954128440367,1.9787234042553192,1.988888888888889,1.9943502824858756,2.0059880239520957,2.2768361581920904,2.1991869918699187,2.193916349809886,2.175,2.0828220858895707,2.152173913043478,2.100418410041841,2.054054054054054,2.047846889952153,2.051546391752577,2.054054054054054,2.057142857142857,2.0606060606060606,2.069182389937107,2.0580645161290323,2.02,2.030534351145038,2,2,2,2,2,2,2,2,2,2,2,2,2,2,2,2,2,2,2,2,2,2,2,2,2,2,2,2,2,2,2,2,2,2,2,2,2,2,2,2,2,2,2,2,2,2,2,2,2,2,2,2,2],"reproductiveSuccessOverTime":[0,0,0,0.0000016954210069444444,0,0,0,0,0,0,0,0,0,0,0,0,0.000040690104166666664,0,0.00008138020833333333,0,0,0,0,0,0,0,0,0,0,0,0,0.00008138020833333333,0,0,0,0,4.1948560996563573e-7,0,0,0,0,0,0,0,0,0,0,0.0000406934158053227,0.00004069507182680177,0.000040690104166666664,0,0,0,0,0,0,0,0.000006404809487688179,0.000006404809487688179,0,0,0,0,0.00012212497455729696,0,0,0,0,0,0,0,0,0,0,0.000040690104166666664,0,0,0,0,0,0,0.000040690104166666664,0.00008138020833333333,0,0,0,0,0,0,0,0,0,0,0,0,0.0001220703125,0.000040698384274144313,0.00004069507182680177,0.0001220703125,0,0,0,0,0,0,0,0,0,0,0,0,0,0,0,0,0,0,0,0,0,0,0,0,0,0,0,0,0.00008140339452155154,0,0,0,0,0.000040690104166666664,0,0,0,0]}