{"startTime":"2025-03-24T20:33:55.229Z","infectedMalesAtStart":16,"infectedFemalesAtStart":32,"toxinAntitoxinLength":3,"killRate":0.8711660358087097,"rescueRate":0.9115629132559072,"simulationLength":115,"infectionRatio":[0.003830806065442937,0.003830806065442937,0.003783914338620079,0.004193493730938665,0.005045572916666667,0.007161458333333333,0.006917317708333333,0.008382161458333334,0.008504231770833334,0.0081787109375,0.007975260416666666,0.007405598958333333,0.006998697916666667,0.0067138671875,0.0084228515625,0.00830078125,0.008015950520833334,0.008022479231145137,0.006063812469477454,0.0078125,0.005900065104166667,0.005045572916666667,0.007242838541666667,0.006266276041666667,0.005818684895833333,0.004883209896638724,0.0047607421875,0.004638671875,0.0040283203125,0.0037841796875,0.0036214192708333335,0.0036214192708333335,0.0035810205908683975,0.0035400390625,0.0033395780728190925,0.004231770833333333,0.0026041666666666665,0.0023600260416666665,0.0021158854166666665,0.0020345052083333335,0.0017496744791666667,0.0015462239583333333,0.0015055338541666667,0.00146484375,0.0010986328125,0.0010986775178026449,0.0010987222267437129,0.0010986328125,0.0010986328125,0.0010986328125,0.001017749552190197,0.0059814453125,0.007039388020833333,0.007731119791666667,0.0069580078125,0.005289713541666667,0.0032552083333333335,0.0029296875,0.0027262369791666665,0.0022379557291666665,0.0019938151041666665,0.0019938151041666665,0.0019943019943019944,0.0013427734375,0.0013021363173957273,0.0012613932291666667,0.00101758384890915,0.0010986328125,0.005086263020833333,0.0035807291666666665,0.0030110677083333335,0.002848770958814911,0.0022379557291666665,0.0017903645833333333,0.0017496744791666667,0.0017496744791666667,0.0017498880885524763,0.0017496744791666667,0.0017091930167256746,0.0017091930167256746,0.001708984375,0.0017093321395140614,0.0016697890364095463,0.0011800130208333333,0.002890173410404624,0.0028483072916666665,0.0027669270833333335,0.00252309445326171,0.001953125,0.0019124348958333333,0.0017903645833333333,0.0017496744791666667,0.0017497456765005086,0.0017497456765005086,0.001749816879628876,0.0017496744791666667,0.0017496744791666667,0.001749959303272017,0.0017510282200594535,0.0009358723958333334,0.0006104260774020266,0.0002848307291666667,0.0002848655027876124,0.0001627670396744659,0.00016276041666666666,0.00016276041666666666,0.0001220703125,0.0001220703125,0.0001220703125,0.0001220703125,0.00012211503236048357,0.0001221548108636345,0.0001221597849987784,0.0001221548108636345,0.00008138351983723296],"averageToxinCountInMales":[2.6875,2.6875,2.6666666666666665,2.8974358974358974,3.9642857142857144,2.975609756097561,2.9625,2.4375,2.4545454545454546,2.4105263157894736,2.4130434782608696,2.3333333333333335,2.1794871794871793,2.2133333333333334,1.8571428571428572,1.824742268041237,1.7849462365591398,1.7849462365591398,2,1.7252747252747254,1.7361111111111112,1.8095238095238095,1.2705882352941176,1.2567567567567568,1.106060606060606,0.9454545454545454,0.9444444444444444,0.9411764705882353,0.7727272727272727,0.6829268292682927,0.65,0.65,0.65,0.6666666666666666,0.5294117647058824,0.8372093023255814,1.588235294117647,1.793103448275862,2,2,2,2,2,2,2,2,2,2,2,2,2,2,2,2,2,2,2,2,2,2,2,2,2,2,2,2,2,2,2,2,2,2,2,2,2,2,2,2,2,2,2,2,2,2,2,2,2,2,2,2,2,2,2,2,2,2,2,2,2,2,2,2,2,2,2,2,null,null,null,null,null,null,null,null,null],"averageAntitoxinCountInFemales":[2.28125,2.28125,2.28125,2.6,3.7941176470588234,2.9468085106382977,2.966666666666667,2.536363636363636,2.518181818181818,2.481132075471698,2.4615384615384617,2.520408163265306,2.4468085106382977,2.422222222222222,1.9541284403669725,1.9345794392523366,1.9615384615384615,1.9615384615384615,2.125,2.099009900990099,1.6575342465753424,1.7868852459016393,1.021505376344086,1.0125,0.974025974025974,0.7846153846153846,0.6984126984126984,0.6984126984126984,0.509090909090909,0.5,0.40816326530612246,0.40816326530612246,0.4166666666666667,0.4166666666666667,0.4166666666666667,0.8360655737704918,1.9,1.9655172413793103,2.1923076923076925,2.2,2.238095238095238,2.263157894736842,2.2777777777777777,2.2777777777777777,2.3076923076923075,2.3076923076923075,2.3076923076923075,2.3076923076923075,2.3076923076923075,2.3076923076923075,2.3333333333333335,2.0597014925373136,2.049382716049383,2.046511627906977,2.05,2.064516129032258,2.121212121212121,2.1379310344827585,2.1481481481481484,2.1904761904761907,2.210526315789474,2.210526315789474,2.210526315789474,2.2857142857142856,2.3076923076923075,2.3333333333333335,2.3636363636363638,2.235294117647059,2,2,2,2,2,2,2,2,2,2,2,2,2,2,2,2,2,2,2,2,2,2,2,2,2,2,2,2,2,2,2,2,2,2,2,2,2,2,2,2,2,2,2,2,2,2,2],"reproductiveSuccessOverTime":[0,0,0,0.006014910199932226,0,0,0,0,0,0,0.000040690104166666664,0,0,0,0,0,0,0,0.00004069672798307016,0,0,0,0,0,0,0,0,0,0,0,0.00008138020833333333,0,0,0,0.000013575520621215822,0,0,0,0,0,0,0,0.000040690104166666664,0,0.00008138020833333333,0.00012207527975584945,0.0000406934158053227,0,0,0,0,0,0,0,0,0,0,0,0,0,0,0,0.0000407000407000407,0,0,0,0.00008140670791273201,0,0,0,0,0.00004069672798307016,0.000040690104166666664,0.000040690104166666664,0.000040690104166666664,0.000040690104166666664,0.00004069507182680177,0.000040690104166666664,0.00008139014365360354,0,0,0,0,0,0,0,0,0,0,0,0,0,0,0,0,0,0,0.00008139345596614032,0.0000814431730260211,0,0,0,0,0,0,0,0,0,0,0,0,0,0.00004071992833292614,0,0.00008138351983723296]}