{"startTime":"2025-03-24T20:33:55.228Z","infectedMalesAtStart":16,"infectedFemalesAtStart":32,"toxinAntitoxinLength":3,"killRate":0.09783595079706431,"rescueRate":0.05942219180203834,"simulationLength":61,"infectionRatio":[0.0038747174685179204,0.0038747174685179204,0.003920287487749101,0.002967231444052636,0.0013429920234413154,0.0010172526041666667,0.0018717447916666667,0.0028889973958333335,0.0025227864583333335,0.001953125,0.001953125,0.0017903645833333333,0.0017496744791666667,0.0015462239583333333,0.0014241536458333333,0.0013834635416666667,0.001220703125,0.0012212994626282364,0.0011396939107782482,0.0013020833333333333,0.0009765625,0.0008138020833333334,0.0006510416666666666,0.00048828125,0.0004069010416666667,0.0004069010416666667,0.001708984375,0.0013834635416666667,0.001220703125,0.0011393229166666667,0.0010580718674968461,0.0008951822916666666,0.0005696614583333334,0.0005697541917629822,0.00036622583926754833,0.0003255208333333333,0.00016276041666666666,0.0011393229166666667,0.0010986328125,0.0010986328125,0.0010579427083333333,0.0010172526041666667,0.0006917317708333334,0.00048828125,0.0004475911458333333,0.0004475911458333333,0.0003662109375,0.0003662109375,0.0003662109375,0.0003662109375,0.0003662407422479043,0.0003255208333333333,0.00020345052083333334,0.0014241536458333333,0.0013427734375,0.0013427734375,0.0013427734375,0.0003662109375,0.000244140625,0.000244140625,0.000040690104166666664],"averageToxinCountInMales":[2.75,2.75,2.75,3.2413793103448274,2.6666666666666665,1.8333333333333333,2.5789473684210527,2.3333333333333335,2.6,2.5652173913043477,2.5652173913043477,2.619047619047619,2.619047619047619,2.5789473684210527,2.6470588235294117,2.6470588235294117,2.625,2.625,2.625,2.0625,2,2,2.111111111111111,2.1666666666666665,2.2,2.2,2.1,2.1176470588235294,2.066666666666667,2.066666666666667,2.076923076923077,2.0833333333333335,2.111111111111111,2.111111111111111,2,2,2,2,2,2,2,2,2,2,2,2,2,2,2,2,2,2,2,2,2,2,2,2,2,2,2],"averageAntitoxinCountInFemales":[2.625,2.625,2.625,2.9,2.5833333333333335,2.5789473684210527,2.7037037037037037,2.4473684210526314,2.46875,2.4,2.4,2.3043478260869565,2.3636363636363638,2.473684210526316,2.5,2.5294117647058822,2.4285714285714284,2.4285714285714284,2.3333333333333335,2.5,2.4545454545454546,2,2,2,2,2,2,1.8823529411764706,1.9333333333333333,1.9230769230769231,1.9230769230769231,1.9,1.8,1.8,2,2,2,2,2,2,2,2,2,2,2,2,2,2,2,2,2,2,2,2,2,2,2,2,2,2,null],"reproductiveSuccessOverTime":[0,0,0,0.007353573578739142,0,0,0.000020345052083333332,0,0,0,0,0,0,0,0,0,0,0,0,0,0,0,0,0,0,0,0.000040690104166666664,0,0.000040690104166666664,0,0.00004069507182680177,0.000040690104166666664,0.000040690104166666664,0,0,0,0,0,0,0,0,0,0,0,0,0,0,0,0,0,0,0,0,0,0,0,0,0,0,0.000040690104166666664,0.000040690104166666664]}