{"startTime":"2025-03-24T20:33:55.229Z","infectedMalesAtStart":16,"infectedFemalesAtStart":32,"toxinAntitoxinLength":3,"killRate":0.860557565166468,"rescueRate":0.5111496538385711,"simulationLength":38,"infectionRatio":[0.003823787142515733,0.003823787142515733,0.0037842190016103058,0.002012934172769712,0.001220703125,0.006673177083333333,0.005330403645833333,0.0069580078125,0.005696614583333333,0.006184895833333333,0.005940755208333333,0.005696614583333333,0.006876627604166667,0.0067138671875,0.006510416666666667,0.0062255859375,0.006062825520833333,0.006065293495074493,0.00753656251273068,0.0038655598958333335,0.0028483072916666665,0.0030517578125,0.0015462239583333333,0.00341796875,0.0013834635416666667,0.0009765625,0.0009765625,0.0008951822916666666,0.000854526958290946,0.0008544921875,0.0008138020833333334,0.0008138020833333334,0.0008138020833333334,0.0008138020833333334,0.0007325709169345977,0.000244140625,0.00016276041666666666,0.00016276041666666666],"averageToxinCountInMales":[2.5625,2.5625,2.533333333333333,2.533333333333333,2.4444444444444446,1.6956521739130435,1.513157894736842,1.5612244897959184,1.7333333333333334,1.518987341772152,1.5526315789473684,1.5555555555555556,2.0898876404494384,2.0930232558139537,2.1058823529411765,2.107142857142857,2.1219512195121952,2.1219512195121952,1.6122448979591837,1.9814814814814814,2,1.8333333333333333,1.6842105263157894,1.3673469387755102,2.5294117647058822,2.6153846153846154,2.6153846153846154,2.8333333333333335,2.8333333333333335,2.8333333333333335,2.8333333333333335,2.8333333333333335,2.8333333333333335,2.8333333333333335,2.8333333333333335,2.5,1.6666666666666667,1.6666666666666667],"averageAntitoxinCountInFemales":[2.375,2.375,2.375,2.375,2.0952380952380953,1.875,1.8181818181818181,1.821917808219178,1.9538461538461538,1.5616438356164384,1.6,1.588235294117647,2.0625,2.0759493670886076,2.0933333333333333,2.0434782608695654,2.044776119402985,2.044776119402985,1.4367816091954022,1.951219512195122,2.0294117647058822,2.1025641025641026,2.0526315789473686,1.0857142857142856,1.9411764705882353,2.090909090909091,2.090909090909091,1.7,1.5555555555555556,1.5555555555555556,1.75,1.75,1.75,1.75,2,3.5,5,5],"reproductiveSuccessOverTime":[0,0,0,0.0064242579982012075,0,0,0,0,0,0,0.000040690104166666664,0,0.000040690104166666664,0,0,0.000040690104166666664,0.000040690104166666664,0.000040706667752177804,0.00008147635148898033,0,0,0,0,0,0,0,0,0,0,0,0,0,0,0,0,0,0,0]}