{"startTime":"2025-03-24T20:33:55.228Z","infectedMalesAtStart":16,"infectedFemalesAtStart":32,"toxinAntitoxinLength":3,"killRate":0.9783495857942636,"rescueRate":0.9279420370361429,"simulationLength":78,"infectionRatio":[0.003988035892323031,0.003988035892323031,0.004027521396207418,0.006126126126126126,0.008588407684793227,0.0103759765625,0.0128173828125,0.011637369791666666,0.009928385416666666,0.009480794270833334,0.008748372395833334,0.0076904296875,0.007120768229166667,0.006591796875,0.0059814453125,0.005208333333333333,0.006429036458333333,0.0064316535048440935,0.006022380467955239,0.00439453125,0.004353841145833333,0.0029296875,0.0027262369791666665,0.0023600260416666665,0.0022379557291666665,0.0032552083333333335,0.003173828125,0.0030110677083333335,0.002930045171529728,0.0027262369791666665,0.002685546875,0.002360410223018069,0.0041100349963375925,0.0029708611427641217,0.0028078456905672664,0.0024007161458333335,0.0026448567708333335,0.0020751953125,0.0020345052083333335,0.001790583160379278,0.0015462239583333333,0.0015462868769074262,0.0015463498006022625,0.0015061467068305787,0.0014242115971515768,0.0013021363173957273,0.0013020833333333333,0.0013021893057703264,0.00341796875,0.0034587995930824007,0.002970619353788557,0.002685546875,0.0019938151041666665,0.0018310546875,0.0018311291963377416,0.0018310546875,0.0017903645833333333,0.0017903645833333333,0.0017903645833333333,0.0017903645833333333,0.0010986328125,0.0010986328125,0.0010986328125,0.000732421875,0.0006103515625,0.0005289713541666666,0.0004476093591047813,0.0001220703125,0.0001220703125,0.0001220703125,0.0001220802474159681,0.00012208521548040532,0.0000814000814000814,0.0000813868316106454,0.0000813868316106454,0.000040698384274144313,0.0000406934158053227,0.000040690104166666664],"averageToxinCountInMales":[2.25,2.25,2.25,2.689655172413793,3.6363636363636362,3.1785714285714284,2.8289473684210527,2.8689655172413793,2.8048780487804876,2.793103448275862,2.8545454545454545,2.845360824742268,2.955056179775281,2.925925925925926,3.0704225352112675,3.1129032258064515,2.740740740740741,2.740740740740741,2.74025974025974,2.6779661016949152,2.847457627118644,2.9285714285714284,2.9444444444444446,2.7586206896551726,2.6153846153846154,2.75,2.7435897435897436,2.6842105263157894,2.6486486486486487,2.6857142857142855,2.6857142857142855,2.806451612903226,2.792452830188679,2.6470588235294117,2.75,2.740740740740741,2.53125,2.576923076923077,2.48,2.409090909090909,2.35,2.35,2.35,2.35,2.1666666666666665,2.2,2.2,2.2,2.7777777777777777,2.8285714285714287,2.6333333333333333,2.642857142857143,2.869565217391304,2.75,2.75,2.75,2.8421052631578947,2.8421052631578947,2.8421052631578947,2.8421052631578947,3.25,3.25,3.25,3.7777777777777777,4,4,4.25,null,null,null,null,null,null,null,null,null,null,null],"averageAntitoxinCountInFemales":[2.375,2.375,2.375,2.6025641025641026,3.4878048780487805,3.2237762237762237,3.01840490797546,3.1914893617021276,2.9338842975206614,2.923076923076923,3,3.0652173913043477,3.104651162790698,3.1358024691358026,3.223684210526316,3.3484848484848486,3.168831168831169,3.168831168831169,3.140845070422535,3.306122448979592,3.5,3.466666666666667,3.5483870967741935,3.6206896551724137,3.6206896551724137,3.45,3.41025641025641,3.2222222222222223,3.1714285714285713,3.15625,3.161290322580645,3.074074074074074,3.1041666666666665,3.0256410256410255,3.054054054054054,3.0625,3.121212121212121,3.36,3.36,3.3181818181818183,3.388888888888889,3.388888888888889,3.388888888888889,3.411764705882353,3.411764705882353,3.411764705882353,3.411764705882353,3.411764705882353,3.2916666666666665,3.36,3.395348837209302,3.3157894736842106,3.3461538461538463,3.28,3.28,3.28,3.28,3.28,3.28,3.28,3.466666666666667,3.466666666666667,3.466666666666667,3.2222222222222223,3,3,3,3,3,3,3,3,2,2,2,1,1,1],"reproductiveSuccessOverTime":[0,0,0,0.008378378378378378,0.00012321015251656736,0,0,0,0,0,0,0,0,0,0.000040690104166666664,0,0.000040690104166666664,0.000040706667752177804,0,0,0,0,0,0,0,0,0,0,0,0,0,0,0,0,0,0,0,0,0,0,0,0,0,0,0,0.00004069175991861648,0,0,0,0,0,0,0,0,0,0.000040690104166666664,0,0.00008138020833333333,0.00008138020833333333,0,0,0,0.000040690104166666664,0,0,0,0,0,0,0,0,0.00004069507182680177,0.0000407000407000407,0.0000406934158053227,0,0.00008139676854828863,0,0]}