{"startTime":"2025-03-24T20:43:41.882Z","infectedMalesAtStart":1024,"infectedFemalesAtStart":1024,"toxinAntitoxinLength":3,"killRate":0.2588474289675051,"rescueRate":0.8611141892475841,"simulationLength":130,"infectionRatio":[0.08333333333333333,0.08333333333333333,0.08320999835553362,0.0870361328125,0.09195963541666667,0.08414713541666667,0.08597819010416667,0.086181640625,0.07914225260416667,0.0755615234375,0.0736083984375,0.07340494791666667,0.07373046875,0.07796223958333333,0.07820638020833333,0.075927734375,0.07487283825025433,0.0747629319116031,0.07304170905391658,0.08378092447916667,0.09147135416666667,0.0823974609375,0.07743326822916667,0.07340494791666667,0.06953938802083333,0.072021484375,0.06551106770833333,0.0667724609375,0.0618896484375,0.061604817708333336,0.059611002604166664,0.05615234375,0.055094401041666664,0.056396484375,0.055460611979166664,0.057535807291666664,0.054931640625,0.050699869791666664,0.041585286458333336,0.035603841145833336,0.0289306640625,0.02820053715308863,0.025146484375,0.02649033570701933,0.022623697916666668,0.027509868554918,0.025555465125742655,0.024251302083333332,0.023356119791666668,0.023927728493529747,0.026082356770833332,0.028361002604166668,0.030598958333333332,0.029541015625,0.024007161458333332,0.021687825520833332,0.020100911458333332,0.0162353515625,0.013590494791666666,0.012858072916666666,0.012125651041666666,0.012413007203614016,0.012289411573207456,0.011027018229166666,0.009521484375,0.008870442708333334,0.010336127614551965,0.010457356770833334,0.010294596354166666,0.007975260416666666,0.008463541666666666,0.007365208545269583,0.005533854166666667,0.004760935910478128,0.004150390625,0.00341796875,0.0031740864328151704,0.0031740864328151704,0.003092825458836935,0.004109700520833333,0.003662109375,0.0032150415106625427,0.0030925737538148525,0.007080078125,0.004557291666666667,0.004313151041666667,0.004191080729166667,0.0030924479166666665,0.0015869140625,0.0010580718674968461,0.0010172526041666667,0.0008138351983723296,0.0007731119791666666,0.0007731119791666666,0.0007324814844958086,0.0020751953125,0.0017903645833333333,0.0017903645833333333,0.0017903645833333333,0.0019938151041666665,0.001953125,0.0018310546875,0.0013834635416666667,0.0007731119791666666,0.0004475911458333333,0.0004475911458333333,0.0004069175991861648,0.00016286644951140066,0.0001220703125,0.0001220703125,0.0001220802474159681,0.0025227864583333335,0.0025227864583333335,0.0025227864583333335,0.0025227864583333335,0.0025227864583333335,0.0023600260416666665,0.000244140625,0.000244140625,0.000244140625,0.000244140625,0.000244140625,0.00008141664970486465,0.00008139014365360354,0.00008138020833333333,0.00008138020833333333,0.00008138351983723296,0.0004069010416666667,0.0004069010416666667,0.00040696727983070163],"averageToxinCountInMales":[2.5068359375,2.5068359375,2.5054835493519443,2.5621033544877605,2.5183290707587385,2.387038703870387,2.447879858657244,2.730837789661319,2.8023598820059,2.752312435765673,2.7680851063829786,2.783754116355653,2.693565976008724,2.7567567567567566,2.7275574112734864,2.6525974025974026,2.66,2.6666666666666665,2.6117511520737327,2.5876923076923077,2.703598484848485,2.7591623036649215,2.720173535791757,2.6155606407322654,2.7832929782082325,2.549019607843137,2.563613231552163,2.584382871536524,2.5761316872427984,2.633879781420765,2.591666666666667,2.6895043731778427,2.6701183431952664,2.619456366237482,2.479015918958032,2.236209335219236,2.457271364317841,2.6498371335504887,2.67,2.5220417633410674,2.610951008645533,2.622418879056047,2.6351791530944624,2.5632911392405062,2.5763358778625953,2.67192429022082,2.6027397260273974,2.641304347826087,2.661654135338346,2.708487084870849,2.8245033112582782,2.591715976331361,3.305128205128205,3.244155844155844,3.2758620689655173,3.3095238095238093,3.3503649635036497,3.3225806451612905,3.337078651685393,2.9590643274853803,2.9375,2.938650306748466,2.95,3.055944055944056,2.9761904761904763,3.043103448275862,3.1846153846153844,2.8208955223880596,2.5238095238095237,2.4623655913978495,2.7572815533980584,2.8333333333333335,2.857142857142857,2.5660377358490565,2.5,2.5238095238095237,2.5,2.5,2.5,1.5272727272727273,1.52,1.3181818181818181,1.1111111111111112,1.0714285714285714,0.9180327868852459,0.7169811320754716,0.6470588235294118,0.5609756097560976,0.5652173913043478,0.375,0.3333333333333333,0.38461538461538464,0.4166666666666667,0.4166666666666667,0.45454545454545453,0.20833333333333334,0,0,0,0.1,0.1,0.1,0.15384615384615385,0.25,0,0,0,0,0,0,0,0,0,0,0,0,0,0,0,0,0,0,0,0,0,0,0,0,0,0],"averageAntitoxinCountInFemales":[2.5419921875,2.5419921875,2.5426052889324193,2.5907335907335907,2.5436982520699174,2.466039707419018,2.5759429153924565,2.9799196787148596,3.064655172413793,2.993212669683258,3.042577675489068,3.015677491601344,2.8860335195530724,2.9046121593291403,2.8641078838174274,2.770700636942675,2.726595744680851,2.727659574468085,2.7033441208198488,2.757380073800738,2.8506711409395975,2.9551401869158878,2.8623853211009176,2.717204301075269,2.851642129105323,2.6854928017718716,2.70873786407767,2.7662337662337664,2.7676767676767677,2.710997442455243,2.6711409395973154,2.7319884726224783,2.7271386430678466,2.6972343522561864,2.587797619047619,2.2701555869872703,2.445095168374817,2.6044303797468356,2.6130268199233715,2.4617117117117115,2.5467032967032965,2.542372881355932,2.5787781350482315,2.4805970149253733,2.568027210884354,2.637883008356546,2.6041666666666665,2.63125,2.6298701298701297,2.5993690851735014,2.6430678466076696,2.5292479108635098,3.110497237569061,2.93841642228739,2.892988929889299,2.790794979079498,2.809090909090909,2.89010989010989,2.9294871794871793,2.7379310344827585,2.6956521739130435,2.676056338028169,2.676056338028169,2.6953125,2.5,2.4411764705882355,2.6451612903225805,2.4715447154471546,2.2913385826771653,2.2427184466019416,2.619047619047619,2.6043956043956045,2.5753424657534247,2.296875,2.111111111111111,1.7857142857142858,1.825,1.825,1.7105263157894737,1.1956521739130435,0.9,0.8,0.8064516129032258,0.8289473684210527,0.7450980392156863,0.8113207547169812,0.8076923076923077,0.7142857142857143,0.75,0.6,0.6,0.42857142857142855,0.42857142857142855,0.42857142857142855,0.42857142857142855,0.1111111111111111,0.07692307692307693,0.07692307692307693,0.07692307692307693,0.1724137931034483,0.14285714285714285,0.16,0.19047619047619047,0.26666666666666666,0.1,0.1,0.1111111111111111,0.3333333333333333,0,0,0,0,0,0,0,0,0,0,0,0,0,0,0,0,0,0,0,0,0,0],"reproductiveSuccessOverTime":[0,0,0,0.00003886426615918803,0.000026099795386904762,0.000014940013307304229,0,0,0.000033291903409090913,0.000011837121212121212,0.000011837121212121212,0.0000331945586622807,0,0,0,0,0.00012207527975584945,0.00008139676854828863,0.00004069175991861648,0.000020345052083333332,0.000014267958603896104,0,0,0,0,0,0,0,0,0,0,0,0,0.00008138020833333333,0,0.000007398200757575758,0.000013563368055555555,0,0.000008931974085365853,0,0,0.0000406934158053227,0,0,0,0,0,0,0,0.00005897415029017536,0.00006402654962225274,0,0,0.000020345052083333332,0,0,0.000040690104166666664,0,0,0,0,0.00008139676854828863,0.0000406934158053227,0,0,0.000040690104166666664,0,0,0,0.000040690104166666664,0,0,0,0.00004069175991861648,0,0,0,0,0,0,0,0,0,0,0,0,0,0,0,0.00004069507182680177,0.000040690104166666664,0,0,0,0.0000406934158053227,0.000040690104166666664,0.000040690104166666664,0.000040690104166666664,0.000040690104166666664,0,0,0,0,0,0,0,0.00004069175991861648,0.00008143322475570033,0,0,0,0,0.00008138020833333333,0,0,0.000040690104166666664,0,0,0,0,0,0.000040690104166666664,0.000040708324852432325,0,0,0,0,0,0,0]}