{"startTime":"2025-03-24T20:33:26.773Z","infectedMalesAtStart":1024,"infectedFemalesAtStart":1024,"toxinAntitoxinLength":3,"killRate":0.343824650017551,"rescueRate":0.38180965979162373,"simulationLength":198,"infectionRatio":[0.1755679382768967,0.1755679382768967,0.17534602076124567,0.17829806393516434,0.17759080648471168,0.17832580474504536,0.1712646484375,0.168212890625,0.17252604166666666,0.17915852864583334,0.18180338541666666,0.17744954427083334,0.17769368489583334,0.16650390625,0.16552734375,0.17232259114583334,0.17415364583333334,0.1742547646196449,0.17314502014734015,0.17976888020833334,0.1739501953125,0.17647298177083334,0.15767415364583334,0.14790852864583334,0.15559895833333334,0.168701171875,0.1739501953125,0.171630859375,0.173095703125,0.16707356770833334,0.16178385416666666,0.16243489583333334,0.15726725260416666,0.16056315104166666,0.1573486328125,0.142822265625,0.15543619791666666,0.16512044270833334,0.1553955078125,0.14311874338731992,0.1307373046875,0.14396158854166666,0.14127604166666666,0.14066569010416666,0.1412353515625,0.13582356770833334,0.13785807291666666,0.13264973958333334,0.1282958984375,0.1278076171875,0.12849934895833334,0.11189778645833333,0.1231689453125,0.14249674479166666,0.135009765625,0.13252766927083334,0.13142903645833334,0.134521484375,0.13227513227513227,0.12312825520833333,0.12008627004150728,0.11336263020833333,0.115966796875,0.116943359375,0.11295572916666667,0.10872395833333333,0.11430780499715146,0.10181492634491739,0.11954752604166667,0.13248697916666666,0.12337239583333333,0.1248779296875,0.118896484375,0.1102294921875,0.10941061543471182,0.10294596354166667,0.0981070628943619,0.0919189453125,0.09110514322916667,0.087646484375,0.08558521894839655,0.0807324516785351,0.08481888481888482,0.07072227873855544,0.08841959635416667,0.1077880859375,0.09847005208333333,0.1031494140625,0.09842936197916667,0.09200032552083333,0.08897391021205585,0.07840983072916667,0.07358267876765293,0.06868489583333333,0.06583658854166667,0.06767590444797135,0.06909460834181079,0.06587727864583333,0.07059733072916667,0.05307501322805161,0.0618896484375,0.08939615885416667,0.08231608072916667,0.08186848958333333,0.08105798575788403,0.07964025556505107,0.07665661423098867,0.06591796875,0.056846388606307224,0.054158528645833336,0.05286289830301551,0.05652085452695829,0.061564127604166664,0.055094401041666664,0.062418619791666664,0.052024539877300616,0.050333658854166664,0.07145763815414666,0.06905672662163262,0.06933875890132248,0.0709343968744913,0.06972484532725497,0.06559778627818019,0.0555419921875,0.047932942708333336,0.046183268229166664,0.044189453125,0.04089688288434931,0.041666666666666664,0.036783854166666664,0.038859049479166664,0.028181111701910098,0.0247802734375,0.04476457900948195,0.03947421967199772,0.03397761953204476,0.0357666015625,0.03291376430811846,0.030827496334907965,0.02791568324245137,0.0189208984375,0.017985026041666668,0.0175381485249237,0.017293294270833332,0.01763101103465125,0.01672499389598763,0.016524889087874965,0.009833122526418867,0.011759440104166666,0.017822990844354018,0.019694010416666668,0.013916015625,0.012859642697269361,0.012219461529061953,0.011725906925613778,0.010297110297110296,0.0087890625,0.008544921875,0.008547704330836861,0.008547704330836861,0.008546660697570306,0.008179043743641912,0.007450230020762936,0.008195718654434251,0.010579427083333334,0.012290411850887188,0.011641633085032767,0.008546660697570306,0.007976234078053148,0.007939092907743668,0.007937800211674673,0.007568359375,0.006632486979166667,0.006510416666666667,0.00646998982706002,0.006471043099588947,0.00646998982706002,0.005981932123382437,0.004925105828720287,0.003686862480029495,0.0031331380208333335,0.004597981770833333,0.005658457154488093,0.004275244299674267,0.00346034847744667,0.003461757758410035,0.0034611939082987214,0.0034587995930824007,0.0031331380208333335,0.0017903645833333333,0.0017903645833333333,0.001791822772438508,0.0017913121361397223,0.0013836324421112602,0.0006929724441545736,0.000448595081766649,0.00020345052083333334,0.00008138020833333333],"averageToxinCountInMales":[2.4599609375,2.4599609375,2.4656716417910447,2.2800453514739227,2.259207459207459,2.455672944418925,2.4156339370829363,2.431553398058252,2.512637100619933,2.5421853388658366,2.5535390199637025,2.548882681564246,2.5644485807352257,2.6135458167330676,2.524812030075188,2.572946859903382,2.552568410945751,2.553580009610764,2.529526598340654,2.563525550867323,2.4832626119754835,2.6056533827618167,2.6216356107660457,2.5417136414881623,2.4989177489177488,2.394254581475978,2.196768060836502,2.2109602327837052,2.2256658595641645,2.2882703777335984,2.2901234567901234,2.364802462801437,2.275553213909378,2.329369183040331,2.3046958377801494,2.358270017533606,2.6223628691983123,2.77029702970297,2.792413066385669,2.7798850574712644,2.836328626444159,2.582055650198751,2.5351288056206087,2.5272511848341233,2.548235294117647,2.541970802919708,2.533812088569719,2.574269732753263,2.4951953875720694,2.529449423815621,2.550348321722609,2.444360902255639,2.6305483028720626,2.5614133482894,2.561797752808989,2.463837417812313,2.3949880668257757,2.3214909726266746,2.3307737743650323,2.311821086261981,2.24689745264533,2.2610192837465566,2.2659075686537173,2.2659151193633953,2.245373543522961,2.269396551724138,2.4287680660702,2.3558379666401907,2.5622849277357194,2.483523447401774,2.5180394826412527,2.397986577181208,2.3779803646563815,2.249619482496195,2.1653963414634148,2.103559870550162,2.089527027027027,2.0770609318996414,2.0918822479928636,2.0630797773654916,2.0417457305502844,2.0233029381965553,2.0676328502415457,2.017814726840855,2.335495829471733,2.233259749816041,2.3161764705882355,2.059514487079092,2.0258980785296576,1.9910714285714286,1.9037927844588345,1.9608879492600422,1.9510567296996664,1.8397129186602872,1.855889724310777,1.7887154861944778,1.7541567695961995,1.6867924528301887,1.6396292004634994,1.4926350245499183,2.03013698630137,1.6124314442413163,1.4915924826904055,1.3413654618473896,1.336,1.3377416073245167,1.3192389006342495,1.3393719806763285,1.3454038997214484,1.308259587020649,1.311178247734139,1.279494382022472,1.241687979539642,1.2463976945244957,1.1730769230769231,1.1362916006339143,1.5297906602254427,1.4254835039817975,1.377962085308057,1.3015494636471991,1.2853881278538812,1.2584400465657741,1.2730627306273063,1.308022922636103,1.186241610738255,1.1736111111111112,1.164835164835165,1.1936127744510978,1.1768172888015718,1.1936936936936937,1.1422594142259415,1.0901162790697674,1.2947368421052632,1.271062271062271,1.2141372141372142,1.171990171990172,1.1990846681922196,1.196029776674938,1.206896551724138,1.21301775147929,1.2780269058295963,1.272300469483568,1.2608695652173914,1.2647058823529411,1.2571428571428571,1.2575757575757576,1.2222222222222223,1.1545454545454545,1.574468085106383,1.5495049504950495,1.5914893617021277,1.6242424242424243,1.610738255033557,1.6214285714285714,1.6444444444444444,1.71900826446281,1.7211538461538463,1.74,1.74,1.74,1.74,1.7291666666666667,1.7093023255813953,1.5157894736842106,1.6846153846153846,1.6794871794871795,1.7619047619047619,1.7809523809523808,1.7628865979381443,1.7708333333333333,1.7708333333333333,1.8043478260869565,1.783132530120482,1.7804878048780488,1.7777777777777777,1.7777777777777777,1.7777777777777777,1.763157894736842,1.7230769230769232,1.6458333333333333,1.8837209302325582,1.9846153846153847,2,2,2,2,2,2,2,2,2,2,2,2,2,2,2,null],