{"startTime":"2025-03-24T20:33:55.228Z","infectedMalesAtStart":16,"infectedFemalesAtStart":32,"toxinAntitoxinLength":3,"killRate":0.013055076489070672,"rescueRate":0.21846305747320338,"simulationLength":54,"infectionRatio":[0.0038498556304138597,0.0038498556304138597,0.0038860103626943004,0.002006980802792321,0.004111038749592967,0.0018717447916666667,0.0010579427083333333,0.0008138020833333334,0.0006917317708333334,0.0016682942708333333,0.0029703776041666665,0.0023600260416666665,0.0022786458333333335,0.0022379557291666665,0.002197265625,0.0021565755208333335,0.0021158854166666665,0.0021162298551196486,0.0018721256766106385,0.0018310546875,0.0015462239583333333,0.0023600260416666665,0.0022379557291666665,0.0017496744791666667,0.001708984375,0.0016276041666666667,0.0020752797558494405,0.0020751953125,0.001953125,0.0018717447916666667,0.0018717447916666667,0.001708984375,0.0016682942708333333,0.0015462868769074262,0.001220703125,0.0003662109375,0.0003255208333333333,0.001708984375,0.001708984375,0.001708984375,0.0011393229166666667,0.0008951822916666666,0.0008544921875,0.0004071329696278805,0.0004069010416666667,0.0004069010416666667,0.0004069010416666667,0.00040703353956366003,0.0004069010416666667,0.0004069010416666667,0.0004069010416666667,0.0004069010416666667,0.0003662109375,0.0003662109375],"averageToxinCountInMales":[2.4375,2.4375,2.4375,2.5714285714285716,2.4339622641509435,2.4782608695652173,3.3636363636363638,3.6666666666666665,3.857142857142857,1.894736842105263,2.3076923076923075,2.6333333333333333,2.6333333333333333,2.6333333333333333,2.6551724137931036,2.6551724137931036,2.6551724137931036,2.6551724137931036,2.56,2.56,2.55,2.310344827586207,2.310344827586207,2.347826086956522,2.347826086956522,1.9473684210526316,2.44,2.52,2.5652173913043477,2.590909090909091,2.590909090909091,2.55,2.5789473684210527,2.5,2.25,2,2,2,2,2,2,2,2,2,2,2,2,2,2,2,2,2,2,2],"averageAntitoxinCountInFemales":[2.5,2.5,2.5,2.5,2.7083333333333335,2.5217391304347827,2.466666666666667,2.6363636363636362,2.6,1.5909090909090908,2.088235294117647,2.142857142857143,2.1153846153846154,2.12,2.12,2.0833333333333335,2.1739130434782608,2.1739130434782608,2.0952380952380953,2.1,2,2,2.230769230769231,2.05,2.1578947368421053,2,2.269230769230769,2.3461538461538463,2.36,2.375,2.375,2.227272727272727,2.227272727272727,2.25,2.111111111111111,2,2,2,2,2,2,2,2,2,2,2,2,2,2,2,2,2,2,2],"reproductiveSuccessOverTime":[0,0,0,0.006192553810354858,0.00020351676978183002,0,0,0,0,0,0,0,0,0,0,0,0.000040690104166666664,0,0.00008139676854828863,0,0,0,0,0,0,0.000040690104166666664,0,0,0.000040690104166666664,0,0,0,0,0.00004069175991861648,0,0,0,0,0,0,0,0,0,0,0,0,0.000040690104166666664,0.00008140670791273201,0.000040690104166666664,0,0,0,0,0]}