{"startTime":"2025-03-24T20:22:11.554Z","infectedMalesAtStart":1024,"infectedFemalesAtStart":1024,"toxinAntitoxinLength":3,"killRate":0.6130550176281139,"rescueRate":0.12441293494247119,"simulationLength":249,"infectionRatio":[0.1763996554694229,0.1763996554694229,0.17677250978686385,0.1662060070020269,0.1596645497475981,0.16682942708333334,0.1727294921875,0.16544596354166666,0.16739908854166666,0.16141764322916666,0.16829427083333334,0.16630045572916666,0.16902669270833334,0.17057291666666666,0.17594401041666666,0.17830403645833334,0.17831854805892405,0.17829362655263695,0.1718889883616831,0.16133626302083334,0.15087890625,0.148681640625,0.15018717447916666,0.15474446614583334,0.15527975584944048,0.1571044921875,0.15718587239583334,0.14689127604166666,0.14717610677083334,0.1536865234375,0.15836588541666666,0.158447265625,0.15421549479166666,0.15563695563695565,0.14423507386756745,0.1290283203125,0.11429850260416667,0.11897786458333333,0.12150065104166667,0.115966796875,0.11669921875,0.117919921875,0.1077880859375,0.10685221354166667,0.111572265625,0.12758424222692497,0.1375732421875,0.1298828125,0.1310788263541285,0.1330891330891331,0.13730042359074618,0.11820475260416667,0.11604817708333333,0.1163330078125,0.12069667127858713,0.11905924479166667,0.1181881079321151,0.11580403645833333,0.10702803890448867,0.09984939146008874,0.105224609375,0.11612955729166667,0.125244140625,0.11869303385416667,0.1163330078125,0.11986649843298465,0.13127774836055559,0.10652669270833333,0.0963134765625,0.1224365234375,0.12886555989583334,0.11865234375,0.11564127604166667,0.11637369791666667,0.10603841145833333,0.10514750762970498,0.09757486979166667,0.09948709598632256,0.10323079427083333,0.09769694010416667,0.09816450286923609,0.10421159715157681,0.09778139629554244,0.08797200520833333,0.08304850260416667,0.10624186197916667,0.11537991941719913,0.1112060546875,0.11140950520833333,0.11344401041666667,0.0999755859375,0.09798177083333333,0.09086100260416667,0.08818980953931303,0.08345540364583333,0.0782470703125,0.07422781101208643,0.07584944048830113,0.07121347765931473,0.056233723958333336,0.08207194010416667,0.11063639322916667,0.12357584635416667,0.12259928385416667,0.124755859375,0.12894694010416666,0.12129720052083333,0.11079915364583333,0.10428873697916667,0.10344406448461163,0.08805338541666667,0.08357747395833333,0.07914225260416667,0.07468761447352354,0.07584635416666667,0.0518798828125,0.07096354166666667,0.100801692914988,0.11121510539594694,0.1100211657440573,0.1116943359375,0.11125127161749745,0.10213216145833333,0.0921630859375,0.0867919921875,0.08260091145833333,0.06717936197916667,0.06449381510416667,0.06302897135416667,0.061037639877924724,0.059326171875,0.0400390625,0.059000651041666664,0.08146158854166667,0.08464230487507121,0.08545617319117767,0.08895580695043542,0.09391658189216684,0.08984375,0.08048502604166667,0.07743326822916667,0.07291666666666667,0.06258138020833333,0.054933875890132246,0.0531005859375,0.05232960325534079,0.048055013020833336,0.030924479166666668,0.054036458333333336,0.07576497395833333,0.08008464230487507,0.08061693728889431,0.08274318274318275,0.08208530034185252,0.07796541200406917,0.07137044270833333,0.06876627604166667,0.062301619597949054,0.051106770833333336,0.047607421875,0.047163668918369005,0.046349800602262556,0.037923177083333336,0.024454752604166668,0.037190755208333336,0.053955078125,0.060465494791666664,0.057820638020833336,0.061525940996948116,0.0582370177437734,0.05432792088878037,0.047896150402864816,0.042724609375,0.0358087487283825,0.028157552083333332,0.02612517294701717,0.02612410986775178,0.02555962555962556,0.0248250040696728,0.0206298828125,0.033772786458333336,0.05160975212666368,0.0518798828125,0.0494384765625,0.057820638020833336,0.05449513654307924,0.048406139315230225,0.04465885035010585,0.037368720996499225,0.03260471364024912,0.024377340061859026,0.02551684844538499,0.024089521871820955,0.023566282713989174,0.021816109731775814,0.019124348958333332,0.022379557291666668,0.029093424479166668,0.031168619791666668,0.029217872548221696,0.03173828125,0.0296630859375,0.02518922438349475,0.022013346354166668,0.017333984375,0.015177408854166666,0.0089111328125,0.009116438077408327,0.007283528645833333,0.006876627604166667,0.005778465044355823,0.0033772786458333335,0.0030924479166666665,0.010621413746795262,0.0135498046875,0.012168321666937978,0.010091145833333334,0.0084228515625,0.0059814453125,0.005452473958333333,0.005452473958333333,0.003540183112919634,0.0027669270833333335,0.0023615635179153093,0.0023194303153611395,0.00227948060406236,0.0021567510376821033,0.0019124348958333333,0.00048828125,0.0057373046875,0.005208545269582909,0.0052490234375,0.003662109375,0.002197265625,0.0015869140625,0.0011393692777212615,0.0011401579933219318,0.0011404830760457822,0.000773615635179153,0.0006923515516820071,0.0006918443757121927,0.0006919006919006919,0.0006918725326604533,0.0003255208333333333,0.0001627670396744659,0.0018725829432118869,0.0015869140625,0.000732421875,0.000732421875],