{"startTime":"2025-03-24T21:01:06.836Z","infectedMalesAtStart":2056,"infectedFemalesAtStart":4096,"toxinAntitoxinLength":3,"killRate":0.5,"rescueRate":0.5,"simulationLength":264,"infectionRatio":[0.2503255208333333,0.2503255208333333,0.25094587925645667,0.2666829427083333,0.2904866536458333,0.3067220052083333,0.3050130208333333,0.3074137369791667,0.330078125,0.3294677734375,0.3255615234375,0.3170979817708333,0.3122151692708333,0.3144938151041667,0.3173828125,0.3100992838541667,0.3038860630722279,0.3030414071088311,0.308763075420245,0.3001708984375,0.282958984375,0.2821044921875,0.2898356119791667,0.2812093098958333,0.2795003255208333,0.2843831380208333,0.2776624750742685,0.2611490885416667,0.2560221354166667,0.2551676432291667,0.25439453125,0.2500406901041667,0.246826171875,0.2475066151027885,0.24510562090439172,0.22802734375,0.23258463541666666,0.2205810546875,0.231201171875,0.23783365885416666,0.2314453125,0.23511698880976603,0.2217564707797493,0.20463053385416666,0.19832356770833334,0.18851725260416666,0.18510681586978636,0.17843336724313327,0.17582194010416666,0.17559208919996744,0.17085774739583334,0.1644354018311292,0.15730794270833334,0.1510009765625,0.15665690104166666,0.17171223958333334,0.17822265625,0.17631022135416666,0.17602051198567417,0.16903357070193287,0.16577822990844354,0.15897623697916666,0.1610172939979654,0.15540183112919634,0.15279134114583334,0.15187400805762422,0.1446190166069684,0.1312255859375,0.11165364583333333,0.1190185546875,0.1304931640625,0.15962727864583334,0.16422526041666666,0.15299479166666666,0.15106010662108818,0.15171740192088556,0.140380859375,0.12784830729166666,0.12882486979166666,0.1187744140625,0.118896484375,0.11539713541666667,0.11178026449643948,0.1060791015625,0.09358723958333333,0.11576334635416667,0.12134776593147228,0.1331787109375,0.133056640625,0.12076822916666667,0.11295572916666667,0.11098449391559155,0.107421875,0.09965006510416667,0.09326171875,0.08723958333333333,0.08467610677083333,0.08345540364583333,0.08421523933572127,0.07356770833333333,0.06343587239583333,0.0703125,0.06559511698880977,0.08138020833333333,0.07938639322916667,0.0677490234375,0.0670166015625,0.0682373046875,0.07735188802083333,0.06587727864583333,0.06425228891149543,0.060017903645833336,0.0587158203125,0.05704984740590031,0.058675130208333336,0.052288911495422176,0.040376083682689565,0.0582275390625,0.050870909978837704,0.049967447916666664,0.047119140625,0.039306640625,0.03820956256358087,0.038655598958333336,0.041707356770833336,0.033976236979166664,0.033894856770833336,0.031290690104166664,0.02946083418107833,0.02922976713890246,0.02767377502848771,0.023030598958333332,0.01814852492370295,0.03744860992388163,0.0350341796875,0.029134114583333332,0.022542317708333332,0.02001953125,0.018434117359811184,0.01798795376851701,0.017542431519394358,0.01717401920885561,0.016155286074713112,0.014649629689916172,0.014325831264498799,0.013877019492939405,0.013389223506430082,0.013884930168166457,0.010782877604166666,0.034138997395833336,0.02775290957923008,0.0234375,0.020711263020833332,0.016520182291666668,0.015380859375,0.014120040691759919,0.013674100602311574,0.01318413021363174,0.013022422984576568,0.012493387050828145,0.012492878652234068,0.012207527975584944,0.011963864246764874,0.011843229823775996,0.009236653645833334,0.02905697285842367,0.021809895833333332,0.01953125,0.016520182291666668,0.011678059895833334,0.010865142020021161,0.010499328531314857,0.010339072739854276,0.01026058631921824,0.010136785539814362,0.010097308741500752,0.01009977601303197,0.010054956238550784,0.010055774946057078,0.01001547105284586,0.008995441224356887,0.015805595262405554,0.0135498046875,0.016682942708333332,0.01318359375,0.011149088541666666,0.010702803890448866,0.010417938387661254,0.01041921041921042,0.010425575239258807,0.010423452768729642,0.010423028378323358,0.010425999837093752,0.010426849136526556,0.01043067269689932,0.010428548150562164,0.00989413680781759,0.012954108945282171,0.014404883011190235,0.009318033854166666,0.004353841145833333,0.0032958984375,0.0032553407934893183,0.003257063757023044,0.0032575942666340906,0.003258655804480652,0.0032606480538006927,0.0032631750693424702,0.003264506651432302,0.0032655726998122294,0.003265039588605012,0.0032663726931242854,0.0031831537708129284,0.003033532835943265,0.0037029501525940997,0.0015055338541666667,0.0014241536458333333,0.0013428827215756492,0.001261547226630855,0.001180061037639878,0.0011396939107782482,0.0011406224539677367,0.0011412268188302425,0.0011420646898070727,0.0011423442536004243,0.0011425307055127106,0.0011429504449342804,0.001142577328001306,0.001142857142857143,0.0009397728201356541,0.00809963775489438,0.0045166015625,0.0032552083333333335,0.0021158854166666665,0.0015871078012452693,0.0015055951169888097,0.0015060853991126309,0.001506637348318267,0.0015075581632237299,0.0015083571137382797,0.0015089107295787284,0.0015095263351148464,0.0015098343262874398,0.001510635691830319,0.001511314435095172,0.0011837701036819333,0.004109700520833333,0.000244140625,0.0001220703125,0.0001220703125,0.00012207527975584945,0.00012207527975584945,0.00012219461529061954,0.00012224938875305622,0.00012231418436824723,0.00012238903394255873,0.00012242899118511264,0.00012246397518063436,0.0001224839750132691,0.0001224889759921607,0.0001225940909648155,0.000122644209149258,0.000244140625,0.00020345052083333334],