{"startTime":"2025-03-24T20:33:55.228Z","infectedMalesAtStart":16,"infectedFemalesAtStart":32,"toxinAntitoxinLength":3,"killRate":0.013055076489070672,"rescueRate":0.45856776630460105,"simulationLength":67,"infectionRatio":[0.004053369363283229,0.004053369363283229,0.004096961420279959,0.004144600506562284,0.004843304843304843,0.004109700520833333,0.0038655598958333335,0.0027262369791666665,0.00439453125,0.0030110677083333335,0.0024820963541666665,0.0020345052083333335,0.001953125,0.004842122395833333,0.004842122395833333,0.0047607421875,0.005331054409311032,0.005332573475535293,0.004720244150559512,0.0022786458333333335,0.0023600260416666665,0.002197265625,0.0021565755208333335,0.0016276041666666667,0.0019938962360122074,0.0015055338541666667,0.0007731749003011312,0.0006917317708333334,0.0005696614583333334,0.0005696614583333334,0.0005696614583333334,0.0005290359337484231,0.0004884402474763921,0.0004885595635534566,0.00048828125,0.0004475911458333333,0.0004475911458333333,0.0004475911458333333,0.0004475911458333333,0.0004069010416666667,0.00146484375,0.0014649629689916172,0.001465320742429176,0.0014649033570701933,0.0013834635416666667,0.0013835198372329604,0.0013834635416666667,0.0013835761373809717,0.0013834635416666667,0.0013834635416666667,0.0017496744791666667,0.00020345052083333334,0.00020345052083333334,0.00012207527975584945,0.0001220703125,0.00008138020833333333,0.0024820963541666665,0.0024821973550356053,0.0024820963541666665,0.0024826014407228034,0.0010579427083333333,0.00048828125,0.0003662109375,0.0002848307291666667,0.00028494667426524466,0.00028509754408829877,0.00028484231943031536],"averageToxinCountInMales":[2.25,2.25,2.25,2.710526315789474,3.2,3.4545454545454546,3.45,3.8518518518518516,3.4423076923076925,2.9714285714285715,2.814814814814815,2.8,2.736842105263158,3.38,3.38,3.38,3.3157894736842106,3.3157894736842106,3.4285714285714284,3.1363636363636362,5.0476190476190474,5.15,5.2631578947368425,5.8,4.666666666666667,4,2.3333333333333335,2.25,2.142857142857143,2.142857142857143,2.142857142857143,1.8333333333333333,1.6,1.6,1.6,1,1,1,1,1,1,1,1,1,1,1,1,1,1,1,1,1,1,1,1,null,1,1,1,1,1,1,1,1,1,1,1],"averageAntitoxinCountInFemales":[2.5625,2.5625,2.5625,3.0961538461538463,3.3333333333333335,3.543859649122807,3.4909090909090907,3.525,3.5357142857142856,3.2564102564102564,3.1470588235294117,3.066666666666667,3.0344827586206895,3.5942028985507246,3.5942028985507246,3.537313432835821,3.4054054054054053,3.4054054054054053,3.5223880597014925,3.5,5.351351351351352,5.588235294117647,5.588235294117647,5.84,4.903225806451613,4.739130434782608,2.4,2.3333333333333335,1,1,1,1,1,1,1,1,1,1,1,1,1,1,1,1,1,1,1,1,1,1,1,1,1,1,1,1,1,1,1,1,1,1,1,1,1,1,1],"reproductiveSuccessOverTime":[0,0,0,0.009164172231176606,0.0000407000407000407,0,0,0,0,0,0,0.000040690104166666664,0,0,0.000040690104166666664,0,0.00008139014365360354,0.000040706667752177804,0,0,0,0,0,0,0,0,0.0000406934158053227,0,0,0,0,0,0,0.00012213989088836414,0,0,0,0,0,0,0,0,0,0,0,0,0,0.0000406934158053227,0,0.000040690104166666664,0,0,0,0,0,0,0,0,0.00016276041666666666,0,0,0,0.000040690104166666664,0,0,0,0]}