{"startTime":"2025-03-24T20:33:55.228Z","infectedMalesAtStart":16,"infectedFemalesAtStart":32,"toxinAntitoxinLength":3,"killRate":0.03914184661412512,"rescueRate":0.5111496538385711,"simulationLength":36,"infectionRatio":[0.00398704211313232,0.00398704211313232,0.004025494800402549,0.0019729054320662895,0.002811048643363481,0.0015055338541666667,0.0009358723958333334,0.006062825520833333,0.006632486979166667,0.006876627604166667,0.006062825520833333,0.005777994791666667,0.005615234375,0.005574544270833333,0.005289713541666667,0.005208333333333333,0.005167643229166667,0.0051707992345588535,0.005005086469989827,0.004435221354166667,0.0034586588541666665,0.0026041666666666665,0.0021565755208333335,0.005086263020833333,0.0016276041666666667,0.0011800130208333333,0.0010986328125,0.0008544921875,0.0008544921875,0.0008544921875,0.00040695071826801776,0.0003662109375,0.0002034670790266135,0.00020351676978183002,0.00020345052083333334,0.00020345052083333334],"averageToxinCountInMales":[2.25,2.25,2.25,2.4615384615384617,1.7037037037037037,2.3125,2.4,2.9166666666666665,2.6626506024096384,2.5568181818181817,2.4615384615384617,2.4383561643835616,2.4444444444444446,2.436619718309859,2.393939393939394,2.421875,2.421875,2.421875,2.3225806451612905,2.4545454545454546,2.6904761904761907,2.5517241379310347,2.727272727272727,2.9454545454545453,2.4761904761904763,2.923076923076923,3.090909090909091,3.4444444444444446,3.4444444444444446,3.4444444444444446,2.3333333333333335,2.3333333333333335,3,3,3,3],"averageAntitoxinCountInFemales":[1.96875,1.96875,1.96875,1.96875,1.5952380952380953,1.9047619047619047,2.1538461538461537,2.6493506493506493,2.6,2.5555555555555554,2.4788732394366195,2.5072463768115942,2.515151515151515,2.515151515151515,2.5,2.5,2.507936507936508,2.507936507936508,2.4918032786885247,2.574074074074074,2.6511627906976742,2.6857142857142855,2.6129032258064515,3.1714285714285713,3.789473684210526,4.3125,4.3125,4.25,4.25,4.25,2.25,2.6666666666666665,6,6,6,6],"reproductiveSuccessOverTime":[0,0,0,0.00714264836979555,0.00008147967082212988,0,0.000040690104166666664,0,0,0,0,0,0,0.000040690104166666664,0.000040690104166666664,0,0,0,0.00004069175991861648,0,0,0,0,0,0,0,0,0,0,0,0,0,0,0,0,0]}