{"startTime":"2025-03-24T20:43:41.882Z","infectedMalesAtStart":1024,"infectedFemalesAtStart":1024,"toxinAntitoxinLength":3,"killRate":0.8408391744235656,"rescueRate":0.6532275710262173,"simulationLength":117,"infectionRatio":[0.08333333333333333,0.08333333333333333,0.08335728657660248,0.0787353515625,0.07381184895833333,0.08113606770833333,0.0926513671875,0.09847005208333333,0.0943603515625,0.09785970052083333,0.09383138020833333,0.0980224609375,0.095458984375,0.10139973958333333,0.09781901041666667,0.09477110885045778,0.09183756510416667,0.09174573441381276,0.08934749867708715,0.08951822916666667,0.08251953125,0.07832845052083333,0.09810384114583333,0.10026041666666667,0.09785970052083333,0.10099283854166667,0.09595116988809765,0.0943603515625,0.08773143438453714,0.090576171875,0.08536783854166667,0.08455403645833333,0.0823974609375,0.08043964990840627,0.07242838541666667,0.0762939453125,0.062052408854166664,0.057454427083333336,0.0699462890625,0.07499186197916667,0.07251861799536076,0.07368977864583333,0.06982421875,0.07124837239583333,0.0668972533062055,0.061482747395833336,0.05615234375,0.055013020833333336,0.05465125742654838,0.05387589013224822,0.050299108777926996,0.050455729166666664,0.035890132248219735,0.0330810546875,0.0444037444037444,0.043986002604166664,0.042115971515768055,0.04248046875,0.038248697916666664,0.037150065104166664,0.03686673448626653,0.029581705729166668,0.026448567708333332,0.025675455729166668,0.02527266807748657,0.0246712535113789,0.021654184304786713,0.02189305770326361,0.016805013020833332,0.021647135416666668,0.026774088541666668,0.022623697916666668,0.024983723958333332,0.022623697916666668,0.021444557477110885,0.0211181640625,0.019449869791666668,0.019816080729166668,0.018473307291666668,0.018229166666666668,0.018067141403865717,0.01770812131080806,0.0157470703125,0.015347663247028171,0.013712565104166666,0.017049153645833332,0.017537434895833332,0.017293294270833332,0.01782516685658473,0.015218718209562564,0.01265565231545536,0.01204525107837552,0.011313229967850892,0.010823567708333334,0.009684244791666666,0.00927734375,0.0091552734375,0.008260763408480507,0.006591796875,0.005575224840271843,0.0035807291666666665,0.0031331380208333335,0.002278738555442523,0.0018717447916666667,0.0015055338541666667,0.0010986328125,0.0010172526041666667,0.0008951822916666666,0.0008138020833333334,0.0006917317708333334,0.0006510416666666666,0.0005696614583333334,0.0005696614583333334,0.0005697310055752248,0.0004071163945772096,0.0000407000407000407,0.000040690104166666664],"averageToxinCountInMales":[2.4375,2.4375,2.438927507447865,2.3005291005291006,2.2407614781634937,2.2534930139720557,2.243859649122807,2.457377049180328,2.4064901793339026,2.4086108854589763,2.4074702886247876,2.4942903752039154,2.4625623960066556,2.39010989010989,2.3799019607843137,2.3932489451476795,2.3927019982623805,2.387630662020906,2.3774954627949185,2.138116591928251,1.9535333978702807,1.8286893704850362,2.0736145574855254,2.032493907392364,2.08955223880597,1.938046068308181,1.9515306122448979,1.8909249563699826,1.8322337417530632,1.8099547511312217,1.7882579403272378,1.6924564796905222,1.6407185628742516,1.6783144912641315,1.7944572748267897,1.7031763417305585,1.8545953360768175,1.642089093701997,2.203907203907204,2.364245810055866,2.3960739030023093,2.457471264367816,2.5042735042735043,2.4081632653061225,2.373401534526854,2.2448418156808803,2.2035928143712575,2.2006079027355625,2.2030534351145037,2.1640866873065017,2.3272425249169437,2.0317965023847377,2.0726872246696035,1.9535452322738387,2.263063063063063,2.3847549909255896,2.3866666666666667,2.630393996247655,2.583864118895966,2.5555555555555554,2.549234135667396,2.5649717514124295,2.4936305732484074,2.5032467532467533,2.4967105263157894,2.4966216216216215,2.4140625,2.1115241635687734,2.2373737373737375,1.1515151515151516,1.597667638483965,1.6944444444444444,1.8705501618122977,2.177536231884058,2.3,2.298449612403101,2.323529411764706,2.3891213389121337,2.3733333333333335,2.373873873873874,2.3515981735159817,2.3209302325581396,2.389189189189189,2.0578034682080926,2.018633540372671,1.253393665158371,1.5874439461883407,1.6944444444444444,1.8114035087719298,2.0100502512562812,2.06875,2.0197368421052633,1.972027972027972,1.9407407407407407,1.856,1.8083333333333333,1.815126050420168,1.9807692307692308,2.111111111111111,2.208955223880597,2.6595744680851063,2.1578947368421053,1.875,1.5789473684210527,1.3636363636363635,3,3,3,3,null,null,null,null,null,null,null,null],"averageAntitoxinCountInFemales":[2.580078125,2.580078125,2.581622678396872,2.4101010101010103,2.230184581976113,2.3548387096774195,2.3095866314863676,2.445,2.3545296167247387,2.3023850085178874,2.2863475177304964,2.3516483516483517,2.3068181818181817,2.277504105090312,2.2533898305084747,2.26486013986014,2.2757685352622063,2.276018099547511,2.2516010978957,2.0018433179723503,1.814070351758794,1.7217573221757323,2.0424292845257903,2.042984590429846,2.0592160133444537,1.9885527391659852,1.9957698815566836,1.9420289855072463,1.884931506849315,1.784121320249777,1.753541076487252,1.6829501915708813,1.6559139784946237,1.6779661016949152,1.788840262582057,1.686070686070686,1.8253768844221105,1.7095926412614981,2.1366666666666667,2.290084388185654,2.37882096069869,2.4420828905419767,2.4983277591973243,2.423747276688453,2.3816705336426915,2.25765306122449,2.2429775280898876,2.2363112391930837,2.234011627906977,2.206489675516224,2.3422712933753944,2.0703764320785596,2.100467289719626,2.113861386138614,2.3507462686567164,2.469811320754717,2.4156862745098038,2.614481409001957,2.5628997867803838,2.548458149779736,2.530066815144766,2.6514745308310994,2.6458333333333335,2.668730650154799,2.675078864353312,2.6903225806451614,2.6231884057971016,2.345724907063197,2.4093023255813955,1.4365671641791045,1.692063492063492,1.664179104477612,1.842622950819672,2.032142857142857,2.108614232209738,2.1264367816091956,2.2125,2.3024193548387095,2.3013100436681224,2.3053097345132745,2.2844444444444445,2.25,2.277227722772277,1.9754901960784315,1.9829545454545454,1.3131313131313131,1.6105769230769231,1.7033492822966507,1.8142857142857143,2.0742857142857143,2.0463576158940397,2.0416666666666665,2.022222222222222,1.9618320610687023,1.823008849557522,1.7685185185185186,1.7452830188679245,1.7777777777777777,1.9012345679012346,1.9428571428571428,2.8536585365853657,2.6923076923076925,2.625,2.5555555555555554,2.6538461538461537,2.75,2.8636363636363638,3,3,3,3,3,3,3,3,3,3],