{"startTime":"2025-03-24T18:23:05.935Z","infectedMalesAtStart":1024,"infectedFemalesAtStart":1024,"toxinAntitoxinLength":3,"killRate":0.625,"rescueRate":0.25,"simulationLength":115,"infectionRatio":[0.1573689872445059,0.1573689872445059,0.1572458711328216,0.15571177504393674,0.14961751302083334,0.1478271484375,0.1373291015625,0.14693196614583334,0.14827473958333334,0.14497884114583334,0.14493815104166666,0.13981119791666666,0.14119466145833334,0.14424641927083334,0.14937337239583334,0.15006510416666666,0.146728515625,0.14676546024508408,0.15035605289928788,0.11954752604166667,0.120361328125,0.11006673177083333,0.1019287109375,0.11723296032553408,0.114760102551581,0.10860630722278738,0.11271158854166667,0.11226399739583333,0.1175537109375,0.1144391990883933,0.11731434384537132,0.11715634410352405,0.11504028648164727,0.11722565939433409,0.1170654296875,0.09476725260416667,0.08272298177083333,0.0924072265625,0.0802001953125,0.07722981770833333,0.07609049479166667,0.06597208090838794,0.07063802083333333,0.0574951171875,0.05363173957273652,0.0535888671875,0.060017903645833336,0.060994466145833336,0.062296549479166664,0.06254326316218087,0.0709228515625,0.06660970052083333,0.0615234375,0.061971028645833336,0.053751627604166664,0.0526123046875,0.049967447916666664,0.043172200520833336,0.04622583926754832,0.043009440104166664,0.040323893229166664,0.035847981770833336,0.0472412109375,0.047853509664292984,0.040406917599186166,0.0428466796875,0.055582682291666664,0.048828125,0.047607421875,0.041463216145833336,0.034383138020833336,0.026407877604166668,0.023152669270833332,0.020182291666666668,0.014973958333333334,0.013265513733468973,0.0115966796875,0.0145263671875,0.015909830729166668,0.01513671875,0.014241536458333334,0.013427734375,0.0263671875,0.01973630666558151,0.018961588541666668,0.014404296875,0.012654622395833334,0.009847005208333334,0.007527669270833333,0.006388346354166667,0.005208333333333333,0.0045166015625,0.0033365885416666665,0.0027669270833333335,0.0024820963541666665,0.0024423006472096714,0.002443593711818848,0.0023606023606023607,0.00443612388588173,0.0016682942708333333,0.004069175991861648,0.0034993489583333335,0.0028483072916666665,0.0028076171875,0.0023600260416666665,0.0019124348958333333,0.0019125127161749745,0.0017903645833333333,0.0011393229166666667,0.000040690104166666664,0.000040690104166666664,0.000040705010786827856,0.000040724903278354713,0.000040733197556008144,0.00004070335395636601],"averageToxinCountInMales":[2.40625,2.40625,2.4186507936507935,2.3185840707964602,2.2726781857451406,2.2909589041095892,2.383577712609971,2.441924778761062,2.4504109589041096,2.406214689265537,2.344049633389735,2.376184834123223,2.3237536656891495,2.3233773693279725,2.3403431101272827,2.285949506037322,2.3203828828828827,2.3203828828828827,2.3312849162011173,2.3662667607621737,2.181129476584022,2.1470367591897976,2.188477366255144,2.3076923076923075,2.4495347172512525,2.4870229007633586,2.342026825633383,2.380517503805175,2.324786324786325,2.416605437178545,2.322976878612717,2.3021739130434784,2.389543446244477,2.3997113997114,2.45421511627907,2.5093167701863353,2.4498480243161094,2.4392191659272404,2.3940634595701127,2.703308431163287,2.9403620873269434,2.956575682382134,2.7516930022573365,2.5409153952843275,2.539039039039039,2.5165165165165164,2.1889338731443995,2.1536388140161726,2.4361979166666665,2.4934895833333335,2.4308755760368665,2.3725247524752477,2.2543978349120435,2.0729442970822283,1.9256965944272446,2.231378763866878,2.2242524916943522,2.2591876208897483,2.0875,2.096590909090909,2.1345381526104417,2.1720183486238533,1.8178571428571428,1.7482517482517483,1.6617954070981211,2.1596806387225547,1.986217457886677,2.1334519572953736,2.2472324723247232,2.299163179916318,2.2198952879581153,2.3164983164983166,2.33587786259542,2.2982456140350878,2.2215568862275448,2.28,2.267716535433071,1.5414012738853504,1.4301675977653632,1.4470588235294117,1.4871794871794872,1.4929577464788732,1.8121387283236994,1.135135135135135,1.069767441860465,0.8781725888324873,0.9705882352941176,1.109375,1.2446808510638299,1.2531645569620253,1.3650793650793651,1.4545454545454546,1.7222222222222223,1.9642857142857142,2.12,2.12,2.12,2.3043478260869565,2.4482758620689653,1.7272727272727273,1.02,0.7954545454545454,0.7692307692307693,0.7631578947368421,0.7419354838709677,0.8846153846153846,0.8846153846153846,0.88,1,null,null,null,null,null,null],"averageAntitoxinCountInFemales":[2.4619140625,2.4619140625,2.465686274509804,2.3225806451612905,2.287123287671233,2.2981194690265485,2.407185628742515,2.435385468663339,2.4540956569543706,2.421639709983268,2.3571827836780326,2.3621281464530894,2.284985835694051,2.3048780487804876,2.3159871244635193,2.2738478027867095,2.3284153005464483,2.326954620010935,2.3286089238845142,2.33267587113741,2.2197875166002654,2.1443148688046647,2.1550387596899223,2.2517385257301807,2.4349964862965567,2.459896983075791,2.3410364145658265,2.3453287197231836,2.2915824915824916,2.3714679531357685,2.2635090060040026,2.240160106737825,2.343771272974813,2.354082998661312,2.323784143904064,2.43261231281198,2.349904397705545,2.3444055944055946,2.3329979879275653,2.639958376690947,2.848549946294307,2.807361963190184,2.6658823529411766,2.4869942196531793,2.5,2.5084485407066053,2.223433242506812,2.1228533685601056,2.3944954128440368,2.4869791666666665,2.4251428571428573,2.322074788902292,2.260025873221216,2.1157347204161248,1.9792592592592593,2.3036253776435047,2.3003194888178915,2.3786764705882355,2.2847222222222223,2.3742911153119093,2.4239350912778903,2.4337078651685395,1.9334442595673877,1.8675496688741722,1.7976653696498055,2.2355072463768115,2.050490883590463,2.1081504702194356,2.261146496815287,2.2458410351201477,2.1814254859611233,2.0767045454545454,2.009771986970684,1.9253731343283582,1.855721393034826,1.7897727272727273,1.8354430379746836,1.245,1.2264150943396226,1.2475247524752475,1.2989690721649485,1.2872340425531914,1.509933774834437,1,0.9951923076923077,1.0382165605095541,1.177304964539007,1.3157894736842106,1.4285714285714286,1.3333333333333333,1.353846153846154,1.4464285714285714,1.5869565217391304,1.725,1.9166666666666667,1.9428571428571428,1.9428571428571428,1.9428571428571428,2.3333333333333335,2.3157894736842106,1,0.8809523809523809,0.8387096774193549,0.8387096774193549,0.9629629629629629,1.2380952380952381,1.2380952380952381,1.263157894736842,1,1,1,1,1,1,1],"reproductiveSuccessOverTime":[0,0,0,0.0073788271520853314,0.00013371909412763158,0.00005623957129254933,0.00013829129608537903,0.00009121200663586012,0.00007705351120643836,0.00004376696565623543,0.00004376696565623543,0.00003028774772312982,0.000018101112515318628,0,0,0.00002743212699724801,0.000057281657336229945,0.00005731197372858312,0,0,0.000010745626100352112,0,0,0.000051117405425797364,0.000004116283127308685,0,0,0.00003288368350311262,0.00003288368350311262,0.00003288903653640305,0.00003288502159806697,0.000037407850446960483,0.000032886359801924626,0.00011430109922551676,0.000036013691515933134,0.000010812754953379953,0,0,0.0000131053841991342,0.00000423901247965274,0,0.000002142020224954964,0,0,0.000017014002940266666,0,0,0,0,0.0001221548108636345,0.0000015790735659524523,0,0.000027028450835346217,0,0.0000010433360042735042,0,0,0,0,0,0,0,0.00012471362707097784,0.00012725319724370493,0.00008467156630259273,0.00012376573350694447,0.000040690104166666664,0,0,0.00001943407960199005,0,0,0,0,0,0,0,0,0.000005397666879251701,0.00005383826707766441,0.00004996301906179139,0.00009110523549697658,0,0,0,0,0.000040690104166666664,0,0,0,0,0,0,0,0,0,0,0,5.898316561470191e-7,0,0.00004069175991861648,0,0,0,0,0,0,0,0,0,0,0,0.000040724903278354713,0.000040733197556008144,0.00008140670791273201]}