{"startTime":"2025-03-24T20:33:55.228Z","infectedMalesAtStart":16,"infectedFemalesAtStart":32,"toxinAntitoxinLength":3,"killRate":0.6686469150128361,"rescueRate":0.8460005940063737,"simulationLength":103,"infectionRatio":[0.004219409282700422,0.004219409282700422,0.004172585227272727,0.0036136662286465177,0.0047607421875,0.003987630208333333,0.0076904296875,0.009724934895833334,0.010823567708333334,0.012288411458333334,0.0133056640625,0.013020833333333334,0.012898763020833334,0.012491861979166666,0.011027018229166666,0.010498046875,0.012491861979166666,0.012501017998208323,0.011763269293389776,0.010009765625,0.0147705078125,0.0123291015625,0.0118408203125,0.0146484375,0.0145263671875,0.01220703125,0.011515299479166666,0.011067708333333334,0.0108642578125,0.010579427083333334,0.0101318359375,0.0098876953125,0.010254323499491354,0.0098876953125,0.008341471354166666,0.004964192708333333,0.009765625,0.009073893229166666,0.010660807291666666,0.010783316378433367,0.0089111328125,0.008057952140647891,0.005452473958333333,0.0048828125,0.0048828125,0.004801823065028079,0.004801627670396744,0.004475911458333333,0.004476275738585497,0.004476093591047813,0.0040283203125,0.0034586588541666665,0.005005086469989827,0.005126953125,0.0059814453125,0.0096435546875,0.007527669270833333,0.0072021484375,0.006266276041666667,0.006184895833333333,0.005900065104166667,0.005411783854166667,0.005330620549338759,0.005289713541666667,0.005289713541666667,0.005045572916666667,0.004679361979166667,0.00390625,0.005452473958333333,0.005289713541666667,0.0029703776041666665,0.008870442708333334,0.006876627604166667,0.0063914671877544375,0.005940755208333333,0.0050048828125,0.003784333672431333,0.0033772786458333335,0.0032145182291666665,0.003173828125,0.003173828125,0.002726458858956621,0.0027263479145473043,0.0020751953125,0.0017093321395140614,0.0013427734375,0.0016276041666666667,0.0028076171875,0.0009765625,0.0006921824104234528,0.0006917317708333334,0.0006103515625,0.0004069010416666667,0.0004069010416666667,0.00040696727983070163,0.00040696727983070163,0.0004069010416666667,0.00040703353956366003,0.0004070501078682786,0.0004069010416666667,0.0004476093591047813,0.0003255208333333333,0.00016276041666666666],"averageToxinCountInMales":[2.25,2.25,2.2666666666666666,1.7241379310344827,1.7674418604651163,1.7428571428571429,1.9642857142857142,1.7008547008547008,1.7593984962406015,1.929032258064516,1.9940119760479043,2,1.9939024390243902,2.0316455696202533,1.8992805755395683,1.8721804511278195,1.9235668789808917,1.9235668789808917,1.945945945945946,1.8682170542635659,1.84375,2.3959731543624163,2.4489795918367347,2.1714285714285713,2,2.0661764705882355,1.944,1.9333333333333333,1.9322033898305084,1.9391304347826086,1.9814814814814814,1.9711538461538463,1.963302752293578,1.980952380952381,2.103448275862069,2.5510204081632653,2.711864406779661,2.6122448979591835,3.611111111111111,3.253968253968254,3.029126213592233,3.0510204081632653,3.7083333333333335,3.712121212121212,3.712121212121212,3.712121212121212,3.712121212121212,3.5833333333333335,3.5833333333333335,3.5833333333333335,3.482142857142857,3.8297872340425534,3.09375,3.1594202898550723,3.6103896103896105,4.100840336134453,4.085106382978723,4.078651685393258,3.962025316455696,3.948717948717949,3.96,3.869565217391304,3.8529411764705883,3.8358208955223883,3.8358208955223883,3.84375,4,4.319148936170213,3.806451612903226,3.265625,2.090909090909091,4.296296296296297,4.710843373493976,4.7215189873417724,4.7105263157894735,4.65625,4.541666666666667,4.5,4.476190476190476,4.463414634146342,4.463414634146342,4.388888888888889,4.388888888888889,4.481481481481482,4.6,4.7894736842105265,3.526315789473684,4.2,2.6,1.5714285714285714,1.5714285714285714,1.8,1,1,1,1,1,1,1,1,2.3333333333333335,1,1],"averageAntitoxinCountInFemales":[2.375,2.375,2.375,2.0833333333333335,1.8918918918918919,1.873015873015873,2.085714285714286,1.9836065573770492,1.9924812030075187,2.108843537414966,2.20625,2.193548387096774,2.183006535947712,2.208053691275168,2.121212121212121,2.12,2.0733333333333333,2.0733333333333333,2.078014184397163,2.017094017094017,1.8830409356725146,2.720779220779221,2.7708333333333335,2.345945945945946,2.0105263157894737,2.0304878048780486,1.8924050632911393,1.868421052631579,1.8724832214765101,1.889655172413793,1.9078014184397163,1.9064748201438848,1.9230769230769231,1.8985507246376812,1.9406779661016949,2.219178082191781,2.6475409836065573,2.888,3.6323529411764706,3.194244604316547,2.8706896551724137,2.79,3.693548387096774,3.9074074074074074,3.9074074074074074,3.9423076923076925,3.9423076923076925,3.9,3.9,3.9,3.7209302325581395,3.763157894736842,3.152542372881356,2.982456140350877,3.5,4.101694915254237,4.010989010989011,4.068181818181818,3.96,3.945945945945946,3.942857142857143,3.875,3.857142857142857,3.857142857142857,3.857142857142857,3.8666666666666667,3.8771929824561404,3.938775510204082,3.2916666666666665,3.121212121212121,2.35,4.218181818181818,4.627906976744186,4.67948717948718,4.685714285714286,4.627118644067797,4.511111111111111,4.435897435897436,4.405405405405405,4.405405405405405,4.405405405405405,4.290322580645161,4.290322580645161,4.416666666666667,4.411764705882353,4.571428571428571,3.2857142857142856,3.9411764705882355,2.4285714285714284,1.4,1.4,1.4,1.5,1.5,1.5,1.5,1.5,1.5,1.5,1.5,2,1,1],"reproductiveSuccessOverTime":[0,0,0,0.009654531162004881,0.00008138020833333333,0,0,0,0,0,0,0,0,0,0,0.000040690104166666664,0,0,0,0,0,0,0,0.000040690104166666664,0,0,0.000040690104166666664,0,0,0,0.00008138020833333333,0.000040690104166666664,0.00006370728239074373,0.00006146897012562957,0.00000191721665973762,0,0,0,0,0,0,0,0,0,0,0.0000406934158053227,0,0,0,0.00004069175991861648,0,0,0,0.000004932133838383839,0,0,0,0,0,0.000040690104166666664,0,0,0,0,0,0.000040690104166666664,0,0,0,0,0.000006260016025641026,0,0,0.0002035499104380394,0,0.000040690104166666664,0.00004069175991861648,0.000040690104166666664,0.000040690104166666664,0.00008138020833333333,0.000040690104166666664,0,0,0,0,0,0,0,0.000042118367924031986,0,0,0,0,0,0,0,0.000040690104166666664,0,0.0002035250539341393,0,0,0.000040690104166666664,0.000040690104166666664]}