{"startTime":"2025-03-24T20:43:41.882Z","infectedMalesAtStart":1024,"infectedFemalesAtStart":1024,"toxinAntitoxinLength":3,"killRate":0.8663055042335296,"rescueRate":0.526280618620328,"simulationLength":178,"infectionRatio":[0.08333333333333333,0.08333333333333333,0.08328879753340185,0.07666015625,0.0809326171875,0.0836181640625,0.08748372395833333,0.0992431640625,0.10526529947916667,0.10111490885416667,0.0950927734375,0.09476725260416667,0.10013834635416667,0.09749348958333333,0.10042317708333333,0.09830729166666667,0.09867350260416667,0.09851815665201108,0.10031347962382445,0.09029134114583333,0.07942708333333333,0.078857421875,0.08504231770833333,0.0789794921875,0.09743589743589744,0.09578450520833333,0.087646484375,0.08707682291666667,0.09407552083333333,0.09041341145833333,0.09208170572916667,0.08744303385416667,0.083740234375,0.08513755494058278,0.08403532332234566,0.07991536458333333,0.06599934895833333,0.0587158203125,0.061360677083333336,0.054768880208333336,0.07426850608391324,0.0859375,0.08076985677083333,0.0732421875,0.07173665364583333,0.06587727864583333,0.0665283203125,0.06266276041666667,0.059285481770833336,0.06071704716558825,0.05867990559127533,0.050984700520833336,0.042928059895833336,0.040201822916666664,0.048095703125,0.044270833333333336,0.04312416011727817,0.058024088541666664,0.055745442708333336,0.059000651041666664,0.057088216145833336,0.063232421875,0.06888834635416667,0.07023111979166667,0.06730417090539166,0.06640625,0.0698933485304893,0.060465494791666664,0.050740559895833336,0.046630859375,0.054158528645833336,0.047688802083333336,0.047322591145833336,0.059733072916666664,0.055623372395833336,0.0572509765625,0.051350911458333336,0.06404622395833333,0.06697591145833333,0.0732421875,0.06787937980710536,0.06809948304636301,0.06595865885416667,0.057861328125,0.052083333333333336,0.046630859375,0.041422526041666664,0.035359700520833336,0.03285830618892508,0.052001953125,0.050089518229166664,0.047892252604166664,0.037312825520833336,0.040934244791666664,0.056966145833333336,0.05586978636826043,0.05363173957273652,0.053955078125,0.05099922666775204,0.038736979166666664,0.035481770833333336,0.0301513671875,0.026407877604166668,0.020345052083333332,0.017986489785952634,0.023478190104166668,0.023885091145833332,0.023397761953204477,0.0185546875,0.0281982421875,0.035441080729166664,0.0419921875,0.040323893229166664,0.040576289121321885,0.03943031536113937,0.0316162109375,0.029459635416666668,0.0230712890625,0.0179443359375,0.015665690104166668,0.01261444557477111,0.014892578125,0.014444986979166666,0.012491861979166666,0.010579427083333334,0.023844401041666668,0.032185872395833336,0.029134114583333332,0.0245361328125,0.024295946605892887,0.02091726691897611,0.017415364583333332,0.015462239583333334,0.012491861979166666,0.009724934895833334,0.0067138671875,0.005539037999429805,0.004475911458333333,0.004353841145833333,0.004191080729166667,0.0029296875,0.009320688672717653,0.012288411458333334,0.012858072916666666,0.011149088541666666,0.009766817238432425,0.0087890625,0.0076904296875,0.006306966145833333,0.005086263020833333,0.0042724609375,0.0026041666666666665,0.0026051206903569828,0.0024007161458333335,0.0022786458333333335,0.001708984375,0.0013427734375,0.002807731434384537,0.0021975338786472958,0.0020345052083333335,0.001953125,0.0016276041666666667,0.0012209515282243296,0.0008951822916666666,0.000732421875,0.0005696614583333334,0.0005289713541666666,0.0004475911458333333,0.0003255208333333333,0.0003255208333333333,0.0003255340793489318,0.0003255208333333333,0.00016276041666666666,0.001220703125,0.0012212994626282364,0.0012209018394921049,0.0012208521548040532,0.0012209515282243296],"averageToxinCountInMales":[2.4892578125,2.4892578125,2.491035856573705,2.5172413793103448,2.8319919517102616,2.6859666339548576,2.6265060240963853,2.628361858190709,2.6417682926829267,2.488220958570268,2.5363951473136916,2.5563258232235704,2.4796747967479673,2.532883642495784,2.6460032626427408,2.6566666666666667,2.7227805695142377,2.726890756302521,2.787632221318145,2.6217662801070474,2.601609657947686,2.5491388044579533,2.364826941066417,2.24822695035461,2.1381909547738696,1.964705882352941,1.9869646182495344,2.036363636363636,2.1052166224580016,2.0592592592592593,2.0466367713004483,1.9895734597156398,1.9640359640359641,1.9714566929133859,2.103585657370518,2.1041666666666665,2.0225,2.3117241379310345,2.3773824650571793,2.341991341991342,2.6345945945945948,2.199424736337488,2.206091370558376,2.1341743119266057,2.1156542056074765,2.170670037926675,2.1500615006150063,2.1372549019607843,2.147586206896552,2.1153324287652646,2.171830985915493,2.102310231023102,2.3667296786389413,2.4118852459016393,2.436548223350254,2.275925925925926,2.606060606060606,1.9593837535014005,1.936950146627566,2.020380434782609,1.9985775248933144,1.709090909090909,1.5238663484486874,1.3603707995365006,1.3612121212121213,1.3423645320197044,1.2610208816705337,1.2987886944818303,1.1795716639209226,1.2654545454545454,1.819526627218935,1.7616666666666667,2.084577114427861,1.4900133155792277,1.3744619799139168,1.3282122905027933,1.2472266244057053,0.9184713375796179,0.8731527093596059,0.673355629877369,0.6373493975903615,0.6048192771084338,0.5591133004926109,0.48807854137447404,0.4234375,0.5823223570190641,0.8754940711462451,0.8847058823529412,1.005128205128205,0.6145339652448657,0.5598006644518272,0.5333333333333333,0.6363636363636364,0.5165289256198347,0.35777126099706746,0.33880597014925373,0.321875,0.3051643192488263,0.3089700996677741,0.3224400871459695,0.2576832151300236,0.37362637362637363,0.5723076923076923,0.6818181818181818,0.7644230769230769,0.6258992805755396,0.5638297872340425,0.5781818181818181,0.6285714285714286,0.3932926829268293,0.30434782608695654,0.2469879518072289,0.1670235546038544,0.16631130063965885,0.16233766233766234,0.17307692307692307,0.1391304347826087,0.08856088560885608,0.41379310344827586,0.46285714285714286,0.5735294117647058,0.7586206896551724,0.7544910179640718,0.7655172413793103,0.8780487804878049,0.36,0.25925925925925924,0.20491803278688525,0.2129032258064516,0.20454545454545456,0.22900763358778625,0.25675675675675674,0.20192307692307693,0.125,0.04580152671755725,0,0,0,0,0,0,0,0,0,0,0,0,0,0,0,0,0,0,0,0,0,0,0,0,0,0,0,0,0,0,0,0,0,0,0,0,0,null,0,0,0,0,0],