{"startTime":"2025-03-24T21:01:06.836Z","infectedMalesAtStart":1024,"infectedFemalesAtStart":4096,"toxinAntitoxinLength":3,"killRate":0.5,"rescueRate":0.5,"simulationLength":150,"infectionRatio":[0.20833333333333334,0.20833333333333334,0.20958329908769624,0.24820963541666666,0.2781575520833333,0.3046468098958333,0.2942708333333333,0.3129069010416667,0.3177897135416667,0.3147786458333333,0.31689453125,0.3264973958333333,0.3306884765625,0.3333740234375,0.3444417317708333,0.3424479166666667,0.3350423177083333,0.3349892096583737,0.3375788402848423,0.3230387369791667,0.318603515625,0.3302408854166667,0.2941487630208333,0.2838541666666667,0.2767740885416667,0.2786257988358367,0.27409969481180063,0.2760416666666667,0.2696533203125,0.2664794921875,0.27001953125,0.2781982421875,0.273193359375,0.27194232883965297,0.27162855050052903,0.26593147228778385,0.2535807291666667,0.2723795572916667,0.253173828125,0.24275716145833334,0.22574869791666666,0.22853422316269228,0.24540201822916666,0.24167684167684167,0.22714140386571718,0.22465006510416666,0.22184244791666666,0.21956380208333334,0.22322591145833334,0.22618320921336427,0.22200065114764772,0.23018391927083334,0.22664388020833334,0.23612467447916666,0.22945149739583334,0.22489420572916666,0.19962565104166666,0.18694555220965248,0.2081298828125,0.1972736520854527,0.18416341145833334,0.1776123046875,0.17073567708333334,0.17218785609636986,0.17220052083333334,0.17515158914255483,0.18037923177083334,0.17606608072916666,0.1798095703125,0.17720540364583334,0.17598470052083334,0.17447916666666666,0.14759501912590542,0.13822296389759453,0.13720703125,0.12699898270600204,0.1195068359375,0.11405436197916667,0.115234375,0.1141054345613678,0.11769255821527438,0.11607179194985959,0.1310788263541285,0.12496439471007122,0.1119384765625,0.10514322916666667,0.11796061197916667,0.12202962239583333,0.10116383169203223,0.09990229604298974,0.09842936197916667,0.08675483214649034,0.07552083333333333,0.06510416666666667,0.060709635416666664,0.05969481180061038,0.061917362100549565,0.05994140148124034,0.07035319010416667,0.06787109375,0.056925455729166664,0.049235026041666664,0.055379231770833336,0.056559244791666664,0.054646809895833336,0.053660125396954646,0.047126811004395246,0.042317708333333336,0.0374755859375,0.031209309895833332,0.02946083418107833,0.02832838129349994,0.028174748585155326,0.026498962022224935,0.030354817708333332,0.022379557291666668,0.0198974609375,0.015869140625,0.017659505208333332,0.021202995279179553,0.018351236979166668,0.0155029296875,0.0135498046875,0.011800130208333334,0.009888097660223805,0.008097330729166666,0.0068359375,0.006795247395833333,0.006798567008630517,0.006476842233899548,0.005901265719750926,0.007161458333333333,0.005045572916666667,0.005818684895833333,0.00390625,0.0054931640625,0.0020751953125,0.0019938962360122074,0.0019938151041666665,0.0003255340793489318,0.0003255208333333333,0.0002441903056448659,0.00008141002157365571,0.00004072158651301055,0.000040736516213133455,0.000040781371069695365,0.000040706667752177804,0.000040690104166666664,0.00004069175991861648,0.000040690104166666664],"averageToxinCountInMales":[2.5625,2.5625,2.568743818001978,2.535645472061657,2.4912980420594635,2.3641072516758075,2.4208447280461867,2.459616985845129,2.4811015118790496,2.473655768711159,2.4884780278670955,2.471134020618557,2.484470468431772,2.524892595400556,2.5436585365853657,2.533982947624848,2.5138231631382317,2.514200298953662,2.5342295245207866,2.436933436933437,2.513071032479535,2.4803249555724802,2.4594517418617934,2.6096193567424018,2.549836358226718,2.6189356071743606,2.537020247809006,2.4803804994054697,2.4289200732153753,2.4253086419753087,2.4435286935286937,2.366725768321513,2.3510253317249696,2.350333940497875,2.2847985347985347,2.3241292751804203,2.267545304777595,2.3447026863869604,2.4657446124155675,2.4748470428280083,2.4886861313868613,2.5,2.3181972212809216,2.3010678608336206,2.2183950164895565,2.1765143069490898,2.1839818662636947,2.171002295332823,2.1446728971962616,2.1211453744493394,2.1007140172867342,2.1251793400286942,2.096715328467153,2.105992379632837,2.1098204857444562,2.2029348604151755,2.257073565076799,2.3217692974848223,2.2663569492837787,2.3743882544861337,2.234805421950153,2.1826879271070614,2.143265111851499,2.1810061118946873,2.092018779342723,2.0258780036968576,1.982612572447615,1.9060773480662982,1.7852927825692237,1.8003740065451146,1.832236842105263,1.8635931558935361,2.0016731734523145,1.9420549581839905,2.036363636363636,2.0916775032509753,1.9993060374739764,1.9703113685734974,1.8808327351040919,1.8951201747997086,1.8117480537862702,1.8423716558206797,1.7613273771537972,1.82809364548495,1.838038632986627,1.9582348305752562,2.0819209039548023,2.0802213001383127,2.17671009771987,2.110091743119266,2.128949615713066,2.0738916256157633,2.0421412300683373,2.137662337662338,2.070126227208976,2.0730659025787967,1.987551867219917,2.0902474526928674,2.0382317801672643,1.9237392373923738,1.837956204379562,1.7922297297297298,1.5979073243647235,1.5857988165680474,2.0487062404870624,1.9891640866873066,2.0827464788732395,1.9803921568627452,2.0357941834451903,1.877717391304348,1.8717948717948718,1.8982035928143712,1.903323262839879,1.9372937293729373,1.6783625730994152,1.5655430711610487,1.422907488986784,1.5617977528089888,1.2659574468085106,1.4189189189189189,1.4060913705583757,1.371069182389937,1.3687943262411348,1.319672131147541,1.3396226415094339,1.3068181818181819,1.4805194805194806,1.4805194805194806,1.4805194805194806,1.4933333333333334,1.5076923076923077,1.3529411764705883,1.5263157894736843,1.6507936507936507,1.9268292682926829,2,2,2,2,2,2,2,2,2,2,2,2,2,2,2],