{"startTime":"2025-03-24T20:33:26.773Z","infectedMalesAtStart":1024,"infectedFemalesAtStart":1024,"toxinAntitoxinLength":3,"killRate":0.8718151834313018,"rescueRate":0.2668731152160565,"simulationLength":154,"infectionRatio":[0.17495301554758244,0.17495301554758244,0.17488364075159454,0.1730899912629842,0.15422131147540982,0.15836385836385836,0.16971842447916666,0.161865234375,0.1650390625,0.16593424479166666,0.168701171875,0.176025390625,0.17012532552083334,0.1781005859375,0.178955078125,0.1773681640625,0.17338053385416666,0.17333930680568566,0.1713204168023445,0.16451009114583334,0.14457194010416666,0.1461181640625,0.1373291015625,0.1373402783429641,0.1358642578125,0.14424641927083334,0.138916015625,0.13548492124862643,0.13385698587766065,0.12898763020833334,0.12452185236428746,0.1251220703125,0.1236572265625,0.12231182795698925,0.1283929516135596,0.1270751953125,0.1221923828125,0.1219482421875,0.10286876907426246,0.11161295572916667,0.11319986979166667,0.12154134114583333,0.11568196614583333,0.1181163254507713,0.12109867751780265,0.11250813802083333,0.1072998046875,0.10486693253031659,0.09949540164401399,0.0973008183039531,0.10493324649951156,0.09708658854166667,0.09468587239583333,0.09562174479166667,0.080810546875,0.08577473958333333,0.0767822265625,0.09627278645833333,0.09208170572916667,0.08970654076274981,0.09475740801042006,0.092529296875,0.088623046875,0.08803418803418804,0.08863386643877426,0.0874150075322666,0.0920709866492999,0.09635416666666667,0.08056640625,0.06608072916666667,0.0653076171875,0.056355794270833336,0.050496419270833336,0.054402669270833336,0.052001953125,0.05107439361875305,0.05218169977206122,0.0457763671875,0.043623341743305934,0.04130381704240254,0.04124256982330429,0.03943994464569173,0.040773143438453716,0.03861648016276704,0.041544596354166664,0.037679036458333336,0.039265950520833336,0.033243815104166664,0.024332682291666668,0.028361002604166668,0.0289306640625,0.029870182720872503,0.02889350099702926,0.025146484375,0.027180989583333332,0.026163736979166668,0.02621509403240251,0.025725566817275208,0.028931841302136316,0.024861653645833332,0.024983723958333332,0.022257486979166668,0.020833333333333332,0.020550174981687964,0.016682942708333332,0.018229166666666668,0.018758138020833332,0.024170905391658188,0.024148884183091707,0.022178814145606966,0.0244140625,0.025431315104166668,0.02524738363806654,0.024216524216524215,0.029094608341810782,0.025634765625,0.024169921875,0.012044760935910477,0.011149088541666666,0.008345546327959615,0.005696614583333333,0.005086263020833333,0.003662109375,0.009765625,0.009684638860630722,0.009521871820956256,0.012491861979166666,0.012044270833333334,0.011841783999348906,0.011680436286679419,0.01171875,0.0118408203125,0.010294596354166666,0.0064292980671414035,0.0035400390625,0.0027669270833333335,0.0021565755208333335,0.001627802873072071,0.0013430466810467625,0.0032553407934893183,0.0030547409579667643,0.0029704984740590032,0.0028484231943031535,0.0027669270833333335,0.0026041666666666665,0.0026041666666666665,0.005777994791666667,0.004638671875,0.0022786458333333335,0.0019938962360122074,0.001220703125,0.0006510416666666666,0.0003255208333333333,0.0003255208333333333],"averageToxinCountInMales":[2.494140625,2.494140625,2.501984126984127,2.3348314606741574,2.337042925278219,2.4050367261280168,2.366327025715672,2.502801833927662,2.5324351297405188,2.512987012987013,2.4583333333333335,2.4806273062730626,2.4904122722914668,2.4840474020054693,2.4386363636363635,2.5296007342817806,2.5288640595903167,2.5284514925373136,2.5419415645617343,2.5683698296836983,2.6542316258351892,2.5963756177924218,2.5014611338398596,2.692262943571844,2.7103244837758114,2.614864864864865,2.6528103044496487,2.617239300783605,2.627535341118623,2.6306017925736236,2.5165428764348414,2.553691275167785,2.595643294758339,2.601935038009675,2.6269736842105265,2.5784248841826605,2.706161137440758,2.372562205783457,2.3284046692607006,2.405214940098661,2.3671061762664816,2.400780741704619,2.4318026045236465,2.630508474576271,2.5485148514851486,2.63323782234957,2.6521084337349397,2.5765973826020017,2.565929565929566,2.5562130177514795,2.5973520249221185,2.645383951682485,2.7197170645446507,2.3879310344827585,2.280248190279214,2.7192460317460316,2.69066366704162,2.9527629233511585,2.933706816059757,2.9574468085106385,2.7513711151736744,2.7239089184060723,2.7064676616915424,2.71875,2.719,2.7013251783893986,2.699711260827719,3.042666666666667,2.7036637931034484,2.6005326231691077,2.2296395193591456,2.4339035769828925,2.4562937062937062,2.7671451355661882,2.8116666666666665,2.818803418803419,2.5500821018062396,2.671102661596958,2.8263473053892216,2.7387580299785865,2.7333333333333334,2.676470588235294,2.8205689277899344,3.01131221719457,2.6751592356687897,2.4110854503464205,1.7042553191489362,1.7537313432835822,1.888086642599278,2.5548780487804876,2.6295180722891565,2.6676557863501484,2.674698795180723,3.027972027972028,3.156050955414013,3.1433333333333335,3.1561461794019934,3.1267123287671232,3.3560371517027865,3.4615384615384617,3.2587412587412588,2.798449612403101,2.318548387096774,2.195020746887967,2.045918367346939,2.650943396226415,2.8839285714285716,3.1818181818181817,3.1818181818181817,3.4555555555555557,3.5051903114186853,3.5384615384615383,3.530944625407166,3.488135593220339,3.597796143250689,3.664516129032258,3.6486486486486487,3.7847222222222223,2.920863309352518,2.669724770642202,3.1772151898734178,3.140845070422535,2.8979591836734695,3.606299212598425,3.6,3.6198347107438016,3.7371794871794872,3.7533333333333334,3.7534246575342465,3.7535211267605635,3.7847222222222223,3.854014598540146,3.8333333333333335,3.9473684210526314,4,4,4,4,4,4,4,4,4,4,4,4,4,4,4,4,4,4,4,4],