{"startTime":"2025-03-24T20:33:55.228Z","infectedMalesAtStart":16,"infectedFemalesAtStart":32,"toxinAntitoxinLength":3,"killRate":0.08534495669114994,"rescueRate":0.8460005940063737,"simulationLength":35,"infectionRatio":[0.004088237799165318,0.004088237799165318,0.0041265474552957355,0.006031632561880082,0.004683554614319459,0.0025634765625,0.0027669270833333335,0.0020751953125,0.0024007161458333335,0.004313151041666667,0.0047607421875,0.004964192708333333,0.004475911458333333,0.004069010416666667,0.0035807291666666665,0.0034586588541666665,0.003662109375,0.0036650920345333115,0.0061042607740202665,0.004557291666666667,0.0030924479166666665,0.0023193359375,0.0013835198372329604,0.0008951822916666666,0.0005290144054691951,0.000244140625,0.0001627670396744659,0.00016276041666666666,0.0001220703125,0.0001220703125,0.0001220802474159681,0.0001220703125,0.0001220703125,0.0000813868316106454,0.00008138020833333333],"averageToxinCountInMales":[2.1875,2.1875,2.1875,2.78125,2.574074074074074,2.5172413793103448,3,2.3181818181818183,2,1.1875,1.6481481481481481,1.4285714285714286,1.1428571428571428,0.9302325581395349,0.868421052631579,0.8285714285714286,0.8108108108108109,0.8108108108108109,1.875,1.8125,1.6451612903225807,1.08,1.3333333333333333,1,1.4,1.75,1.3333333333333333,1.3333333333333333,2,2,2,2,2,1,1],"averageAntitoxinCountInFemales":[2.34375,2.34375,2.34375,2.464788732394366,2.557377049180328,2.735294117647059,2.914285714285714,2.793103448275862,2.2941176470588234,1.7241379310344827,1.8571428571428572,1.8181818181818181,1.721311475409836,1.6140350877192982,1.46,1.46,1.4339622641509433,1.4339622641509433,1.9615384615384615,2.34375,2.7111111111111112,1.84375,2.210526315789474,2.1333333333333333,2.875,3.5,5,5,5,5,5,5,5,5,5],"reproductiveSuccessOverTime":[0,0,0,0.00741667411312662,0.00036653905677282725,0,0,0,0,0,0,0.000040690104166666664,0,0,0.000040690104166666664,0,0,0,0,0,0,0.000040690104166666664,0,0,0,0,0,0,0,0,0,0.000040690104166666664,0,0,0]}