{"startTime":"2025-03-24T20:33:55.228Z","infectedMalesAtStart":16,"infectedFemalesAtStart":32,"toxinAntitoxinLength":3,"killRate":0.6686469150128361,"rescueRate":0.05942219180203834,"simulationLength":51,"infectionRatio":[0.003829889092795021,0.003829889092795021,0.003872216844143272,0.0034357062052205976,0.0025227864583333335,0.0032552083333333335,0.004679361979166667,0.004313151041666667,0.0040283203125,0.0035400390625,0.0034993489583333335,0.0033772786458333335,0.0032552083333333335,0.003173828125,0.0030110677083333335,0.0028076171875,0.0027669270833333335,0.002768955126638977,0.004150559511698881,0.0033365885416666665,0.0024820963541666665,0.0017903645833333333,0.0012613932291666667,0.0010579427083333333,0.0009358723958333334,0.0009358723958333334,0.0009358723958333334,0.0009358723958333334,0.0009359485635224221,0.0009358723958333334,0.0009359104781281791,0.0003255340793489318,0.0003255208333333333,0.0003255340793489318,0.00634765625,0.0042724609375,0.004435221354166667,0.004069010416666667,0.0016276041666666667,0.0006510416666666666,0.00008138020833333333,0.00008138020833333333,0.00008138020833333333,0.00008138020833333333,0.00008138020833333333,0.0000813868316106454,0.00008138020833333333,0.00004069175991861648,0.00004069507182680177,0.000040690104166666664,0.000040690104166666664],"averageToxinCountInMales":[2.4375,2.4375,2.4375,2.742857142857143,2.740740740740741,2.3421052631578947,2.557377049180328,2.5892857142857144,2.611111111111111,2.5652173913043477,2.577777777777778,2.577777777777778,2.577777777777778,2.590909090909091,2.590909090909091,2.625,2.625,2.625,2.0166666666666666,1.9215686274509804,1.6,1.4285714285714286,1,1,1,1,1,1,1,1,1,1,1,1,1,1,1,1,1,1,1,1,1,1,1,1,1,1,1,1,1],"averageAntitoxinCountInFemales":[2.40625,2.40625,2.40625,2.6808510638297873,2.6285714285714286,2.380952380952381,2.740740740740741,2.74,2.8444444444444446,2.8292682926829267,2.8292682926829267,2.736842105263158,2.6285714285714286,2.588235294117647,2.566666666666667,2.4482758620689653,2.4642857142857144,2.4642857142857144,1.9761904761904763,1.6451612903225807,1.6153846153846154,1.565217391304348,1.3529411764705883,1.3571428571428572,1.3571428571428572,1.3571428571428572,1.3571428571428572,1.3571428571428572,1.3571428571428572,1.3571428571428572,1.3571428571428572,1.7142857142857142,1.7142857142857142,1.7142857142857142,1,1,1,1,1,1,null,null,null,null,null,null,null,null,null,null,null],"reproductiveSuccessOverTime":[0,0,0,0.004608874177734948,0,0,0,0,0,0,0,0,0,0,0,0.00008138020833333333,0.00008138020833333333,0.00008143985666585227,0,0,0.000040690104166666664,0,0,0,0,0,0,0,0,0,0,0,0.000040690104166666664,0,0,0,0,0,0,0,0,0,0,0,0,0,0,0,0.00008139014365360354,0.0001220703125,0]}