{"startTime":"2025-03-24T20:33:26.773Z","infectedMalesAtStart":1024,"infectedFemalesAtStart":1024,"toxinAntitoxinLength":3,"killRate":0.5243082511327758,"rescueRate":0.4466881314293816,"simulationLength":167,"infectionRatio":[0.16226923381665478,0.16226923381665478,0.1617011052378664,0.16714065923819293,0.16209016393442624,0.16544596354166666,0.17659505208333334,0.1800537109375,0.17574055989583334,0.1729736328125,0.17692057291666666,0.17057291666666666,0.1640625,0.16593424479166666,0.16373697916666666,0.1607666015625,0.158935546875,0.15893824044294264,0.15700797655868468,0.1529541015625,0.14359537760416666,0.15043131510416666,0.16341145833333334,0.160888671875,0.150146484375,0.14973958333333334,0.14896647135416666,0.14180501302083334,0.130615234375,0.13008626302083334,0.1258544921875,0.1219482421875,0.1175537109375,0.11515768056968465,0.114556627192447,0.11250813802083333,0.11629231770833333,0.13177064257518414,0.1343994140625,0.14070638020833334,0.13818359375,0.1318359375,0.13232421875,0.12284342447916667,0.11161295572916667,0.11446592065106816,0.10847981770833333,0.10734049479166667,0.10506184895833333,0.10555442522889115,0.09689102303247335,0.08890787760416667,0.08072916666666667,0.09281412760416667,0.09033570701932858,0.1142578125,0.11442057291666667,0.10530598958333333,0.109375,0.096923828125,0.08829752604166667,0.08708390982339058,0.08479817708333333,0.08577473958333333,0.0833740234375,0.0823974609375,0.0841912512716175,0.07450358072916667,0.07767740885416667,0.0830078125,0.083251953125,0.09346516927083333,0.09159342447916667,0.0863037109375,0.09391658189216684,0.08646647135416667,0.07609359104781281,0.07541717541717542,0.07076297049847406,0.07014973958333333,0.06921668362156663,0.06929806714140387,0.0810546875,0.0673828125,0.07657877604166667,0.08280436197916667,0.082763671875,0.07735188802083333,0.07059733072916667,0.0645751953125,0.060139973958333336,0.054280598958333336,0.050862630208333336,0.0504211939934074,0.05001424327513938,0.048583984375,0.047566731770833336,0.045328776041666664,0.05249237029501526,0.043664035159111256,0.055989583333333336,0.048828125,0.038289388020833336,0.0360107421875,0.030354817708333332,0.027384440104166668,0.0225830078125,0.020670572916666668,0.020670572916666668,0.020222981770833332,0.020100911458333332,0.020100911458333332,0.020100911458333332,0.019249552335992185,0.0218505859375,0.019627804699271084,0.022054036458333332,0.015096028645833334,0.010945638020833334,0.010132248219735504,0.008056640625,0.00756959140485105,0.006022380467955239,0.0057373046875,0.0056561546286876905,0.005292082230816202,0.005249237029501526,0.005168274122003825,0.00500692013351787,0.004558033534103858,0.00590030518819939,0.012166341145833334,0.007772126144455748,0.007161458333333333,0.009684244791666666,0.008544921875,0.0059814453125,0.004679933260082204,0.004191080729166667,0.0036214192708333335,0.00341796875,0.002522889114954222,0.0024820963541666665,0.0024820963541666665,0.0024011069510011395,0.002197265625,0.0032552083333333335,0.004642828052455811,0.00341796875,0.0027669270833333335,0.007527669270833333,0.008260427263479145,0.0069989827060020346,0.006266531027466938,0.005655924479166667,0.00439453125,0.003662109375,0.0035003459644267166,0.003133520530663737,0.00301131276959388,0.002970619353788557,0.0028889973958333335,0.002400813835198372,0.001384083044982699,0.0008544921875,0.00020345052083333334,0.000040690104166666664],"averageToxinCountInMales":[2.4921875,2.4921875,2.494,2.3508271534512266,2.3300619834710745,2.376926902038787,2.3550962893377174,2.3152073732718894,2.309613572101791,2.264578313253012,2.2219074598677997,2.203248031496063,2.208269525267994,2.23911955977989,2.2914547304170907,2.265527950310559,2.2948851774530272,2.294516971279373,2.267130620985011,2.2296137339055795,2.169683257918552,2.1513661202185794,1.9928607853136155,1.9780724120346762,2.075625680087051,2.0680713128038897,2.0421686746987953,2.0508862206975413,1.9760554505356018,1.8980612883051908,1.9393746011486919,1.9266535690897184,1.9200819672131149,1.9048285514345695,2.0785302593659942,1.9221984296930763,1.8339006126616746,1.6803429271279853,1.645758661887694,1.6417391304347826,1.7369348209042865,1.8157413056741916,1.8049666868564507,1.8569570871261378,1.8588912886969042,1.8291316526610644,1.7946627131208301,1.7689422355588897,1.7724827056110684,1.7202152190622597,1.7969283276450512,1.7707362534948743,1.484472049689441,1.2995633187772926,1.2448430493273543,1.1971830985915493,1.285814606741573,1.1987673343605547,1.256578947368421,1.202350965575147,1.3539170506912444,1.327392120075047,1.3114754098360655,1.1695075757575757,1.1650390625,1.1557539682539681,1.245136186770428,1.2373453318335208,1.0500544069640914,1.0030333670374114,0.9276248725790011,1.0106856634016028,1.118659420289855,1.0846153846153845,1.2798937112488928,1.2803827751196173,1.2019650655021834,1.1705170517051706,1.1176470588235294,1.098692033293698,1.0940892641737032,1.0933014354066986,1.3102409638554218,1.3006134969325154,1.0139484978540771,0.8594704684317719,0.8136456211812627,0.7907488986784141,0.8975609756097561,0.8641810918774967,0.8755364806866953,0.8510301109350238,0.8534923339011925,0.8480138169257341,0.8170731707317073,0.8132854578096947,0.7826887661141805,0.6976284584980237,1.3476821192052981,1.780040733197556,0.9188811188811189,0.912621359223301,0.9257731958762887,0.8823529411764706,0.904639175257732,0.923728813559322,0.9513888888888888,0.9509433962264151,0.9509433962264151,0.937984496124031,0.937984496124031,0.937984496124031,0.937984496124031,0.7355371900826446,1.618705035971223,2.7227272727272727,2.099236641221374,2.9152542372881354,3.4206349206349205,3.4745762711864407,3.043956043956044,3.107142857142857,3.564516129032258,3.5166666666666666,3.5166666666666666,3.4107142857142856,3.381818181818182,3.3518518518518516,3.3207547169811322,3.1914893617021276,3.6363636363636362,4.225806451612903,3.883495145631068,3.9130434782608696,4.1735537190082646,4.132075471698113,4.085714285714285,4.538461538461538,4.5,4.441860465116279,4.414634146341464,4.703703703703703,4.6923076923076925,4.6923076923076925,4.68,4.636363636363637,4.866666666666666,5,5,5,5,5,5,5,5,5,5,5,5,5,5,5,5,5,5,5,null],