{"startTime":"2025-03-24T21:01:06.836Z","infectedMalesAtStart":1024,"infectedFemalesAtStart":1024,"toxinAntitoxinLength":3,"killRate":1,"rescueRate":1,"simulationLength":104,"infectionRatio":[0.08333333333333333,0.08333333333333333,0.08340184149950675,0.07735188802083333,0.06917317708333333,0.059407552083333336,0.057332356770833336,0.0615234375,0.07096354166666667,0.07194010416666667,0.07568359375,0.08243815104166667,0.0772705078125,0.08174641927083333,0.08650716145833333,0.08833821614583333,0.0871617497456765,0.08709638014577141,0.08711751302083333,0.08085123697916667,0.06742350260416667,0.058634440104166664,0.0533447265625,0.05419921875,0.053263346354166664,0.057210286458333336,0.0535888671875,0.05562563580874873,0.053141276041666664,0.055135091145833336,0.053955078125,0.0535888671875,0.050374348958333336,0.050197451451369945,0.054728190104166664,0.0440673828125,0.050537109375,0.0426025390625,0.033610026041666664,0.027506510416666668,0.029581705729166668,0.034708658854166664,0.031903637991372996,0.03328721412875397,0.034708658854166664,0.0343017578125,0.035441080729166664,0.03389623601220753,0.0338189809539313,0.03377690961624547,0.0361009361009361,0.032389322916666664,0.035603841145833336,0.030069986979166668,0.024007161458333332,0.019938151041666668,0.019127462152042977,0.018513997395833332,0.016805013020833332,0.019368489583333332,0.017985026041666668,0.015950520833333332,0.015787760416666668,0.015301969721634381,0.015265621819662121,0.01521933751119069,0.015380859375,0.011555989583333334,0.02978515625,0.024129231770833332,0.021240234375,0.017985026041666668,0.015505453361549732,0.012288411458333334,0.009318033854166666,0.008992513020833334,0.0084228515625,0.008303484207098664,0.008219735503560529,0.007977857375447737,0.007935216082037927,0.0079345703125,0.007894201424211596,0.006307736133154275,0.01833591394344389,0.0128173828125,0.0084228515625,0.006958290946083418,0.0040289760703239455,0.0025227864583333335,0.00244140625,0.0023600260416666665,0.0022786458333333335,0.0022786458333333335,0.0022786458333333335,0.0022795733941219573,0.0022792950466034435,0.0022792950466034435,0.0022786458333333335,0.0021162298551196486,0.003625993073945814,0.0004069010416666667,0.00008138020833333333,0.00016276041666666666],"averageToxinCountInMales":[2.5048828125,2.5048828125,2.507920792079208,2.5914760914760913,2.51061320754717,2.4618528610354224,2.4694767441860463,2.2599179206566347,2.366230677764566,2.4357798165137616,2.7342888643880925,2.7150101419878294,2.783754116355653,2.786540483701367,2.710735586481113,2.7269193391642372,2.7541954590325766,2.7527200791295745,2.74950884086444,2.5067497403946004,2.4418886198547214,2.490934449093445,2.3790951638065523,2.4221879815100156,2.446372239747634,2.377745241581259,2.4517684887459805,2.3830455259026686,2.3063973063973062,2.407704654895666,2.406611570247934,2.619672131147541,2.4903339191564147,2.4638447971781305,2.7299382716049383,2.5470588235294116,2.1455479452054793,2.0808678500986195,2.0691358024691358,2.021472392638037,1.8381502890173411,1.6729857819905214,1.7054263565891472,1.628361858190709,1.6235294117647059,1.6077481840193704,1.9953161592505855,2.004866180048662,2.0097799511002443,1.9628712871287128,2.415704387990762,2.2539267015706805,2.1322505800464038,2.1331521739130435,2.0985915492957745,2.0847457627118646,1.8660714285714286,1.969298245614035,1.935483870967742,1.7950819672131149,1.7422222222222221,1.7783251231527093,2.323671497584541,2.353233830845771,2.355,2.3467336683417086,2.634020618556701,3.2406015037593985,2.3502673796791442,2.450657894736842,2.2279411764705883,2.1528384279475983,2.019704433497537,1.7197452229299364,1.3697478991596639,1.2666666666666666,1.1652173913043478,1.1150442477876106,1.135135135135135,1.1559633027522935,1.1559633027522935,1.1559633027522935,1.1666666666666667,0.9102564102564102,0.9147982062780269,0.8701298701298701,0.979381443298969,1.1973684210526316,1.0612244897959184,0.1724137931034483,0,0,0,0,0,0,0,0,0,0,0,0,0,0],"averageAntitoxinCountInFemales":[2.447265625,2.447265625,2.450441609421001,2.4366347177848775,2.386150234741784,2.387052341597796,2.3300970873786406,2.180537772087068,2.3399778516057586,2.3917410714285716,2.657922350472193,2.641346153846154,2.6983805668016196,2.775047258979206,2.7169642857142855,2.7425569176882663,2.761736049601417,2.7632978723404253,2.751558325912734,2.4736328125,2.3441636582430805,2.4005524861878453,2.2507462686567163,2.322108345534407,2.3585185185185185,2.3831258644536653,2.479136690647482,2.4027397260273973,2.332865168539326,2.3538251366120218,2.4299583911234395,2.603960396039604,2.491778774289985,2.478978978978979,2.6944045911047345,2.4694589877835953,2.2188449848024314,2.0462962962962963,2.0546318289786223,2.025714285714286,1.7979002624671916,1.6148491879350348,1.579345088161209,1.5525672371638142,1.5514018691588785,1.527906976744186,1.936936936936937,1.9549763033175356,1.9549763033175356,1.9248826291079812,2.4140969162995596,2.2222222222222223,2.313063063063063,2.30188679245283,2.3986928104575163,2.3149606299212597,1.9878048780487805,2.026431718061674,2.1989795918367347,1.9353448275862069,1.8341013824884793,1.835978835978836,2.292817679558011,2.354285714285714,2.354285714285714,2.354285714285714,2.75,3.1125827814569536,2.0754189944134076,2.1660899653979238,1.836,1.7793427230046948,1.6348314606741574,1.4,1.0454545454545454,0.8118811881188119,0.7391304347826086,0.7472527472527473,0.7472527472527473,0.7816091954022989,0.7906976744186046,0.7906976744186046,0.7906976744186046,0.6883116883116883,0.947136563876652,0.9006211180124224,1.0363636363636364,1.1473684210526316,1.08,0,0,0,0,0,0,0,0,0,0,0,0,0,0,0],"reproductiveSuccessOverTime":[0,0,0,0,0,0,0,0,0,0,0,0,0,0,0,0,0,0,0,0,0,0,0,0,0,0,0,0,0,0,0,0.00008138020833333333,0.00008138020833333333,0.00016284655783088385,0,0,0,0,0,0,0,0,0.0000406934158053227,0,0,0,0,0,0,0,0.0000407000407000407,0,0,0,0,0,0,0,0,0,0.000040690104166666664,0,0,0.00004069672798307016,0,0,0,0.00008138020833333333,0,0,0,0,0,0,0,0,0,0,0.00004069175991861648,0.00008140670791273201,0.0000406934158053227,0.00008138020833333333,0.00004069175991861648,0,0.00004074647542987532,0,0,0,0,0,0,0,0,0,0,0.000040706667752177804,0.00004070169726077577,0,0,0,0,0,0,0]}