{"startTime":"2025-03-24T20:33:26.773Z","infectedMalesAtStart":1024,"infectedFemalesAtStart":1024,"toxinAntitoxinLength":3,"killRate":0.343824650017551,"rescueRate":0.2668731152160565,"simulationLength":253,"infectionRatio":[0.15626430642453837,0.15626430642453837,0.15627168298512065,0.16352281962444928,0.15315755208333334,0.15266927083333334,0.14835611979166666,0.15625,0.15214029947916666,0.15242513020833334,0.14994303385416666,0.16064453125,0.1658935546875,0.16499837239583334,0.17097981770833334,0.16276041666666666,0.16455078125,0.1644889485895714,0.16581217447916666,0.15283203125,0.13671875,0.1448974609375,0.1368408203125,0.1461181640625,0.14013671875,0.133056640625,0.13094075520833334,0.14453125,0.14579264322916666,0.148193359375,0.15799967447916666,0.1522216796875,0.14921061197916666,0.14603768977166348,0.14911887998046477,0.13700358072916666,0.11446126302083333,0.12019856770833333,0.12125651041666667,0.14290364583333334,0.13924153645833334,0.12724313326551373,0.11869303385416667,0.12752278645833334,0.1419793277447709,0.14400227864583334,0.14743224546268413,0.14506612410986774,0.1454323499491353,0.13766022380467954,0.13094075520833334,0.11572265625,0.09769694010416667,0.08935546875,0.10107421875,0.12711588541666666,0.134521484375,0.13117623117623117,0.12044270833333333,0.11914547304170905,0.12109375,0.12358590380076503,0.12663790998616423,0.12638346354166666,0.12354521038495972,0.12262922262922263,0.12044760935910478,0.11263020833333333,0.09541829427083333,0.080810546875,0.0809766022380468,0.10933430989583333,0.12239583333333333,0.11585886949090465,0.11128743489583333,0.1060791015625,0.10648600260416667,0.10359700520833333,0.11234537760416667,0.11946614583333333,0.11678059895833333,0.11376953125,0.12187678033694148,0.1011962890625,0.09102376302083333,0.07316080729166667,0.07792154947916667,0.1123046875,0.13130696614583334,0.131591796875,0.1331787109375,0.12061528444697647,0.11823361823361823,0.1212158203125,0.12679036458333334,0.13020833333333334,0.12899287894201425,0.12325032552083333,0.11971028645833333,0.10591634114583333,0.0872802734375,0.0633544921875,0.06636555989583333,0.09480794270833333,0.11956212102714361,0.12301119023397762,0.13224283854166666,0.1265869140625,0.1229248046875,0.12798079270773988,0.13794506612410987,0.13550356052899287,0.13171922685656154,0.12744140625,0.1230262086928211,0.11204721204721205,0.10774739583333333,0.0802001953125,0.07621566632756867,0.08935546875,0.119384765625,0.12195320447609359,0.13187662760416666,0.12504069010416666,0.11991373697916667,0.1258544921875,0.12902963204168025,0.13334147135416666,0.13382975260416666,0.12919108072916666,0.12558499165751028,0.1053466796875,0.10730417090539165,0.08357747395833333,0.07455033775535118,0.0810546875,0.11698404947916667,0.12089029947916667,0.13106282552083334,0.134521484375,0.12540690104166666,0.1207275390625,0.12103570410780443,0.1191144752370488,0.11307779947916667,0.1091353001017294,0.10489908854166667,0.09615071614583333,0.0970458984375,0.06888834635416667,0.053514019452244335,0.05058603288295621,0.07450358072916667,0.09261067708333333,0.1038818359375,0.09965006510416667,0.09406545099316184,0.09619140625,0.09515084890680348,0.09345490068381634,0.09256998697916667,0.08817545572916667,0.08424565544747874,0.08390299479166667,0.08227873855544253,0.058024088541666664,0.04659585724168803,0.045591467882439146,0.05458764145567044,0.06226852793944081,0.06799869781069423,0.05619760722715065,0.05144485144485145,0.04952590241321776,0.0488490527602363,0.04762874007734582,0.04659585724168803,0.04443359375,0.047088030605184975,0.05213675213675214,0.047407829413200944,0.0302734375,0.026734486266531028,0.020387401318466673,0.0182706002034588,0.02229999186131684,0.024415055951169887,0.021891276041666668,0.025472005208333332,0.022908528645833332,0.022798518096323737,0.02234341296650523,0.021202132421763723,0.0191650390625,0.019866471258752644,0.030659609120521174,0.024821973550356053,0.016276041666666668,0.011637369791666666,0.008951822916666666,0.0072021484375,0.011355311355311355,0.012372308819339872,0.012493895490802539,0.017623117623117624,0.016400781377177275,0.01616054709761459,0.015747711088504576,0.014811197916666666,0.014404296875,0.013431013431013432,0.015016481504089855,0.014444986979166666,0.0072021484375,0.005330403645833333,0.004638671875,0.0035808748728382504,0.005127579050177023,0.004924905368553869,0.004639049401806788,0.005655924479166667,0.004353841145833333,0.003948386046322303,0.003907044890317854,0.003987630208333333,0.0032958984375,0.003177059997556108,0.0030110677083333335,0.0035400390625,0.003173828125,0.0016682942708333333,0.0014241536458333333,0.0019532044760935913,0.001912824060884783,0.001914460285132383,0.00134342940889106,0.005781052802996377,0.005536332179930796,0.005538586845856241,0.005537233825984284,0.0043948889069748516,0.0025634765625,0.0021976233110857888,0.002197712750803793,0.0021158854166666665,0.00016276041666666666,0.00016276041666666666,0.00016276041666666666,0.0001220703125,0.0001221001221001221,0.00008143985666585227,0.00008145312372729494,0.00004072158651301055],