{"startTime":"2025-03-24T20:33:55.228Z","infectedMalesAtStart":16,"infectedFemalesAtStart":32,"toxinAntitoxinLength":3,"killRate":0.09783595079706431,"rescueRate":0.45856776630460105,"simulationLength":83,"infectionRatio":[0.0038455375741067136,0.0038455375741067136,0.003885695782401036,0.001988247249591305,0.004313151041666667,0.0023193359375,0.0033365885416666665,0.005126953125,0.004475911458333333,0.004313151041666667,0.0042724609375,0.004150390625,0.0057373046875,0.0057373046875,0.005696846388606307,0.005696614583333333,0.005615462868769074,0.0056195789387954555,0.005574771108850457,0.0067138671875,0.005452473958333333,0.004475911458333333,0.0067138671875,0.016398111979166668,0.014485677083333334,0.013631184895833334,0.013631184895833334,0.012330104989012778,0.012247721354166666,0.011637369791666666,0.011189778645833334,0.01245319876281947,0.012247721354166666,0.01220703125,0.01159762350451697,0.011067708333333334,0.00927734375,0.008626302083333334,0.009073893229166666,0.021484375,0.020347535913400886,0.023356119791666668,0.021280924479166668,0.020100911458333332,0.019856770833333332,0.018961588541666668,0.018595377604166668,0.0234375,0.023275686673448627,0.02185325357099255,0.019775390625,0.013346354166666666,0.0107421875,0.009521484375,0.008341471354166666,0.01318359375,0.011881510416666666,0.008180708180708181,0.006754557291666667,0.006388346354166667,0.007324516785350966,0.006632486979166667,0.006266276041666667,0.006022135416666667,0.006022135416666667,0.004720436233417433,0.003946940104166667,0.0022786458333333335,0.0014241536458333333,0.0013427734375,0.0008138020833333334,0.0006510416666666666,0.0006511476477291225,0.0001220802474159681,0.0001220703125,0.0001220703125,0.00008139345596614032,0.00008138020833333333,0.00008138020833333333,0.00008138020833333333,0.000040690104166666664,0.00004070335395636601,0.00004069175991861648],"averageToxinCountInMales":[2.625,2.625,2.625,2.4285714285714284,2.7547169811320753,2.730769230769231,2.275,2.5636363636363635,2.5,2.511627906976744,2.511627906976744,2.5238095238095237,2.3666666666666667,2.3666666666666667,2.3666666666666667,2.406779661016949,2.4210526315789473,2.4210526315789473,2.4210526315789473,2.323529411764706,2.423076923076923,2.58974358974359,2.230769230769231,2.142105263157895,1.9212121212121211,1.9620253164556962,1.9620253164556962,1.9189189189189189,1.9246575342465753,1.9562043795620438,1.8992248062015504,1.9154929577464788,1.8857142857142857,1.8848920863309353,1.8854961832061068,1.903225806451613,1.8761904761904762,1.8631578947368421,1.94,2.480769230769231,2.317269076305221,1.8489208633093526,1.9209486166007905,1.962809917355372,1.9708333333333334,1.9039301310043668,1.817351598173516,1.8513011152416357,1.8507462686567164,1.8571428571428572,1.8583690987124464,1.7391304347826086,1.7272727272727273,1.5833333333333333,1.489795918367347,1.2034883720930232,1.1721854304635762,1.2095238095238094,1.2298850574712643,1.2317073170731707,1.032967032967033,1.0121951219512195,1.0125,1.0135135135135136,1.0135135135135136,1.015625,1.0188679245283019,1.0333333333333334,1.0625,1,1,1,1,1,1,1,1,1,1,1,1,1,1],"averageAntitoxinCountInFemales":[2.5625,2.5625,2.5625,2.5161290322580645,2.7735849056603774,2.870967741935484,2.4285714285714284,2.6056338028169015,2.5606060606060606,2.5396825396825395,2.5483870967741935,2.55,2.4074074074074074,2.4074074074074074,2.4125,2.4691358024691357,2.4691358024691357,2.4691358024691357,2.475,2.2989690721649483,2.341463414634146,2.3943661971830985,2.26,2.244131455399061,2.0575916230366493,2.1242937853107344,2.1242937853107344,2.096774193548387,2.096774193548387,2.0805369127516777,2.0684931506849313,2.067073170731707,2.062111801242236,2.062111801242236,2.038961038961039,2.0878378378378377,2.0569105691056913,2.0598290598290596,2.1951219512195124,2.4888059701492535,2.239043824701195,1.760135135135135,1.8111111111111111,1.8412698412698412,1.8548387096774193,1.8438818565400843,1.76890756302521,1.8241042345276872,1.825657894736842,1.8526315789473684,1.8735177865612649,1.910179640718563,1.9848484848484849,1.5789473684210527,1.485981308411215,1.3486842105263157,1.3333333333333333,1.3854166666666667,1.4303797468354431,1.4533333333333334,1.0337078651685394,1.0123456790123457,1.0135135135135136,1.0135135135135136,1.0135135135135136,1.0192307692307692,1.0227272727272727,1.0384615384615385,1.0526315789473684,1.0555555555555556,1,1,1,null,null,null,null,null,null,null,null,null,null],"reproductiveSuccessOverTime":[0,0,0,0.006804223920823576,0.000040690104166666664,0,0,0,0,0,0,0.000040690104166666664,0,0,0,0,0.00008138351983723296,0.0000814431730260211,0.00004069175991861648,0,0,0,0,0.000040690104166666664,0.000040690104166666664,0,0,0.0000406934158053227,0,0,0,0.00004069672798307016,0,0,0,0,0,0,0,0,0,0,0,0,0,0,0,0,0,0,0,0,0,0,0,0,0,0,0,0,0.0001627670396744659,0,0,0,0,0,0,0,0,0,0,0,0,0.0001220802474159681,0,0,0.00008139345596614032,0,0,0,0,0,0]}