{"startTime":"2025-03-24T20:43:41.882Z","infectedMalesAtStart":1024,"infectedFemalesAtStart":1024,"toxinAntitoxinLength":3,"killRate":0.2588474289675051,"rescueRate":0.6532275710262173,"simulationLength":264,"infectionRatio":[0.08333333333333333,0.08333333333333333,0.08338472924633034,0.0810546875,0.08146158854166667,0.07963053385416667,0.07377115885416667,0.0721435546875,0.070556640625,0.070556640625,0.0699462890625,0.0697021484375,0.0706787109375,0.06705729166666667,0.06656901041666667,0.06705729166666667,0.06892903645833333,0.06882657006797184,0.06649304142589729,0.0677490234375,0.075927734375,0.06974283854166667,0.06441243489583333,0.0672607421875,0.06982421875,0.066650390625,0.0703125,0.06856282552083333,0.06937662760416667,0.0648193359375,0.0662841796875,0.06465657552083333,0.0643310546875,0.06352242207210873,0.057822990844354015,0.06620279947916667,0.07332356770833333,0.06315104166666667,0.06673177083333333,0.06783040364583333,0.060139973958333336,0.058146158854166664,0.06685384114583333,0.06717936197916667,0.0701904296875,0.06754557291666667,0.0740966796875,0.07076009114583333,0.06974567650050864,0.06722005208333333,0.0606689453125,0.057210286458333336,0.08186848958333333,0.07230631510416667,0.06722825865787653,0.06429036458333333,0.057698567708333336,0.0559173042487384,0.06291458104423554,0.0699462890625,0.06880696614583333,0.06897533979002198,0.07198665255961585,0.0699462890625,0.07104781281790437,0.06947779722414425,0.059041341145833336,0.056437174479166664,0.0947265625,0.09468587239583333,0.08480162767039674,0.08418782552083333,0.077880859375,0.07239947908188182,0.0777587890625,0.07352701822916667,0.07063802083333333,0.0703125,0.06991128835354439,0.06828355172133149,0.0664496439471007,0.06473795572916667,0.05940996948118006,0.048258463541666664,0.0958251953125,0.0860595703125,0.07169596354166667,0.06298828125,0.056193033854166664,0.05107231514263623,0.049153645833333336,0.0462646484375,0.04549338758901322,0.04538239244576499,0.04317922839003744,0.043172200520833336,0.04231943031536114,0.03955400016277366,0.036958645392380335,0.029541015625,0.07999674479166667,0.08626302083333333,0.077392578125,0.0787353515625,0.068359375,0.061848958333333336,0.058311291963377414,0.05424432326849516,0.053995768229166664,0.053719680937652614,0.05372624038422402,0.05362596196913555,0.05314383450073302,0.05194805194805195,0.04761323403735808,0.037760416666666664,0.076171875,0.09419759114583333,0.085693359375,0.084228515625,0.0714111328125,0.0618896484375,0.05810546875,0.055257161458333336,0.0546875,0.054669054791174794,0.054648369100460156,0.05463211928623808,0.05353362644520437,0.0517578125,0.04869508570497944,0.043986002604166664,0.06884765625,0.09244791666666667,0.08882649739583333,0.10054524739583333,0.08597819010416667,0.0716552734375,0.06803385416666667,0.06766764322916667,0.06703296703296703,0.06693266020682355,0.0669681046071123,0.06698174706649283,0.06688650056993975,0.06446099377365401,0.06046663137749908,0.054576533311627526,0.06319173177083333,0.07584635416666667,0.07198079427083333,0.07832845052083333,0.06624348958333333,0.06079843730924185,0.05816272538564858,0.05665906870726148,0.0562049444059789,0.056207711746963394,0.05619214614851364,0.05621506955493004,0.05611018295912962,0.05458764145567044,0.05271513473907026,0.04757447501220902,0.0499267578125,0.05220752797558494,0.06063318954993082,0.060139973958333336,0.055338541666666664,0.040608723958333336,0.038533528645833336,0.038167317708333336,0.03817042402539269,0.03815923437181837,0.038173225780167845,0.03814647267392102,0.03818849449204406,0.037890195759228355,0.037181836693137855,0.035319010416666664,0.039103190104166664,0.0333265513733469,0.03684081832260168,0.03763987792472025,0.031005859375,0.0235595703125,0.022664388020833332,0.022624618514750762,0.02263014367699133,0.022643968396187993,0.022652271338358117,0.022656886715566423,0.022655963489670347,0.02263843648208469,0.02260416242414369,0.019328585961342827,0.0157470703125,0.017252604166666668,0.02038906071951815,0.0198974609375,0.0128173828125,0.010986328125,0.0107421875,0.009684244791666666,0.0096435546875,0.009655734365451212,0.009661244955362603,0.00966794484784205,0.009626366454560288,0.009628722970216238,0.00962087240114146,0.009197834845956616,0.009440488301119024,0.0108646998982706,0.017951640478710413,0.012654622395833334,0.005330403645833333,0.001953125,0.001953125,0.001953125,0.0019539200521045347,0.001954397394136808,0.001955830820634015,0.001956787607011822,0.00195782518252641,0.001958144657936605,0.0019564685742235266,0.001953125,0.001953125,0.0019532044760935913,0.002241969672264797,0.0038248697916666665,0.0025227864583333335,0.0022786458333333335,0.0022786458333333335,0.0022786458333333335,0.0022797589969060414,0.0022812449079354733,0.002283291201174264,0.002284222548539729,0.0022852479085900836,0.00228580758398302,0.0022833843017329254,0.0022788312850980713,0.0022786458333333335,0.0022786458333333335,0.002048676554945505,0.0028483072916666665,0.0019938151041666665,0.0010986328125,0.0010986328125,0.0010988116555428944,0.0010992590179952774,0.0011000651890482399,0.00110069302894415,0.001101052116466846,0.0011014563700893403,0.0011017260374586854,0.0011008276593142251,0.0010996171703184818,0.0010992590179952774,0.0010992590179952774,0.0011074651353568498,0.0002848307291666667],