{"startTime":"2025-03-24T20:33:55.228Z","infectedMalesAtStart":16,"infectedFemalesAtStart":32,"toxinAntitoxinLength":3,"killRate":0.8711660358087097,"rescueRate":0.9279420370361429,"simulationLength":115,"infectionRatio":[0.0040854540811984,0.0040854540811984,0.0041276120044715795,0.004942416188744346,0.006517842594101353,0.006022135416666667,0.006551106770833333,0.006266276041666667,0.006998697916666667,0.007161458333333333,0.006795247395833333,0.009765625,0.008260091145833334,0.007731119791666667,0.007650050864699898,0.0072021484375,0.007120768229166667,0.006755931789507956,0.0064697265625,0.007039388020833333,0.009806315104166666,0.010009765625,0.013102213541666666,0.011962890625,0.011067708333333334,0.010213216145833334,0.0079345703125,0.00785350966429298,0.007283528645833333,0.007120768229166667,0.0068359375,0.006551106770833333,0.006470779749308156,0.00646998982706002,0.005900785414886258,0.003987630208333333,0.011474609375,0.013631184895833334,0.019002278645833332,0.015422804590217302,0.014933268229166666,0.011516236672906324,0.010660807291666666,0.009928789420142421,0.009277721261444558,0.0089111328125,0.0086669921875,0.008260091145833334,0.00826109958084076,0.008260763408480507,0.007568975339790022,0.0048828125,0.006795247395833333,0.016764322916666668,0.0185546875,0.017130533854166668,0.0162353515625,0.012776692708333334,0.0115966796875,0.010660807291666666,0.007893880208333334,0.0064697265625,0.006144705786603728,0.005940755208333333,0.005901265719750926,0.005533854166666667,0.005168063807275983,0.004475911458333333,0.004842122395833333,0.013264973958333334,0.014486266531027466,0.0113525390625,0.010050455729166666,0.008504231770833334,0.0074872838250254325,0.006632486979166667,0.004923502604166667,0.003662258392675483,0.0033772786458333335,0.0032958984375,0.0032958984375,0.0032552083333333335,0.0029296875,0.00244140625,0.0037027994791666665,0.007080078125,0.0079345703125,0.006184895833333333,0.004476093591047813,0.0030110677083333335,0.002360410223018069,0.0019534429431873677,0.0016682942708333333,0.0015055338541666667,0.0014649033570701933,0.0014649033570701933,0.0014657383657017222,0.0013427734375,0.0013427734375,0.0003662109375,0.0002848307291666667,0.0002848307291666667,0.0003255208333333333,0.0021158854166666665,0.0021160576218767803,0.0019124348958333333,0.0011800130208333333,0.0001220703125,0.0001220703125,0.0001221498371335505,0.0001220703125,0.0001220703125,0.00008139014365360354,0.00008138020833333333,0.00008138020833333333],"averageToxinCountInMales":[2.4375,2.4375,2.4375,2.725,1.9846153846153847,1.935483870967742,2.3823529411764706,2.390625,2.3076923076923075,2.3461538461538463,2.5526315789473686,2.773913043478261,2.909090909090909,2.879120879120879,2.932584269662921,2.9166666666666665,2.9166666666666665,2.950617283950617,2.9615384615384617,2.5698924731182795,2.015748031496063,1.7580645161290323,2.8447204968944098,2.7162162162162162,2.664233576642336,2.763779527559055,2.4285714285714284,2.4285714285714284,2.318681318681319,2.2873563218390807,2.3333333333333335,2.25,2.1794871794871793,2.1794871794871793,2.1857142857142855,1.9743589743589745,1.1742424242424243,1.0506329113924051,2.1277533039647576,1.7135135135135136,1.6818181818181819,1.7878787878787878,1.6722689075630253,1.6846846846846846,1.5490196078431373,1.5544554455445545,1.56,1.5833333333333333,1.5833333333333333,1.5833333333333333,1.5393258426966292,1.7547169811320755,1.4931506849315068,1.0588235294117647,1,1,1,1,1,1,1,1,1,1,1,1,1,1,1,1,1,1,1,1,1,1,1,1,1,1,1,1,1,1,1,0.9882352941176471,0.9888888888888889,0.9871794871794872,0.9814814814814815,0.975,1,1,1,1,1,1,1,1,1,1,1,1,1,1,1,1,1,1,1,1,1,1,1,1,1],"averageAntitoxinCountInFemales":[2.9375,2.9375,2.9375,2.757575757575758,2.1578947368421053,2.058139534883721,2.3225806451612905,2.3333333333333335,2.404255319148936,2.306122448979592,2.2967032967032965,2.552,2.7211538461538463,2.7676767676767677,2.7676767676767677,2.763440860215054,2.7472527472527473,2.847058823529412,2.9135802469135803,2.6125,2.017543859649123,1.7704918032786885,2.801242236024845,2.6095890410958904,2.5481481481481483,2.6451612903225805,2.247422680412371,2.2736842105263158,2.272727272727273,2.272727272727273,2.1904761904761907,2.0864197530864197,2.0864197530864197,2.0864197530864197,2.16,2.016949152542373,1.28,1.192090395480226,2.075,1.5876288659793814,1.5759162303664922,1.6754966887417218,1.5454545454545454,1.556390977443609,1.4603174603174602,1.2796610169491525,1.2566371681415929,1.2616822429906542,1.2616822429906542,1.2616822429906542,1.2474226804123711,1.2985074626865671,1.1702127659574468,1.0192307692307692,1.0173160173160174,1.018348623853211,1.019047619047619,1.0238095238095237,1.026143790849673,1,1,1,1,1,1,1,1,1,1.0147058823529411,1.0057803468208093,1.0108108108108107,1.0135135135135136,1.015267175572519,1.019047619047619,1.0112359550561798,1.0128205128205128,1.0178571428571428,1,1,1,1,1,1,1,1,1,1,1,1,1,1,1,1,1,1,1,1,1,1,1,1,1,1,1,1,1,1,1,1,1,1,1,1,1,1],"reproductiveSuccessOverTime":[0,0,0,0.00806639623257332,0.0006110477431970017,0,0,0.000040690104166666664,0,0,0,0,0,0,0.00012207527975584945,0,0,0,0,0,0,0,0,0,0,0,0,0.00004069175991861648,0.000040690104166666664,0,0,0,0.00004069672798307016,0.00004069175991861648,0,0,0,0.000009390024038461539,0,0,0,0,0,0,0,0,0.00008138020833333333,0,0.00004069507182680177,0,0,0.000008138020833333333,0.000004323167833996734,0,0,0,0,0,0,0,0,0,0,0.000040690104166666664,0.000040698384274144313,0,0,0,0.000009511972402597402,0,0,0,0,0,0,0,0,0,0,0,0.000040690104166666664,0,0,0,0.00000958165718210361,0.000007020741535250464,0.0000016495988175675677,0,0,0,0.00008139345596614032,0.00004069672798307016,0,0.000040690104166666664,0,0,0,0,0.000040690104166666664,0,0,0,0,0,0,0,0,0,0,0.000040716612377850165,0,0,0,0,0]}