{"startTime":"2025-03-24T20:33:55.229Z","infectedMalesAtStart":16,"infectedFemalesAtStart":32,"toxinAntitoxinLength":3,"killRate":0.9783495857942636,"rescueRate":0.5485390086966543,"simulationLength":45,"infectionRatio":[0.0038363171355498722,0.0038363171355498722,0.003875343129339577,0.003380574697698609,0.005453805453805454,0.0037841796875,0.002685546875,0.00244140625,0.001953125,0.004191080729166667,0.004109700520833333,0.0037434895833333335,0.003173828125,0.004150390625,0.005452473958333333,0.0067141403865717195,0.0067138671875,0.006717420510523959,0.006673448626653103,0.005330403645833333,0.003946940104166667,0.0030924479166666665,0.00244140625,0.002197265625,0.0018310546875,0.0011800130208333333,0.0010986328125,0.0009765625,0.0009359104781281791,0.004191080729166667,0.004109700520833333,0.0039064089521871825,0.0037841796875,0.003785103785103785,0.0036631527534698198,0.0035807291666666665,0.0025227864583333335,0.0008138020833333334,0.0008138020833333334,0.000732421875,0.0006103515625,0.0005289713541666666,0.0003255208333333333,0.00016276041666666666,0.00008138020833333333],"averageToxinCountInMales":[2.375,2.375,2.375,3.064516129032258,2.807017543859649,3,3.15625,3.2758620689655173,3.0869565217391304,3.2452830188679247,3.2115384615384617,3.2244897959183674,3.1904761904761907,3.388888888888889,2.4285714285714284,3.056179775280899,3.056179775280899,3.056179775280899,3.056179775280899,2.9855072463768115,3.196078431372549,3,3.1666666666666665,3.28125,3.6,2.75,2.5384615384615383,2.6666666666666665,2.6666666666666665,4.236363636363636,4.2407407407407405,4.411764705882353,4.48,4.48,4.551020408163265,4.595744680851064,4.709677419354839,4.9,4.9,4.888888888888889,5,5,5,5,5],"averageAntitoxinCountInFemales":[2.71875,2.71875,2.71875,3.148936170212766,3.168831168831169,3.62,3.4705882352941178,3.6129032258064515,3.6,3.22,3.2653061224489797,3.302325581395349,3.1666666666666665,3.4583333333333335,2.859375,3.1184210526315788,3.1184210526315788,3.1184210526315788,3.0933333333333333,3.0483870967741935,3.130434782608696,3.0588235294117645,3.2916666666666665,3.3181818181818183,3.45,2.923076923076923,2.5,2.6666666666666665,2.6363636363636362,4.166666666666667,4.212765957446808,4.288888888888889,4.441860465116279,4.441860465116279,4.585365853658536,4.585365853658536,4.548387096774194,5,5,5,5,5,5,null,null],"reproductiveSuccessOverTime":[0,0,0,0.005157543449053005,0,0,0,0,0,0,0,0,0,0,0,0,0.000040690104166666664,0,0,0,0,0,0,0,0,0,0,0,0.00004069175991861648,0.000040690104166666664,5.425347222222222e-7,0,0,0.0000407000407000407,0,0,0,0,0,0,0,0,0,0,0]}