{"startTime":"2025-03-24T20:33:55.228Z","infectedMalesAtStart":16,"infectedFemalesAtStart":32,"toxinAntitoxinLength":3,"killRate":0.5852442116142499,"rescueRate":0.3110429482723832,"simulationLength":35,"infectionRatio":[0.004025832424725321,0.004025832424725321,0.004067451910855013,0.004247739106604549,0.004243858646861993,0.004353841145833333,0.004720052083333333,0.004801432291666667,0.004597981770833333,0.004353841145833333,0.004313151041666667,0.004069010416666667,0.0035400390625,0.004679361979166667,0.0050048828125,0.004801432291666667,0.0047607421875,0.004762680127004803,0.0046812667915004475,0.0019124348958333333,0.0006917317708333334,0.0003255208333333333,0.00020345052083333334,0.00020345052083333334,0.0002034670790266135,0.00020345052083333334,0.00020345052083333334,0.00020345052083333334,0.00020345052083333334,0.0002034670790266135,0.0002034670790266135,0.0002034670790266135,0.00020345052083333334,0.00020345052083333334,0.0001220703125],"averageToxinCountInMales":[2.375,2.375,2.375,1.5833333333333333,2.259259259259259,1.7755102040816326,1.7142857142857142,1.7291666666666667,1.7727272727272727,1.7727272727272727,1.744186046511628,1.7317073170731707,1.7222222222222223,2.0869565217391304,2.4038461538461537,2.5,2.4893617021276597,2.4893617021276597,2.533333333333333,2.8,3,4,4,4,4,4,4,4,4,5,5,5,5,5,null],"averageAntitoxinCountInFemales":[2.5625,2.5625,2.5625,2.2444444444444445,2.92,2.1551724137931036,1.8656716417910448,1.9285714285714286,1.9130434782608696,1.8571428571428572,1.8571428571428572,1.847457627118644,1.803921568627451,2.4347826086956523,2.8028169014084505,2.8285714285714287,2.8285714285714287,2.8285714285714287,2.8285714285714287,3.25,2.7333333333333334,3.7142857142857144,4.75,4.75,4.75,4.75,4.75,4.75,4.75,4.75,4.75,4.75,4.75,4.75,4.666666666666667],"reproductiveSuccessOverTime":[0,0,0,0.007985259353826752,0.0005882083631086861,0,0,0,0,0,0,0,0,0,0,0,0.000040690104166666664,0,0,0,0,0,0,0,0,0,0,0.000040690104166666664,0,0,0.0000406934158053227,0,0,0,0]}