{"startTime":"2025-03-24T20:33:55.228Z","infectedMalesAtStart":16,"infectedFemalesAtStart":32,"toxinAntitoxinLength":3,"killRate":0.04081100388175807,"rescueRate":0.45856776630460105,"simulationLength":100,"infectionRatio":[0.0036229149369763755,0.0036229149369763755,0.00366188587122368,0.005431323460771418,0.005330403645833333,0.003987630208333333,0.0037841796875,0.0035807291666666665,0.0034586588541666665,0.0031331380208333335,0.0031331380208333335,0.0033365885416666665,0.004923502604166667,0.004842122395833333,0.004638671875,0.004842122395833333,0.0068359375,0.0068403908794788275,0.006388346354166667,0.011759440104166666,0.012003580729166666,0.0101318359375,0.00927734375,0.0089111328125,0.0086669921875,0.007080078125,0.006917317708333333,0.006022135416666667,0.005655924479166667,0.005574544270833333,0.006103515625,0.007649739583333333,0.008951822916666666,0.009443946918505251,0.010906279249582875,0.019327799479166668,0.026774088541666668,0.026328640026043786,0.022054933875890134,0.017822265625,0.017293294270833332,0.016072591145833332,0.0142822265625,0.012776692708333334,0.0120849609375,0.0115966796875,0.013142903645833334,0.012980143229166666,0.013957273652085453,0.013346354166666666,0.0146484375,0.017985026041666668,0.0133056640625,0.011962890625,0.009847005208333334,0.009358723958333334,0.0084228515625,0.008343847938459034,0.008260091145833334,0.008097330729166666,0.0072021484375,0.006958857282383104,0.008219401041666666,0.007771809895833333,0.007731119791666667,0.007691368575265535,0.005534304549523887,0.010294596354166666,0.010782877604166666,0.0084228515625,0.005941722285528243,0.005210029306414849,0.0047607421875,0.004191080729166667,0.004192104192104192,0.0035400390625,0.0035007734266872914,0.0034997761771049527,0.0034993489583333335,0.0033365885416666665,0.003337267510479834,0.003215172357657401,0.004313151041666667,0.0028889973958333335,0.005452473958333333,0.0040283203125,0.0030925737538148525,0.0014649033570701933,0.0013834635416666667,0.0013024013024013025,0.0010990800293088007,0.00020348363991535081,0.0002034587995930824,0.0001627670396744659,0.00008138351983723296,0.00008138351983723296,0.00008139014365360354,0.0000814431730260211,0.00004069175991861648,0.000040690104166666664],"averageToxinCountInMales":[2.125,2.125,2.125,3.1904761904761907,3.1147540983606556,3.5918367346938775,3.574468085106383,3.6,3.659090909090909,3.6052631578947367,3.6052631578947367,3.3488372093023258,3.227272727272727,3.227272727272727,3.306451612903226,3.1515151515151514,2.853932584269663,2.853932584269663,2.717948717948718,3.348101265822785,2.968944099378882,2.832116788321168,2.8031496062992125,2.8016528925619837,2.8547008547008548,2.804123711340206,2.789473684210526,2.6962025316455698,2.6933333333333334,2.712328767123288,3.207317073170732,3.0531914893617023,3.018181818181818,2.8761061946902653,2.7045454545454546,2.6623931623931623,2.677115987460815,2.626198083067093,2.6328125,2.7559808612440193,2.773399014778325,2.828877005347594,2.8579881656804735,2.9161290322580644,2.9452054794520546,2.8857142857142857,3.453416149068323,3.4746835443037973,3.4759036144578315,3.5443037974683542,3.3154761904761907,2.7018348623853212,2.857142857142857,2.904109589041096,2.9262295081967213,2.9035087719298245,3,3,3,3,3,2.823529411764706,3.3529411764705883,3.1578947368421053,3.127659574468085,3.352272727272727,2.7936507936507935,3.5531914893617023,4.042857142857143,4.149532710280374,4.432098765432099,4.371428571428571,4.190476190476191,4,4,3.7083333333333335,3.7083333333333335,3.7083333333333335,3.7083333333333335,3.6808510638297873,3.6808510638297873,3.7555555555555555,4.773584905660377,5.323529411764706,5.428571428571429,5.241379310344827,5.619047619047619,5.4,5.4,5.4,5.333333333333333,2,2,2,2,2,2,2,2,2],"averageAntitoxinCountInFemales":[2.84375,2.84375,2.84375,3.2153846153846155,3.0285714285714285,3.2857142857142856,3.347826086956522,3.3255813953488373,3.3658536585365852,3.3333333333333335,3.3333333333333335,3.282051282051282,3.3454545454545452,3.3962264150943398,3.3653846153846154,3.3962264150943398,2.911392405063291,2.911392405063291,2.911392405063291,3.3282442748091605,3.0074626865671643,2.8392857142857144,2.910891089108911,2.938775510204082,2.9583333333333335,2.909090909090909,2.8533333333333335,2.8115942028985508,2.765625,2.765625,3.088235294117647,2.6808510638297873,2.6454545454545455,2.588235294117647,2.4558823529411766,2.5311203319502074,2.5368731563421827,2.4790419161676644,2.5,2.567685589519651,2.5855855855855854,2.5961538461538463,2.642857142857143,2.729559748427673,2.7549668874172184,2.7655172413793103,3.4753086419753085,3.4658385093167703,3.4293785310734464,3.4823529411764707,3.296875,2.75,2.911949685534591,2.939189189189189,2.9166666666666665,2.913793103448276,3.019230769230769,3.049019607843137,3.07,3.07,3.0804597701149423,3.0813953488372094,3.49,3.3854166666666665,3.3854166666666665,3.5544554455445545,3.328767123287671,3.9017857142857144,4.088,4.13,4.476923076923077,4.413793103448276,4.296296296296297,4,4,4.051282051282051,4.105263157894737,4.105263157894737,4.105263157894737,4,4,4.0588235294117645,4.981132075471698,5.45945945945946,5.298245614035087,5.121951219512195,5.411764705882353,4.75,4.857142857142857,5.333333333333333,5.111111111111111,2,2,2,null,null,null,null,null,null],"reproductiveSuccessOverTime":[0,0,0,0.004319730000554883,0,0,0,0,0,0,0,0,0,0,0,0,0,0,0,0,0.00002219460227272727,0.00002219460227272727,0.00002219460227272727,0.00002219460227272727,0.00002219460227272727,0.00006288470643939394,0.00002219460227272727,0.00010357481060606061,0.00010357481060606061,0.00010357481060606061,0.00002219460227272727,0.00002219460227272727,0.00002219460227272727,0.000040706667752177804,0,0,0,0,0,0,0,0,0,0.000040690104166666664,0,0,0,0.000040690104166666664,0,0.000040690104166666664,0,0,0,0,0,0,0,0.00004070169726077577,0,0,0.000040690104166666664,0,0,0,0,0.00004069507182680177,0,0,0,0,0.00008139345596614032,0.00008140670791273201,0.00008138020833333333,0.00016276041666666666,0.0001221001221001221,0.000040690104166666664,0.000040706667752177804,0.00004069507182680177,0.00008138020833333333,0.000040690104166666664,0.00012209515282243295,0.00008139676854828863,0,0,0,0,0,0,0,0,0.00016282667100871122,0.00004069672798307016,0,0,0,0,0,0.00004072158651301055,0,0]}