{"startTime":"2025-03-24T20:33:55.229Z","infectedMalesAtStart":16,"infectedFemalesAtStart":32,"toxinAntitoxinLength":3,"killRate":0.013055076489070672,"rescueRate":0.5111496538385711,"simulationLength":72,"infectionRatio":[0.004067796610169492,0.004067796610169492,0.004023972602739726,0.00357175151460349,0.0037031008382843655,0.0037434895833333335,0.005045572916666667,0.0045166015625,0.004069010416666667,0.004597981770833333,0.004313151041666667,0.003662109375,0.0030110677083333335,0.0028483072916666665,0.004557291666666667,0.004353841145833333,0.004353841145833333,0.0043568549208029645,0.004964394710071211,0.0013427734375,0.0009359485635224221,0.0008544921875,0.0067138671875,0.004191080729166667,0.003662258392675483,0.0033365885416666665,0.0033365885416666665,0.0032958984375,0.0032147798486204934,0.0031331380208333335,0.00244140625,0.0018717447916666667,0.0018310546875,0.0017906560312550871,0.0015462239583333333,0.0012613932291666667,0.0006510416666666666,0.0004069010416666667,0.004842122395833333,0.005777994791666667,0.005940755208333333,0.005777994791666667,0.005777994791666667,0.005697078212745178,0.005615234375,0.005575224840271843,0.004191421827948238,0.0034993489583333335,0.0034993489583333335,0.0032958984375,0.0032145182291666665,0.0022786458333333335,0.0017907289080623498,0.0010579427083333333,0.0032145182291666665,0.0029296875,0.001953125,0.0019125127161749745,0.0018717447916666667,0.0018717447916666667,0.0018310546875,0.0017905102954341987,0.0015055338541666667,0.0008138020833333334,0.0003662109375,0.00032561357808620617,0.0002849930787395163,0.00020345052083333334,0.00020347535913400888,0.0001220703125,0.00008138020833333333,0.000040690104166666664],"averageToxinCountInMales":[2.0625,2.0625,2,4.242424242424242,4.7560975609756095,3.742857142857143,3.611111111111111,3.6153846153846154,3.7916666666666665,3.5357142857142856,3.509433962264151,3.533333333333333,3.6666666666666665,3.72972972972973,3.388888888888889,3.392156862745098,3.392156862745098,3.392156862745098,3.0689655172413794,3.8,3.6363636363636362,3.5,4.376470588235295,4.5,4.428571428571429,4.377777777777778,4.377777777777778,4.377777777777778,4.348837209302325,4.317073170731708,4.647058823529412,4.7,4.689655172413793,4.689655172413793,4.64,4.5,4.125,4,5,4.880952380952381,4.883720930232558,4.883720930232558,4.883720930232558,4.882352941176471,4.882352941176471,4.882352941176471,4.936507936507937,4.923076923076923,4.923076923076923,4.918367346938775,4.916666666666667,4.9,4.958333333333333,4.923076923076923,5,4.4375,4.181818181818182,4.181818181818182,4.181818181818182,4.181818181818182,4.181818181818182,4.181818181818182,4.1,4.615384615384615,5,5,5,5,5,5,5,5],"averageAntitoxinCountInFemales":[2.96875,2.96875,2.96875,3.891304347826087,4.12,3.912280701754386,4.0285714285714285,4.084745762711864,4.076923076923077,3.789473684210526,3.8679245283018866,4.222222222222222,4.085714285714285,4.121212121212121,3.603448275862069,3.607142857142857,3.607142857142857,3.607142857142857,3.328125,4.5,4.333333333333333,4.2727272727272725,4.675,4.702127659574468,4.658536585365853,4.621621621621622,4.621621621621622,4.611111111111111,4.611111111111111,4.611111111111111,4.538461538461538,4.5625,4.5625,4.533333333333333,4.461538461538462,4.461538461538462,4.75,4.714285714285714,4.957446808510638,4.827586206896552,4.833333333333333,4.821428571428571,4.821428571428571,4.818181818181818,4.811320754716981,4.8076923076923075,4.825,4.794117647058823,4.794117647058823,4.78125,4.774193548387097,4.730769230769231,4.85,4.769230769230769,4.928571428571429,4.225,3.8461538461538463,3.8,3.75,3.75,3.6956521739130435,3.6363636363636362,3.235294117647059,4.428571428571429,5,5,5,5,5,5,null,null],"reproductiveSuccessOverTime":[0,0,0,0.008228592096934623,0.0000813868316106454,0,0,0,0,0,0,0,0,0,0,0.000040690104166666664,0,0,0,0,0,0,0,0,0,0,0,0,0,0,0,0,0,0,0,0,0,0,0,0,0,0,0,0.0000406934158053227,0,0,0,0,0,0,0,0,0,0,0,0,0,0.00004069175991861648,0.000040690104166666664,0,0,0,0,0,0,0.00008140339452155154,0,0,0.00004069507182680177,0,0,0]}