{"startTime":"2025-03-24T20:33:55.229Z","infectedMalesAtStart":16,"infectedFemalesAtStart":32,"toxinAntitoxinLength":3,"killRate":0.09783595079706431,"rescueRate":0.4408720361461895,"simulationLength":57,"infectionRatio":[0.003970880211780278,0.003970880211780278,0.004014720642355303,0.0024158911954187544,0.002973644547639415,0.005045778229908444,0.004679361979166667,0.004353841145833333,0.0038248697916666665,0.0054931640625,0.006429036458333333,0.005777994791666667,0.005411783854166667,0.005330403645833333,0.005208333333333333,0.004679361979166667,0.004679361979166667,0.00468260108310599,0.004313151041666667,0.0028889973958333335,0.0016276041666666667,0.005615234375,0.006917317708333333,0.0068359375,0.006632486979166667,0.006388606307222788,0.006184895833333333,0.006551106770833333,0.0062255859375,0.005086263020833333,0.0048828125,0.004801432291666667,0.004475911458333333,0.004476457900948195,0.004475911458333333,0.0022786458333333335,0.0019124348958333333,0.004435221354166667,0.004353841145833333,0.004069010416666667,0.0037841796875,0.0035400390625,0.0034586588541666665,0.0018310546875,0.0017903645833333333,0.0016276041666666667,0.0015869140625,0.0015462239583333333,0.001261598567475175,0.0012209515282243296,0.0009766817238432426,0.0004475911458333333,0.0003255208333333333,0.00016276041666666666,0.00016276041666666666,0.0001220703125,0.0001220703125],"averageToxinCountInMales":[2.9375,2.9375,2.9375,2.3684210526315788,2.111111111111111,2.0166666666666666,2.017857142857143,1.9814814814814814,1.9782608695652173,1.5522388059701493,1.5,1.3857142857142857,1.3846153846153846,1.390625,1.3650793650793651,1.58,1.58,1.58,1.488888888888889,1.3,1.368421052631579,0.9852941176470589,1,1,1,1,1,1,1,1,1,1,1,1,1,1,1,1,1,1,1,1,1,1,1,1,1,1,1,1,1,1,1,1,1,1,1],"averageAntitoxinCountInFemales":[2.21875,2.21875,2.21875,2.085714285714286,2.108108108108108,1.828125,1.8135593220338984,1.7169811320754718,1.75,1.3676470588235294,1.2976190476190477,1.2777777777777777,1.2941176470588236,1.2985074626865671,1.2923076923076924,1.2923076923076924,1.2923076923076924,1.2923076923076924,1.2950819672131149,1.3170731707317074,1.380952380952381,0.9857142857142858,0.989247311827957,0.989247311827957,1,1,1,1,1,1,1,1,1,1,1,1,1,1,1,1,1,1,1,1,1,1,1,1,1,1,1,1,1,1,1,1,1],"reproductiveSuccessOverTime":[0,0,0,0.007695060844667144,0.0004073485681697829,0,0,0.000040690104166666664,0,0,0,0,0,0.000040690104166666664,0,0,0.000040690104166666664,0.00004071827028787817,0,0,0,0,0,0,0,0,0,0,0,0,0,0,0.000040690104166666664,0.00004069507182680177,0,0,0,0,0,0,0,0,0,0,0,0,0,0,0,0.00008139676854828863,0,0,0,0,0,0,0.000040690104166666664]}