{"startTime":"2025-03-24T20:33:55.229Z","infectedMalesAtStart":16,"infectedFemalesAtStart":32,"toxinAntitoxinLength":3,"killRate":0.3694216197287058,"rescueRate":0.5485390086966543,"simulationLength":53,"infectionRatio":[0.00398505603985056,0.00398505603985056,0.004018081366147665,0.010102364668544098,0.011759440104166666,0.013509114583333334,0.011962890625,0.010498046875,0.009602864583333334,0.00927734375,0.010823567708333334,0.010498046875,0.009318033854166666,0.008829752604166666,0.008707682291666666,0.008341471354166666,0.008097330729166666,0.008103265738252301,0.007364908854166667,0.0048828125,0.0017903645833333333,0.011149088541666666,0.0113525390625,0.010416666666666666,0.009724934895833334,0.008504231770833334,0.007894201424211596,0.007731119791666667,0.007609049479166667,0.0074462890625,0.006673448626653103,0.006062825520833333,0.0048828125,0.004848237930332043,0.004679361979166667,0.0035807291666666665,0.0028076171875,0.0025634765625,0.0023600260416666665,0.0019124348958333333,0.0019124348958333333,0.0019124348958333333,0.0009358723958333334,0.0009358723958333334,0.0008544921875,0.0028076171875,0.0027669270833333335,0.002685546875,0.0008138020833333334,0.0007733637251709541,0.0005289713541666666,0.0003662109375,0.000244140625],"averageToxinCountInMales":[2.8125,2.8125,2.8125,1.892156862745098,1.7222222222222223,1.9444444444444444,2.0774647887323945,1.848,1.9067796610169492,1.9469026548672566,1.7651515151515151,1.8203125,1.8859649122807018,1.8888888888888888,1.830188679245283,1.8235294117647058,1.8080808080808082,1.8080808080808082,1.8764044943820224,1.9491525423728813,1.95,3.3092105263157894,3.3092105263157894,3.1914893617021276,3.2481203007518795,3.272727272727273,3.3423423423423424,3.3271028037383177,3.323809523809524,3.25,3.340659340659341,3.3536585365853657,3.7142857142857144,3.6774193548387095,3.7049180327868854,3.8627450980392157,4.216216216216216,3.3095238095238093,3.236842105263158,3.4444444444444446,3.4444444444444446,3.4444444444444446,2.909090909090909,2.909090909090909,3,1.5714285714285714,1.5714285714285714,1.5714285714285714,2.357142857142857,2.357142857142857,3.111111111111111,3.6666666666666665,4],"averageAntitoxinCountInFemales":[2.25,2.25,2.25,2.2903225806451615,2.2758620689655173,2.4235294117647057,2.6052631578947367,2.488721804511278,2.5338983050847457,2.5043478260869567,2.2313432835820897,2.2,2.373913043478261,2.3577981651376145,2.361111111111111,2.349514563106796,2.3,2.3,2.358695652173913,2.2459016393442623,2.0416666666666665,3.5245901639344264,3.440944881889764,3.252173913043478,3.2264150943396226,3.2613636363636362,3.3012048192771086,3.3012048192771086,3.2804878048780486,3.189873417721519,3.219178082191781,3.283582089552239,3.508771929824561,3.508771929824561,3.537037037037037,3.972972972972973,4.125,3.1904761904761907,3.25,3.25,3.25,3.25,2.5,2.5,2.5454545454545454,1.5,1.5151515151515151,1.3225806451612903,2,2,2.25,2.6666666666666665,3],"reproductiveSuccessOverTime":[0,0,0,0.0074650216798533816,0.0002848307291666667,0,0.000005967639849521543,0,0,0,0,0,0,0,0,0.000040690104166666664,0,0,0.000040690104166666664,0,0.000008138020833333333,0.00002339680989583333,0.000019492607052006786,0,0,0,0,0,0.000040690104166666664,0,0.00004069175991861648,0,0,0.00004074149521287431,0,0,0,0,0,0,0,0,0,0,0,0,0.000040690104166666664,0,0,0.00004070335395636601,0,0,0]}