{"startTime":"2025-03-24T20:33:55.228Z","infectedMalesAtStart":16,"infectedFemalesAtStart":32,"toxinAntitoxinLength":3,"killRate":0.6686469150128361,"rescueRate":0.45856776630460105,"simulationLength":134,"infectionRatio":[0.004092769440654843,0.004092769440654843,0.004045446720605956,0.004409365492305657,0.0037841796875,0.0096435546875,0.0089111328125,0.010091145833333334,0.011393229166666666,0.011189778645833334,0.010660807291666666,0.0106201171875,0.010335286458333334,0.009602864583333334,0.009236653645833334,0.010701932858596134,0.013142903645833334,0.012944720345192543,0.012532552083333334,0.010945638020833334,0.010213216145833334,0.012369791666666666,0.011475076297049847,0.010498046875,0.0103759765625,0.009765625,0.008626302083333334,0.008301119023397762,0.007527669270833333,0.006918162210556302,0.006103515625,0.011027018229166666,0.011555989583333334,0.011476944365308698,0.011274829045913383,0.007486979166666667,0.006306966145833333,0.012003580729166666,0.011923170830959551,0.011881510416666666,0.012125651041666666,0.0111083984375,0.010579427083333334,0.009157136461682472,0.008585611979166666,0.008056640625,0.007489417127971344,0.014567057291666666,0.015787760416666668,0.016319387921211136,0.018636067708333332,0.016316731770833332,0.012046231482988768,0.014689127604166666,0.013346354166666666,0.011067708333333334,0.0123291015625,0.010783316378433367,0.010458207861967933,0.008423194303153612,0.007161749745676501,0.006388346354166667,0.0057373046875,0.012736002604166666,0.019490559895833332,0.0191650390625,0.019124348958333332,0.01513671875,0.012168321666937978,0.012044270833333334,0.010009765625,0.00984940984940985,0.009033203125,0.008138020833333334,0.007934893184130213,0.007616177249215982,0.005371749481137834,0.004191080729166667,0.003337267510479834,0.0079345703125,0.012491861979166666,0.014363606770833334,0.018107096354166668,0.013102213541666666,0.010136372888255649,0.014404296875,0.012166341145833334,0.012085452695829094,0.0106201171875,0.01029501525940997,0.010173353951330675,0.009809508303484206,0.008992513020833334,0.008870442708333334,0.008707682291666666,0.0084228515625,0.008219401041666666,0.007893880208333334,0.0064697265625,0.006266276041666667,0.003946940104166667,0.007853190104166666,0.007609049479166667,0.00761028813283412,0.007324814844958086,0.007243133265513733,0.007123086942364051,0.007084402100891658,0.006388346354166667,0.0057373046875,0.0057373046875,0.005655924479166667,0.0052490234375,0.004923502604166667,0.004679361979166667,0.0035807291666666665,0.0019938962360122074,0.0038655598958333335,0.002685546875,0.0026448567708333335,0.0018310546875,0.0018310546875,0.0017904374364191252,0.001791385066362674,0.0006917317708333334,0.0004475911458333333,0.0004069010416666667,0.0004069010416666667,0.0004069175991861648,0.000244140625,0.000244140625,0.00016276041666666666,0.0001220703125,0.000040690104166666664],"averageToxinCountInMales":[2.6875,2.6875,2.6875,2.2142857142857144,2.2222222222222223,2.0727272727272728,1.99009900990099,1.9401709401709402,2.5970149253731343,2.5801526717557253,2.6666666666666665,2.68,2.669421487603306,2.7017543859649122,2.740740740740741,2.427480916030534,2.1272727272727274,2.1666666666666665,2.356687898089172,2.2635135135135136,2.198581560283688,2.0308641975308643,1.9932432432432432,1.8518518518518519,1.736,1.6810344827586208,1.5,1.4731182795698925,1.4404761904761905,1.3625,1.25,1.3970588235294117,1.375,1.3777777777777778,1.210144927536232,1.1505376344086022,1.1066666666666667,1.04,1.0202702702702702,1.0204081632653061,1.2763157894736843,1.2816901408450705,1.2985074626865671,1.3471074380165289,1.3097345132743363,1.3271028037383177,1.1894736842105262,1.5363128491620113,1.418848167539267,1.5025125628140703,1.3982683982683983,1.3676470588235294,1.4861111111111112,1.265536723163842,1.3251533742331287,1.463235294117647,1.903225806451613,2.0072463768115942,2.0220588235294117,2.3047619047619046,2.3956043956043955,2.4761904761904763,2.464788732394366,1.2682926829268293,1.5169491525423728,1.5367965367965368,1.5689655172413792,1.6594594594594594,1.6778523489932886,1.4294871794871795,1.3868613138686132,1.3208955223880596,1.248,1.238938053097345,1.1711711711711712,1.0952380952380953,1.042857142857143,1.2641509433962264,1.631578947368421,0.5301204819277109,1.4696969696969697,1.3290322580645162,1.7053140096618358,1.5827814569536425,1.7966101694915255,2.586206896551724,2.6944444444444446,2.6944444444444446,2.864,2.861788617886179,2.933333333333333,2.9316239316239314,2.9541284403669725,2.9541284403669725,2.9814814814814814,3.0093457943925235,3.009433962264151,3.0098039215686274,3.0120481927710845,2.8292682926829267,3,3,3,3,3,3,3,3,3,3,3,3,3,3,3,3,3,3,3,3,3,3,3,3,3,3,3,3,3,3,3,3,3,null],"averageAntitoxinCountInFemales":[2.3125,2.3125,2.2903225806451615,2.1379310344827585,1.9375,2.141732283464567,2.169491525423729,2.1603053435114505,2.8013698630136985,2.798611111111111,2.8823529411764706,2.8823529411764706,2.8421052631578947,2.7459016393442623,2.7478991596638656,2.6136363636363638,2.348101265822785,2.378205128205128,2.5165562913907285,2.6859504132231407,2.6818181818181817,2.295774647887324,2.283582089552239,2.2357723577235773,2.5538461538461537,2.564516129032258,2.491228070175439,2.4954954954954953,2.4752475247524752,2.433333333333333,2.231707317073171,1.8962962962962964,1.7905405405405406,1.7414965986394557,1.6546762589928057,1.6373626373626373,1.6,1.1517241379310346,1.1517241379310346,1.1517241379310346,1.4452054794520548,1.4961832061068703,1.5,1.5288461538461537,1.5408163265306123,1.5824175824175823,1.5056179775280898,1.7486033519553073,1.5634517766497462,1.603960396039604,1.524229074889868,1.401015228426396,1.4736842105263157,1.266304347826087,1.3393939393939394,1.463235294117647,1.8445945945945945,2.0078740157480315,2.0661157024793386,2.284313725490196,2.2705882352941176,2.3972602739726026,2.414285714285714,1.3691275167785235,1.625514403292181,1.6375,1.7058823529411764,2.0106951871657754,2.0866666666666664,1.7,1.6330275229357798,1.6018518518518519,1.4536082474226804,1.4597701149425288,1.4047619047619047,1.4390243902439024,1.7096774193548387,1.56,1.5454545454545454,0.5803571428571429,1.417142857142857,1.2828282828282829,1.550420168067227,1.3099415204678362,1.5954198473282444,2.3944444444444444,2.5483870967741935,2.581699346405229,2.6176470588235294,2.6923076923076925,2.6923076923076925,2.725806451612903,2.6964285714285716,2.7247706422018347,2.80188679245283,2.97,2.96875,2.967391304347826,2.960526315789474,3,3,3,3,3,3,3,3,3,3,3,3,3,3,3,3,3,3,3,3,3,3,3,3,3,3,3,3,3,3,3,3,3,3,3],"reproductiveSuccessOverTime":[0,0,0,0.007495921336919617,0,0,0,0,0,0,0,0,0,0,0,0.00004069175991861648,0.000040690104166666664,0.000040706667752177804,0,0,0,0,0,0,0,0,0,0,0,0.00012208521548040532,0,0,0,0.000004522042697127146,0,0,0,0,0,0,0,0,0,0,0,0,0,0.000010172526041666666,0.000010172526041666666,0.00009156763796190787,0,0,0,0,0,0,0,0.00008138351983723296,0.0000406934158053227,0,0,0,0.00001438115936478758,0.000009487831530394871,0.00004346442945075757,0.000042077266808712124,0,0,0.000005671661645462529,0,0.000040690104166666664,0,0,0,0,0,0,0,0,0.0000036455387443438916,0,0,0,0,0,0,0,0,0,0,0,0,0,0,0.000040690104166666664,0,0,0,0,0,0,0,0,0,0.000019051224627960063,0.000019050449400101346,0.00001905587732039607,0,0,0,0,0,0,0,0,0,0.00004069175991861648,0,0,0,0.000003438600352112676,0.000001719300176056338,0.0000017193701374063302,0.00008314687407893333,0.000003881772002431725,0.000003265255272633745,0.000003265255272633745,0.000003265255272633745,0.00008138351983723296,0,0,0,0,0]}