{"startTime":"2025-03-24T20:33:55.229Z","infectedMalesAtStart":16,"infectedFemalesAtStart":32,"toxinAntitoxinLength":3,"killRate":0.013055076489070672,"rescueRate":0.05942219180203834,"simulationLength":46,"infectionRatio":[0.004032596824330001,0.004032596824330001,0.004081632653061225,0.006386209360485888,0.005208545269582909,0.0023193359375,0.0029703776041666665,0.0030924479166666665,0.0017903645833333333,0.0017496744791666667,0.0031331380208333335,0.00146484375,0.0038655598958333335,0.0038655598958333335,0.0037841796875,0.0034993489583333335,0.0034586588541666665,0.0034607711412401776,0.0016276041666666667,0.0011393229166666667,0.0010579427083333333,0.0008951822916666666,0.0024820963541666665,0.0012613932291666667,0.0012613932291666667,0.0012613932291666667,0.0012613932291666667,0.0021565755208333335,0.0021565755208333335,0.0021565755208333335,0.0021565755208333335,0.0021158854166666665,0.0021160576218767803,0.0033782408726443893,0.002807731434384537,0.0017496744791666667,0.0012613932291666667,0.0011800130208333333,0.0004069175991861648,0.0001220703125,0.00008138020833333333,0.00008138020833333333,0.00008138020833333333,0.0000813868316106454,0.00008138020833333333,0.00008138020833333333],"averageToxinCountInMales":[2.5,2.5,2.5,2.1363636363636362,2.5357142857142856,2.7,4,3.5675675675675675,4.157894736842105,4.157894736842105,2.973684210526316,4.375,3.9642857142857144,3.9642857142857144,3.9642857142857144,3.9019607843137254,3.9019607843137254,3.9019607843137254,3.9615384615384617,3.95,3.9473684210526314,4,5.2727272727272725,5.470588235294118,5.470588235294118,5.470588235294118,5.470588235294118,4.076923076923077,4.076923076923077,4.076923076923077,4.076923076923077,4.076923076923077,4.076923076923077,4.833333333333333,4.945945945945946,5.538461538461538,5.421052631578948,5.333333333333333,5,4,6,6,6,6,6,6],"averageAntitoxinCountInFemales":[2.5,2.5,2.5,2.272727272727273,2.7083333333333335,2.72972972972973,3.6666666666666665,3.2564102564102564,3.64,3.6666666666666665,3.076923076923077,3.7,3.923076923076923,3.923076923076923,3.972972972972973,4.114285714285714,4.088235294117647,4.088235294117647,4.214285714285714,4.5,4.714285714285714,4.714285714285714,4.607142857142857,5.285714285714286,5.285714285714286,5.285714285714286,5.285714285714286,3.7037037037037037,3.7037037037037037,3.7037037037037037,3.7037037037037037,3.769230769230769,3.769230769230769,4.512195121951219,5.0625,5.411764705882353,5.416666666666667,5.545454545454546,5.5,3,3,3,3,3,3,3],"reproductiveSuccessOverTime":[0,0,0,0.007366076119622554,0,0,0,0,0,0,0,0,0,0,0,0,0,0,0.000040690104166666664,0,0,0,0,0,0,0.00008138020833333333,0,0,0.00008138020833333333,0,0,0,0,0,0,0,0,0,0,0,0,0,0,0,0,0]}