{"startTime":"2025-03-24T21:01:06.836Z","infectedMalesAtStart":1024,"infectedFemalesAtStart":2056,"toxinAntitoxinLength":3,"killRate":1,"rescueRate":0.5,"simulationLength":115,"infectionRatio":[0.12532552083333334,0.12532552083333334,0.12572955199342375,0.14436848958333334,0.14847819010416666,0.15283203125,0.14957682291666666,0.14697265625,0.14945475260416666,0.14973958333333334,0.14839680989583334,0.14497884114583334,0.15104166666666666,0.15437825520833334,0.15478515625,0.1492919921875,0.15372721354166666,0.15329507062319372,0.15791402051783096,0.14961751302083334,0.13863118489583334,0.13248697916666666,0.12548828125,0.1207275390625,0.11490885416666667,0.10941569010416667,0.10926182143729145,0.10530598958333333,0.10185561976072272,0.11348931841302136,0.1187744140625,0.10880533854166667,0.1119384765625,0.11065390099816663,0.1088895223357902,0.10791015625,0.09456380208333333,0.08186848958333333,0.07340494791666667,0.07320149739583333,0.07071940104166667,0.06591796875,0.07145473041709054,0.06499531968580848,0.058553059895833336,0.067138671875,0.0666178325804745,0.0604248046875,0.05884028484231943,0.05808841488235773,0.05631739572736521,0.059733072916666664,0.05810546875,0.048095703125,0.044474283854166664,0.037109375,0.046630859375,0.040445963541666664,0.04268565615462869,0.03906408952187182,0.03662109375,0.04114104337918125,0.03882467849584893,0.035481770833333336,0.034220377604166664,0.03349477025762077,0.030965169270833332,0.032307942708333336,0.035850899324489295,0.029093424479166668,0.022908528645833332,0.02128179043743642,0.034871419270833336,0.033976236979166664,0.033732096354166664,0.03190233977619532,0.0299072265625,0.029825846354166668,0.028167867464484877,0.023152669270833332,0.022664388020833332,0.022218605029706195,0.020792643229166668,0.018595377604166668,0.018229166666666668,0.011759440104166666,0.008138020833333334,0.005534304549523887,0.005615234375,0.006876627604166667,0.0050048828125,0.004720052083333333,0.004679361979166667,0.004639238188255402,0.004598355986001465,0.004557477110885046,0.004475911458333333,0.004192274817859905,0.0023193359375,0.0016276041666666667,0.0011800130208333333,0.0011393229166666667,0.0006917317708333334,0.0006918725326604533,0.0003255208333333333,0.0003255208333333333,0.000244140625,0.000244140625,0.000244140625,0.00024418036789842097,0.0002442797817767283,0.000244140625,0.000244140625,0.0002442002442002442,0.000244140625],"averageToxinCountInMales":[2.4814453125,2.4814453125,2.479642502482622,2.575695858791582,2.5683229813664594,2.5991711071640022,2.7337624341720304,2.75754060324826,2.821142857142857,2.8062322946175637,2.8569807037457435,2.832167832167832,2.8532967032967034,2.8683083511777303,2.8966065747613996,2.8962472406181017,2.9304301646309083,2.931878658861096,2.836278586278586,2.8759479956663054,2.864123957091776,2.8095533498759306,2.7093563370935634,2.718092566619916,2.6048210372534695,2.611111111111111,2.5631372549019606,2.491552695092518,2.438135593220339,2.473764258555133,2.4857351865398685,2.4367909238249594,2.627466456195738,2.631239935587762,2.648671096345515,2.7423756019261636,2.4029170464904284,2.5067497403946004,2.435747663551402,2.375854214123007,2.558926487747958,2.5346784363177806,2.423298731257209,2.3795712484237073,2.3499288762446655,2.541307028360049,2.471980074719801,2.508990318118949,2.765034965034965,2.75320970042796,2.820089955022489,3.0581560283687943,2.670958512160229,2.8638838475499093,2.593320235756385,2.6845794392523366,3.0854545454545454,3.157112526539278,3.1532416502946954,3.1798245614035086,3.1957547169811322,3.25,3.2065217391304346,3.3141486810551557,3.371501272264631,3.3534031413612566,3.336182336182336,3.0777479892761392,2.684705882352941,2.494219653179191,2.5225563909774436,2.393162393162393,2.8957816377171217,3.082051282051282,3.122077922077922,3.1716621253405997,3.1315789473684212,3.065281899109792,3.1065830721003134,3.1132075471698113,3.1423076923076922,3.143410852713178,3.221757322175732,3.0576923076923075,2.7339449541284404,2.9776119402985075,2.911111111111111,3.0217391304347827,4,4.0588235294117645,4.326086956521739,4.523809523809524,4.523809523809524,4.523809523809524,4.523809523809524,4.523809523809524,4.585365853658536,4.65,4.277777777777778,4.166666666666667,4.444444444444445,3,2,2,2,2,2,2,2,2,2,2,2,2,2],"averageAntitoxinCountInFemales":[2.5379377431906613,2.5379377431906613,2.5350877192982457,2.543614457831325,2.489455615497793,2.552007740686986,2.6624300965937975,2.6774364406779663,2.763390535621425,2.7864229765013055,2.823342175066313,2.7899296155928535,2.7790697674418605,2.7824506749740396,2.813347236704901,2.8239095315024234,2.825857519788918,2.8261791202967674,2.730946291560102,2.7946477334789734,2.809138230190862,2.8059610705596105,2.7710843373493974,2.735885788449059,2.631615120274914,2.671213208901651,2.6148936170212767,2.5806691449814125,2.5525321239606953,2.5691994572591588,2.5586340206185567,2.5243055555555554,2.684636118598383,2.682496607869742,2.687074829931973,2.806543385490754,2.5232273838630808,2.580552907530982,2.4725738396624473,2.3604777415852336,2.4699205448354142,2.382103990326481,2.295838020247469,2.25,2.2622282608695654,2.4779499404052445,2.4004796163069546,2.4356955380577427,2.593707250341997,2.588154269972452,2.6192468619246863,2.8283093053735255,2.467764060356653,2.619651347068146,2.5136986301369864,2.615702479338843,3.01006711409396,3.0803059273422564,3.096296296296296,3.126984126984127,3.1638655462184873,3.1453154875717018,3.119433198380567,3.235164835164835,3.2455357142857144,3.2312925170068025,3.209756097560976,2.983372921615202,2.6842105263157894,2.5907859078590785,2.6026936026936025,2.4740484429065743,2.8656387665198237,3.0786516853932584,3.1103603603603602,3.1414868105515588,3.0916030534351147,3.04040404040404,3.0831099195710454,3.0822368421052633,3.1077441077441077,3.1041666666666665,3.1433823529411766,3.0602409638554215,2.8347826086956522,3.1870967741935483,2.9909090909090907,2.8444444444444446,3.511627906976744,3.772277227722772,3.7662337662337664,3.72972972972973,3.73972602739726,3.7083333333333335,3.732394366197183,3.7,3.6956521739130435,3.7936507936507935,2.923076923076923,2.6785714285714284,2.75,2.5294117647058822,2,2,2,2,2,2,2,2,2,2,2,2,2],"reproductiveSuccessOverTime":[0,0,0,0,0,0,0,0,0,0,0,0,0.000040690104166666664,0,0,0.000040690104166666664,0.000040690104166666664,0.000040705010786827856,0.00012212994626282364,0,0,0,0,0,0,0,0,0,0,0,0,0,0,0.00008148299042574862,0.00012216475953903165,0,0,0,0,0,0,0,0,0,0.000040690104166666664,0.000040690104166666664,0,0.000040690104166666664,0,0,0,0,0,0,0,0,0,0,0,0,0,0,0.00004069672798307016,0,0,0,0,0,0,0,0,0.00004069175991861648,0,0,0,0,0,0,0.000040705010786827856,0.00008138020833333333,0,0.0000813868316106454,0,0,0,0,0,0.0000813868316106454,0,0,0,0,0.000040690104166666664,0.00008139014365360354,0.0000813868316106454,0,0,0,0,0,0,0,0,0,0,0,0,0,0,0,0,0,0,0.0000407000407000407,0.00008138020833333333]}