{"startTime":"2025-03-24T18:23:05.935Z","infectedMalesAtStart":1024,"infectedFemalesAtStart":1024,"toxinAntitoxinLength":3,"killRate":1,"rescueRate":0.75,"simulationLength":280,"infectionRatio":[0.17005729469401312,0.17005729469401312,0.1697859840537138,0.1771000045726828,0.17157223448614178,0.16605631510416666,0.162353515625,0.16715494791666666,0.18046061197916666,0.1827392578125,0.184326171875,0.18070475260416666,0.1650390625,0.16084798177083334,0.16874186197916666,0.17000325520833334,0.166748046875,0.1666123513117158,0.1706105160265548,0.173095703125,0.16108420495706322,0.17513020833333334,0.17041709053916582,0.16828781897358674,0.16016276703967447,0.1529541015625,0.14677517802644965,0.1407527975584944,0.13033040364583334,0.12162272135416667,0.12796613618787903,0.12682192003908477,0.12093098958333333,0.12019054598754123,0.121337890625,0.1260986328125,0.11446126302083333,0.1242369984536502,0.13525390625,0.13761393229166666,0.13460286458333334,0.12548828125,0.11898074652989783,0.1101615594351524,0.10054524739583333,0.09326171875,0.09798974525921705,0.09646694887658742,0.09761555989583333,0.09619222154347383,0.08930315858026701,0.10135904947916667,0.100341796875,0.11459265890778872,0.1432117857724239,0.14750162760416666,0.14423507386756745,0.1383983071539025,0.13307830050463942,0.12251790364583333,0.11100260416666667,0.10556731238808399,0.11275686673448626,0.11275686673448626,0.1101615594351524,0.1062036961654319,0.1004638671875,0.09745279947916667,0.09440104166666667,0.09672037760416667,0.13356122573556342,0.13618977864583334,0.12669407024541127,0.12623097582811102,0.12408937365186602,0.1180419921875,0.1101208643633256,0.10591634114583333,0.10694229673638805,0.1131591796875,0.11178481321722146,0.10605135718064543,0.1014404296875,0.09842936197916667,0.08024088541666667,0.07869466145833333,0.09757486979166667,0.097412109375,0.09408317734190608,0.09818921668362157,0.09636985186391014,0.09379832343126882,0.09062423699845365,0.08802344036137223,0.08580267014001954,0.09268908247170887,0.08848909150113969,0.08343847938459034,0.086669921875,0.07747395833333333,0.055419921875,0.048258463541666664,0.05194805194805195,0.058308919270833336,0.054931640625,0.054524739583333336,0.05398583177265695,0.05256086637895937,0.05099173217122144,0.05053548886264609,0.050960599153370235,0.05071283095723014,0.0485262986484286,0.052745106019291034,0.057088216145833336,0.055623372395833336,0.047607421875,0.04044760935910478,0.047979797979797977,0.055379231770833336,0.0533447265625,0.050455729166666664,0.049609311411362524,0.04928373758749797,0.049118951694949745,0.04927972654024579,0.049153645833333336,0.049020805341802046,0.04696402409246297,0.047487283825025435,0.050699869791666664,0.048299153645833336,0.0394287109375,0.03239327717413421,0.038981119791666664,0.0408935546875,0.036580403645833336,0.031453450520833336,0.030845609180434604,0.0299072265625,0.02954341987466428,0.029337565104166668,0.02922143990883562,0.030140110785272074,0.028381790048049516,0.029707402433565296,0.0389404296875,0.03564453125,0.025065104166666668,0.0206298828125,0.02206031991534047,0.02294921875,0.021321614583333332,0.019490559895833332,0.0186767578125,0.0185546875,0.018517764844735662,0.018523041849861584,0.01844612753481554,0.02178604878446064,0.018927830015874954,0.015340169270833334,0.023154553593228617,0.020263671875,0.014200846354166666,0.0123291015625,0.01224821973550356,0.011244194573453924,0.0086669921875,0.007161458333333333,0.0069580078125,0.006876627604166667,0.0068359375,0.0068373285580562455,0.006761159986966438,0.008467331569305923,0.008995441224356887,0.010050455729166666,0.016194661458333332,0.020060221354166668,0.019246419270833332,0.01806640625,0.017578125,0.013353417742132476,0.009440104166666666,0.0076904296875,0.005982419013511314,0.005860090343059456,0.005779170566928493,0.005780346820809248,0.005698933485304893,0.006754557291666667,0.006022135416666667,0.006388606307222788,0.005656614983925446,0.0042724609375,0.0064697265625,0.005208333333333333,0.004557291666666667,0.002930045171529728,0.0021158854166666665,0.0009765625,0.0008544921875,0.0006103515625,0.0005696614583333334,0.0005697310055752248,0.0005699397492265104,0.000570148645896966,0.000570148645896966,0.0005697541917629822,0.0004069010416666667,0.0002848307291666667,0.00020345052083333334,0.00020345052083333334,0.0015872369866916283,0.0015068214212991245,0.0014242115971515768,0.0014241536458333333,0.0014241536458333333,0.0011393229166666667,0.0010988563754018965,0.0010990800293088007,0.0010992590179952774,0.0010995276103599935,0.0010993037742762918,0.001098901098901099,0.0010986328125,0.0010579427083333333,0.0006510416666666666,0.0004475911458333333,0.007006395372520266,0.005785999511042294,0.0035400390625,0.0021566632756866736,0.0021569265831027184,0.0013024013024013025,0.001302348296772618,0.0013026663952778344,0.001303727846811978,0.0013042060645582002,0.0013040997636319179,0.0013030377066536364,0.0013027194268034523,0.0013028255028092175,0.0013020833333333333,0.0011393229166666667,0.0007737101437472004,0.00028613472858077173,0.00020345052083333334,0.00020347535913400888,0.0001627802873072071,0.0001220802474159681,0.0001221001221001221,0.0001221349183731629,0.0001222145272334705,0.00012228427016671423,0.0001222344456667889,0.00012218963831867058,0.00012214486380847684,0.00012213989088836414,0.00008139345596614032,0.00004069175991861648,0.000040736516213133455,0.0007331079705127683,0.000732421875,0.0007324516785350967,0.0006918725326604533,0.0005292297671389024,0.0004885794552339074,0.0004888979425544918,0.0004892966360856269,0.0004893365412062145,0.0004895561357702349,0.0004892766859659137,0.000488858108933882,0.0004888381945576015,0.00032574616230302537,0.000284935075507795,0.000040816326530612245,0.00004082965866405357],