{"startTime":"2025-03-24T20:43:41.882Z","infectedMalesAtStart":1024,"infectedFemalesAtStart":1024,"toxinAntitoxinLength":3,"killRate":0.8663055042335296,"rescueRate":0.5659368310602344,"simulationLength":155,"infectionRatio":[0.08333333333333333,0.08333333333333333,0.08329568324639586,0.07364908854166667,0.08272298177083333,0.08919270833333333,0.0953001017293998,0.09358723958333333,0.09102376302083333,0.08988444010416667,0.09354654947916667,0.09444173177083333,0.09602864583333333,0.09623209635416667,0.0911865234375,0.08992513020833333,0.0902099609375,0.0899539846072403,0.09109781414092075,0.08056640625,0.1007080078125,0.09745279947916667,0.09668362156663275,0.1005859375,0.09554036458333333,0.09102376302083333,0.0950559511698881,0.08829752604166667,0.0931396484375,0.0904541015625,0.08528645833333333,0.07914225260416667,0.07857259114583333,0.07692620782286622,0.074587995930824,0.0556640625,0.0657958984375,0.07564598168870804,0.06970498474059003,0.06404622395833333,0.05810546875,0.052571614583333336,0.051933251933251934,0.047648111979166664,0.044270833333333336,0.045613606770833336,0.040242513020833336,0.04065437675497497,0.0396728515625,0.041829427083333336,0.04375788659583995,0.0364990234375,0.040568033854166664,0.045613606770833336,0.043538411458333336,0.044230143229166664,0.0419921875,0.03759765625,0.03593082400813835,0.032511393229166664,0.0333251953125,0.038411458333333336,0.037190755208333336,0.0338134765625,0.032634791454730416,0.030925737538148524,0.029099344756013185,0.024169921875,0.027547200520833332,0.027180989583333332,0.022664388020833332,0.028401692708333332,0.0257568359375,0.022867838541666668,0.025390625,0.017171223958333332,0.012654622395833334,0.011067708333333334,0.010009765625,0.008870442708333334,0.008466642243660194,0.008220069992675185,0.0076907426246185144,0.0067138671875,0.0054931640625,0.004191080729166667,0.004720052083333333,0.005249664265657429,0.004923502604166667,0.004069010416666667,0.007527669270833333,0.005696614583333333,0.0037841796875,0.007364908854166667,0.007203907203907204,0.007080366225839268,0.00814000814000814,0.0080602483207816,0.006917317708333333,0.005411783854166667,0.005289713541666667,0.0035400390625,0.0057373046875,0.004801432291666667,0.004679933260082204,0.004231770833333333,0.0037841796875,0.0021158854166666665,0.0008138020833333334,0.001953125,0.0018717447916666667,0.0018310546875,0.0017910204746204258,0.0016682942708333333,0.00146484375,0.0009765625,0.0042724609375,0.004069010416666667,0.0037029501525940997,0.0034592218785609637,0.003460630241836984,0.0032552083333333335,0.0026448567708333335,0.0023600260416666665,0.002115971515768057,0.001953125,0.0017903645833333333,0.0009358723958333334,0.0009359104781281791,0.000936177140996418,0.0006510681586978636,0.000244140625,0.001708984375,0.001708984375,0.0016682942708333333,0.0016682942708333333,0.001668837512211006,0.0016682942708333333,0.0012613932291666667,0.0012613932291666667,0.0010173353951330674,0.0009358723958333334,0.0008951822916666666,0.0008544921875,0.0008547704330836861,0.000854526958290946,0.0008139014365360355,0.0005696614583333334,0.0007731434384537131,0.0007731119791666666,0.0006510416666666666,0.0006510681586978636,0.0005700789966609659,0.0005295531386207178,0.0005289928789420143],"averageToxinCountInMales":[2.5322265625,2.5322265625,2.5302879841112214,2.6392742796157953,2.779843444227006,2.741905642923219,2.747195858498706,2.8483245149911816,2.8434065934065935,2.734259259259259,2.6441281138790034,2.6179875333926983,2.61612620508326,2.5412280701754386,2.518963922294172,2.500469483568075,2.520408163265306,2.517723880597015,2.5720844811753905,2.5010593220338984,2.8114617940199333,2.9503849443969203,2.9157706093189963,2.9516666666666667,2.974267968056788,2.9599254426840633,2.9125,2.824810606060606,2.4835847382431235,2.4445454545454544,2.375728155339806,2.368586387434555,2.405720338983051,2.3772972972972974,2.373318385650224,2.357473035439137,2.7671601615074026,2.859931113662457,2.7527675276752768,2.7968127490039842,2.7511045655375552,2.71900826446281,2.68561872909699,2.5873873873873876,2.3520309477756287,2.2007366482504604,2.1419624217119,2.1862348178137654,2.17827868852459,2.2151394422310755,2.253384912959381,2.3310185185185186,2.781443298969072,2.8894927536231885,2.891840607210626,2.8582089552238807,2.978303747534517,3.042696629213483,2.8954869358669835,2.5826771653543306,2.5155440414507773,2.0901287553648067,2.0921348314606742,2.0676328502415457,2.1025,2.0918635170603674,2.2309782608695654,2.2103559870550162,2.6253687315634218,3.1173020527859236,2.9025270758122743,2.5162241887905603,2.5592105263157894,2.626923076923077,2.222950819672131,2.061320754716981,2.2580645161290325,2.208,2.206896551724138,2.240740740740741,2.116504854368932,2.09,2.172043010752688,2.1645569620253164,1.9841269841269842,1.8571428571428572,2.3333333333333335,2.3035714285714284,2.2549019607843137,2.3846153846153846,1.6022727272727273,1.8387096774193548,2.046511627906977,1.5,1.3793103448275863,1.388235294117647,1.2551020408163265,1.2577319587628866,1.2386363636363635,1.3088235294117647,1.3181818181818181,1.3095238095238095,2.6557377049180326,2.9056603773584904,2.923076923076923,3.127659574468085,3.2857142857142856,3,2.3333333333333335,1.3636363636363635,1.3636363636363635,1.380952380952381,1.4,1.4705882352941178,1.5,1.5714285714285714,1,1,1,1,1,1,1,1,1,1,1,1,1,1,1,1,1,1,1,1,1,1,1,1,1,1,1,1,1,1,1,1,1,1,1,1,1,1,1],"averageAntitoxinCountInFemales":[2.46484375,2.46484375,2.465230166503428,2.547537227949599,2.7200791295746787,2.7083708370837085,2.752324598478445,2.851629502572899,2.8104803493449784,2.652790079716563,2.5795744680851063,2.5901502504173624,2.5668580803937653,2.510204081632653,2.4982758620689656,2.524017467248908,2.5179982440737487,2.519788918205805,2.587467362924282,2.5183397683397684,2.814319433516916,2.9184339314845023,2.8484126984126985,2.8726415094339623,2.913185913185913,2.8582474226804124,2.8059210526315788,2.787253141831239,2.4268502581755595,2.3864648263579697,2.2776735459662287,2.28989898989899,2.3353596757852078,2.3419689119170983,2.3294367693942615,2.3282336578581364,2.725400457665904,2.832995951417004,2.7444444444444445,2.753958587088916,2.769025367156208,2.7627365356622997,2.781710914454277,2.685064935064935,2.5691768826619965,2.3217993079584773,2.268627450980392,2.3207920792079206,2.3018480492813143,2.4106463878326996,2.510752688172043,2.6,2.935546875,3.031634446397188,2.972375690607735,2.9637023593466423,3.059047619047619,3.0250521920668056,2.8203463203463204,2.6411483253588517,2.51270207852194,2.209205020920502,2.159914712153518,2.1510791366906474,2.1791044776119404,2.179419525065963,2.3314121037463975,2.357894736842105,2.911242603550296,3.382262996941896,3.1607142857142856,2.67966573816156,2.711246200607903,2.7649006622516556,2.2445141065830723,2.2523809523809524,2.230769230769231,2.0408163265306123,2,2.0090909090909093,1.9142857142857144,1.8823529411764706,1.875,1.9767441860465116,1.7916666666666667,1.4074074074074074,2.1076923076923078,2.0547945205479454,2.1,2.262295081967213,1.7938144329896908,1.9230769230769231,2.26,1.6923076923076923,1.7,1.7078651685393258,1.5392156862745099,1.5346534653465347,1.4146341463414633,1.4615384615384615,1.40625,1.3555555555555556,3,3.4615384615384617,3.5396825396825395,3.807017543859649,4.0588235294117645,3.933333333333333,3.2857142857142856,2.230769230769231,2.3333333333333335,2.3333333333333335,2.3333333333333335,2.3333333333333335,1.8,1,1,1,1,1,1,1,1,1,1,1,1,1,1,1,1,1,1,1,1,1,1,1,1,1,1,1,1,1,1,1,1,1,1,1,1,1,1,1,1],