{"startTime":"2025-03-24T20:33:55.229Z","infectedMalesAtStart":16,"infectedFemalesAtStart":32,"toxinAntitoxinLength":3,"killRate":0.04081100388175807,"rescueRate":0.9115629132559072,"simulationLength":84,"infectionRatio":[0.003918367346938775,0.003918367346938775,0.003953220227310163,0.001929177741575924,0.0014241536458333333,0.0010172526041666667,0.0008138020833333334,0.0008951822916666666,0.0006917317708333334,0.0005696614583333334,0.0003662109375,0.0003662109375,0.0019938151041666665,0.001953125,0.0018717447916666667,0.0029703776041666665,0.0029703776041666665,0.0029713448388147185,0.002970619353788557,0.0015055338541666667,0.0009358723958333334,0.0008544921875,0.0008544921875,0.0008544921875,0.000854526958290946,0.0008544921875,0.0008544921875,0.0006103515625,0.0020751953125,0.0020751953125,0.0026450720273459754,0.002685546875,0.002685546875,0.0026856561546286877,0.002685546875,0.0020751953125,0.0020751953125,0.0012613932291666667,0.0012613932291666667,0.0010579427083333333,0.0006510416666666666,0.0006510416666666666,0.0006510416666666666,0.0005289713541666666,0.00048828125,0.0004069010416666667,0.00390625,0.0038655598958333335,0.003173828125,0.0040289760703239455,0.0037434895833333335,0.003255473264425816,0.0026448567708333335,0.0025227864583333335,0.0024820963541666665,0.0024007161458333335,0.002400813835198372,0.0020751953125,0.0017903645833333333,0.0017496744791666667,0.0015055338541666667,0.0011393229166666667,0.0015055951169888097,0.001749816879628876,0.0032552083333333335,0.0031340306890797346,0.003093077204834968,0.0009769997964583757,0.0022786458333333335,0.0018717447916666667,0.0003255208333333333,0.00016276041666666666,0.00016276041666666666,0.00016276041666666666,0.00016276041666666666,0.00016276041666666666,0.00016276041666666666,0.00016276041666666666,0.0001627670396744659,0.000040690104166666664,0.0018310546875,0.00016276041666666666,0.00008138020833333333,0.00004069175991861648],"averageToxinCountInMales":[2.5625,2.5625,2.5625,2.4,2.272727272727273,2.4444444444444446,2.857142857142857,3.111111111111111,3,2.6666666666666665,3,3,5.62962962962963,5.62962962962963,5.769230769230769,5.558139534883721,5.558139534883721,5.558139534883721,5.558139534883721,5.791666666666667,5.866666666666666,5.846153846153846,5.846153846153846,5.846153846153846,5.846153846153846,5.846153846153846,5.846153846153846,5.75,4.214285714285714,4.214285714285714,3.8181818181818183,4.0285714285714285,4.0285714285714285,4.0285714285714285,4.0285714285714285,4.035714285714286,4.035714285714286,4.444444444444445,4.444444444444445,3.933333333333333,3.7142857142857144,3.7142857142857144,3.7142857142857144,3.6,4,3.5,2.511627906976744,2.511627906976744,2.361111111111111,2.6,2.6097560975609757,2.5405405405405403,2.566666666666667,2.586206896551724,2.586206896551724,2.5,2.5,2.5384615384615383,2.4782608695652173,2.3181818181818183,2.3333333333333335,2.1538461538461537,2,2,2,2,2,2,2,2,2,2,2,2,2,2,2,2,2,null,2,2,2,2],"averageAntitoxinCountInFemales":[3.0625,3.0625,3.0625,3.066666666666667,3.0833333333333335,2.9375,2.923076923076923,3.1538461538461537,3.1,3.25,3.2857142857142856,3.2857142857142856,5.2727272727272725,5.380952380952381,5.55,5.533333333333333,5.533333333333333,5.533333333333333,5.533333333333333,5.769230769230769,5.125,5.125,5.125,5.125,5.125,5.125,5.125,5.285714285714286,4.043478260869565,4.043478260869565,3.96875,3.870967741935484,3.870967741935484,3.870967741935484,3.870967741935484,3.782608695652174,3.782608695652174,4.3076923076923075,4.3076923076923075,4.454545454545454,4.111111111111111,4.111111111111111,4.111111111111111,4.125,3.75,3.75,2.6792452830188678,2.5961538461538463,2.380952380952381,2.388888888888889,2.411764705882353,2.395348837209302,2.4857142857142858,2.3636363636363638,2.375,2.3870967741935485,2.3870967741935485,2.28,2.142857142857143,2.142857142857143,2.1578947368421053,2.2,2.12,2.107142857142857,2.0232558139534884,2,2,2,2,2,2,2,2,2,2,2,2,2,2,2,2,2,2,null],"reproductiveSuccessOverTime":[0,0,0,0.006287847452213395,0.0001220703125,0,0,0,0,0,0,0,0,0,0.00008138020833333333,0,0,0,0,0,0,0,0,0,0,0,0,0,0,0,0,0.000040690104166666664,0.000040690104166666664,0.00004069175991861648,0,0,0,0,0,0,0,0,0,0,0,0,0,0.000040690104166666664,0,0.00004069672798307016,0,0,0,0,0,0,0.00004069175991861648,0,0,0,0,0,0,0.0000406934158053227,0,0,0,0,0,0,0,0,0,0.000040690104166666664,0,0,0,0,0,0,0.000040690104166666664,0.000040690104166666664,0,0]}