{"startTime":"2025-03-24T18:23:05.935Z","infectedMalesAtStart":1024,"infectedFemalesAtStart":1024,"toxinAntitoxinLength":3,"killRate":0.75,"rescueRate":0.125,"simulationLength":163,"infectionRatio":[0.1724776823311437,0.1724776823311437,0.17218486679717424,0.15688847235238987,0.16509318792219418,0.16357421875,0.15157063802083334,0.1466064453125,0.15873209635416666,0.15865071614583334,0.15238444010416666,0.15584309895833334,0.16849772135416666,0.16092936197916666,0.162841796875,0.1583251953125,0.1588134765625,0.15874760799641707,0.1644287109375,0.15519205729166666,0.1524658203125,0.15250651041666666,0.15425618489583334,0.14900716145833334,0.1540996948118006,0.15323893229166666,0.14754231770833334,0.14453125,0.13631184895833334,0.1309814453125,0.1308646998982706,0.12068684895833333,0.11821437291446243,0.12227696567449815,0.12729418467423595,0.11771647135416667,0.11519368489583333,0.1007080078125,0.09965006510416667,0.09232584635416667,0.10653536257833482,0.10482197355035605,0.09745279947916667,0.09086100260416667,0.086181640625,0.08980305989583333,0.0946528851631806,0.08927408854166667,0.08789777813949703,0.09021363173957274,0.0897216796875,0.09293619791666667,0.07893880208333333,0.07637532552083333,0.07096354166666667,0.067626953125,0.07365808000651121,0.06880696614583333,0.07287894201424211,0.06278483072916667,0.057047526041666664,0.054865887907525744,0.05913234575940094,0.052734375,0.05290144054691951,0.05120273515405593,0.052001953125,0.052897135416666664,0.0400390625,0.034871419270833336,0.028607471311141858,0.0234375,0.029957668511885378,0.02677953685238696,0.026978636826042728,0.02490234375,0.022583926754832145,0.0214852492370295,0.022542317708333332,0.018880208333333332,0.01741749074187116,0.016238655325383582,0.016439471007121058,0.018391927083333332,0.012410481770833334,0.011800130208333334,0.009033203125,0.007527669270833333,0.005168063807275983,0.004802604802604802,0.006429036458333333,0.0062255859375,0.006022380467955239,0.006023115741494384,0.0063909468370919155,0.005982905982905983,0.0059031877213695395,0.0057787001994058515,0.005045778229908444,0.012736002604166666,0.008585611979166666,0.008463541666666666,0.007486979166666667,0.0067138671875,0.006592333360462277,0.005832687522943264,0.005452473958333333,0.0052490234375,0.004313151041666667,0.0041098677517802645,0.004110202254506979,0.0041100349963375925,0.0040317654245571165,0.0038248697916666665,0.0025229917799300073,0.006022135416666667,0.003946940104166667,0.00341796875,0.0032150415106625427,0.0027671522747619434,0.0026042726347914546,0.002527723418134377,0.0022786458333333335,0.0019125127161749745,0.0015871723913397362,0.0015057176575916657,0.0015059627986487036,0.0015059627986487036,0.0015071283095723013,0.0015062693372414916,0.0010990800293088007,0.0067138671875,0.006103515625,0.00537109375,0.004557477110885046,0.004272634791454731,0.003500061047576411,0.0032145182291666665,0.0029703776041666665,0.0024820963541666665,0.002197265625,0.0020751953125,0.002034670790266135,0.00203533338760889,0.0020367428408489146,0.002035250539341393,0.0011802531439501851,0.0068359375,0.004313151041666667,0.0038248697916666665,0.0030517578125,0.0019532839586554897,0.0006918725326604533,0.0004476640078137718,0.00044768222701558745,0.0003662109375,0.0001220703125,0.00008138020833333333,0.00008138020833333333,0.00008141333550435561,0.00008141002157365571,0.0000814265939255761,0.00008138351983723296],"averageToxinCountInMales":[2.44921875,2.44921875,2.454,2.47876213592233,2.489151873767258,2.5702647657841142,2.486754966887417,2.407744874715262,2.3255936675461744,2.3860561914672216,2.3123975969415618,2.2280042918454934,2.2476658476658478,2.2624806999485334,2.252938170669392,2.2981627296587925,2.308133472367049,2.306687565308255,2.260491299897646,2.160321715817694,2.132757690232056,2.1100966702470463,2.06020942408377,2.037878787878788,1.9585084033613445,1.98256735340729,1.8927392739273927,1.907718120805369,1.9159763313609468,1.956548727498448,2.0412242348532166,1.9739904175222451,1.974125874125874,1.9498984427894381,1.882236842105263,1.9161931818181819,2.0123367198838897,1.6702479338842975,1.5705931495405179,1.6254512635379061,1.6676899462778205,1.7103235747303545,1.7652464494569757,1.7826086956521738,1.6932457786116322,1.7373646209386282,1.817717206132879,1.8307692307692307,1.8790397045244691,1.8526504941599282,1.8690909090909091,2.004366812227074,1.9864583333333334,1.7265877287405813,1.7260115606936417,1.8536285362853628,1.8997747747747749,2.111111111111111,2.028058361391695,2.077023498694517,2.0343347639484977,1.9864661654135338,1.9915014164305949,2.0559105431309903,2.111111111111111,2.15702479338843,2.046774193548387,2.9455676516329703,3.197604790419162,2.7687074829931975,2.7630057803468207,3.207612456747405,3.0884718498659516,3.3102409638554215,3.2253086419753085,3.285234899328859,3.3782771535580522,3.4166666666666665,3.7,3.7733333333333334,3.956730769230769,4.0561224489795915,3.328042328042328,4.60377358490566,4.23943661971831,3.5244755244755246,4.074766355140187,4.10752688172043,5,5.3,4.694444444444445,4.5588235294117645,4.484848484848484,4.484848484848484,4.066666666666666,4.303030303030303,4.303030303030303,4.4375,4.36734693877551,6.151724137931034,6.737373737373737,5.048543689320389,4.815217391304348,4.666666666666667,4.576923076923077,4.91044776119403,4.921875,4.854838709677419,4.490566037735849,4.34,4.34,4.34,4.285714285714286,4.319148936170213,4.666666666666667,6.543478260869565,6.490909090909091,7,7,7,7,7,7,7,7,7,7,7,7,7,7,7,7,7,7,7,7,7,7,7,7,7,7,7,7,7,7,7,7,7,7,7,7,7,7,7,null,null,null,null,null,null,null],"averageAntitoxinCountInFemales":[2.51171875,2.51171875,2.512218963831867,2.496470588235294,2.467718087727945,2.5087548638132295,2.4438055410350237,2.394152680021657,2.3519441674975075,2.402124430955994,2.3422152560083593,2.249237029501526,2.2867996201329537,2.2768389662027833,2.271882640586797,2.29607250755287,2.306801007556675,2.306801007556675,2.251557259223766,2.214982042072858,2.2212249208025345,2.171792152704136,2.1228070175438596,2.057331863285557,1.9835369091874668,2.052856380138815,1.9524336283185841,1.941609977324263,1.9536144578313253,1.9595771144278606,2.0625386996904025,1.9926910299003322,1.9816949152542374,1.963302752293578,1.8563432835820894,1.934006734006734,2.0068823124569857,1.616600790513834,1.5702875399361023,1.6141257536606375,1.6684410646387833,1.6901408450704225,1.7170283806343907,1.7188065099457503,1.6958174904942966,1.740673339399454,1.7994791666666667,1.8135904499540862,1.8514391829155061,1.8179347826086956,1.8280542986425339,2.073748902546093,2.0693877551020408,1.761603375527426,1.8111490329920363,1.9681978798586572,1.9804772234273318,2.122827346465817,2.068888888888889,2.111969111969112,2.1109530583214795,2.0878477306002927,2.101740294511379,2.1671641791044776,2.2208955223880595,2.22052067381317,2.0972644376899696,2.7077625570776256,2.929606625258799,2.637019230769231,2.5322128851540615,2.9059233449477353,2.8209366391184574,2.938650306748466,2.943952802359882,2.9872611464968153,3.0520833333333335,3.0833333333333335,3.4190140845070425,3.4435146443514646,3.6363636363636362,3.5714285714285716,3.0790697674418603,4.154166666666667,3.8895705521472395,3.639455782312925,4.234782608695652,4.380434782608695,5.451612903225806,5.758620689655173,4.546511627906977,4.517647058823529,4.426829268292683,4.426829268292683,4.426829268292683,4.481481481481482,4.506329113924051,4.4743589743589745,4.466666666666667,5.946428571428571,6.883928571428571,4.942857142857143,4.6521739130434785,4.5,4.5,4.697368421052632,4.5,4.492537313432836,3.830188679245283,3.7058823529411766,3.7058823529411766,3.7058823529411766,3.64,3.574468085106383,5.25,6.875,6.833333333333333,7,7,7,7,7,7,7,7,7,7,7,7,7,7,7,7,7,7,7,7,7,7,7,7,7,7,7,7,7,7,7,7,7,7,7,7,7,7,7,7,7,7,7,7,7,7],