{"startTime":"2025-03-24T20:33:55.229Z","infectedMalesAtStart":16,"infectedFemalesAtStart":32,"toxinAntitoxinLength":3,"killRate":0.43565460147428803,"rescueRate":0.5485390086966543,"simulationLength":55,"infectionRatio":[0.0042020484986430885,0.0042020484986430885,0.004245908889871738,0.007818248712288447,0.006605773935736421,0.006144205729166667,0.005859375,0.0069580078125,0.006591796875,0.007893880208333334,0.0081787109375,0.007893880208333334,0.007120768229166667,0.006551106770833333,0.006632486979166667,0.006144205729166667,0.006103515625,0.006106745918658145,0.005494729130204729,0.012369791666666666,0.00830078125,0.007486979166666667,0.005289713541666667,0.005411783854166667,0.004679361979166667,0.004679361979166667,0.004150390625,0.004354018311291963,0.003946940104166667,0.0037027994791666665,0.003499633759257752,0.0033772786458333335,0.003377416073245168,0.0033371316946117532,0.0033365885416666665,0.0026041666666666665,0.0020751953125,0.0016276041666666667,0.0014241536458333333,0.0013834635416666667,0.0012613932291666667,0.0011393229166666667,0.0009765625,0.0008951822916666666,0.0008544921875,0.0005697541917629822,0.00056987015101559,0.0004475911458333333,0.0004476275738585497,0.00044768222701558745,0.000244140625,0.0018717447916666667,0.0017496744791666667,0.0007731119791666666,0.0006510416666666666],"averageToxinCountInMales":[2.3125,2.3125,2.3125,1.4936708860759493,1.4545454545454546,1.4246575342465753,1.4929577464788732,1.4404761904761905,1.4375,1.4591836734693877,1.4134615384615385,1.3725490196078431,1.4456521739130435,1.4337349397590362,1.3977272727272727,1.3924050632911393,1.4102564102564104,1.4102564102564104,1.4029850746268657,1.5851851851851853,1.4578313253012047,1.3714285714285714,1.66,1.6,1.7954545454545454,2.3404255319148937,2.4047619047619047,2.3125,2.642857142857143,2.642857142857143,2.725,2.725,2.725,2.725,2.761904761904762,3.7567567567567566,4,4,4,4,4,4,4,4,4,4,4,4,4,4,4,4,4,4,4],"averageAntitoxinCountInFemales":[2.4375,2.4375,2.4375,1.7252747252747254,1.6470588235294117,1.5769230769230769,1.4794520547945205,1.2988505747126438,1.2682926829268293,1.4479166666666667,1.3814432989690721,1.3043478260869565,1.3012048192771084,1.3333333333333333,1.28,1.2916666666666667,1.2916666666666667,1.2916666666666667,1.25,1.5976331360946745,1.6446280991735538,1.605263157894737,1.875,1.7590361445783131,1.9295774647887325,2.1029411764705883,2.0166666666666666,2.135593220338983,2.290909090909091,2.3877551020408165,2.5434782608695654,2.558139534883721,2.558139534883721,2.5476190476190474,2.575,3.814814814814815,4,4,4,4,4,4,4,4,4,4,4,4,4,4,4,4,4,4,4],"reproductiveSuccessOverTime":[0,0,0,0.009519867549668874,0.0009628023448818445,0,0,0,0,0,0,0,0.000040690104166666664,0,0,0.000040690104166666664,0,0,0,0,0,0,0,0,0,0,0,0,0,0,0,0,0,0.00004069672798307016,0,0,0,0,0,0,0,0,0,0,0,0,0,0,0,0,0,0,0,0,0]}