{"startTime":"2025-03-24T20:33:55.229Z","infectedMalesAtStart":16,"infectedFemalesAtStart":32,"toxinAntitoxinLength":3,"killRate":0.5852442116142499,"rescueRate":0.8460005940063737,"simulationLength":84,"infectionRatio":[0.003795366490076698,0.003795366490076698,0.003749800542524334,0.0019827586206896553,0.007080078125,0.007975260416666666,0.00634765625,0.005900065104166667,0.0078125,0.007649739583333333,0.008626302083333334,0.00634765625,0.0059814453125,0.006062825520833333,0.0059814453125,0.0052490234375,0.005086263020833333,0.005088333469022226,0.0049241036910430145,0.004679361979166667,0.005086263020833333,0.0031331380208333335,0.0021158854166666665,0.001709053916581892,0.0015869140625,0.0011393229166666667,0.0006103515625,0.0005289713541666666,0.0004475911458333333,0.0004475911458333333,0.0004475911458333333,0.0004475911458333333,0.0004475911458333333,0.0004476093591047813,0.0004475911458333333,0.0009765625,0.0009765625,0.000732421875,0.0007324516785350967,0.0005696846388606307,0.0005696614583333334,0.0002034587995930824,0.00020345052083333334,0.00020345052083333334,0.00020345052083333334,0.00020345052083333334,0.00020345052083333334,0.00020345052083333334,0.00020345052083333334,0.0002034587995930824,0.0001220703125,0.0035400390625,0.0035400390625,0.0035400390625,0.0034586588541666665,0.0031739572736520856,0.0025642069274288736,0.0020754486631668905,0.0020751953125,0.0018310546875,0.0014241536458333333,0.0013021363173957273,0.0010172526041666667,0.0010172526041666667,0.0010172526041666667,0.0008951822916666666,0.0008138020833333334,0.0015462239583333333,0.0014241536458333333,0.0011393229166666667,0.0007324516785350967,0.00048828125,0.000488599348534202,0.0004069010416666667,0.0002441505595116989,0.00016276041666666666,0.00008139014365360354,0.00008139345596614032,0.00008138020833333333,0.00008138020833333333,0.00008138351983723296,0.00008139345596614032,0.000040690104166666664,0.000040690104166666664],"averageToxinCountInMales":[2.0625,2.0625,2.066666666666667,2.0714285714285716,2.4583333333333335,2.3855421686746987,2.388059701492537,2.435483870967742,2.3048780487804876,2.3,2.4318181818181817,2.5555555555555554,2.533333333333333,2.6507936507936507,2.6507936507936507,2.6792452830188678,2.7115384615384617,2.7115384615384617,2.7254901960784315,1.9574468085106382,2.4482758620689653,3.090909090909091,2.9473684210526314,3.357142857142857,3.3076923076923075,3.1818181818181817,2.4,2,1.3333333333333333,1.3333333333333333,1.3333333333333333,1.3333333333333333,1.3333333333333333,1.3333333333333333,1.3333333333333333,2,2,2,2,2,2,2,2,2,2,2,2,2,2,2,2,2,2,2,2,2,2,2,2,2,2,2,2,2,2,2,2,2,2,2,2,2,2,2,2,2,2,2,2,2,2,2,null,null],"averageAntitoxinCountInFemales":[2.28125,2.28125,2.28125,2.34375,2.9215686274509802,2.831858407079646,3.033707865168539,2.9879518072289155,2.790909090909091,2.787037037037037,2.8951612903225805,3.10752688172043,3.206896551724138,3.1627906976744184,3.142857142857143,3.0789473684210527,3.136986301369863,3.136986301369863,3.1285714285714286,2.573529411764706,2.626865671641791,3.2045454545454546,3.3636363636363638,3.6785714285714284,3.730769230769231,3.6470588235294117,3.5,3.4444444444444446,3.375,3.375,3.375,3.375,3.375,3.375,3.375,2.923076923076923,2.923076923076923,2,2,2,2,2,2,2,2,2,2,2,2,2,2,2,2,2,2,2,2,2,2,2,2,2,2,2,2,2,2,2,2,2,2,2,2,2,2,2,2,2,2,2,2,2,2,2],"reproductiveSuccessOverTime":[0,0,0,0.006163793103448276,0,0,0,0,0,0,0.000040690104166666664,0,0,0,0,0.000040690104166666664,0,0,0.00004069507182680177,0,0,0,0,0,0,0,0,0,0,0,0.000040690104166666664,0,0,0,0,0,0,0,0.00004069175991861648,0.00004069175991861648,0,0,0,0,0,0,0,0.000040690104166666664,0,0,0,0,0,0,0,0,0,0,0,0,0,0,0.000040690104166666664,0,0.000040690104166666664,0.000040690104166666664,0,0,0,0,0,0,0,0,0,0,0,0,0,0,0,0,0,0]}