{"startTime":"2025-03-24T20:43:41.882Z","infectedMalesAtStart":1024,"infectedFemalesAtStart":1024,"toxinAntitoxinLength":3,"killRate":0.5086797226253267,"rescueRate":0.43977620874286294,"simulationLength":219,"infectionRatio":[0.08333333333333333,0.08333333333333333,0.08334705979245594,0.0909423828125,0.09480794270833333,0.0943603515625,0.07999674479166667,0.08919270833333333,0.09041341145833333,0.0816650390625,0.078857421875,0.08561197916666667,0.08076985677083333,0.07958984375,0.07206217447916667,0.0758056640625,0.07869466145833333,0.07856706696519439,0.072509765625,0.0693359375,0.07682291666666667,0.06950152594099694,0.06331380208333333,0.062296549479166664,0.06624348958333333,0.061686197916666664,0.0606689453125,0.058512369791666664,0.06400553385416667,0.05997965412004069,0.0550537109375,0.056355794270833336,0.055867513020833336,0.055908203125,0.0528564453125,0.055135091145833336,0.06778971354166667,0.07394294550929882,0.07527669270833333,0.07198079427083333,0.07096354166666667,0.070068359375,0.06404622395833333,0.0576171875,0.0587158203125,0.056396484375,0.051933251933251934,0.048380533854166664,0.0472139688224999,0.0474059003051882,0.04407276278842632,0.038330078125,0.054402669270833336,0.06726621632619842,0.07177734375,0.06742350260416667,0.06685384114583333,0.07796223958333333,0.059814453125,0.053426106770833336,0.053426106770833336,0.050089518229166664,0.04852827423360339,0.04638671875,0.0438232421875,0.04260947419827446,0.040530642142101406,0.031290690104166664,0.039713541666666664,0.05078744963984862,0.053426106770833336,0.050862630208333336,0.06437174479166667,0.06290690104166667,0.059855143229166664,0.052327473958333336,0.0496826171875,0.04614445574771109,0.042970498474059,0.040323893229166664,0.03515625,0.0353247598893049,0.033528645833333336,0.027750651041666668,0.026692708333333332,0.037434895833333336,0.043253580729166664,0.045450846354166664,0.053955078125,0.05282435292202507,0.044962565104166664,0.031901041666666664,0.0355645981688708,0.037882486979166664,0.03699182029056281,0.034749348958333336,0.03401831129196338,0.032674153645833336,0.031087239583333332,0.02771447175647078,0.027140299479166668,0.035237630208333336,0.0360107421875,0.032674153645833336,0.040486653645833336,0.038818359375,0.040445963541666664,0.036295572916666664,0.03662109375,0.040201822916666664,0.03967769503113173,0.03796541200406917,0.035237630208333336,0.034098307291666664,0.032063802083333336,0.030110677083333332,0.02389092389092389,0.027384440104166668,0.031453450520833336,0.024332682291666668,0.0238037109375,0.021199544270833332,0.0299072265625,0.024861653645833332,0.020549338758901324,0.020792643229166668,0.023519837232960326,0.02209562563580875,0.0184326171875,0.01745676500508647,0.015706380208333332,0.015380859375,0.012781893674183831,0.015096028645833334,0.021363173957273652,0.019816080729166668,0.014851888020833334,0.015380859375,0.02490234375,0.0177001953125,0.0213623046875,0.023030598958333332,0.025027469173483093,0.024820963541666668,0.017781575520833332,0.01708984375,0.016560872395833332,0.014773513491514387,0.01229491511623173,0.014080494852073414,0.016520182291666668,0.011800130208333334,0.0093994140625,0.010579427083333334,0.01444557477110885,0.012166341145833334,0.010823567708333334,0.010416666666666666,0.010134310134310135,0.009036880240983473,0.007120768229166667,0.0057373046875,0.005371530886302597,0.005167643229166667,0.004519543973941368,0.006431129925105829,0.006022135416666667,0.0037841796875,0.0023193359375,0.0019532044760935913,0.005289713541666667,0.0035807291666666665,0.0062255859375,0.006144205729166667,0.004802800276771542,0.004353841145833333,0.003987630208333333,0.0038655598958333335,0.0023606023606023607,0.0021158854166666665,0.0021161437349936922,0.0020347535913400887,0.0019124348958333333,0.0016276041666666667,0.00146484375,0.0011801570829772514,0.005655924479166667,0.002685546875,0.002685546875,0.0026856561546286877,0.0026450720273459754,0.002360122075279756,0.0021565755208333335,0.0018717447916666667,0.0018718971270448442,0.0016276041666666667,0.0015871723913397362,0.0015467274503419082,0.0012613932291666667,0.0009765625,0.0008544921875,0.0006510416666666666,0.0027266807748657007,0.0023600260416666665,0.0023600260416666665,0.0023600260416666665,0.0023600260416666665,0.0015464127294184675,0.0010986328125,0.000732421875,0.000732421875,0.000732541103695263,0.0006919006919006919,0.0005289713541666666,0.0004475911458333333,0.0004069010416666667,0.0003662109375,0.0002441505595116989,0.00012209515282243295],"averageToxinCountInMales":[2.525390625,2.525390625,2.5274725274725274,2.5354609929078014,2.574324324324324,2.599663582842725,2.576305220883534,2.473684210526316,2.5422106179286335,2.4965719882468167,2.414387031408308,2.482142857142857,2.3777555110220443,2.349238578680203,2.359550561797753,2.3692636072572038,2.439378238341969,2.440871369294606,2.4966367713004485,2.6303317535545023,2.5873015873015874,2.4890173410404626,2.4910485933503836,2.3946015424164524,2.347560975609756,2.304862023653088,2.2681940700808627,2.47009735744089,2.318639798488665,2.184885290148448,2.110283159463487,2.0884450784593436,2.06966618287373,2.101156069364162,2.1020092735703244,2.3917525773195876,2.151838671411625,1.7995618838992333,1.6645502645502646,1.6864501679731243,1.7416762342135477,1.694541231126597,1.6915167095115682,1.8764367816091954,1.9092198581560285,1.8938053097345133,1.9159935379644588,1.9043478260869566,1.905693950177936,1.8578947368421053,1.8484848484848484,2.057471264367816,1.7610062893081762,1.3354114713216958,1.256235827664399,1.2506082725060828,1.332512315270936,1.8413361169102296,1.6275579809004093,1.7289719626168225,1.8361669242658423,1.88,1.8747826086956523,1.9003623188405796,1.8661567877629064,1.9292730844793713,2.025,2.130311614730878,1.7826086956521738,1.2445193929173692,1.1511254019292605,1.135042735042735,1.39247311827957,1.5760430686406461,1.5698005698005697,1.646864686468647,1.7983050847457627,1.8477064220183486,1.877431906614786,1.9469387755102041,1.8360655737704918,1.7880184331797235,1.7766990291262137,1.917933130699088,1.8774193548387097,1.304932735426009,0.9446564885496184,0.725925925925926,0.5819295558958653,0.6288819875776398,0.5985790408525755,0.5392405063291139,1.4746136865342163,1.6873706004140787,1.696842105263158,1.7494305239179955,1.7633410672853829,1.778588807785888,1.791237113402062,1.9563953488372092,2.1295180722891565,1.356164383561644,1.2166301969365427,1.0100755667506298,0.7037773359840954,0.6708074534161491,0.9056974459724951,0.952054794520548,1.163265306122449,1.4840637450199203,1.511156186612576,1.5222929936305734,1.5150812064965198,1.5167464114832536,1.4937027707808563,1.4947089947089947,1.8791946308724832,1.3573333333333333,1.0377358490566038,1.1329305135951662,0.933933933933934,0.7909407665505227,1.617948717948718,1.4430379746835442,1.721311475409836,1.763265306122449,2.06993006993007,1.9320754716981132,1.665158371040724,1.6303317535545023,1.5578947368421052,1.5614973262032086,1.8562091503267975,1.4035087719298245,0.875,0.851063829787234,0.8087431693989071,1.1851851851851851,1.5909090909090908,1.0135135135135136,1.603846153846154,2.025089605734767,2.1815181518151814,2.089108910891089,2.0511627906976746,2.033816425120773,2.085,2.149171270718232,2.2733333333333334,1.8156424581005586,1.5693069306930694,1.6928571428571428,1.6018518518518519,2.823529411764706,2.5149700598802394,2.96,3.2109375,3.165289256198347,3.121739130434783,3.13265306122449,2.9240506329113924,2.876923076923077,2.9516129032258065,3.0338983050847457,3.076923076923077,1.8666666666666667,1.5789473684210527,2.1481481481481484,2.857142857142857,2.814814814814815,4,4,4,4,4,4,4,4,4,4,4,4,4,4,4,4,4,4,4,4,4,4,4,4,4,4,4,4,4,4,4,4,4,4,4,4,4,4,4,4,4,4,4,4,4,4,4,4,null],