{"startTime":"2025-03-24T20:43:41.881Z","infectedMalesAtStart":1024,"infectedFemalesAtStart":1024,"toxinAntitoxinLength":3,"killRate":0.5735031613552578,"rescueRate":0.526280618620328,"simulationLength":98,"infectionRatio":[0.08333333333333333,0.08333333333333333,0.08323385337339974,0.067626953125,0.06795247395833333,0.067138671875,0.06290690104166667,0.06486002604166667,0.068603515625,0.06778971354166667,0.0693359375,0.07108561197916667,0.07210286458333333,0.07649739583333333,0.07470703125,0.079833984375,0.07999674479166667,0.07992671009771987,0.07630015463498006,0.06681315104166667,0.058430989583333336,0.0577392578125,0.053995768229166664,0.05560304473480685,0.06624348958333333,0.0731201171875,0.07425944010416667,0.06486002604166667,0.06327311197916667,0.0615234375,0.0587158203125,0.061726888020833336,0.061360677083333336,0.06289436189700794,0.06486002604166667,0.054445574771108854,0.0472412109375,0.044881184895833336,0.046223958333333336,0.041788736979166664,0.035929361979166664,0.0452880859375,0.041585286458333336,0.037556966145833336,0.03813593813593814,0.0384521484375,0.0362548828125,0.0386962890625,0.03930824008138352,0.03988766331556026,0.043375651041666664,0.03601367298771059,0.029012044270833332,0.028849283854166668,0.034423828125,0.0302734375,0.024617513020833332,0.032918294270833336,0.030680338541666668,0.0291748046875,0.030859422708952488,0.029866536458333332,0.028889973958333332,0.028564453125,0.03052378820560824,0.029296875,0.027344862665310273,0.019938151041666668,0.0159912109375,0.0126953125,0.0152587890625,0.012125651041666666,0.009521484375,0.011271158854166666,0.007242838541666667,0.0068359375,0.006795247395833333,0.00577822990844354,0.005574544270833333,0.0050048828125,0.0040286481647269475,0.003745318352059925,0.003337267510479834,0.0021158854166666665,0.00146484375,0.0011800130208333333,0.0008138020833333334,0.0002848307291666667,0.00020345052083333334,0.0006103515625,0.0006103515625,0.0006103515625,0.0006103515625,0.0006103515625,0.0006103515625,0.0006103515625,0.0006104260774020266,0.00032578595862518323],"averageToxinCountInMales":[2.52734375,2.52734375,2.5265265265265264,2.5784919653893694,2.6547472256473488,2.6435768261964734,2.6367239101717304,2.5,2.5578817733990147,2.445,2.421245421245421,2.476359338061466,2.4280742459396754,2.541850220264317,2.496098104793757,2.4794520547945207,2.4905857740585775,2.489517819706499,2.411316648531012,2.5621156211562117,2.7005649717514126,2.482142857142857,2.6,2.519345238095238,2.623910336239103,2.5090909090909093,2.4498886414253898,2.527918781725888,2.516839378238342,2.3439153439153437,2.350974930362117,2.2239789196310937,2.189655172413793,2.1575520833333335,2.084065244667503,1.9451851851851851,2.237458193979933,2.5479204339963832,2.3787085514834208,2.323471400394477,2.5917874396135265,2.2963671128107075,2.247916666666667,2.2018561484918795,2.152619589977221,2.0090909090909093,2.0795180722891566,1.8735891647855532,1.9263392857142858,1.9342105263157894,1.6390532544378698,1.6402877697841727,1.8018292682926829,2.287461773700306,1.972636815920398,2.0408719346049047,2.006825938566553,1.9322033898305084,1.8743589743589744,1.9177718832891246,1.9378109452736318,1.9312977099236641,1.931578947368421,1.8997361477572559,2.0878048780487806,2.070528967254408,2.0135135135135136,1.948905109489051,1.9213973799126638,2.0591397849462365,1.8425925925925926,1.9464285714285714,1.859504132231405,2.2720588235294117,1.4505494505494505,1.4470588235294117,1.4470588235294117,1.2753623188405796,1.2794117647058822,1.2222222222222223,1.5098039215686274,1.5833333333333333,1.4523809523809523,1.25,1.2857142857142858,1.0588235294117647,0.5454545454545454,1,1,0,0,0,0,0,0,0,0,0],"averageAntitoxinCountInFemales":[2.5087890625,2.5087890625,2.509286412512219,2.5732708089097303,2.5681024447031433,2.5408878504672896,2.546261089987326,2.431761786600496,2.5251716247139586,2.4249422632794455,2.4124293785310735,2.4472807991120975,2.4197802197802196,2.516460905349794,2.4920127795527156,2.4758144126357355,2.4722772277227723,2.472745292368682,2.4069037656903767,2.5355850422195414,2.730769230769231,2.535475234270415,2.5850439882697946,2.5302593659942363,2.5757575757575757,2.5212649945474372,2.466019417475728,2.5905707196029777,2.5938697318007664,2.4206349206349205,2.4013793103448275,2.2941952506596306,2.273209549071618,2.2316602316602316,2.13801756587202,2.090497737556561,2.413854351687389,2.6745454545454543,2.568383658969805,2.5942307692307693,2.7803837953091683,2.4338983050847456,2.3948339483394836,2.4247967479674797,2.357429718875502,2.203960396039604,2.222689075630252,1.9606299212598426,1.9845559845559846,1.963740458015267,1.6887298747763864,1.6752136752136753,1.8415584415584416,2.2068062827225132,2.054054054054054,2.13262599469496,2.125,2.0883838383838382,1.978021978021978,1.9911764705882353,2.008426966292135,2.0146627565982405,1.996969696969697,2.021671826625387,2.1823529411764704,2.1826625386996903,2.142384105960265,2.0787037037037037,2.0548780487804876,2.015873015873016,1.779874213836478,1.9384615384615385,1.8495575221238938,2.2907801418439715,1.3908045977011494,1.3373493975903614,1.3048780487804879,1.2191780821917808,1.2318840579710144,1.1166666666666667,1.3958333333333333,1.3863636363636365,1.425,1.4166666666666667,1.7333333333333334,1.1666666666666667,0.2222222222222222,0,0,0,0,0,0,0,0,0,0,0],"reproductiveSuccessOverTime":[0,0,0,0.000003969766260162602,0,0.000005137442881583507,0.000030348885392508877,0,0,0,0,0,0,0,0,0.000004127981582125604,0.000024543237433862433,0.00004976474846181687,0.0000406934158053227,0,0,0,0,0,0.000015295952485932643,0.000054328342931258144,0.000039626927357117085,0.000040690104166666664,0.000040690104166666664,0,0.000016890231918238993,0.000034239280278053135,0.00007492938444471979,0.000054600603684594696,5.498662725225225e-7,0,0,0.000006620583330283038,0,0,0,0.00001671200706845238,0.000011625744047619047,0.000011625744047619047,0.0000407000407000407,0.00008138020833333333,0.000048222276366532524,0.000045315840354627765,0.00004531768433592398,0.00004070169726077577,0,0,0,0,0.00005836358375420876,0,0,0,0,0,0,0,0,0,0.00004332408648537943,0.000040690104166666664,0,0,0,0,0.0000058128720238095235,0.0000058128720238095235,0,0,0,0,0.000040690104166666664,0,0.000040690104166666664,0.000040690104166666664,0.0000406934158053227,0,0.00008139676854828863,0,0,0,0,0,0,0,0,0,0,0,0,0,0.00004069507182680177,0]}