{"startTime":"2025-03-24T20:33:55.228Z","infectedMalesAtStart":16,"infectedFemalesAtStart":32,"toxinAntitoxinLength":3,"killRate":0.04081100388175807,"rescueRate":0.5111496538385711,"simulationLength":61,"infectionRatio":[0.003809221490357908,0.003809221490357908,0.0037648189682793977,0.006289579115150993,0.004558033534103858,0.0042724609375,0.005208333333333333,0.004231770833333333,0.0059814453125,0.005655924479166667,0.005452473958333333,0.0050048828125,0.004597981770833333,0.004069010416666667,0.005411783854166667,0.005167643229166667,0.005126953125,0.005128205128205128,0.004353841145833333,0.0107421875,0.007975260416666666,0.006429036458333333,0.006184895833333333,0.00634765625,0.006551106770833333,0.0050048828125,0.0042724609375,0.004638860630722279,0.004069010416666667,0.004069010416666667,0.004069010416666667,0.003662109375,0.0035807291666666665,0.003581166320758556,0.0032146490335707018,0.006062825520833333,0.005330403645833333,0.0042724609375,0.0037027994791666665,0.0033772786458333335,0.0031331380208333335,0.0034587995930824007,0.0030924479166666665,0.0023197134950349993,0.0021565755208333335,0.0021158854166666665,0.0019943019943019944,0.001953125,0.0019532044760935913,0.0019543178209356295,0.0015055338541666667,0.0013020833333333333,0.0015055338541666667,0.0008138020833333334,0.0007731119791666666,0.0006510416666666666,0.0005289713541666666,0.0004475911458333333,0.0003255208333333333,0.0026052267361393795,0.0024007161458333335],"averageToxinCountInMales":[2.75,2.75,2.7333333333333334,1.3611111111111112,1.0909090909090908,1.0566037735849056,1.6923076923076923,1.5178571428571428,1.373134328358209,1.40625,1.3666666666666667,1.4137931034482758,1.3962264150943395,1.3404255319148937,0.9523809523809523,0.9672131147540983,0.9672131147540983,0.9672131147540983,1,1.0793650793650793,1.1827956989247312,1.2638888888888888,1.3,1.9605263157894737,1.7625,1.6721311475409837,1.7551020408163265,1.5357142857142858,1.3958333333333333,1.3958333333333333,1.3958333333333333,1.1627906976744187,1.0714285714285714,1.0714285714285714,1,1.2105263157894737,1.1690140845070423,1.2222222222222223,1.3555555555555556,1.375,1.3243243243243243,2.1136363636363638,2.325,2.111111111111111,2.1153846153846154,2,2,2.0833333333333335,2.0833333333333335,2.0833333333333335,2.176470588235294,2.1333333333333333,2.1333333333333333,2.5,2.5,2.857142857142857,2.5,2,2,0.17142857142857143,0],"averageAntitoxinCountInFemales":[2.4375,2.4375,2.4375,1.6486486486486487,1.5087719298245614,1.4423076923076923,1.9365079365079365,1.7291666666666667,1.45,1.3733333333333333,1.3783783783783783,1.4,1.3833333333333333,1.4528301886792452,1.1,0.9545454545454546,0.9538461538461539,0.9538461538461539,0.9473684210526315,1.2173913043478262,1.3106796116504855,1.4186046511627908,1.4268292682926829,2,1.9012345679012346,1.967741935483871,2.0714285714285716,1.8793103448275863,1.6923076923076923,1.6923076923076923,1.6923076923076923,1.3617021276595744,1.3478260869565217,1.3478260869565217,1.3636363636363635,1.1917808219178083,1.1333333333333333,1.0392156862745099,1.0217391304347827,1.0465116279069768,1.075,2.2439024390243905,2.5,1.5666666666666667,1.5185185185185186,1.5185185185185186,1.0833333333333333,1.0833333333333333,1.0833333333333333,1.0833333333333333,0.75,1.2352941176470589,1.4090909090909092,1.0833333333333333,0.7272727272727273,0.8888888888888888,1.1428571428571428,1.3333333333333333,1.5,0.20689655172413793,0.07407407407407407],"reproductiveSuccessOverTime":[0,0,0,0.006031103261103692,0.00008139345596614032,0,0,0,0,0,0,0.000040690104166666664,0,0,0,0,0.000244140625,0.0002849002849002849,0,0,0,0,0,0.00008138020833333333,0,0.000040690104166666664,0,0,0,0,0.000040690104166666664,0,0,0.00004069507182680177,0,0,0,0,0,0,0,0,0,0,0,0,0.0000814000814000814,0,0,0,0,0,0,0,0,0,0,0,0,0.000040706667752177804,0]}