{"startTime":"2025-03-24T20:33:55.228Z","infectedMalesAtStart":16,"infectedFemalesAtStart":32,"toxinAntitoxinLength":3,"killRate":0.5852442116142499,"rescueRate":0.5111496538385711,"simulationLength":61,"infectionRatio":[0.003979109674210396,0.003979109674210396,0.00394262226323295,0.004379696648379512,0.0030568575504381496,0.0019124348958333333,0.00244140625,0.004557291666666667,0.0035400390625,0.004435221354166667,0.00537109375,0.004353841145833333,0.00634765625,0.006062825520833333,0.005167643229166667,0.005126953125,0.005045572916666667,0.0050480377788633774,0.005655924479166667,0.0038655598958333335,0.0032958984375,0.0028076171875,0.0037841796875,0.0037841796875,0.0036214192708333335,0.004353841145833333,0.004150390625,0.00341796875,0.010416666666666666,0.010579427083333334,0.0103759765625,0.010172526041666666,0.0098876953125,0.009848207382086029,0.009521484375,0.0081787109375,0.006062825520833333,0.004150390625,0.005533854166666667,0.005289713541666667,0.004557291666666667,0.0042724609375,0.003987630208333333,0.0033772786458333335,0.0037437942540896885,0.0026041666666666665,0.0025227864583333335,0.0024007161458333335,0.0023193359375,0.0023194303153611395,0.001708984375,0.0013427734375,0.0009358723958333334,0.00048828125,0.0002848307291666667,0.0002848307291666667,0.000040690104166666664,0.00004070335395636601,0.0000406934158053227,0.000040690104166666664,0.00004069175991861648],"averageToxinCountInMales":[3.0625,3.0625,3.0625,2.1333333333333333,2.1842105263157894,2.15,2.566666666666667,2.1724137931034484,2.272727272727273,2.5272727272727273,2.6610169491525424,2.8181818181818183,2.4390243902439024,2.4444444444444446,2.4225352112676055,2.4225352112676055,2.3768115942028984,2.3768115942028984,1.7951807228915662,2.107142857142857,2.142857142857143,2.0697674418604652,1.2857142857142858,1.2857142857142858,1.2765957446808511,1.9152542372881356,1.981818181818182,1.6744186046511629,1.674074074074074,1.8489208633093526,1.8676470588235294,1.8805970149253732,1.8515625,1.8515625,1.872,1.7685185185185186,1.9411764705882353,2.189655172413793,1.6923076923076923,1.4864864864864864,1.2333333333333334,1.2037037037037037,1.2,1.2093023255813953,1.7346938775510203,1.9142857142857144,1.9142857142857144,1.9411764705882353,1.9696969696969697,1.9696969696969697,2.4545454545454546,2.473684210526316,2.25,1.625,2.25,2.25,null,null,null,null,null],"averageAntitoxinCountInFemales":[2.78125,2.78125,2.806451612903226,2.4,2.3783783783783785,2.5185185185185186,2.4,2.2037037037037037,2.13953488372093,2.314814814814815,2.5342465753424657,2.634920634920635,2.445945945945946,2.5441176470588234,2.4464285714285716,2.4727272727272727,2.4727272727272727,2.4727272727272727,2.107142857142857,2.076923076923077,2.125,2.1923076923076925,1.4545454545454546,1.4545454545454546,1.4761904761904763,1.9583333333333333,1.9361702127659575,1.6341463414634145,1.4958677685950412,1.5454545454545454,1.5546218487394958,1.5689655172413792,1.5739130434782609,1.5789473684210527,1.6055045871559632,1.5376344086021505,1.703125,1.9090909090909092,1.5,1.4464285714285714,1.3653846153846154,1.3725490196078431,1.3125,1.275,1.7209302325581395,1.9310344827586208,2,2.08,2.125,2.125,2.35,2.2142857142857144,2.7142857142857144,3,3.6666666666666665,3.6666666666666665,5,5,5,5,5],"reproductiveSuccessOverTime":[0,0,0,0.00866718915679314,0.0005706134094151213,0,0,0,0,0,0,0,0,0.000040690104166666664,0,0,0.00016276041666666666,0.00016283992835043154,0,0,0,0.0000020866720085470083,0,0,0,0,0,0,0.000040690104166666664,0,0,0,0,0,0,0,0,0,0.00001887685244845361,0.00001793123234463277,0.000040690104166666664,0.000040690104166666664,0.00008138020833333333,0.000040690104166666664,0.0001220802474159681,0,0,0,0,0.00004069175991861648,0,0,0,0,0,0,0,0,0.0000813868316106454,0,0]}