{"startTime":"2025-03-24T18:23:05.935Z","infectedMalesAtStart":1024,"infectedFemalesAtStart":1024,"toxinAntitoxinLength":3,"killRate":0.625,"rescueRate":0.875,"simulationLength":140,"infectionRatio":[0.16644993498049415,0.16644993498049415,0.16676245997208308,0.18821976421320952,0.1762610547002948,0.17191569010416666,0.17508951822916666,0.17850748697916666,0.1695556640625,0.16178385416666666,0.15352376302083334,0.153564453125,0.14713541666666666,0.14400227864583334,0.142822265625,0.14156087239583334,0.14282807731434385,0.14279897389958873,0.1450897399373245,0.16068522135416666,0.146484375,0.13631184895833334,0.137939453125,0.12890625,0.11857096354166667,0.10616048177083333,0.0980711320908277,0.09895833333333333,0.09659830729166667,0.09090169270833333,0.08907063802083333,0.09029134114583333,0.08883372670301945,0.08788927335640138,0.09060197810248688,0.1015625,0.096435546875,0.08992513020833333,0.08601888020833333,0.08247884114583333,0.0819091796875,0.07515462239583333,0.0662841796875,0.06595865885416667,0.06437174479166667,0.0604248046875,0.059733072916666664,0.0567626953125,0.05835198372329603,0.05685564283097961,0.06294759114583333,0.053141276041666664,0.051472981770833336,0.048543294270833336,0.057210286458333336,0.051554361979166664,0.0472412109375,0.044230143229166664,0.038655598958333336,0.03873855544252289,0.03271484375,0.034261067708333336,0.030965169270833332,0.02978515625,0.029623601220752797,0.027715599690692278,0.029052734375,0.0247802734375,0.016886393229166668,0.01953125,0.023763020833333332,0.021484375,0.018025716145833332,0.014406641706006838,0.012858072916666666,0.013835198372329603,0.012085944494180842,0.014933875890132248,0.012654622395833334,0.012044270833333334,0.01025390625,0.007893880208333334,0.006228373702422145,0.0081787109375,0.005818684895833333,0.0072021484375,0.008628408628408628,0.0084228515625,0.007568359375,0.006391987623157723,0.005289713541666667,0.0034993489583333335,0.0030925737538148525,0.004109700520833333,0.0034586588541666665,0.0034595034595034596,0.00341796875,0.003175120084669869,0.0029296875,0.004801823065028079,0.003987630208333333,0.0034586588541666665,0.005371530886302597,0.004231770833333333,0.003946940104166667,0.0036220087904932446,0.0034993489583333335,0.0034586588541666665,0.0032552083333333335,0.003866189158391665,0.002685546875,0.002685874740568917,0.0025635808748728384,0.00252319713495035,0.0022380467955239063,0.0017903645833333333,0.0015055338541666667,0.0012207527975584944,0.0030934549006838164,0.0015869140625,0.0015055338541666667,0.0010579857578840285,0.0010172526041666667,0.0010172526041666667,0.0001220703125,0.0001220802474159681,0.00012209018394921048,0.00012212497455729696,0.00012212994626282364,0.00012212497455729696,0.00012219959266802444,0.0001220703125,0.0001220703125,0.0001220703125,0.0008956560680698612,0.0008952187182095626,0.00020345052083333334,0.00020345052083333334,0.00004069175991861648,0.000040690104166666664],"averageToxinCountInMales":[2.5419921875,2.5419921875,2.5496031746031744,2.5950048971596473,2.5849146110056926,2.574619771863118,2.4777571825764597,2.5492180312787487,2.6042677012609117,2.617074388417374,2.6295514511873352,2.6219062664560293,2.6299778761061945,2.676657060518732,2.6552524666279744,2.6045165026056747,2.604034582132565,2.6038062283737022,2.5557471264367817,2.738022426095821,2.599778883360973,2.766360856269113,2.7005477784540473,2.772200772200772,2.7521306818181817,2.7567140600315954,2.7770154373927958,2.5155592935239697,2.4961173425366696,2.5847299813780262,2.4179943767572634,2.613824884792627,2.597928436911488,2.584995251661918,2.6660412757973733,2.4095004095004096,2.462882096069869,2.7284522706209455,2.602059925093633,2.871189773844641,2.7802734375,2.7220447284345046,2.7949029126213594,2.3636363636363638,2.1705809641532756,2.085526315789474,2.0467914438502675,2.040960451977401,1.954607977991747,2.0609929078014186,2.3405889884763122,2.3975155279503104,2.313880126182965,2.326699834162521,2.6458635703918723,2.740322580645161,2.8842105263157896,2.7723880597014925,2.701492537313433,2.323974082073434,2.2777777777777777,1.9258373205741626,1.8324022346368716,1.825214899713467,1.7640449438202248,1.690909090909091,2.078034682080925,1.695945945945946,1.31,1.0772532188841202,1.778169014084507,1.7164750957854407,1.883408071748879,1.8950276243093922,1.8855421686746987,1.6021505376344085,1.8653846153846154,1.4761904761904763,1.5286624203821657,1.6,1.6870229007633588,2.05,2.25,2.0898876404494384,1.84375,2.1666666666666665,2.394230769230769,2.4752475247524752,2.372093023255814,2.4556962025316458,2.742424242424242,2.5405405405405403,2.5806451612903225,1.4285714285714286,1.794871794871795,1.794871794871795,1.7894736842105263,1.7647058823529411,1.8666666666666667,0.8615384615384616,0.4827586206896552,0.24,1.9871794871794872,2.4754098360655736,2.6491228070175437,2.826923076923077,2.803921568627451,2.78,3,2.6470588235294117,3.6486486486486487,3.6486486486486487,3.75,3.742857142857143,3.838709677419355,3.96,3.9565217391304346,4,4,4,4,4,4,4,4,4,4,4,4,4,4,4,4,4,4,4,4,4,4,4],"averageAntitoxinCountInFemales":[2.509765625,2.509765625,2.509286412512219,2.558050645007167,2.5644060081929902,2.5648279113625647,2.5226107226107226,2.597830998644374,2.630878859857482,2.6305119107957426,2.626198083067093,2.6197333333333335,2.6261061946902653,2.697339246119734,2.6743144935646335,2.6386986301369864,2.6574647887323946,2.658770445572476,2.6093150684931508,2.759939607448415,2.644891122278057,2.8122448979591836,2.746994848311391,2.825898389095415,2.7948207171314743,2.8413998510796725,2.8963022508038585,2.6958970233306516,2.6765432098765434,2.7336206896551722,2.572192513368984,2.6790123456790123,2.632471008028546,2.615732368896926,2.700862068965517,2.4784313725490197,2.483265306122449,2.7665782493368702,2.633843212237094,2.889108910891089,2.840242669362993,2.7566079295154187,2.8198757763975157,2.498743718592965,2.2871927554980593,2.2441379310344827,2.1166666666666667,2.1251819505094613,2.0254596888260257,2.0838150289017343,2.4438642297650133,2.5196374622356497,2.40095087163233,2.4491525423728815,2.7168758716875874,2.8098918083462134,3.00507614213198,2.9255898366606172,2.8794178794178795,2.4314928425357873,2.4142156862745097,2,1.784119106699752,1.814621409921671,1.8413978494623655,1.7606837606837606,2.0760869565217392,1.7348242811501597,1.5395348837209302,1.2995951417004048,1.84,1.8052434456928839,2.0090909090909093,2.005780346820809,2.013333333333333,1.9090909090909092,2.028368794326241,1.5674157303370786,1.6428571428571428,1.7054794520547945,1.884297520661157,2.1808510638297873,2.410958904109589,1.8214285714285714,1.4303797468354431,1.7096774193548387,2.175925925925926,2.2452830188679247,2.28,2.5641025641025643,2.796875,2.693877551020408,2.7111111111111112,2.1346153846153846,2.4130434782608696,2.4130434782608696,2.4130434782608696,2.4318181818181817,2.4047619047619047,1.6981132075471699,1.1,1.0857142857142856,2.3333333333333335,2.744186046511628,2.95,3.189189189189189,3.2,3.2,3.2,2.4545454545454546,3.7241379310344827,3.7241379310344827,4,4,4,4,4,4,3.973684210526316,3.9444444444444446,3.9444444444444446,3.9166666666666665,3.9166666666666665,3.9166666666666665,4,4,4,4,4,4,4,4,4,4,4,4,4,4,null,null],