{"startTime":"2025-03-24T21:01:06.836Z","infectedMalesAtStart":2056,"infectedFemalesAtStart":1024,"toxinAntitoxinLength":3,"killRate":0.5,"rescueRate":1,"simulationLength":124,"infectionRatio":[0.12532552083333334,0.12532552083333334,0.12516452780519907,0.11665852864583333,0.10400390625,0.10331217447916667,0.1026611328125,0.10506184895833333,0.1005859375,0.10005696614583333,0.0997314453125,0.09720865885416667,0.10331217447916667,0.10205078125,0.09720865885416667,0.0955810546875,0.09537760416666667,0.09532725496580918,0.09469743214096774,0.086669921875,0.0806884765625,0.07816569010416667,0.07747395833333333,0.081787109375,0.08052571614583333,0.07637532552083333,0.0740966796875,0.0697485146903231,0.07307942708333333,0.07316080729166667,0.06787109375,0.0665011599039518,0.06473795572916667,0.0631103515625,0.06233977619532045,0.054646809895833336,0.046956380208333336,0.0426025390625,0.052449544270833336,0.053751627604166664,0.05859375,0.05790437436419125,0.059285481770833336,0.0526123046875,0.060465494791666664,0.058064778645833336,0.054239908854166664,0.055688988398127415,0.052545891163661526,0.051463702617971584,0.0489501953125,0.0377197265625,0.031656901041666664,0.024129231770833332,0.0325927734375,0.034342447916666664,0.038248697916666664,0.0352783203125,0.033162434895833336,0.027303059895833332,0.029501525940996948,0.034708658854166664,0.02978515625,0.03292365293830376,0.031005859375,0.030642142101407994,0.0322265625,0.026814778645833332,0.0228271484375,0.016438802083333332,0.019856770833333332,0.017049153645833332,0.024658203125,0.024495442708333332,0.01949373270389061,0.017171223958333332,0.014689127604166666,0.016398111979166668,0.014893184130213632,0.018638342896675212,0.016682942708333332,0.015666327568667347,0.016643607064376984,0.0142822265625,0.01074262461851475,0.008260091145833334,0.006144205729166667,0.0054931640625,0.006917317708333333,0.007446895092374054,0.006389646331040657,0.005533854166666667,0.0037841796875,0.0029703776041666665,0.0027263479145473043,0.00557499796532921,0.0054931640625,0.004842516480833402,0.00439453125,0.002685546875,0.00146484375,0.0012613932291666667,0.0010579427083333333,0.0008544921875,0.0010986328125,0.0009361390369978428,0.0007731749003011312,0.0032552083333333335,0.0031331380208333335,0.0031331380208333335,0.0030111902339776194,0.005452473958333333,0.005374592833876222,0.0048830111902339775,0.0043950677572945915,0.0030924479166666665,0.0020751953125,0.0015869140625,0.0011800130208333333,0.0011800130208333333,0.0009358723958333334,0.0007731119791666666,0.0004475911458333333,0.000040690104166666664],"averageToxinCountInMales":[2.5413424124513617,2.5413424124513617,2.5408213755566553,2.5038546255506606,2.4757343550447,2.315105946684894,2.238944365192582,2.209756097560976,2.136764705882353,2.1139622641509432,2.1037376048817698,2.1035031847133756,2.0264350453172204,2.0328495034377387,2.0439297124600637,2.058340180772391,2.0671085335542667,2.0639004149377596,2.0792163543441227,2.264409881061299,2.411526794742164,2.4126659856996935,2.227732793522267,2.272286821705426,2.2107843137254903,2.182377049180328,2.1338912133891212,2.1417410714285716,2.0221752903907073,2.026766595289079,1.9720605355064027,1.9844868735083532,2.018359853121175,2.006337135614702,1.9545454545454546,1.9807976366322009,1.9101899827288429,1.9547169811320755,1.2550231839258115,1.5973451327433628,1.5645805592543276,1.7046979865771812,1.8168642951251648,1.934947049924357,1.8474801061007957,1.7916666666666667,1.758160237388724,1.6967930029154519,1.778637770897833,1.7955625990491284,1.7566666666666666,1.6575630252100841,1.7984886649874054,2.11340206185567,1.7644110275689222,1.7712895377128954,1.8477801268498943,1.7545871559633028,1.7233009708737863,1.882882882882883,1.9945652173913044,1.5981941309255079,1.4851752021563343,1.4257907542579076,1.4557291666666667,1.470899470899471,1.4586466165413534,1.5045317220543806,1.512280701754386,1.3781094527363185,1.508,2,2.177993527508091,1.9933993399339933,2.068273092369478,2.131455399061033,2.314917127071823,2.1479591836734695,2.045714285714286,1.6,1.7277777777777779,1.7005988023952097,1.6408839779005524,1.6948051948051948,1.805084745762712,1.89010989010989,1.9855072463768115,1.9180327868852458,2.511627906976744,1.7956989247311828,1.925,1.9701492537313432,1.7959183673469388,1.725,1.5405405405405406,1.2857142857142858,1.289855072463768,1.2586206896551724,1.1153846153846154,1.09375,1,1,1,1,2.9411764705882355,3.142857142857143,2.8,1.2790697674418605,1.15,1.15,1,1,1,1,1,1,1,1,1,1,1,1,1,1],"averageAntitoxinCountInFemales":[2.4658203125,2.4658203125,2.4657534246575343,2.5842055185537585,2.480808080808081,2.2611524163568775,2.24085637823372,2.167393199651264,2.1196043165467624,2.066137566137566,2.117543859649123,2.1085613415710505,2,2.0133444537114262,2.040457343887423,2.060070671378092,2.0861917326297275,2.0861917326297275,2.0789245446660884,2.136933461909354,2.234406438631791,2.2420382165605095,2.0927947598253276,2.11758691206544,2.1094890510948905,2.0654827968923417,2.069364161849711,2.031784841075795,1.9517078916372204,2.0011574074074074,1.9839307787391842,1.993718592964824,2.0348837209302326,2.047244094488189,2.0183727034120733,1.996996996996997,1.9495652173913043,1.8994197292069632,1.250778816199377,1.5241057542768273,1.5050798258345428,1.6342182890855457,1.843839541547278,1.9667721518987342,1.8579234972677596,1.768033946251768,1.676783004552352,1.6480938416422288,1.7224806201550387,1.7235387045813586,1.6799336650082919,1.5764966740576496,1.7401574803149606,1.9834437086092715,1.7189054726368158,1.8221709006928406,1.873661670235546,1.9071925754060324,1.945409429280397,2.032544378698225,2.0140056022408963,1.7439024390243902,1.709141274238227,1.635678391959799,1.656084656084656,1.6613333333333333,1.6692111959287532,1.7103658536585367,1.6992753623188406,1.6009852216748768,1.7100840336134453,2.0146341463414634,2.2457912457912457,1.9866220735785953,2.117391304347826,2.0813397129186604,2.216666666666667,2,1.931937172774869,1.533596837944664,1.617391304347826,1.6009174311926606,1.5482456140350878,1.5634517766497462,1.7808219178082192,1.9642857142857142,2.1463414634146343,2.027027027027027,2.2023809523809526,1.788888888888889,1.922077922077922,1.9855072463768115,1.6590909090909092,1.7272727272727273,1.5333333333333334,1.2388059701492538,1.2424242424242424,1.180327868852459,1.0892857142857142,1.1176470588235294,1.173913043478261,1.1666666666666667,1.2,1.3,2.8,2.6666666666666665,2.6666666666666665,1.2432432432432432,1.2432432432432432,1.2432432432432432,1.2432432432432432,1.140625,1.140625,1.1071428571428572,1.127659574468085,1.1818181818181819,1.2857142857142858,1.3529411764705883,1.4,1.4,1,1,1,null],"reproductiveSuccessOverTime":[0,0,0,0.000007875504032258064,0.000013710795969202898,0.000012022076231060607,0.0000027431530898876404,0.000010853404408091908,0.000014873093486374739,0.00008495736034798536,0.000003577152014652015,0.000047360613046448086,0.000016307638813991947,0.000016307638813991947,0.00004297257278430755,0.00008979868214772646,0.00004992435226596102,0.00004994060897461161,0.00007516786178751911,0.00000904224537037037,0.000008138020833333333,0.000010380128613945578,0.000016118476637449853,0.0000057383480235042734,0.000006324268389540567,0.00006084368900500898,0,0,0,0,0.00005191496048850575,0.0000024665687438875343,0.0000024660669191919194,0.0000024660669191919194,0.00004069175991861648,0,0.000014796401515151516,0.0000208156179138322,0.000009964923469387754,0,0.00003212595452852278,0,0.0000027126736111111112,0,0,0,0,0,0,0,0,0,0,0,0.0000015070408950617283,0,0.00000280621408045977,0,0.000001326851222826087,0.000040690104166666664,0,0,0,0,0,0,0,0,0,0.000011189778645833334,0,0,0,0,0,0,0,0,0,0,0.000040690104166666664,0,0,0,0,0,0,0,0,0,0,0,0,0,0,0,0,0.000025433384878326687,0.000011625744047619047,0,0,0,0,0,0,0,0,0,0,0,0,0,0,0,0,0,0,0,0,0,0.000040690104166666664,0.00008138020833333333,0.000040690104166666664,0]}