{"startTime":"2025-03-24T20:33:55.229Z","infectedMalesAtStart":16,"infectedFemalesAtStart":32,"toxinAntitoxinLength":3,"killRate":0.013055076489070672,"rescueRate":0.4408720361461895,"simulationLength":98,"infectionRatio":[0.003916768665850673,0.003916768665850673,0.003956478733926805,0.0028252328609897144,0.0047607421875,0.0034993489583333335,0.0030110677083333335,0.0026041666666666665,0.0006103515625,0.0005696614583333334,0.0022379557291666665,0.004150390625,0.004150390625,0.004109700520833333,0.0064697265625,0.006429036458333333,0.0064292980671414035,0.006430606430606431,0.006429036458333333,0.0062255859375,0.005045572916666667,0.0023600260416666665,0.0018717447916666667,0.0017498880885524763,0.0016276041666666667,0.0013020833333333333,0.0011802051115090346,0.004150390625,0.003987792472024415,0.003987630208333333,0.004597981770833333,0.0067138671875,0.006306966145833333,0.006186154409669936,0.005574771108850457,0.0045166015625,0.004191080729166667,0.004028484231943031,0.0026448567708333335,0.002157102157102157,0.0018310546875,0.00146484375,0.0013429373702844585,0.005655924479166667,0.006266276041666667,0.0062258392675483215,0.0059414804867130595,0.00830078125,0.008260091145833334,0.008382161458333334,0.007649739583333333,0.00634765625,0.0050048828125,0.0035400390625,0.0035400390625,0.0024820963541666665,0.001953125,0.0015869140625,0.0010579427083333333,0.0013834635416666667,0.0013024543123448247,0.0013021363173957273,0.0013020833333333333,0.001302295295458245,0.0013020833333333333,0.0012613932291666667,0.005494058277714472,0.004964192708333333,0.004150390625,0.0029703776041666665,0.0027262369791666665,0.0023600260416666665,0.0015462239583333333,0.00146484375,0.0011800130208333333,0.0007731119791666666,0.0006917317708333334,0.0006917880686904858,0.0006103515625,0.0005697078212745178,0.00048828125,0.0003255870741931545,0.0028076171875,0.004231770833333333,0.0026041666666666665,0.0022379557291666665,0.0022379557291666665,0.0021565755208333335,0.0008544921875,0.0008544921875,0.0008544921875,0.00020345052083333334,0.00020345052083333334,0.00020351676978183002,0.00004070169726077577,0.00004069672798307016,0.000040690104166666664,0.0000407000407000407],"averageToxinCountInMales":[2.5,2.5,2.5,1.9230769230769231,0.75,0.7857142857142857,0.7222222222222222,0.5517241379310345,2,1.75,2.8214285714285716,2.549019607843137,2.549019607843137,2.549019607843137,2.8902439024390243,2.9135802469135803,2.9135802469135803,2.9135802469135803,2.9135802469135803,2.9358974358974357,2.9508196721311477,2.5,2.3157894736842106,2.235294117647059,2.235294117647059,2.076923076923077,2,2.625,2.6481481481481484,2.6481481481481484,2.4761904761904763,2.3,2.3333333333333335,2.3373493975903616,2.375,2.28125,2.3220338983050848,2.3392857142857144,2.3333333333333335,2.3783783783783785,2.5,2.3181818181818183,2.3157894736842106,2.8450704225352115,2.858974358974359,2.857142857142857,2.9571428571428573,2.99009900990099,3,2.9607843137254903,2.956043956043956,3,3,3,3,3,3,3,3,3,3,3,3,3,3,3,3,3,3,3,3,3,3,3,3,3,3,3,3,3,3,3,3,3,3,3,3,3,3,3,3,3,3,3,3,3,3,3],"averageAntitoxinCountInFemales":[2.1875,2.1875,2.1875,2,0.7692307692307693,0.8636363636363636,0.868421052631579,0.8,2.5,2.5,2.814814814814815,2.2941176470588234,2.2941176470588234,2.28,2.4155844155844157,2.4155844155844157,2.4155844155844157,2.4155844155844157,2.4155844155844157,2.453333333333333,2.3968253968253967,2.138888888888889,1.962962962962963,1.9230769230769231,1.7826086956521738,1.894736842105263,1.9444444444444444,2.5217391304347827,2.522727272727273,2.522727272727273,2.38,2.2933333333333334,2.323943661971831,2.36231884057971,2.43859649122807,2.3617021276595747,2.3863636363636362,2.372093023255814,2.260869565217391,2.625,2.7333333333333334,2.7142857142857144,2.7142857142857144,2.9411764705882355,2.9473684210526314,2.9473684210526314,2.9473684210526314,2.970873786407767,2.970873786407767,2.951923076923077,2.9587628865979383,3,3,3,3,3,3,3,3,3,3,3,3,3,3,3,3,3,3,3,3,3,3,3,3,3,3,3,3,3,3,3,3.033333333333333,3.021276595744681,3.037037037037037,3.0416666666666665,3.0416666666666665,3.0454545454545454,3.1,3.1,3.1,3,3,3,null,null,null,null],"reproductiveSuccessOverTime":[0,0,0,0.008652275636781,0,0,0,0,0,0,0,0,0,0.000040690104166666664,0,0,0,0,0,0,0,0,0,0,0,0,0,0,0,0,0,0,0.000040690104166666664,0,0,0,0,0,0,0,0,0,0,0,0,0,0,0,0,0,0,0,0,0,0,0,0,0,0,0,0,0.00008138351983723296,0,0.00004069672798307016,0.000040690104166666664,0,0,0,0,0,0,0,0.000040690104166666664,0,0,0,0,0,0,0,0,0,0,0,0,0,0,0,0.000040690104166666664,0,0,0,0,0,0,0,0,0]}