{"startTime":"2025-03-24T20:33:55.228Z","infectedMalesAtStart":16,"infectedFemalesAtStart":32,"toxinAntitoxinLength":3,"killRate":0.43565460147428803,"rescueRate":0.9279420370361429,"simulationLength":148,"infectionRatio":[0.003980759661635429,0.003980759661635429,0.004022795843110962,0.0021335512279268237,0.009256238786494862,0.0101318359375,0.011922200520833334,0.010457356770833334,0.008870442708333334,0.01025390625,0.012369791666666666,0.012003580729166666,0.0118408203125,0.01416015625,0.0137939453125,0.013142903645833334,0.012980143229166666,0.012987012987012988,0.012452691979001344,0.008951822916666666,0.016845703125,0.013834635416666666,0.010782877604166666,0.009236653645833334,0.007649739583333333,0.008219735503560529,0.0096435546875,0.008585611979166666,0.007369406783111437,0.0086669921875,0.011555989583333334,0.010538736979166666,0.010294596354166666,0.010214463028527245,0.009236653645833334,0.0089111328125,0.010050455729166666,0.00830078125,0.007242838541666667,0.0045576625701961426,0.0031331380208333335,0.0028483072916666665,0.0026041666666666665,0.0023600260416666665,0.0020753642060714578,0.0016276703967446592,0.0015055338541666667,0.0013834635416666667,0.0018310546875,0.001994870333428327,0.001953125,0.004313151041666667,0.005574544270833333,0.0037436419125127162,0.0036214192708333335,0.0027262369791666665,0.001953125,0.0015055338541666667,0.0013427734375,0.0013429373702844585,0.0013428280773143438,0.0013020833333333333,0.0011800130208333333,0.0010986328125,0.0010986328125,0.0024415055951169887,0.0030924479166666665,0.007771809895833333,0.006673177083333333,0.006388866281435664,0.00634765625,0.0054526958290946085,0.00451696915439082,0.0031742156024905386,0.0025634765625,0.0022786458333333335,0.0022386844676001304,0.0014241536458333333,0.0014241536458333333,0.0012613932291666667,0.001180061037639878,0.0017909475740801042,0.004069672798307016,0.007405598958333333,0.006754557291666667,0.005413546076196678,0.004069010416666667,0.0032958984375,0.003174990841372573,0.0031331380208333335,0.0021565755208333335,0.0016682942708333333,0.0016683621566632757,0.0013428280773143438,0.0013020833333333333,0.0013020833333333333,0.0011800130208333333,0.0016282667100871123,0.0022382289504740975,0.0011800130208333333,0.0010986328125,0.0013835198372329604,0.00048828125,0.00016276041666666666,0.00016279353709657725,0.0001627736632212908,0.0001627670396744659,0.0001220703125,0.0001220703125,0.0001220703125,0.00012209515282243295,0.00008138351983723296,0.00008138020833333333,0.00008139676854828863,0.00004069175991861648,0.000040698384274144313,0.0018717447916666667,0.001875025475889618,0.0018717447916666667,0.0015055338541666667,0.0011393229166666667,0.0010172526041666667,0.0007731119791666666,0.0006917317708333334,0.0006917317708333334,0.0006917880686904858,0.0006918162210556301,0.0006917317708333334,0.0006917599186164802,0.0006920415224913495,0.0006917317708333334,0.00048828125,0.0037027994791666665,0.00285143997718848,0.0027262369791666665,0.0027262369791666665,0.0015055338541666667,0.00146484375,0.0004069010416666667,0.00020345052083333334,0.00020345052083333334,0.00020359135143939086,0.0002034919213707216,0.0002035250539341393,0.0002034919213707216,0.0001627802873072071,0.000040690104166666664,0.000040690104166666664],"averageToxinCountInMales":[2.1875,2.1875,2.1875,2.2666666666666666,2.3979591836734695,2.756521739130435,3.0067567567567566,2.8951612903225805,2.8247422680412373,2.5775862068965516,2.572463768115942,2.529850746268657,2.519083969465649,2.409090909090909,2.389261744966443,2.3541666666666665,2.3214285714285716,2.3214285714285716,2.3134328358208953,2.1894736842105265,2.5247524752475248,2.446927374301676,2.239130434782609,2.23728813559322,2.088235294117647,2.087378640776699,1.848,1.8256880733944953,1.930232558139535,2.118811881188119,2.2937062937062938,2.220472440944882,2.2016129032258065,2.2357723577235773,2.1636363636363636,2.1792452830188678,2.208,2.0970873786407767,2.086021505376344,2.0655737704918034,2.073170731707317,2.0526315789473686,1.9714285714285715,1.96875,1.962962962962963,1.9411764705882353,1.8666666666666667,1.8571428571428572,1.631578947368421,1.7,1.1818181818181819,1.3478260869565217,1.4098360655737705,1.380952380952381,1.380952380952381,1.2413793103448276,1.1904761904761905,1.2105263157894737,1.2352941176470589,1.2352941176470589,1.2352941176470589,1.25,1.3076923076923077,1.3636363636363635,1.3636363636363635,1.16,1.0555555555555556,1.1894736842105262,1.0133333333333334,1,1,1,1,1,1,1,1,1,1,1,1,1,1,1,1,1,1,1,1,1,1,1,1,1,1,1,1,1,1,1,1,1,1,1,1,1,1,1,1,1,1,1,1,1,null,null,1,1,1,1,1,1,1,1,1,1,1,1,1,1,1,1,1,1,1,1,1,1,1,1,1,1,1,1,1,1,1,1],"averageAntitoxinCountInFemales":[2.375,2.375,2.375,2.375,2.317829457364341,2.6194029850746268,2.924137931034483,2.8496240601503757,3.0330578512396693,2.7426470588235294,2.6566265060240966,2.6149068322981366,2.59375,2.463917525773196,2.4368421052631577,2.368715083798883,2.368715083798883,2.368715083798883,2.38953488372093,2.256,2.547169811320755,2.670807453416149,2.4960629921259843,2.5045871559633026,2.3255813953488373,2.484848484848485,2.3125,2.303921568627451,2.3473684210526318,2.4732142857142856,2.4539007092198584,2.4166666666666665,2.395348837209302,2.4609375,2.2735042735042734,2.3008849557522124,2.4262295081967213,2.2475247524752477,2.176470588235294,2,2.111111111111111,1.96875,1.896551724137931,1.8846153846153846,1.875,1.9130434782608696,1.8636363636363635,1.85,1.6538461538461537,1.793103448275862,1.6153846153846154,1.4666666666666666,1.5921052631578947,1.54,1.4893617021276595,1.5,1.4074074074074074,1.6111111111111112,1.625,1.625,1.625,1.625,1.625,1.625,1.625,1.2857142857142858,1.15,1.0729166666666667,1.0112359550561798,1,1,1,1,1,1,1,1,1,1,1,1,1,1,1,1,1,1,1,1,1,1,1,1,1,1,1,1,1,1,1,1,1,1,1,1,1,1,1,1,1,1,1,1,1,1,1,1,1,1,1,1,1,1,1,1,1,1,1,1,1,1,1,1,1,1,1,1,1,1,1,1,1,1,1,1,1,null,null],"reproductiveSuccessOverTime":[0,0,0,0.0072177584093694675,0.00032621105855488503,0,0.000007764238045986715,0,0,0,0,0,0,0,0,0,0,0,0,0,0.000008566337719298245,0,0,0,0,0.0000032125073619960376,0,0,0.00004071495460282562,0,0,0,0,0,0,0,0,0,0,0,0,0,0,0,0,0,0,0,0,0,0,0,0,0,0,0,0,0,0,0,0,0,0,0,0,0,0,0,0,0,0,0,0,0,0,0,0,0,0,0,0,0.00004070335395636601,0.00004069672798307016,0,0,0.00004070335395636601,0,0,0,0,0,0,0,0.00004069175991861648,0,0,0,0,0,0,0,0.00008138351983723296,0,0,0,0,0,0,0,0,0,0,0,0.000040698384274144313,0,0,0,0,0,0,0,0,0,0,0.00008138020833333333,0.0000813868316106454,0.00008139014365360354,0.000040690104166666664,0.00004069175991861648,0.00008141664970486465,0.000040690104166666664,0.000040690104166666664,0.000040690104166666664,0.00028514399771884804,0.000040690104166666664,0,0,0,0,0,0,0.00004071827028787817,0.000040698384274144313,0.000040705010786827856,0.000040698384274144313,0.00004069507182680177,0.000040690104166666664,0]}