{"startTime":"2025-03-24T20:43:41.882Z","infectedMalesAtStart":1024,"infectedFemalesAtStart":1024,"toxinAntitoxinLength":3,"killRate":0.18988532376533052,"rescueRate":0.6293436027334597,"simulationLength":139,"infectionRatio":[0.08333333333333333,0.08333333333333333,0.08327847267939434,0.08955891927083333,0.08154296875,0.07242838541666667,0.07381184895833333,0.0635986328125,0.066162109375,0.06856282552083333,0.06905110677083333,0.06612141927083333,0.06209562563580875,0.064697265625,0.06717936197916667,0.0672607421875,0.06644694010416667,0.06647669448402198,0.0682373046875,0.08500162760416667,0.07157389322916667,0.061075846354166664,0.06079596321315211,0.051353001017293995,0.0496826171875,0.0550537109375,0.055826822916666664,0.051310221354166664,0.04790589767593308,0.047281901041666664,0.046590169270833336,0.0467529296875,0.043701171875,0.0440673828125,0.0487060546875,0.053304036458333336,0.050944010416666664,0.043538411458333336,0.03858520900321544,0.035359700520833336,0.036417643229166664,0.047526041666666664,0.060872395833333336,0.058512369791666664,0.0562744140625,0.05224821973550356,0.051798502604166664,0.050211588541666664,0.0462646484375,0.044392903645833336,0.045696846388606306,0.047607421875,0.044148763020833336,0.042154947916666664,0.036789842096695426,0.031094831094831094,0.030354817708333332,0.034871419270833336,0.035074869791666664,0.032877604166666664,0.03194433140717832,0.030476888020833332,0.02661457697472836,0.0281982421875,0.025838216145833332,0.024129231770833332,0.028116861979166668,0.028767903645833332,0.027994791666666668,0.025919596354166668,0.022420247395833332,0.01701746529332736,0.014811800610376399,0.015421549479166666,0.019002278645833332,0.018473307291666668,0.014814814814814815,0.012776692708333334,0.011475076297049847,0.012451171875,0.0118408203125,0.011433919270833334,0.013264973958333334,0.014811197916666666,0.016316731770833332,0.011800130208333334,0.008341471354166666,0.006022135416666667,0.004435221354166667,0.004150390625,0.0030924479166666665,0.0029296875,0.00288911495422177,0.002890173410404624,0.0028894676867979815,0.0028484231943031535,0.0027669270833333335,0.0023602181167087163,0.0018310546875,0.009684244791666666,0.0086669921875,0.006184895833333333,0.004679361979166667,0.0032958984375,0.0030517578125,0.0029703776041666665,0.0029703776041666665,0.002848655027876124,0.0022786458333333335,0.0022786458333333335,0.0022792950466034435,0.0022380467955239063,0.0022395048658332994,0.0021567510376821033,0.0012207527975584944,0.004109700520833333,0.0045166015625,0.0035400390625,0.0034586588541666665,0.002808188514915958,0.0028076171875,0.001708984375,0.0010986775178026449,0.0006917599186164802,0.0006919288534331881,0.0006921260483673968,0.0006922669707211793,0.0006922951620785145,0.0006921824104234528,0.0006917880686904858,0.0004883607357968419,0.0002848307291666667,0.0002848307291666667,0.0002848307291666667,0.0002848307291666667,0.0002848307291666667,0.0002848307291666667,0.0002848307291666667,0.0002848307291666667],"averageToxinCountInMales":[2.55859375,2.55859375,2.555333998005982,2.51390134529148,2.737093690248566,2.9019607843137254,2.9946695095948828,2.963885429638854,2.9661016949152543,2.861904761904762,2.772032902467685,2.745721271393643,2.7450722733245727,2.7602996254681647,2.7114914425427874,2.5911330049261085,2.602722772277228,2.602722772277228,2.6992665036674817,2.5496558505408062,2.6756440281030445,2.8275382475660638,2.932249322493225,2.929853181076672,2.8559322033898304,2.8385093167701863,2.7116564417177913,2.7092436974789917,2.6925858951175408,2.6715867158671585,2.7245841035120146,2.5328467153284673,2.501953125,2.49126213592233,2.342706502636204,2.48159509202454,2.4281045751633985,2.495201535508637,2.4030172413793105,2.4410377358490565,2.3511627906976744,2.5620567375886525,2.642559109874826,2.5468975468975468,2.5768072289156625,2.6282467532467533,2.6272577996715927,2.5682967959527825,2.4807339449541286,2.466281310211946,2.320964749536178,2.1236933797909407,1.890566037735849,1.9067961165048544,1.9105145413870246,1.936842105263158,1.5537190082644627,1.8574766355140186,2.040909090909091,2.045238095238095,2.0997506234413965,2.0572916666666665,2.1432835820895524,2.066852367688022,2.0336391437308867,2.055737704918033,1.7174515235457064,1.6611570247933884,1.5965909090909092,1.5875,1.5971223021582734,1.5868544600938967,1.2756756756756757,1.4729064039408868,1.5665236051502145,1.5803571428571428,1.546448087431694,1.5527950310559007,1.5314685314685315,1.4563758389261745,1.4428571428571428,1.4621212121212122,1.368421052631579,1.5930232558139534,1.6,1.6329113924050633,1.694915254237288,1.646341463414634,1.7666666666666666,1.7719298245614035,1.9487179487179487,2,2,2,2,2,2,2,2,2,2,2,2,2,2,2,2,2,2,2,2,2,2,2,2,2,2,2,2,2,2,2,2,2,2,2,2,2,2,2,2,2,2,2,2,2,2,2,2],"averageAntitoxinCountInFemales":[2.56640625,2.56640625,2.5661116552399608,2.598526703499079,2.75678496868476,2.8967517401392113,2.9246575342465753,2.931578947368421,2.88,2.817751479289941,2.689125295508274,2.664188351920694,2.6849673202614377,2.67553865652725,2.590636254501801,2.552913198573127,2.5733333333333333,2.5733333333333333,2.5890570430733413,2.4598880597014925,2.56353591160221,2.6943734015345266,2.701058201058201,2.6594761171032357,2.6481774960380347,2.619181946403385,2.540277777777778,2.569069069069069,2.5961538461538463,2.582258064516129,2.6903973509933774,2.534109816971714,2.52135231316726,2.487676056338028,2.409235668789809,2.5091185410334345,2.4640625,2.5209471766848814,2.5371900826446283,2.5235955056179775,2.3311827956989246,2.4917218543046356,2.6036036036036037,2.5355704697986576,2.5549374130737137,2.588323353293413,2.5768072289156625,2.530421216848674,2.472972972972973,2.4475524475524475,2.267123287671233,2.1006711409395975,1.9243243243243244,2.0230326295585415,2.0284463894967177,2.0208333333333335,1.6109660574412532,1.867132867132867,2.0473933649289098,2.0231958762886597,2.0390625,2.0246575342465754,2.103448275862069,2.086826347305389,2.0714285714285716,2.0243055555555554,1.7303030303030302,1.6337209302325582,1.4821428571428572,1.4858044164037856,1.5128205128205128,1.5463414634146342,1.3463687150837989,1.4829545454545454,1.5555555555555556,1.565217391304348,1.5524861878453038,1.522875816993464,1.5107913669064748,1.4267515923566878,1.4172185430463575,1.4228187919463087,1.339080459770115,1.5520833333333333,1.5340314136125655,1.621212121212121,1.7471264367816093,1.696969696969697,1.836734693877551,1.8666666666666667,1.9189189189189189,1.9166666666666667,1.9166666666666667,1.9166666666666667,1.9166666666666667,1.9142857142857144,1.911764705882353,2,2,2,2,2,2,2,2,2,2,2,2,2,2,2,2,2,2,2,2,2,2,2,2,2,2,2,2,2,2,2,2,2,2,2,2,2,2,2,2,2,2],"reproductiveSuccessOverTime":[0,0,0,0,0,0,0,0,0.000020345052083333332,0,0,0,0,0,0.000043989301801801807,0.000021994650900900903,0,0,0.00008138020833333333,0,0.000027423871751503437,0,0,0,0,0.000029839409722222225,0,0.0000187080938697318,0.00005941512128871865,0.0000187080938697318,0.0000187080938697318,0.0000187080938697318,0,0.000040690104166666664,0,0,0,0,0,0,0,0,0,0.00005425347222222222,0.00005425347222222222,0.00005425567989148864,0,0.000040690104166666664,0.000040690104166666664,0.000040690104166666664,0.00004069175991861648,0,0.000031726487016908214,0,0,0,0,0.00001453218005952381,0,0,0,0,0,0,0,0,0,0,0,0,0,0,0,0,0,0.000040690104166666664,0.0000407000407000407,0.000040690104166666664,0.00004069175991861648,0.000040690104166666664,0.000040690104166666664,0,0,0,0,0,0,0,0,0,0,0.0001220703125,0.0002034587995930824,0.00020353333876088904,0.00016278691193228064,0.00012207527975584945,0.0001220703125,0.0002034670790266135,0,0,0,0,0,0,0,0,0,0,0,0.000040690104166666664,0.00004070169726077577,0.00004069175991861648,0.00004071827028787817,0,0,0,0,0,0,0,0,0,0.00004069175991861648,0,0,0,0,0,0,0,0,0,0,0,0,0,0,0.000040690104166666664,0.000040690104166666664]}