{"startTime":"2025-03-24T20:33:26.773Z","infectedMalesAtStart":1024,"infectedFemalesAtStart":1024,"toxinAntitoxinLength":3,"killRate":0.7159007708692693,"rescueRate":0.2518289961357031,"simulationLength":149,"infectionRatio":[0.17109440267335005,0.17109440267335005,0.17111578947368422,0.18786436066848036,0.17543498827691167,0.17769368489583334,0.1827392578125,0.184814453125,0.1851806640625,0.181884765625,0.17647298177083334,0.1776123046875,0.17696126302083334,0.1795654296875,0.177978515625,0.17460123697916666,0.17781575520833334,0.17922416249440307,0.17550571858846514,0.16800944010416666,0.164306640625,0.16463216145833334,0.16092936197916666,0.15913899739583334,0.14534505208333334,0.1429443359375,0.13847405900305187,0.13212614445574772,0.1333631776005209,0.12666829427083334,0.12301119023397762,0.116943359375,0.11507161458333333,0.11401937637385004,0.11159042812957838,0.10819498697916667,0.10111490885416667,0.09932858596134282,0.09842936197916667,0.0955810546875,0.089599609375,0.09224446614583333,0.085940996948118,0.08268229166666667,0.08147153379725715,0.081298828125,0.07356770833333333,0.069091796875,0.0670166015625,0.06706547837056932,0.06400813835198373,0.0621337890625,0.07881673177083333,0.07312309257375381,0.08321126302083333,0.0704345703125,0.07251271617497457,0.06852213541666667,0.06620279947916667,0.0601806640625,0.05404305538599276,0.047892252604166664,0.04501607717041801,0.042439778645833336,0.043172200520833336,0.041300455729166664,0.03756002278831285,0.0323486328125,0.0430908203125,0.04638671875,0.043172200520833336,0.03735503560528993,0.036214192708333336,0.034830729166666664,0.03475500569754192,0.03076422234882396,0.027872721354166668,0.027872721354166668,0.02962962962962963,0.02734375,0.025838216145833332,0.021565755208333332,0.017746662324975578,0.014649033570701932,0.015828450520833332,0.015910478128179043,0.013228051609752127,0.011480214948705422,0.010012617526150841,0.006551106770833333,0.008587009604427804,0.006795800439488891,0.006307222787385555,0.005086263020833333,0.004720052083333333,0.003946940104166667,0.003662109375,0.0034586588541666665,0.0028101327685916755,0.0022786458333333335,0.0030110677083333335,0.004923502604166667,0.007609359104781282,0.009765625,0.010009765625,0.008951822916666666,0.0096435546875,0.009196337741607325,0.008708036622583926,0.007731119791666667,0.006673177083333333,0.004597981770833333,0.0038655598958333335,0.0037434895833333335,0.002564520068387202,0.001994789122292786,0.0015055338541666667,0.0021566632756866736,0.0019131355069809093,0.002685984046882631,0.0022384111350779376,0.002115971515768057,0.0020751953125,0.0020751953125,0.0018310546875,0.0015055338541666667,0.0015055338541666667,0.00150565638479694,0.0015055338541666667,0.0009765625,0.0006927465362673187,0.0004069010416666667,0.0003662109375,0.0006103763987792472,0.0005696846388606307,0.0011393229166666667,0.0010172526041666667,0.001017293997965412,0.0009765625,0.0009766022380467956,0.0009765625,0.0006103515625,0.0006103515625,0.0005289713541666666,0.00040695071826801776,0.0001220703125,0.00012229423994129877,0.00012211503236048357,0.0001220703125],"averageToxinCountInMales":[2.55859375,2.55859375,2.5574257425742575,2.484334874165383,2.3602569986232216,2.3710919800634347,2.343612334801762,2.442349846558527,2.481659388646288,2.464003511852502,2.461988304093567,2.4823266219239373,2.4432529043789097,2.5566873339238265,2.604787714543812,2.6082758620689654,2.598550067965564,2.615419296663661,2.63430725730443,2.5933630510153542,2.612549800796813,2.5430134261561412,2.574064582265505,2.748562467328803,2.7173043974871502,2.7598607888631093,2.7190876350540214,2.657268170426065,2.5773772529521444,2.5460526315789473,2.5138983050847457,2.4957386363636362,2.4131693198263386,2.4152604548789434,2.602391629297459,2.656739811912226,2.8131962296486717,2.6107732406602953,2.489777777777778,2.7572202166064983,2.62970106075217,2.5322128851540615,2.400990099009901,2.2817622950819674,2.1424148606811144,2.1514522821576763,2.0929152148664345,2.0918114143920596,2.043312101910828,2.0625798212005106,2.1888297872340425,2.1454293628808863,2.2367567567567566,2.1624713958810067,2.0245398773006134,2.1210340775558167,2.209750566893424,2.2335329341317367,2.140198511166253,2.184065934065934,2.123867069486405,2.075837742504409,2.2576923076923077,2.2560975609756095,2.228,2.22964509394572,2.2582159624413145,2.504297994269341,2.585858585858586,2.3590664272890485,2.265774378585086,2.4446902654867255,2.5325842696629213,2.489461358313817,2.3413461538461537,2.293628808864266,2.296969696969697,2.255192878338279,2.7472826086956523,2.7065868263473054,2.7147335423197494,2.8702290076335877,2.895734597156398,2.75,2.905263157894737,2.8603351955307263,2.9271523178807946,3.0775193798449614,2.8947368421052633,3.25,1.9732142857142858,2.215909090909091,2.2439024390243905,2.388059701492537,2.435483870967742,2.5098039215686274,2.5306122448979593,2.4680851063829787,2.5714285714285716,2.2666666666666666,2.1666666666666665,2.8095238095238093,3.4653465346534653,3.6417910447761193,3.7,3.905511811023622,3.9393939393939394,3.968503937007874,3.9669421487603307,3.963636363636364,4,4,4,4,4,4,4,4,4,4,4,4,4,4,4,4,4,4,4,4,4,4,4,3.888888888888889,3.875,3.9285714285714284,3.923076923076923,3.923076923076923,3.9166666666666665,3.9166666666666665,3.9166666666666665,3.875,3.875,3.857142857142857,4,4,4,4,4],"averageAntitoxinCountInFemales":[2.51171875,2.51171875,2.512720156555773,2.497916666666667,2.384947267497603,2.376388888888889,2.406123367852319,2.540026536930562,2.582485625829279,2.6076642335766422,2.5993377483443707,2.591079812206573,2.549502605400284,2.6524361948955915,2.7069444444444444,2.697069943289225,2.6777623670827553,2.6983981693363845,2.6872146118721463,2.662085308056872,2.670935960591133,2.5965601965601968,2.6736526946107784,2.8283283283283285,2.8099945085118065,2.839016210173281,2.7990788716177315,2.791035735917626,2.714028776978417,2.6541117388575017,2.591731266149871,2.5757162346521145,2.533195020746888,2.5549374130737137,2.658831908831909,2.6890817064352857,2.7397572078907437,2.5317829457364343,2.382534775888717,2.6551168412570507,2.584549356223176,2.5468227424749164,2.452813067150635,2.3958333333333335,2.275895450145208,2.2678916827853,2.2544878563885957,2.219730941704036,2.1809744779582365,2.2393063583815027,2.3045066991473813,2.3366459627329195,2.389328063241107,2.2535211267605635,2.1508903467666354,2.3295454545454546,2.387777777777778,2.371024734982332,2.2704019488428746,2.3022636484687085,2.339339339339339,2.3459016393442624,2.6228668941979523,2.6533575317604354,2.6131907308377897,2.6138059701492535,2.6619718309859155,2.8251121076233185,2.882978723404255,2.6500857632933106,2.5855018587360594,2.781115879828326,2.8157303370786515,2.8111888111888113,2.557077625570776,2.49873417721519,2.546478873239437,2.4770114942528734,2.7777777777777777,2.7633136094674557,2.661392405063291,2.824626865671642,2.8933333333333335,2.7055555555555557,2.7889447236180906,2.9056603773584904,2.718390804597701,2.843137254901961,2.6515151515151514,2.765432098765432,2.202020202020202,2.3544303797468356,2.232876712328767,2.413793103448276,2.425925925925926,2.4130434782608696,2.4878048780487805,2.5789473684210527,2.588235294117647,2.730769230769231,2.0789473684210527,2.7413793103448274,3.4302325581395348,3.5754716981132075,3.660377358490566,4,4,4,4,4,4,4,4,4,4,4,4,4,4,4,4,4,4,4,4,4,4,4,4,4,4,4,4,4,4,4,4,4,4,4,4,4,4,4,4,4,4,4,4],