{"startTime":"2025-03-24T21:01:06.836Z","infectedMalesAtStart":1024,"infectedFemalesAtStart":4096,"toxinAntitoxinLength":3,"killRate":1,"rescueRate":1,"simulationLength":167,"infectionRatio":[0.20833333333333334,0.20833333333333334,0.20905579751828415,0.234375,0.2698974609375,0.279541015625,0.2929280598958333,0.2933756510416667,0.29150390625,0.2994384765625,0.3138834635416667,0.3231608072916667,0.3135986328125,0.3131103515625,0.3272298177083333,0.3272298177083333,0.3331705729166667,0.3331704337202199,0.3268987986153533,0.318115234375,0.3177490234375,0.305419921875,0.2908935546875,0.2904866536458333,0.27252380564824613,0.2565010377243316,0.2587483723958333,0.25489398070896585,0.2491455078125,0.24718186627599398,0.2508038585209003,0.2417090539165819,0.23589325728254226,0.23584173778122575,0.2376608568170712,0.21598307291666666,0.20979817708333334,0.20865885416666666,0.19864908854166666,0.19055759055759056,0.16914876302083334,0.15328259188408155,0.14697265625,0.1536865234375,0.14424641927083334,0.1437990964223208,0.13835761373809718,0.13407389322916666,0.13540691283637993,0.13357253526869445,0.13105413105413105,0.12223307291666667,0.1258544921875,0.12183608692113616,0.113525390625,0.10051273703914707,0.09029134114583333,0.0909423828125,0.08902994791666667,0.09710239296760541,0.09424978635087292,0.09020964787299003,0.09245920319049362,0.09716796875,0.09783493407130067,0.0964748025726614,0.09461989256063813,0.0911865234375,0.09834798177083333,0.10844795312118499,0.0914306640625,0.07857259114583333,0.0714111328125,0.06348172865630342,0.060546875,0.07423687423687424,0.07325112928824319,0.070068359375,0.07621566632756867,0.07279459635416667,0.07271321614583333,0.07443128637122044,0.07277463470226708,0.07926432291666667,0.096435546875,0.11653645833333333,0.10563151041666667,0.09423828125,0.08573404947916667,0.07552083333333333,0.06917317708333333,0.074059003051882,0.06897253306205493,0.06665581508911858,0.06461588541666667,0.054323499491353004,0.050498474059003054,0.05196972163438059,0.047526041666666664,0.041178385416666664,0.045206705729166664,0.059895833333333336,0.059285481770833336,0.04977007284417857,0.0406494140625,0.033732096354166664,0.030721028645833332,0.0298294876490457,0.028240081383519838,0.027303059895833332,0.02522889114954222,0.0225830078125,0.021809895833333332,0.021572777596873982,0.017991614767777914,0.014080494852073414,0.0220947265625,0.0303955078125,0.025390625,0.019612630208333332,0.01611328125,0.014485677083333334,0.012613932291666666,0.012125651041666666,0.012125651041666666,0.011963864246764874,0.011759918616480163,0.011230925737538148,0.011194333631848897,0.011069960522567254,0.010254323499491354,0.006591796875,0.012410481770833334,0.019368489583333332,0.017578125,0.014933268229166666,0.011433919270833334,0.01127253489602409,0.01123046875,0.01123046875,0.01123046875,0.011230925737538148,0.0111083984375,0.009806315104166666,0.009766419793277447,0.009769997964583757,0.007774024176808173,0.006551106770833333,0.0048828125,0.006022135416666667,0.005208333333333333,0.0033365885416666665,0.0030110677083333335,0.0029296875,0.0028889973958333335,0.0028894676867979815,0.0028892325221779114,0.0028076171875,0.0027671522747619434,0.0024820963541666665,0.0024007161458333335,0.002361178961081257,0.002238320039068859,0.0016682942708333333,0.0008544921875,0.0017903645833333333,0.0017903645833333333],"averageToxinCountInMales":[2.51953125,2.51953125,2.507984031936128,2.3475445223961144,2.3827493261455523,2.491982258614807,2.520392517632628,2.561178922298303,2.5948250514554543,2.5872208085948545,2.641408751334045,2.60863975314991,2.6183968462549276,2.565228826933193,2.5712506228201297,2.574830784657809,2.608641975308642,2.6096415327564895,2.6409217523423654,2.681029952706253,2.5011758557616934,2.5298121426626734,2.568831168831169,2.710822510822511,2.7268201617921592,2.744822979291917,2.745953088866865,2.7175084175084177,2.7205225163286353,2.674040788109229,2.703527815468114,2.603581460674157,2.6187024284160927,2.641137855579869,2.668004377964247,2.749296906388108,2.8593879239040527,2.9705280392959477,3.1391190580026165,3.3082774049217,3.316326530612245,3.394781622234827,3.2958579881656807,2.9458563535911604,2.9274673008323426,2.9135135135135135,2.906447534766119,2.6268754076973253,2.5690430314707773,2.551543007222587,2.495308310991957,2.4971751412429377,2.5679094540612515,2.510344827586207,2.685589519650655,2.547201336675021,2.5981308411214954,2.829155060352832,2.791271347248577,2.4420226678291193,2.4119241192411924,2.3973634651600753,2.2937384898710866,1.9096601073345258,1.8679750223015166,1.8376916140667268,1.7632058287795993,1.6486229819563152,1.6247848537005163,1.7019157088122605,1.614051094890511,1.759656652360515,1.7158273381294964,1.6556927297668038,1.6462882096069869,1.227114716106605,1.2030516431924883,1.1950920245398773,1.3007856341189674,1.2668997668997668,1.2447306791569086,1.176808266360505,1.1455621301775147,1.0032051282051282,0.661660777385159,0.706810035842294,0.9661949685534591,1.2040998217468806,1.2490234375,1.252771618625277,1.173237753882915,0.9727582292849035,0.9400244798041616,0.9076923076923077,0.9428191489361702,0.8814102564102564,0.8775862068965518,1.0801335559265441,1.065217391304348,0.7861771058315334,0.44612476370510395,0.40715268225584594,0.9113573407202216,1.0409165302782324,1.0665322580645162,1.0968523002421307,1.074468085106383,1.0762942779291553,0.8971428571428571,0.8849557522123894,0.9169329073482428,0.8763250883392226,0.9084249084249084,0.8962962962962963,0.7931034482758621,0.8148148148148148,0.43410852713178294,0.3095890410958904,1.1480263157894737,1.045267489711934,0.9076923076923077,0.797752808988764,0.27450980392156865,0.24489795918367346,0.24489795918367346,0.24489795918367346,0.2465753424657534,0.2535211267605634,0.24822695035460993,0.25,0.26717557251908397,0.49295774647887325,0.23178807947019867,0.06302521008403361,0.02358490566037736,0.02702702702702703,0,0,0,0,0,0,0,0,0,0,0,0,0,0,0,0,0,0,0,0,0,0,0,0,0,0,0,0,0,0,0],