{"startTime":"2025-03-24T20:33:55.228Z","infectedMalesAtStart":16,"infectedFemalesAtStart":32,"toxinAntitoxinLength":3,"killRate":0.3694216197287058,"rescueRate":0.8460005940063737,"simulationLength":67,"infectionRatio":[0.004081632653061225,0.004081632653061225,0.004122648801855192,0.0021042038333104617,0.0013861709067188518,0.0037841796875,0.0035400390625,0.0086669921875,0.008544921875,0.0084228515625,0.008260091145833334,0.008138020833333334,0.007893880208333334,0.0079345703125,0.007405598958333333,0.007283528645833333,0.007120768229166667,0.007121637569690311,0.006512271561724124,0.0052490234375,0.004231770833333333,0.009318033854166666,0.007364908854166667,0.0128173828125,0.012003580729166666,0.009684244791666666,0.009318033854166666,0.0084228515625,0.007649739583333333,0.006876627604166667,0.0064697265625,0.005860090343059456,0.005533854166666667,0.005289713541666667,0.004923502604166667,0.004109700520833333,0.0032958984375,0.008626302083333334,0.009928385416666666,0.010986328125,0.009073893229166666,0.0074462890625,0.007080078125,0.006144205729166667,0.005615234375,0.005330403645833333,0.004557477110885046,0.004231770833333333,0.0038248697916666665,0.0027265698123957187,0.0023193359375,0.0015055338541666667,0.0008951822916666666,0.000244140625,0.000040690104166666664,0.000040690104166666664,0.000040690104166666664,0.0012613932291666667,0.0012613932291666667,0.0012613932291666667,0.0005696614583333334,0.0001220703125,0.00012207527975584945,0.0001221796855909424,0.0001220703125,0.00008138351983723296,0.000040690104166666664],"averageToxinCountInMales":[2.0625,2.0625,2.0625,2.1333333333333333,1.8888888888888888,3.1621621621621623,3.1944444444444446,2.122448979591837,2.122448979591837,2.122448979591837,2.134020618556701,2.134020618556701,2.1458333333333335,2.0816326530612246,2.0549450549450547,2.033333333333333,2.056179775280899,2.056179775280899,1.9259259259259258,1.8852459016393444,1.9166666666666667,3.277227722772277,2.581081081081081,2.3445945945945947,2.528169014084507,2.357142857142857,2.330188679245283,2.381443298969072,2.3444444444444446,2.4556962025316458,2.48,2.4347826086956523,2.4393939393939394,2.403225806451613,2.413793103448276,2.34,2.4722222222222223,2.627450980392157,2.453781512605042,2.3955223880597014,2.212962962962963,2.134831460674157,2.119047619047619,2.232876712328767,2.264705882352941,2.3015873015873014,1.9807692307692308,1.9375,1.8409090909090908,1.7419354838709677,1.793103448275862,1.75,1.5,2,null,null,null,3,3,3,3,3,3,3,3,3,3],"averageAntitoxinCountInFemales":[2.25,2.25,2.25,2.2903225806451615,2.44,2.7142857142857144,2.6470588235294117,2.0956521739130434,2.125,2.091743119266055,2.0943396226415096,2.1067961165048543,2.0714285714285716,2.0927835051546393,1.989010989010989,1.9775280898876404,1.9651162790697674,1.9651162790697674,1.8734177215189873,1.911764705882353,2.017857142857143,3.5234375,3.0934579439252334,2.6347305389221556,2.823529411764706,2.7777777777777777,2.7886178861788617,2.8545454545454545,2.7755102040816326,2.8222222222222224,2.7976190476190474,2.7733333333333334,2.8,2.7941176470588234,2.7936507936507935,2.6470588235294117,2.511111111111111,2.581818181818182,2.28,2.3308823529411766,2.139130434782609,2.0106382978723403,1.9555555555555555,1.9871794871794872,2,2,1.9166666666666667,1.9107142857142858,1.82,1.8888888888888888,1.9642857142857142,1.9523809523809523,1.5,2,3,3,3,3,3,3,3,3,3,3,3,3,null],"reproductiveSuccessOverTime":[0,0,0,0.007928560860396418,0.00020384866275277233,0,0,0,0,0,0,0,0,0,0,0,0.000040690104166666664,0.00004069507182680177,0,0,0,0,0,0.000010371987336601306,0,0,0,0,0,0.000040690104166666664,0.000015650040064102566,0.000015025872674511426,0.000015024038461538462,0.000048202123397435896,0.000007512019230769231,0,0.000024414062499999998,0,0.000040690104166666664,0,0,0.000040690104166666664,0,0,0,0.000040690104166666664,0.00008138351983723296,0,0,0,0,0,0,0,0,0,0,0,0,0,0,0,0,0,0,0,0]}