{"startTime":"2025-03-24T20:33:55.229Z","infectedMalesAtStart":16,"infectedFemalesAtStart":32,"toxinAntitoxinLength":3,"killRate":0.013055076489070672,"rescueRate":0.8459915163146887,"simulationLength":70,"infectionRatio":[0.003835397522972433,0.003835397522972433,0.00387409200968523,0.005264520583412445,0.007568359375,0.007405598958333333,0.0072021484375,0.0069580078125,0.006103515625,0.005493387589013225,0.004923502604166667,0.004720052083333333,0.004597981770833333,0.006184895833333333,0.006103515625,0.0059814453125,0.005818684895833333,0.0058215274385279275,0.005330620549338759,0.00830078125,0.012898763020833334,0.0118408203125,0.011393229166666666,0.010579427083333334,0.009114583333333334,0.008585611979166666,0.007893880208333334,0.0074462890625,0.006958857282383104,0.006917317708333333,0.0064697265625,0.006266786034019696,0.0059414804867130595,0.005778465044355823,0.0069580078125,0.004964192708333333,0.008341471354166666,0.01123046875,0.008870442708333334,0.006429036458333333,0.0037841796875,0.0026448567708333335,0.0020751953125,0.0018717447916666667,0.0018717447916666667,0.0017500305237882056,0.0015869140625,0.00146484375,0.001465320742429176,0.0013835761373809717,0.0039065679173109795,0.00341796875,0.0030517578125,0.0021158854166666665,0.001708984375,0.0016276041666666667,0.0016279353709657727,0.0016276041666666667,0.0016276041666666667,0.0016276703967446592,0.0016276703967446592,0.0016276041666666667,0.0016276041666666667,0.0016276041666666667,0.001628067890431031,0.0013025073266037122,0.005208545269582909,0.0036214192708333335,0.00244140625,0.0023600260416666665],"averageToxinCountInMales":[3.3125,3.3125,3.3125,2.452830188679245,1.8043478260869565,1.7816091954022988,1.6941176470588235,1.646341463414634,1.7125,1.6486486486486487,1.6515151515151516,1.6507936507936507,1.6557377049180328,1.065934065934066,1.0674157303370786,1.0681818181818181,1.058139534883721,1.058139534883721,0.96,2.6055045871559632,2.5283018867924527,2.112676056338028,2.1029411764705883,2.192,2.383177570093458,2.39,2.4210526315789473,2.5402298850574714,2.625,2.6582278481012658,2.6301369863013697,2.6231884057971016,2.6615384615384614,2.703125,1.9054054054054055,1.7857142857142858,3.443396226415094,2.730769230769231,2.629032258064516,2.3404255319148937,2.1785714285714284,1.894736842105263,1.7241379310344827,1.44,1.44,1.5909090909090908,1.6,1.5555555555555556,1.5555555555555556,1.6875,0.33962264150943394,0.2608695652173913,0,0,0,0,0,0,0,0,0,0,0,0,0,0,0,0,0,0],"averageAntitoxinCountInFemales":[1.625,1.625,1.625,1.9275362318840579,1.7765957446808511,1.8105263157894738,1.7717391304347827,1.7865168539325842,1.8571428571428572,1.7704918032786885,1.8727272727272728,1.9056603773584906,1.9038461538461537,1.5245901639344261,1.5245901639344261,1.5254237288135593,1.5614035087719298,1.5614035087719298,1.5,2.863157894736842,3.050632911392405,2.6375838926174495,2.6458333333333335,2.7111111111111112,2.948717948717949,2.963963963963964,3.01010101010101,2.9895833333333335,2.956043956043956,2.956043956043956,2.941860465116279,2.976470588235294,3.074074074074074,3.1153846153846154,2.3195876288659796,1.7727272727272727,3,2.8916666666666666,2.9893617021276597,2.8125,2.7567567567567566,2.1481481481481484,2.1363636363636362,2,2,2,2.1578947368421053,2.2222222222222223,2.2222222222222223,2.2222222222222223,0.5116279069767442,0.5789473684210527,0.25,0.36363636363636365,0,0,0,0,0,0,0,0,0,0,0,0,0,0,0,0],"reproductiveSuccessOverTime":[0,0,0,0.0063433157849313885,0,0,0,0,0,0,0,0,0,0,0.000040690104166666664,0,0.0001220703125,0.00012212994626282364,0.00004069175991861648,0,0,0,0,0,0,0,0.000040690104166666664,0,0,0,0,0,0.00012208521548040532,0.0001220802474159681,0,0,0,0,0,0,0,0,0,0,0,0,0,0,0,0.0000406934158053227,0,0,0,0,0,0,0,0,0,0,0,0,0,0,0,0.00004070335395636601,0,0,0,0]}