{"startTime":"2025-03-24T20:43:41.882Z","infectedMalesAtStart":1024,"infectedFemalesAtStart":1024,"toxinAntitoxinLength":3,"killRate":0.8663055042335296,"rescueRate":0.8215420341663875,"simulationLength":92,"infectionRatio":[0.08333333333333333,0.08333333333333333,0.08322721110791603,0.08150227864583333,0.09464518229166667,0.09163411458333333,0.09493001302083333,0.0860595703125,0.086181640625,0.08500162760416667,0.07792154947916667,0.08036295572916667,0.08170572916666667,0.0770263671875,0.07511393229166667,0.07828776041666667,0.07503255208333333,0.07418868846451403,0.07516991575434455,0.06941731770833333,0.06986490885416667,0.06705729166666667,0.0631103515625,0.057535807291666664,0.060709635416666664,0.05127579050177024,0.04931640625,0.044759114583333336,0.047688802083333336,0.04508830471229755,0.048177083333333336,0.050984700520833336,0.050862630208333336,0.049163648203166335,0.04684002767264884,0.045003255208333336,0.041748046875,0.040242513020833336,0.039835611979166664,0.03938962360122075,0.042887369791666664,0.037483211916486917,0.031941731770833336,0.029378255208333332,0.0264892578125,0.023032473345812647,0.02067141403865717,0.0196533203125,0.019490559895833332,0.020996948118006103,0.016764322916666668,0.0177001953125,0.016398111979166668,0.0107421875,0.0185546875,0.015625,0.01489439628860945,0.013142903645833334,0.0123291015625,0.0150146484375,0.0135498046875,0.011515299479166666,0.01098722226743713,0.0108642578125,0.010660807291666666,0.010457356770833334,0.006795247395833333,0.005940755208333333,0.012776692708333334,0.010945638020833334,0.011067708333333334,0.008992513020833334,0.006266276041666667,0.005289713541666667,0.004069010416666667,0.0026041666666666665,0.0019124348958333333,0.0019124348958333333,0.001790583160379278,0.0016682942708333333,0.0011393229166666667,0.0010580288109383901,0.0008544921875,0.000732421875,0.0024820963541666665,0.002197265625,0.0021565755208333335,0.0008138020833333334,0.0003662109375,0.0003255208333333333,0.0003255208333333333,0.0003255208333333333],"averageToxinCountInMales":[2.4150390625,2.4150390625,2.41592039800995,2.6066536203522506,2.7591489361702126,2.832319721980886,2.9019118869492933,2.961860465116279,2.9972041006523766,3.0104662226450998,3.01159114857745,2.8986960882647943,2.9217046580773043,2.9473129610115913,2.9229098805646037,2.813735691987513,2.820846905537459,2.822882288228823,2.7716794731064764,2.996487119437939,3.080952380952381,2.9014778325123154,2.9584450402144773,2.670103092783505,2.4857954545454546,2.4,2.3556338028169015,2.4380952380952383,2.374125874125874,2.359259259259259,2.4644128113879002,2.37156704361874,2.4412238325281805,2.4468802698145025,2.4174067495559504,2.6936936936936937,2.710371819960861,2.5821782178217823,2.775551102204409,2.591880341880342,2.6954022988505746,2.76,2.704485488126649,2.6763005780346822,2.674193548387097,2.658181818181818,2.6477732793522266,2.658008658008658,2.6535087719298245,2.5714285714285716,2.398989898989899,2.1556603773584904,2.336898395721925,2.3445378151260505,3.161290322580645,3.5562130177514795,3.50625,3.6714285714285713,3.723076923076923,3.497005988023952,3.4875,3.4705882352941178,3.4921875,3.496,3.5040650406504064,3.401639344262295,3.6153846153846154,3.579710144927536,3.267605633802817,3.1379310344827585,3.2459016393442623,3.2626262626262625,3.3529411764705883,3.3793103448275863,3.5121951219512195,3.0476190476190474,2.8823529411764706,2.8823529411764706,2.875,2.933333333333333,3,3,3,3,3,3,3,3,3,3,3,3],"averageAntitoxinCountInFemales":[2.5185546875,2.5185546875,2.5171400587659156,2.6513761467889907,2.7671589921807125,2.8228882833787465,2.8787610619469026,2.891346153846154,2.909090909090909,2.8921001926782273,2.8819875776397517,2.8231083844580778,2.8628628628628627,2.8792372881355934,2.924324324324324,2.860851505711319,2.8613217768147345,2.868565169769989,2.8108974358974357,2.9119718309859155,3.0672748004561003,2.901913875598086,2.9316770186335406,2.522448979591837,2.2753807106598987,2.323529411764706,2.299689440993789,2.405217391304348,2.375,2.3661971830985915,2.4935691318327975,2.4321766561514195,2.5007949125596185,2.513821138211382,2.511904761904762,2.8166969147005445,2.89126213592233,2.75,2.872916666666667,2.544,2.6146616541353382,2.6454352441613587,2.541871921182266,2.518617021276596,2.5131964809384164,2.402061855670103,2.3946360153256707,2.4007936507936507,2.406374501992032,2.371212121212121,2.3317757009345796,2.179372197309417,2.425925925925926,2.682758620689655,3.3138075313807533,3.4930232558139536,3.504854368932039,3.6065573770491803,3.6184971098265897,3.4702970297029703,3.4566473988439306,3.45578231292517,3.471830985915493,3.471830985915493,3.4820143884892087,3.4074074074074074,3.50561797752809,3.5194805194805197,3.2151162790697674,3.1372549019607843,3.1866666666666665,3.2131147540983607,3.2906976744186047,3.3472222222222223,3.440677966101695,3.2790697674418605,3,3,3,3.0384615384615383,3.0555555555555554,3.1176470588235294,3.076923076923077,3.076923076923077,3.03125,3.076923076923077,3.076923076923077,3.125,3.25,3,3,3],"reproductiveSuccessOverTime":[0,0,0,0.000006078704585873984,0,0.000008234902033730158,0.0000019914468970458553,0,0,0,0,0.000011444091796875,0,4.5211226851851854e-7,6.260016025641026e-7,0.0000015834158182503772,0.000041316105769230765,0.00004134470521538399,0.0000017694949684410572,0.000002000750219959779,0.000012574908936275128,0,0,0,0,0,0.000007398200757575758,0.000010656932043650791,0,0,0,0,0,0.000010116455519573016,0.0000013080558801471998,0.0000019735059340094063,0,0,0,0,0,0,0,0,0,0,0.00004069175991861648,0,0,0,0,0,0,0,0,0,0,0,0,0,0,0,0,0,0.000040690104166666664,0,0,0,0,0,0,0,0,0,0,0,0,0,0,0,0,0,0,0,0,0,0,0,0,0,0,0]}