{"startTime":"2025-03-24T20:10:07.200Z","infectedMalesAtStart":1024,"infectedFemalesAtStart":1024,"toxinAntitoxinLength":3,"killRate":0.25,"rescueRate":0.75,"simulationLength":315,"infectionRatio":[0.17281242089275167,0.17281242089275167,0.17345373998977678,0.177750507386605,0.1591140841049068,0.15283203125,0.15083821614583334,0.15877278645833334,0.1607666015625,0.16227213541666666,0.16377766927083334,0.16788736979166666,0.17073567708333334,0.1781005859375,0.17724609375,0.17989095052083334,0.18135579427083334,0.18130011804453128,0.1802238046795524,0.16182454427083334,0.15230305989583334,0.1636962890625,0.15083821614583334,0.165974765974766,0.16532389322916666,0.16366225839267548,0.16300455729166666,0.1631872380254751,0.15950520833333334,0.1629638671875,0.1593017578125,0.15669759114583334,0.16145833333333334,0.16056166056166057,0.1634181078331638,0.15283203125,0.13301595052083334,0.15348307291666666,0.1671142578125,0.1606234485003866,0.1529541015625,0.14885045778229908,0.15409342447916666,0.1517333984375,0.14426990069998372,0.14583333333333334,0.13709053916581893,0.1358642578125,0.1412353515625,0.13712565104166666,0.13472493489583334,0.12003580729166667,0.10184733072916667,0.12849934895833334,0.15877278645833334,0.1537459813616571,0.1416015625,0.1484495808578172,0.14531027466937946,0.15064702531130464,0.14644964394710072,0.14638017336100598,0.13652085452695828,0.137451171875,0.13081868489583334,0.13056573056573056,0.12388588173049529,0.10489908854166667,0.08296712239583333,0.09627278645833333,0.13273111979166666,0.13254384893989338,0.125244140625,0.12691243489583334,0.12655137334689726,0.12866734486266532,0.12341810783316379,0.11881510416666667,0.11430315361139369,0.11149088541666667,0.11051881993896236,0.11052781508159362,0.10225423177083333,0.100830078125,0.074951171875,0.0986328125,0.15512961380376836,0.17590067168736007,0.1572265625,0.13883463541666666,0.13985188802083334,0.14182232531640418,0.13431803385416666,0.12614958899650036,0.12774183046433077,0.12932893826557604,0.1260124547193618,0.1259105522321247,0.11612955729166667,0.1033935546875,0.07613118489583333,0.11226856561546286,0.15234375,0.1544189453125,0.13492838541666666,0.1204833984375,0.11539713541666667,0.11812337239583333,0.10652669270833333,0.09932454427083333,0.09627278645833333,0.0960771547163669,0.09352108090509523,0.0918080820412648,0.08359107927722612,0.0770263671875,0.056355794270833336,0.10929361979166667,0.15889485677083334,0.16035970052083334,0.14693196614583334,0.12548828125,0.11421712239583333,0.11781468816153721,0.10282389322916667,0.09419759114583333,0.08951822916666667,0.08906618904176504,0.08801627670396744,0.08541895576445692,0.07723296032553408,0.07625325520833333,0.052652994791666664,0.07743326822916667,0.13817101461071996,0.13692220052083334,0.13916015625,0.12540690104166666,0.1114501953125,0.11437176930277992,0.10917154947916667,0.10640462239583333,0.100341796875,0.0999145333930243,0.09874231755464202,0.09619923496378285,0.08637251709540866,0.081590298689672,0.0574951171875,0.0604248046875,0.11995114006514658,0.12601725260416666,0.12870279947916666,0.11692645801961662,0.10207985673002565,0.10144160286691643,0.0886039886039886,0.08553756002278831,0.083251953125,0.08331297336916688,0.08306175655857911,0.08246457077699951,0.0770138804086783,0.06640625,0.050862630208333336,0.051595052083333336,0.10228336521632952,0.11873372395833333,0.11592610677083333,0.10709635416666667,0.09761555989583333,0.10293040293040293,0.09308099308099307,0.08680612078788866,0.08586310734923089,0.08569102381437003,0.08573639622026719,0.08612966281153282,0.08073118104466066,0.0662841796875,0.052042643229166664,0.062337239583333336,0.08733517825166856,0.10637258891511353,0.09318033854166667,0.08610026041666667,0.07438151041666667,0.07402132334988198,0.06551106770833333,0.06384537131230926,0.0628662109375,0.06289948296217888,0.0628818115174717,0.0637292828928615,0.06085787608456556,0.051188151041666664,0.03662109375,0.041788736979166664,0.051025390625,0.06771108850457783,0.06538899739583333,0.0670166015625,0.055501302083333336,0.04826435518658691,0.045375005086883975,0.043906408952187184,0.04336319218241042,0.043382622510081875,0.04315051748023796,0.04327099376604327,0.04134082763115021,0.034423828125,0.023966471354166668,0.034383138020833336,0.029337565104166668,0.03948225333767502,0.032431332655137333,0.027303059895833332,0.023681640625,0.021687825520833332,0.02685765443151298,0.02579962562057459,0.02572347266881029,0.025736042676222665,0.025327795423080054,0.023808554800374426,0.023920130399348004,0.019205729166666668,0.013834635416666666,0.014730417090539166,0.011597151576805697,0.021528569103044116,0.015056563847969398,0.012003580729166666,0.0098876953125,0.008261772007651297,0.014776520394040545,0.01445027882932389,0.01441133365901319,0.01441779008675111,0.014336333645583024,0.013887192017918958,0.012102689486552567,0.011433919270833334,0.009806315104166666,0.011312309257375381,0.009684638860630722,0.010173767956700443,0.007284121429152763,0.005859375,0.005696614583333333,0.004720052083333333,0.014942388339237002,0.0146484375,0.014778325123152709,0.01478313989004276,0.014793381693699568,0.014781935904222828,0.014749022164276402,0.015097257263774722,0.013468424479166666,0.018961588541666668,0.017175417175417176,0.015993163227933097,0.011800130208333334,0.008015950520833334,0.007364908854166667,0.004475911458333333,0.012214486380847685,0.016482174833143414,0.018240299662065876,0.01804774708710177,0.018012143934145644,0.017964803649991853,0.01840016283329941,0.01790801790801791,0.016927083333333332,0.016927772126144457,0.016605616605616606,0.007203027713343914,0.006184895833333333,0.004964192708333333,0.004802800276771542,0.0029703776041666665,0.003988441658866143,0.006105254589116366,0.007369106750264636,0.007372708757637475,0.007373910209402754,0.007336159113139876,0.008632273301030172,0.008565834557023984,0.008544921875,0.009075370340224646,0.008219401041666666,0.004761129649222756,0.0030110677083333335,0.0026041666666666665,0.0026041666666666665,0.0022786458333333335,0.0020757865602995646,0.0026476578411405295,0.002281337841691449,0.0022420610655904775,0.002242975408833245,0.0031408060042421274,0.0046037889590547975,0.00512737039147066,0.004313151041666667,0.004313853166205437,0.0032553407934893183,0.0005696846388606307,0.0003255208333333333,0.0003255208333333333,0.0003255208333333333],