{"startTime":"2025-03-24T20:33:55.229Z","infectedMalesAtStart":16,"infectedFemalesAtStart":32,"toxinAntitoxinLength":3,"killRate":0.04081100388175807,"rescueRate":0.5558352754804061,"simulationLength":40,"infectionRatio":[0.004207204838285564,0.004207204838285564,0.004248915641320705,0.00400200100050025,0.006484502446982055,0.005045572916666667,0.004069010416666667,0.0032958984375,0.0030924479166666665,0.0029296875,0.0024820963541666665,0.005086263020833333,0.004638671875,0.00439453125,0.004231770833333333,0.0041100349963375925,0.0047607421875,0.00476248626205886,0.004597981770833333,0.0032145182291666665,0.004231770833333333,0.0030520061853992024,0.0022379557291666665,0.0020345052083333335,0.001708984375,0.0013834635416666667,0.001261444557477111,0.0025634765625,0.0016682942708333333,0.0008544921875,0.0006917317708333334,0.00048828125,0.00048828125,0.0004479009731666599,0.0004476457900948195,0.0002848307291666667,0.0020751953125,0.0019939773744608123,0.0019938151041666665,0.0019938151041666665],"averageToxinCountInMales":[3.25,3.25,3.25,2.9743589743589745,2.5753424657534247,2.689655172413793,2.5652173913043477,2.769230769230769,2.789473684210526,2.8285714285714287,2.774193548387097,2.8767123287671232,2.8970588235294117,2.8923076923076922,2.8870967741935485,2.9206349206349205,2.5945945945945947,2.5945945945945947,2.6142857142857143,2.9583333333333335,2.55,2.6739130434782608,2.5588235294117645,2.5161290322580645,2.4,2.25,2.1176470588235294,2.5161290322580645,2.210526315789474,2,2,2,2,2,2,2,2.0344827586206895,2.0344827586206895,2.0344827586206895,2.0344827586206895],"averageAntitoxinCountInFemales":[2.59375,2.59375,2.59375,2.5918367346938775,2.5232558139534884,2.5606060606060606,2.3333333333333335,2.5,2.3684210526315788,2.3783783783783785,2.466666666666667,2.8076923076923075,2.8260869565217392,2.86046511627907,2.880952380952381,2.8157894736842106,2.511627906976744,2.511627906976744,2.511627906976744,2.774193548387097,2.4318181818181817,2.6551724137931036,2.5238095238095237,2.473684210526316,2.411764705882353,2.2857142857142856,2.2857142857142856,2.6875,2.5454545454545454,2,2,2,2,2,2,2,2,2,2,2],"reproductiveSuccessOverTime":[0,0,0,0.007958524716903906,0.0006117455138662316,0,0,0,0,0,0.000040690104166666664,0.000040690104166666664,0,0,0,0.0000406934158053227,0.00008138020833333333,0.00008141002157365571,0.00008138020833333333,0,0,0,0,0,0,0,0.00004069175991861648,0,0,0,0,0,0,0.00008143654057575634,0,0,0,0,0,0]}