{"startTime":"2025-03-24T20:43:41.881Z","infectedMalesAtStart":1024,"infectedFemalesAtStart":1024,"toxinAntitoxinLength":3,"killRate":0.37316104457707866,"rescueRate":0.6293436027334597,"simulationLength":118,"infectionRatio":[0.08333333333333333,0.08333333333333333,0.08323751642575558,0.07173665364583333,0.07108561197916667,0.07014973958333333,0.06339518229166667,0.061279296875,0.054361979166666664,0.059407552083333336,0.0623779296875,0.0650634765625,0.06270345052083333,0.06754557291666667,0.06966145833333333,0.0699462890625,0.07010904947916667,0.06943992184956041,0.06718482949458777,0.060139973958333336,0.07291666666666667,0.078369140625,0.076904296875,0.08341471354166667,0.0753173828125,0.07401529947916667,0.07588704427083333,0.067626953125,0.07145182291666667,0.073486328125,0.06958290946083417,0.06770833333333333,0.067626953125,0.06911710831603371,0.06799869781069423,0.0616455078125,0.0645751953125,0.0611572265625,0.053019205729166664,0.0604248046875,0.0549383469661824,0.047611296492227555,0.052286783854166664,0.0517578125,0.050010172939979655,0.057576497395833336,0.05347114836819403,0.0517578125,0.050008138020833336,0.050498474059003054,0.050018314272923366,0.042928059895833336,0.042643229166666664,0.043131510416666664,0.039469401041666664,0.043904622395833336,0.045735677083333336,0.047566731770833336,0.054484049479166664,0.049519856770833336,0.044392903645833336,0.0462646484375,0.04826239114511272,0.044596354166666664,0.04419304956458045,0.0430908203125,0.0440673828125,0.041056315104166664,0.0382080078125,0.0380859375,0.031168619791666668,0.030681586978636825,0.026570638020833332,0.02681586978636826,0.023681640625,0.0201416015625,0.019491353001017293,0.018922438349475056,0.021443684895833332,0.0201416015625,0.019735503560528993,0.01896236012207528,0.016927083333333332,0.015995767023484878,0.014485677083333334,0.015299479166666666,0.013834635416666666,0.011637369791666666,0.009969075520833334,0.012532552083333334,0.01025390625,0.00927734375,0.0081787109375,0.007366407553620121,0.006673991779595491,0.006347914547304171,0.005981688708036623,0.005493387589013225,0.004720052083333333,0.0020751953125,0.0016682942708333333,0.0030517578125,0.0028483072916666665,0.0028076171875,0.0025637895250885116,0.0019124348958333333,0.0017496744791666667,0.001708984375,0.0016684979448988728,0.001668837512211006,0.0014652611013879278,0.0003662109375,0.0003662109375,0.00036628545846729884,0.000244140625,0.000244140625,0.00020345052083333334,0.00016276041666666666],"averageToxinCountInMales":[2.5087890625,2.5087890625,2.4975124378109452,2.483652762119504,2.5240825688073394,2.582547169811321,2.443433029908973,2.5163934426229506,2.52073732718894,2.4269819193324063,2.375494071146245,2.3830334190231364,2.549465240641711,2.6083743842364533,2.5595238095238093,2.524317912218268,2.4947491248541422,2.491764705882353,2.542579075425791,2.388888888888889,2.324660633484163,2.542887029288703,2.3952225841476658,2.752016129032258,2.6966666666666668,2.7168539325842698,2.7171052631578947,2.7531486146095716,2.8451536643026003,2.9727582292849033,3.0012091898428053,2.9380421313506817,2.940224159402242,2.9756394640682093,2.962640099626401,3.013888888888889,2.8543046357615895,2.9056865464632455,3.053745928338762,3.4094707520891365,3.5922038980509745,3.692982456140351,3.3853503184713376,3.3899676375404533,3.393581081081081,3.736613603473227,3.7225705329153604,3.606851549755302,3.6588628762541804,3.5321252059308073,3.5360134003350083,3.3079922027290447,3.074803149606299,2.7718940936863543,2.7755102040816326,3.4382239382239383,3.7941176470588234,3.935763888888889,3.320474777448071,3.2945990180032734,3.355679702048417,3.500878734622144,3.579124579124579,3.555956678700361,3.5636363636363635,3.5671641791044775,3.6858168761220824,3.8679611650485435,3.8092369477911645,3.4790794979079496,3.6269035532994924,3.74025974025974,3.592705167173252,3.372611464968153,3.0905797101449277,3.0875,3.0643776824034337,3.066079295154185,3.0419847328244276,2.97165991902834,2.9791666666666665,2.9870689655172415,2.875,3.0510204081632653,2.912087912087912,3.020100502512563,2.9885714285714284,3.1527777777777777,3.040983606557377,3.0526315789473686,3.030534351145038,3.0330578512396693,3.036363636363636,3,3.046511627906977,3.050632911392405,3.0526315789473686,3.0869565217391304,3.032258064516129,3,3.0952380952380953,3.0238095238095237,2.972972972972973,2.972972972972973,2.9696969696969697,2.9655172413793105,2.962962962962963,2.9615384615384617,2.96,2.96,2.9545454545454546,2.857142857142857,2.857142857142857,2.857142857142857,3,3,3,3],"averageAntitoxinCountInFemales":[2.4482421875,2.4482421875,2.4510763209393347,2.374429223744292,2.402285714285714,2.425799086757991,2.334600760456274,2.4819121447028425,2.454014598540146,2.379217273954116,2.34625322997416,2.3751522533495737,2.537200504413619,2.625,2.581422018348624,2.5627853881278537,2.5508083140877598,2.552570093457944,2.6188178528347406,2.4864864864864864,2.4900881057268722,2.665979381443299,2.602683178534572,2.8497164461247637,2.7665615141955837,2.758880516684607,2.762854144805876,2.7903225806451615,2.8461538461538463,2.9902702702702704,2.9660249150622877,2.954492415402567,2.9534342258440045,2.9646522234891677,2.974654377880184,3.0327044025157233,2.9447115384615383,2.9347826086956523,3.1175616835994195,3.3689700130378095,3.506588579795022,3.6283333333333334,3.3774733637747336,3.4159021406727827,3.4599686028257457,3.8107734806629834,3.7544378698224854,3.693474962063733,3.7448494453248813,3.6813880126182967,3.596518987341772,3.3800738007380073,3.1944444444444446,2.8963093145869947,3.052930056710775,3.5240641711229945,3.763793103448276,3.9106239460370995,3.3639097744360904,3.3382838283828384,3.368231046931408,3.5088028169014085,3.5574324324324325,3.4907749077490773,3.496268656716418,3.502868068833652,3.58745247148289,3.7591093117408905,3.7165532879818595,3.334061135371179,3.446236559139785,3.5420054200542004,3.3919753086419755,3.2695652173913046,3.0980392156862746,3.0941176470588236,3.040650406504065,3.0210084033613445,2.9962264150943394,2.975806451612903,2.9918367346938775,3,2.894230769230769,3.035532994923858,2.8448275862068964,2.9491525423728815,2.9272727272727272,3.112676056338028,3.113821138211382,3.08974358974359,3.074380165289256,3.0654205607476634,3.032967032967033,3.0352941176470587,3.1153846153846154,3.116883116883117,3.1267605633802815,3.1363636363636362,3.1296296296296298,3.12,3.05,3.0303030303030303,3.0303030303030303,3.03125,3.066666666666667,3.111111111111111,3,3,3,3,3,3,3,3,3,3,3,3],"reproductiveSuccessOverTime":[0,0,0,0,0,0,0,0.000008965616172316385,0.000012406492544934639,0,0,0,0,0,0.000017801920572916668,0.000024159749348958332,0.000024159749348958332,0.000024167616411592316,0.000008901684707414341,0,0,0.000026355685356733375,0.000035154485659439926,0.000035154485659439926,0,0,0,0.00000614190251572327,0.0000875221108490566,0.000012978277543725061,0.000006836653212133146,0,0,0,0,0,0,0,0,0.0000023032134433962263,0.000010034401272362082,0,0,0,0.000025208845947611863,0.000026761543247242404,0.0000406934158053227,0,0,0,0,0,0.000008346688034188033,0,0,0,0,0,0,0,0.000058065878378378375,0.000017141788563829788,0.000017143183679689136,0.000016276041666666666,0,0.0001220703125,0,0,0,0.00003116974932529191,0.000045059907668760773,0,0,0.00002115971515768057,0.000040690104166666664,0,0,0.00004921064236922745,0,0,0,0,0,0,0,0.0000235645815937564,0.00003160262708716107,0.000008322975852272728,0,0,0,0,0.000040690104166666664,0.000040698384274144313,0.00004069507182680177,0,0,0,0.000040690104166666664,0.000040690104166666664,0,0,0,0,0,0.000040690104166666664,0.000040690104166666664,0.00008138020833333333,0.00004069507182680177,0.00004070335395636601,0.00016280678904310309,0,0,0,0.000040690104166666664,0,0,0]}