{"startTime":"2025-03-24T20:33:55.229Z","infectedMalesAtStart":16,"infectedFemalesAtStart":32,"toxinAntitoxinLength":3,"killRate":0.04081100388175807,"rescueRate":0.9115629132559072,"simulationLength":41,"infectionRatio":[0.0038970528537793296,0.0038970528537793296,0.003940239697914957,0.004877830484202989,0.0032145182291666665,0.008138020833333334,0.008992513020833334,0.008544921875,0.0072021484375,0.005859375,0.005452473958333333,0.0050048828125,0.004801432291666667,0.004720052083333333,0.007975260416666666,0.007771809895833333,0.007649739583333333,0.007655034814121096,0.00732421875,0.0059814453125,0.0030924479166666665,0.009114583333333334,0.0064697265625,0.006022135416666667,0.004679361979166667,0.004557291666666667,0.0028078456905672664,0.0019938151041666665,0.001709053916581892,0.0015869140625,0.002197265625,0.0013020833333333333,0.0013021363173957273,0.0012613932291666667,0.0010579427083333333,0.0009765625,0.0006103515625,0.0008544921875,0.0002848307291666667,0.00008138020833333333,0.000040690104166666664],"averageToxinCountInMales":[2.5625,2.5625,2.5625,1.553191489361702,1.3611111111111112,1.7128712871287128,1.7894736842105263,1.7314814814814814,1.7934782608695652,1.8904109589041096,1.9295774647887325,2,1.9384615384615385,1.921875,2.3363636363636364,2.3425925925925926,2.349056603773585,2.349056603773585,2.349514563106796,2.5402298850574714,2.4146341463414633,1.9224137931034482,2.1604938271604937,2.116883116883117,2.4098360655737703,2.4,2.3513513513513513,2.28,2.3043478260869565,2.238095238095238,2.142857142857143,2.2222222222222223,2.2222222222222223,2.2222222222222223,2.5714285714285716,2.5384615384615383,2.6666666666666665,1.7272727272727273,2,1,1],"averageAntitoxinCountInFemales":[2.375,2.375,2.375,1.8387096774193548,1.5348837209302326,1.6161616161616161,1.8224299065420562,1.7745098039215685,1.7529411764705882,1.8732394366197183,1.9047619047619047,2.017857142857143,1.9811320754716981,2,2.3255813953488373,2.325301204819277,2.317073170731707,2.317073170731707,2.25974025974026,2.4,2.4285714285714284,1.962962962962963,2.2051282051282053,2.1267605633802815,2.2962962962962963,2.3461538461538463,2.15625,2.125,2.210526315789474,2.2222222222222223,2.0384615384615383,2,2,2.076923076923077,2.1666666666666665,2.272727272727273,2.3333333333333335,1.6,2.3333333333333335,1,null],"reproductiveSuccessOverTime":[0,0,0,0.007603896297622245,0,0,0,0,0,0,0,0,0,0,0,0,0.000040690104166666664,0.00004071827028787817,0,0,0,0,0,0,0,0,0,0,0,0,0,0,0.00008138351983723296,0,0,0,0,0,0,0,0]}