{"startTime":"2025-03-24T20:33:26.773Z","infectedMalesAtStart":1024,"infectedFemalesAtStart":1024,"toxinAntitoxinLength":3,"killRate":0.8636364304191526,"rescueRate":0.38180965979162373,"simulationLength":200,"infectionRatio":[0.16423416198877305,0.16423416198877305,0.1643458549222798,0.1679268347896953,0.16108400639580173,0.18062337239583334,0.176513671875,0.17268880208333334,0.17000325520833334,0.17167154947916666,0.17134602864583334,0.1676025390625,0.16682942708333334,0.16194661458333334,0.1605224609375,0.16800944010416666,0.16259765625,0.16266948980007329,0.1587554033113123,0.16227213541666666,0.17301432291666666,0.185791015625,0.18216959635416666,0.18135579427083334,0.1751708984375,0.1715087890625,0.1558150891185806,0.14241536458333334,0.13623046875,0.1268310546875,0.12251790364583333,0.12158203125,0.11504028648164727,0.11392508143322476,0.10827662088919679,0.11319986979166667,0.12186686197916667,0.13142903645833334,0.12447102864583333,0.1123499491353001,0.11027915683242451,0.10728967397940495,0.09065755208333333,0.08642578125,0.0806884765625,0.07120768229166667,0.07096354166666667,0.07222493489583333,0.06990559895833333,0.06857677750193317,0.0656925393788921,0.066162109375,0.07486979166666667,0.09700520833333333,0.10103352864583333,0.09034305945549993,0.07894201424211597,0.07625875835098582,0.06494140625,0.05473041709053916,0.0467529296875,0.0389404296875,0.039265950520833336,0.039143880208333336,0.0362548828125,0.036256358087487284,0.03271484375,0.034098307291666664,0.046101888020833336,0.059651692708333336,0.0538330078125,0.046142578125,0.040974934895833336,0.039998372395833336,0.034423828125,0.026089787944157273,0.022908528645833332,0.019612630208333332,0.026896158854166668,0.026123046875,0.025146484375,0.024739583333333332,0.022745768229166668,0.018636067708333332,0.017578125,0.038614908854166664,0.031209309895833332,0.028401692708333332,0.025883118997232623,0.024576822916666668,0.021931966145833332,0.019857578840284842,0.018107096354166668,0.015380859375,0.0152587890625,0.016642252604166668,0.017296109392804817,0.016562894233508322,0.015260030926996012,0.013671875,0.010498046875,0.026408952187182096,0.031697591145833336,0.029825846354166668,0.029094608341810782,0.029337565104166668,0.02819938962360122,0.027716727716727715,0.024007161458333332,0.020060221354166668,0.018880208333333332,0.018269856770833332,0.0172119140625,0.016845703125,0.016116560172561148,0.00830078125,0.006103515625,0.016520182291666668,0.01806640625,0.019124348958333332,0.018311291963377416,0.01733539513306747,0.016927772126144457,0.0160745533715867,0.014811197916666666,0.0133056640625,0.01220703125,0.010660807291666666,0.010498474059003051,0.010214463028527245,0.009521484375,0.006306966145833333,0.005452473958333333,0.011965324976598428,0.010416666666666666,0.01220703125,0.010579427083333334,0.010338231104237046,0.010335286458333334,0.009847405900305188,0.008829752604166666,0.007486979166666667,0.006917880686904859,0.00618539920240905,0.006999552354209905,0.006754557291666667,0.007039388020833333,0.004557291666666667,0.0036214192708333335,0.011434849841295678,0.010091145833333334,0.010009765625,0.008585611979166666,0.008056640625,0.007693560205161605,0.00708065435012615,0.005900065104166667,0.004964192708333333,0.0043952466221715775,0.004761710960074885,0.005373061423861277,0.005331488339912906,0.00500569754191763,0.0037841796875,0.0029703776041666665,0.0076904296875,0.006510416666666667,0.006429036458333333,0.007365208545269583,0.005940755208333333,0.005208333333333333,0.004476640078137718,0.0043178948225996985,0.004109700520833333,0.0038669760247486465,0.0036221562003988443,0.0035810205908683975,0.0035423452768729644,0.003296971670465646,0.0025634765625,0.0019125127161749745,0.004842122395833333,0.005940755208333333,0.0036214192708333335,0.0021566632756866736,0.0021565755208333335,0.002157541217178913,0.0021570143665296487,0.0021608839238390345,0.0021565755208333335,0.0021565755208333335,0.0020345052083333335,0.0020345052083333335,0.002035084863038789,0.0017498880885524763,0.0006510416666666666,0.0004069175991861648,0.0006510416666666666,0.0003662109375,0.00008138020833333333],"averageToxinCountInMales":[2.552734375,2.552734375,2.5510406342913776,2.5170178282009723,2.55087358684481,2.336495031616983,2.3264081255771005,2.330426356589147,2.333661902414983,2.2786093674553354,2.2941176470588234,2.378511582060128,2.371189773844641,2.4328808446455503,2.524026302478503,2.5278846153846155,2.5480338476854154,2.5483067729083664,2.5566528066528065,2.7083969465648856,2.6495851634943874,2.4146341463414633,2.6395402298850574,2.7280701754385963,2.7380497131931167,2.7178484107579464,2.7132941804591564,2.7142857142857144,2.648034398034398,2.7322623828647923,2.6765927977839334,2.802529866479269,2.810730253353204,2.804988662131519,2.879032258064516,2.9458456973293767,2.644368600682594,2.5799352750809064,2.454923717059639,2.5392996108949415,2.3389423076923075,2.398520953163517,2.4011857707509883,2.4251805985552117,2.371837183718372,2.4133663366336635,2.496902106567534,2.833734939759036,2.9298892988929888,2.933500627352572,2.9867197875166003,3.284015852047556,2.787671232876712,2.6077922077922078,2.3723849372384938,2.3494874184529357,2.3930885529157666,2.2977777777777777,2.181462140992167,2.246031746031746,2.216822429906542,2.2054794520547945,2.2964601769911503,2.664429530201342,2.5465686274509802,2.6980676328502415,2.759562841530055,2.9157894736842107,2.384469696969697,2.0377622377622377,2.001543209876543,1.7420494699646643,1.7549019607843137,1.7243460764587526,1.6823529411764706,1.5030864197530864,1.4482758620689655,1.3493975903614457,2.090909090909091,2.1526479750778815,2.122516556291391,2.225589225589226,2.208029197080292,2.356164383561644,2.356382978723404,1.5304740406320543,1.5823863636363635,1.5920245398773005,1.5377049180327869,1.506896551724138,1.4941634241245136,1.4415584415584415,1.3014354066985645,1.1724137931034482,1.7126436781609196,2.236559139784946,2.3177083333333335,2.300546448087432,2.3846153846153846,2.372549019607843,2.6296296296296298,1.2664576802507836,1.3316455696202532,1.3036649214659686,1.3101604278074865,1.3156498673740054,1.3093922651933703,1.3053221288515406,1.2467532467532467,1.245136186770428,1.5903614457831325,1.5606694560669456,1.4541484716157205,1.4469026548672566,1.4786729857819905,1.5462962962962963,1.3768115942028984,1.0693069306930694,1.0316742081447965,1.0875,1.0893617021276596,1.09375,1.0972222222222223,1.1019417475728155,1.0326086956521738,1.0182926829268293,1.0955414012738853,1,1,1,1,1,1,1,1,1,1,1,1,1,1,1,1,1,1,1,1,1,1,1,1,1,1,1,1,1,1,1,1,1,1,1,1,1,1,1,1,1,1,1,1,1,1,1,1,1,1,1,1,1,1,1,1,1,1,1,1,1,1,1,1,1,1,1,1,1,1,1,1,1],