{"startTime":"2025-03-24T20:33:26.773Z","infectedMalesAtStart":1024,"infectedFemalesAtStart":1024,"toxinAntitoxinLength":3,"killRate":0.5243082511327758,"rescueRate":0.2518289961357031,"simulationLength":267,"infectionRatio":[0.1567426909536201,0.1567426909536201,0.1567112278803802,0.1393177896739371,0.1588929588929589,0.14750162760416666,0.15995279947916666,0.1641845703125,0.1595458984375,0.15214029947916666,0.15462239583333334,0.15869140625,0.15445963541666666,0.15059407552083334,0.15885416666666666,0.15922037760416666,0.15694811800610375,0.15679967426710098,0.15609736242266362,0.12654622395833334,0.12113444010416667,0.11519368489583333,0.126220703125,0.13370768229166666,0.12556966145833334,0.12406917599186165,0.12773663221290796,0.12764485677083334,0.121337890625,0.1165771484375,0.12626139322916666,0.12418619791666667,0.12244150559511699,0.12111839159985349,0.11338108416083346,0.1007080078125,0.10648600260416667,0.09993489583333333,0.11494954427083333,0.10758463541666667,0.09969075520833333,0.09456380208333333,0.09220377604166667,0.093505859375,0.0909423828125,0.08313326551373347,0.08866734486266531,0.08663628224953203,0.08588407684793227,0.08590030518819938,0.08072916666666667,0.06608072916666667,0.07071940104166667,0.0716552734375,0.07307942708333333,0.06693522135416667,0.06396484375,0.06473795572916667,0.060307642223488236,0.06564115085663126,0.064697265625,0.0570068359375,0.0618896484375,0.061360677083333336,0.058399804655705684,0.05727894479726429,0.052042643229166664,0.043212890625,0.045450846354166664,0.048787434895833336,0.061482747395833336,0.056681315104166664,0.052449544270833336,0.0513916015625,0.048258463541666664,0.04541015625,0.051485551485551485,0.049357096354166664,0.046183268229166664,0.0472412109375,0.043986002604166664,0.042285621260835946,0.03768210303572882,0.030843098958333332,0.027872721354166668,0.03923483923483923,0.04443359375,0.039510091145833336,0.03369140625,0.03369140625,0.030721028645833332,0.02938184185895088,0.03419916944874196,0.0308837890625,0.028361002604166668,0.024820963541666668,0.021240234375,0.018921668362156665,0.0157470703125,0.013224821973550356,0.017293294270833332,0.02067477921126531,0.018473307291666668,0.018839518229166668,0.016520182291666668,0.0174560546875,0.0172119140625,0.01628332994097293,0.017094712849525826,0.017130533854166668,0.016398111979166668,0.010579427083333334,0.01025390625,0.010376398779247202,0.007120768229166667,0.006306966145833333,0.004842122395833333,0.013110749185667752,0.015259409969481181,0.009928385416666666,0.011311848958333334,0.009521484375,0.008707682291666666,0.008629813563461696,0.008504231770833334,0.009602864583333334,0.008138020833333334,0.004923502604166667,0.003987630208333333,0.0038658745015056565,0.0035400390625,0.0032145182291666665,0.0028076171875,0.0129071661237785,0.014241536458333334,0.013427734375,0.015096028645833334,0.0123291015625,0.01220703125,0.011679960931141136,0.011027018229166666,0.010132248219735504,0.008870442708333334,0.0072021484375,0.006429036458333333,0.006144205729166667,0.005655924479166667,0.004842122395833333,0.004150559511698881,0.010871778166863471,0.0177001953125,0.015055338541666666,0.0145263671875,0.0111088504577823,0.010579427083333334,0.01330728848736418,0.013102213541666666,0.009724934895833334,0.007446592065106816,0.006795247395833333,0.006673177083333333,0.006511741483863091,0.006062825520833333,0.0054931640625,0.005208333333333333,0.010758384612249887,0.019370854189557644,0.014892578125,0.015218098958333334,0.011110206739378153,0.009400179051029543,0.01171875,0.01155645981688708,0.010782877604166666,0.010175424315193943,0.008708036622583926,0.007650673503438734,0.007651919085025846,0.00728382502543235,0.0068359375,0.006144205729166667,0.009201205113590098,0.01651541165889952,0.012044270833333334,0.0091552734375,0.011271158854166666,0.009806714140386572,0.00927734375,0.0096435546875,0.0096435546875,0.008139014365360355,0.007242838541666667,0.008220069992675185,0.008184039087947882,0.0081817071681524,0.008056640625,0.008015950520833334,0.007621143579084648,0.009406568238517852,0.006754557291666667,0.006266276041666667,0.017171223958333332,0.018636067708333332,0.01782516685658473,0.017461028124872807,0.017388117441055503,0.016813222602182053,0.014690323105721494,0.0125732421875,0.012495929664604364,0.012495421059058162,0.012451678535096643,0.012290411850887188,0.012132068558400847,0.01601152500514509,0.010945638020833334,0.007651296243539132,0.019903940084662976,0.023600260416666668,0.02413119557255636,0.024068417837507634,0.023697068403908794,0.02170990998330007,0.0178287947246306,0.015425315425315425,0.015305084055847275,0.015305707074818856,0.015304461087593618,0.015310069628242192,0.015022594959899035,0.015790984783232844,0.009602864583333334,0.003785720100952536,0.014212991244145795,0.01224821973550356,0.012135526958788076,0.012053098786546135,0.011982393218128464,0.010755754736198818,0.010428123345146442,0.00916310323762981,0.008714774393223651,0.008716549224064193,0.008718324777967896,0.008718679975555104,0.008728281262745738,0.009645774329926528,0.007120768229166667,0.002116746723113246,0.00374638595919697,0.0023212249552044305,0.002322076017435939,0.0023238747553816046,0.003180168793574428,0.0030152391818107733,0.0014256619144602852,0.0011809741000162893,0.0011400651465798045,0.0011406689208457246,0.0011409013120365088,0.0011414129061187886,0.0011439777741461023,0.0031414466974011668,0.0009358723958333334,0.00020350848630387887,0.00004069672798307016,0.00004070335395636601],