{"startTime":"2025-03-24T21:01:06.836Z","infectedMalesAtStart":1024,"infectedFemalesAtStart":4096,"toxinAntitoxinLength":3,"killRate":1,"rescueRate":0.5,"simulationLength":316,"infectionRatio":[0.20833333333333334,0.20833333333333334,0.20937679612447657,0.2707112630208333,0.2783610026041667,0.297607421875,0.3218994140625,0.3375244140625,0.349853515625,0.3485514322916667,0.35107421875,0.3561197916666667,0.3563639322916667,0.3605143229166667,0.3663736979166667,0.365966796875,0.3697509765625,0.36967056236510976,0.3624079124099475,0.34375,0.3185221354166667,0.3096923828125,0.3203531901041667,0.3128789420142421,0.3098270600203459,0.29996337443535587,0.2836507161458333,0.2867431640625,0.28017416781964677,0.26404883011190233,0.2654215494791667,0.26038826258597536,0.25730446813705543,0.2579685334637646,0.2637854555813291,0.2502034505208333,0.21146647135416666,0.2099609375,0.21617222154397103,0.21907940254771885,0.21454160560169352,0.21289928789420143,0.20133463541666666,0.19930013020833334,0.19014485677083334,0.17620966101005167,0.17463676692035326,0.171747181636889,0.17349721216067723,0.17132610644714322,0.18509928385416666,0.1849365234375,0.16365559895833334,0.15775553385416666,0.15751139322916666,0.15311686197916666,0.14832905930720072,0.1580853921608531,0.148681640625,0.15079752604166666,0.14290946083418107,0.13566080729166666,0.13066124109867752,0.13041178385416666,0.12892198754730802,0.1284847991534736,0.13492838541666666,0.133544921875,0.11153157552083333,0.117919921875,0.12113444010416667,0.12479654947916667,0.11677792250081406,0.11096642929806715,0.09912109375,0.09716796875,0.0924072265625,0.08199055989583333,0.07425944010416667,0.07731119791666667,0.08097989745259217,0.08,0.086181640625,0.08809407552083333,0.07657877604166667,0.09525553385416667,0.1055908203125,0.11199739540940909,0.1032137183821433,0.0867919921875,0.078369140625,0.07169888097660224,0.06599934895833333,0.06503137478608101,0.05888576893338217,0.058847468663519455,0.06330402214623025,0.06055426687828104,0.068115234375,0.06315104166666667,0.057373046875,0.087890625,0.101318359375,0.09994302921787254,0.09296164975343359,0.0828857421875,0.0762939453125,0.06770833333333333,0.06079843730924185,0.058780428234144755,0.056728930126561675,0.0546875,0.053942922281480274,0.05083021325085463,0.055501302083333336,0.055544252288911494,0.046142578125,0.091552734375,0.1038818359375,0.10860188802083333,0.10585649749704937,0.09612958365552887,0.08015950520833333,0.06722005208333333,0.060228706303666626,0.057660961695191526,0.056179775280898875,0.05527515467274503,0.0549155302259312,0.05615462868769074,0.050455729166666664,0.04749501444792642,0.037272135416666664,0.07096354166666667,0.09529622395833333,0.10921223958333333,0.11271158854166667,0.10838420838420838,0.10270182291666667,0.09110514322916667,0.07927722611102067,0.07500406967279831,0.07426850608391324,0.0737831678333062,0.07360065133319764,0.0728242286086461,0.06412760416666667,0.062215169270833336,0.050577799479166664,0.08390299479166667,0.11588541666666667,0.1241455078125,0.12936436884512087,0.11777153786676434,0.10201424211597152,0.08292643229166667,0.07407407407407407,0.06776832593919166,0.06566520110731151,0.06363229247241786,0.06337569240795048,0.06074671226741582,0.05690097277056453,0.05448848376332709,0.0433915414987585,0.0738525390625,0.10392675483214649,0.11263020833333333,0.11814740954784095,0.10929228764557375,0.09457149833156996,0.07670084635416667,0.06788490496927271,0.06086637895936813,0.05940070026870776,0.057130059451095366,0.05672517001262369,0.056198077862844115,0.05424336211109301,0.051954397394136806,0.04530836556075717,0.07566137566137567,0.0863157037579903,0.094482421875,0.1054002360314166,0.09153094462540716,0.07338926447829275,0.059000651041666664,0.04941387170302833,0.0412018565263415,0.04054879289989008,0.038875305623471884,0.0381449180862336,0.037873537445472706,0.03646363821552251,0.033765070055392636,0.030623880110767224,0.05443367803924762,0.06009282631707516,0.06072198933702332,0.0666531027466938,0.05464169381107492,0.04340567612687813,0.033365885416666664,0.02661241098677518,0.02311291963377416,0.023136456211812626,0.023160985157396837,0.023180834999795945,0.023183673469387756,0.023110530398922052,0.021693919993475513,0.019519152404237978,0.04797784384800228,0.04069672798307016,0.040333740333740334,0.04833984375,0.03834555827220864,0.031138065776619994,0.023193359375,0.0174560546875,0.014974567650050865,0.014898033947978995,0.014867617107942974,0.014880345713237392,0.014891880864953081,0.014857749295889629,0.014274061990212071,0.012839325018341893,0.039380350591112924,0.03528837152509259,0.034103858049812794,0.037606837606837605,0.03515577150790086,0.028041186764885435,0.023763020833333332,0.019694010416666668,0.014851888020833334,0.01486458969659947,0.014880345713237392,0.014891880864953081,0.014892488473621934,0.014855930128152804,0.014284548200146926,0.010812795821772482,0.034926845172596484,0.03256931156617677,0.031010906723099464,0.03244321419848571,0.030683631305486233,0.02266992266992267,0.018717447916666668,0.011149088541666666,0.009073893229166666,0.007893880208333334,0.0077743406056659066,0.007778773315956667,0.007785749225501386,0.007790512705469674,0.007795918367346939,0.006936793569184314,0.01929037520391517,0.025167990226023212,0.0254427030327702,0.025397859090724083,0.02581066732010128,0.01188876674402508,0.008097330729166666,0.005168063807275983,0.004191080729166667,0.0037841796875,0.0037439466080657633,0.0037460808664847916,0.0037494396217956556,0.003751427173381178,0.0037532637075718017,0.0034266133637921186,0.009331323091968543,0.01531318726073145,0.013763896241397565,0.01416822734305024,0.016244234929186564,0.007740568728102339,0.006062825520833333,0.00390625,0.0032958984375,0.0026448567708333335,0.002400813835198372,0.0019125905428501668,0.001913602866332804,0.0019148502750050928,0.0019157868992785228,0.0018344883815735833,0.0017530270292307065,0.006637618601620719,0.006472623651536739,0.007086133170433721,0.0051807130619237985,0.005354807063440157,0.0006510416666666666,0.0006510681586978636,0.00020345052083333334,0.0002034587995930824,0.00020350848630387887,0.0002035581972886048,0.0002036908787224508,0.00020383204239706482,0.0002038902255025894,0.0002039401231798344,0.00016297926088905187,0.002199861490202469,0.004522121730628209,0.004483939344529594,0.003960800326663945,0.001394871794871795,0.0013427734375],