{"startTime":"2025-03-24T18:23:05.935Z","infectedMalesAtStart":1024,"infectedFemalesAtStart":1024,"toxinAntitoxinLength":3,"killRate":0.75,"rescueRate":0.75,"simulationLength":294,"infectionRatio":[0.17051036549829324,0.17051036549829324,0.17050807537012114,0.1830959694684911,0.1934813607659401,0.19392903645833334,0.20170084635416666,0.19026692708333334,0.19376627604166666,0.19612630208333334,0.2010498046875,0.1961669921875,0.19510904947916666,0.19059244791666666,0.18721516927083334,0.18461100260416666,0.1834716796875,0.18311349943006025,0.19269116509990641,0.18558756510416666,0.172607421875,0.1748118006103764,0.1795654296875,0.17191569010416666,0.17268880208333334,0.16451009114583334,0.16243489583333334,0.16129557291666666,0.1580810546875,0.15269412339247926,0.149169921875,0.14021809895833334,0.14140386571719227,0.13797875371402987,0.13293997965412005,0.16507975260416666,0.150390625,0.1453857421875,0.155029296875,0.14990234375,0.15336724313326552,0.1453857421875,0.14207227738889794,0.13875325520833334,0.13456217447916666,0.12885108461194092,0.1173095703125,0.11100260416666667,0.10640462239583333,0.10087076822916667,0.09012858072916667,0.13134765625,0.12601725260416666,0.1248779296875,0.13309733072916666,0.13232421875,0.1335557906730691,0.1302490234375,0.1217041015625,0.11470540364583333,0.10978190104166667,0.10854259085914289,0.10026041666666667,0.09302514853096769,0.09232584635416667,0.08280436197916667,0.0733295352811915,0.1260986328125,0.11653645833333333,0.12130093214474702,0.11812337239583333,0.1209716796875,0.10929806714140386,0.1087646484375,0.102294921875,0.099853515625,0.09574381510416667,0.09258128840597403,0.0860595703125,0.07881673177083333,0.07430013020833333,0.0692138671875,0.05986001464962969,0.098876953125,0.09012858072916667,0.09574381510416667,0.08935910478128178,0.08378114313629702,0.0704345703125,0.062337239583333336,0.056193033854166664,0.055178026449643945,0.052693684895833336,0.04995724929766703,0.045125325520833336,0.042236328125,0.040771484375,0.038818359375,0.038899739583333336,0.08882649739583333,0.08465608465608465,0.07979329427083333,0.07161458333333333,0.060750325520833336,0.056396484375,0.047281901041666664,0.041015625,0.039471007121057985,0.038535096642929804,0.038347242010991246,0.036173502604166664,0.032999674479166664,0.03239327717413421,0.029988606770833332,0.0252685546875,0.0504150390625,0.05673354767815718,0.051961263020833336,0.046590169270833336,0.041463216145833336,0.032430013020833336,0.029296875,0.026448567708333332,0.025390625,0.025025432349949136,0.0247802734375,0.023478190104166668,0.0223388671875,0.022176106770833332,0.02197265625,0.018391927083333332,0.029337565104166668,0.04092852779474649,0.0384521484375,0.036458333333333336,0.03271484375,0.025634765625,0.021199544270833332,0.019938151041666668,0.019205729166666668,0.018189216683621567,0.01782806903288831,0.016886393229166668,0.016153971354166668,0.015340169270833334,0.014851888020833334,0.013671875,0.012939453125,0.01672499389598763,0.015340169270833334,0.013997395833333334,0.01025474078294132,0.007162041181736795,0.005452917717913242,0.00537109375,0.005330403645833333,0.004720436233417433,0.00472139688224999,0.004109700520833333,0.003946940104166667,0.003946940104166667,0.003946940104166667,0.0037841796875,0.0027262369791666665,0.0065963597866362635,0.0064697265625,0.0050048828125,0.004884601294419343,0.0048830111902339775,0.004435401831129196,0.00439453125,0.004353841145833333,0.004354018311291963,0.003785874211276206,0.0033365885416666665,0.0032145182291666665,0.0032145182291666665,0.0032145182291666665,0.0032145182291666665,0.0025227864583333335,0.00525586701434159,0.00362171400667372,0.0029296875,0.0029302836677383907,0.00288911495422177,0.00288911495422177,0.0028889973958333335,0.0028889973958333335,0.00288911495422177,0.0028897028897028896,0.0028889973958333335,0.001708984375,0.001708984375,0.001708984375,0.001708984375,0.0016278691193228065,0.003461475810392572,0.0032553407934893183,0.0017903645833333333,0.0017903645833333333,0.0017904374364191252,0.0017903645833333333,0.0017903645833333333,0.0017903645833333333,0.0017905102954341987,0.0017916038926666395,0.0016682942708333333,0.0013834635416666667,0.0013427734375,0.0013427734375,0.0013429373702844585,0.0011394156425490356,0.004273330348785153,0.002685546875,0.002685546875,0.002685546875,0.0025227864583333335,0.002522889114954222,0.0025227864583333335,0.0024820963541666665,0.0021565755208333335,0.001832172957127153,0.0017498880885524763,0.00146484375,0.00146484375,0.0014649033570701933,0.0014649033570701933,0.0013427734375,0.00965376782077393,0.008951822916666666,0.008056640625,0.006184895833333333,0.0032145182291666665,0.0032147798486204934,0.0032145182291666665,0.0032145182291666665,0.0032155649625529143,0.0026448567708333335,0.0014241536458333333,0.0005696614583333334,0.0005696614583333334,0.0005696846388606307,0.0005696846388606307,0.0004069175991861648,0.003341483292583537,0.0032145182291666665,0.002197265625,0.0018717447916666667,0.0018717447916666667,0.0018717447916666667,0.0018718971270448442,0.0018718209562563581,0.0018717447916666667,0.0018311291963377416,0.0018310546875,0.0015055338541666667,0.0014241536458333333,0.0014241536458333333,0.0014241536458333333,0.001261444557477111,0.0062382777460654,0.005777994791666667,0.0034994913530010173,0.0033772786458333335,0.0010579427083333333,0.0004883209896638724,0.0004883607357968419,0.0004883209896638724,0.0004883011190233978,0.0004883209896638724,0.0004883607357968419,0.00048828125,0.00048828125,0.0004883011190233978,0.0004883607357968419,0.0004069010416666667,0.0024872579001019367,0.0027262369791666665,0.0027262369791666665,0.0025227864583333335,0.0016682942708333333,0.0016684979448988728,0.0016682942708333333,0.0016682942708333333,0.0016682942708333333,0.0016687016687016688,0.0016682942708333333,0.0016682942708333333,0.0016682942708333333,0.0016682942708333333,0.0016684300480182307,0.0015060240963855422,0.002811048643363481,0.0021565755208333335],