{"startTime":"2025-03-24T20:43:41.882Z","infectedMalesAtStart":1024,"infectedFemalesAtStart":1024,"toxinAntitoxinLength":3,"killRate":0.19396323697334727,"rescueRate":0.8215420341663875,"simulationLength":210,"infectionRatio":[0.08333333333333333,0.08333333333333333,0.08330593457175736,0.0738525390625,0.07486979166666667,0.06978352864583333,0.06510416666666667,0.06640625,0.06840006510416667,0.07450358072916667,0.076904296875,0.085205078125,0.08085123697916667,0.083740234375,0.0880126953125,0.0914306640625,0.09269205729166667,0.09272601457239386,0.09334309895833333,0.08756510416666667,0.08133951822916667,0.067626953125,0.0589599609375,0.051359270714634545,0.0560302734375,0.061930338541666664,0.058349609375,0.054931640625,0.050618489583333336,0.06717936197916667,0.0694580078125,0.07588704427083333,0.0716552734375,0.07242838541666667,0.07951817034957066,0.08992513020833333,0.08455403645833333,0.0716552734375,0.06845468234911074,0.060305188199389625,0.059366861979166664,0.05957273652085453,0.0601806640625,0.059326171875,0.05384177112160182,0.07902661349393668,0.07645670572916667,0.086181640625,0.08806055180271832,0.08630722278738555,0.07910478128179044,0.08028157552083333,0.06307222787385554,0.054443359375,0.05298067141403866,0.046590169270833336,0.044677734375,0.048380533854166664,0.0469970703125,0.0443115234375,0.038859049479166664,0.05249450638886628,0.055379231770833336,0.052042643229166664,0.052164713541666664,0.053186294457556765,0.051513671875,0.0472412109375,0.039713541666666664,0.0313720703125,0.03763987792472025,0.03401969561324977,0.032634791454730416,0.030924479166666668,0.030802408854166668,0.030925737538148524,0.028645833333333332,0.0440673828125,0.051472981770833336,0.053670247395833336,0.061238606770833336,0.061950504721589056,0.06319173177083333,0.055257161458333336,0.046468098958333336,0.038981119791666664,0.037109375,0.035510669490144975,0.032755533854166664,0.0338134765625,0.03271484375,0.030965169270833332,0.029459635416666668,0.049560546875,0.06909460834181079,0.06640625,0.06836215666327569,0.07053891240638228,0.08142421159715157,0.0726318359375,0.055704752604166664,0.040203458799593084,0.03479145473041709,0.0323499491353001,0.030965169270833332,0.029622395833333332,0.028401692708333332,0.026407877604166668,0.0252685546875,0.039510091145833336,0.051513671875,0.054484049479166664,0.06368001302083333,0.06343587239583333,0.07158263134334432,0.0635986328125,0.052042643229166664,0.040974934895833336,0.035603841145833336,0.0345458984375,0.031575520833333336,0.029500325520833332,0.028849283854166668,0.028523763020833332,0.027872721354166668,0.042317708333333336,0.058064778645833336,0.059773763020833336,0.060099283854166664,0.061686197916666664,0.06845856241091428,0.0679931640625,0.049845377604166664,0.037109375,0.024129231770833332,0.019246419270833332,0.016886393229166668,0.014973958333333334,0.013228051609752127,0.013066840348449077,0.01261444557477111,0.014200846354166666,0.022054036458333332,0.0272216796875,0.02392578125,0.027222787385554427,0.028597034381619684,0.027262369791666668,0.023193359375,0.016438802083333332,0.013671875,0.009195963541666666,0.007326007326007326,0.006551373346897253,0.0064697265625,0.006430606430606431,0.006104757641121648,0.006755381923249095,0.013062586473508586,0.014851888020833334,0.01339031339031339,0.01783823409627759,0.02076957603949892,0.0137939453125,0.013834635416666666,0.009521484375,0.004842122395833333,0.0015055338541666667,0.0010579857578840285,0.0010579427083333333,0.0010172526041666667,0.0010177081213108082,0.0010176252696706964,0.0009361009361009361,0.001261547226630855,0.0013428280773143438,0.0013429373702844585,0.0012212000325653343,0.005642787046123651,0.004557291666666667,0.004435221354166667,0.00341796875,0.002767039674465921,0.00244140625,0.002401400138385771,0.002361178961081257,0.0023600260416666665,0.002360698441124995,0.0023612750885478157,0.0023208469055374594,0.0023210359149767896,0.002321792260692464,0.002321697690521771,0.0019552731272149577,0.002736928104575163,0.0022786458333333335,0.0004069010416666667,0.0003662109375,0.00008138020833333333,0.000040690104166666664,0.00004070169726077577,0.00004071329696278805,0.0000406934158053227,0.000040716612377850165,0.00004071495460282562,0.00004071827028787817,0.000040728220584042684,0.000040736516213133455,0.00004074647542987532,0.000040759761962990134],"averageToxinCountInMales":[2.513671875,2.513671875,2.5134596211365903,2.4473386183465458,2.321748878923767,2.37394451145959,2.4074550128534704,2.317662007623888,2.467843631778058,2.401836969001148,2.5618729096989967,2.603363006923838,2.6088751289989682,2.569,2.556710775047259,2.546594982078853,2.483304042179262,2.483304042179262,2.483467381590706,2.794701986754967,2.7040404040404042,2.8200238379022644,2.6114130434782608,2.650943396226415,2.9943262411347518,3.036942675159236,3.053763440860215,3.049365303244006,2.959501557632399,3.1682027649769586,2.9922566371681416,2.917087967644085,2.9967845659163985,2.9829787234042553,2.9357072205736894,3.2636282394995533,3.0867106503298776,3.1868008948545863,2.921453692848769,2.825565912117177,3.0950468540829985,2.9770580296896085,2.9946737683089215,2.9784075573549256,3.1136023916292976,3.180428134556575,3.1153846153846154,3.074003795066414,3.1682242990654204,3.1676190476190476,3.121976866456362,3.3904179408766564,2.888888888888889,2.764437689969605,2.674491392801252,2.6028880866425994,2.609942638623327,2.358108108108108,2.3658536585365852,2.406193078324226,2.367303609341826,2.583987441130298,2.64540059347181,2.6287519747235386,2.6896,2.7765625,2.8366336633663365,2.880782918149466,3.01890756302521,3.0718085106382977,2.9166666666666665,2.9199029126213594,2.9405940594059405,2.94910941475827,2.9265822784810127,2.9028132992327365,2.835616438356164,2.7673992673992673,2.8288,2.8195956454121305,3.080054274084125,3.0854472630173566,3.089214380825566,3.118003025718608,3.32486388384755,3.3176972281449895,3.222972972972973,3.2149532710280373,3.194871794871795,3.125615763546798,3.1085858585858586,3.1595744680851063,2.9502923976608186,2.935108153078203,2.892434988179669,2.889705882352941,2.9237187127532778,3.0023094688221708,3.021105527638191,3.024830699774266,3.062780269058296,3.077079107505071,3.1560283687943262,3.107969151670951,3.072192513368984,2.997214484679666,3.01453488372093,2.9529780564263324,2.764705882352941,2.6808035714285716,2.776508972267537,2.7919876733436055,2.8753280839895012,2.8473684210526318,2.872189349112426,2.874035989717224,2.8840579710144927,2.8817427385892116,2.9110576923076925,2.9079601990049753,2.8994565217391304,2.8746355685131197,2.8700906344410875,2.8676923076923075,2.8548387096774195,2.7484407484407485,2.578549848942598,2.642651296829971,2.647727272727273,2.6648351648351647,2.722017220172202,2.790226460071514,2.7583465818759936,2.869198312236287,2.8223684210526314,2.8214285714285716,2.8063063063063063,2.7783505154639174,2.7514450867052025,2.75,2.746913580246914,2.8430232558139537,2.241509433962264,2.090643274853801,2.0559210526315788,2.1043478260869564,2.134831460674157,2.4054054054054053,2.359154929577465,2.4356435643564356,2.4047619047619047,2.280701754385965,2.422222222222222,2.4814814814814814,2.475,2.475,2.493333333333333,2.619047619047619,2.281045751633987,2.18562874251497,2.2348993288590604,2.236180904522613,2.2666666666666666,2.569620253164557,2.63855421686747,2.716666666666667,2.5555555555555554,2.5789473684210527,2.5714285714285716,2.5714285714285716,2.6923076923076925,2.6923076923076925,2.6923076923076925,2.6363636363636362,2.7777777777777777,2.789473684210526,2.789473684210526,2.875,3,3,3,3,3,3,3,3,3,3,3,3,3,3,3,3,3,3,3,3,null,null,null,null,null,null,null,null,null,null,null,null],