{"startTime":"2025-03-24T20:10:07.200Z","infectedMalesAtStart":1024,"infectedFemalesAtStart":1024,"toxinAntitoxinLength":3,"killRate":0.5,"rescueRate":0.75,"simulationLength":196,"infectionRatio":[0.17568842755425923,0.17568842755425923,0.17639418081052996,0.1741305271105658,0.1845695147851658,0.17118326822916666,0.1846923828125,0.1845703125,0.18965657552083334,0.17960611979166666,0.17891438802083334,0.17447916666666666,0.17989095052083334,0.1749267578125,0.1693115234375,0.16691080729166666,0.16261088955806952,0.16309746763292893,0.15470377604166666,0.14265950520833334,0.15254720052083334,0.13297526041666666,0.14229329427083334,0.1358642578125,0.150390625,0.14510091145833334,0.1385779984534614,0.13346354166666666,0.13204476093591047,0.13252766927083334,0.123779296875,0.123291015625,0.11909993489583333,0.11932766269179114,0.11027018229166667,0.09505208333333333,0.09383138020833333,0.07731119791666667,0.07661946614583333,0.07320149739583333,0.0848388671875,0.0865478515625,0.09391276041666667,0.08866373697916667,0.09122721354166667,0.08546312876444734,0.08085123697916667,0.0799560546875,0.07902018229166667,0.08358767753225084,0.08207194010416667,0.06819661458333333,0.07735188802083333,0.058675130208333336,0.050984700520833336,0.046956380208333336,0.06575520833333333,0.07655054533615498,0.07650673503438733,0.07739572736520854,0.0731201171875,0.0701904296875,0.0641735167249939,0.0626220703125,0.061770091556459815,0.06761102291692107,0.06437174479166667,0.0587158203125,0.06803385416666667,0.0548095703125,0.047037760416666664,0.036824544270833336,0.052490234375,0.054850260416666664,0.0491943359375,0.045798729848558865,0.044881184895833336,0.0435791015625,0.0430908203125,0.043009440104166664,0.04223976560592496,0.042163526108013515,0.043416341145833336,0.0372314453125,0.038289388020833336,0.030924479166666668,0.025838216145833332,0.02197265625,0.03564453125,0.035603841145833336,0.03598030037852579,0.0352783203125,0.03406593406593406,0.03060020345879959,0.029744466145833332,0.029947916666666668,0.029380646211442988,0.02893772893772894,0.038167317708333336,0.031656901041666664,0.029012044270833332,0.0245361328125,0.0205078125,0.01558621250966508,0.021769205729166668,0.021648897208431675,0.021387542265857335,0.020426432291666668,0.020426432291666668,0.021321614583333332,0.0211181640625,0.020304361979166668,0.020548502604166668,0.024267100977198697,0.028361002604166668,0.012247721354166666,0.007039388020833333,0.005330403645833333,0.0038251810857003335,0.0028484231943031535,0.003133265513733469,0.0030530000814133354,0.0028512076901144557,0.002685546875,0.0026041666666666665,0.0021565755208333335,0.0021565755208333335,0.0018717447916666667,0.0017091234638235532,0.002158859470468432,0.004597981770833333,0.0037841796875,0.003051881993896236,0.003011557870747192,0.0022382289504740975,0.002197802197802198,0.001994383165778013,0.0019959266802443993,0.001995845383080119,0.0019938151041666665,0.0019938151041666665,0.0016682942708333333,0.0016682942708333333,0.0016683621566632757,0.0016684300480182307,0.0014660965180207698,0.00288982050551508,0.0010579427083333333,0.0009766022380467956,0.0009359866520164408,0.0009359866520164408,0.0009359104781281791,0.0009360628383053192,0.0009370925684485007,0.0009359866520164408,0.0009358723958333334,0.0007731119791666666,0.0007731119791666666,0.0007731119791666666,0.0007736471354696852,0.0007733952049497294,0.0006522093592043046,0.0045604462722423555,0.0004069010416666667,0.0004069010416666667,0.0004069010416666667,0.00040701697260775774,0.0004070666775217781,0.0004070501078682786,0.00040746475429875314,0.0004070666775217781,0.0004069010416666667,0.0004069010416666667,0.0004069010416666667,0.0004069175991861648,0.0004069010416666667,0.0004069010416666667,0.00024480802970337426,0.0030111902339776194,0.0021158854166666665,0.0008951822916666666,0.0005697310055752248,0.0005697773798380205,0.000570148645896966,0.0005704506560182544,0.0005706134094151213,0.0005701022111821477,0.0005697773798380205,0.0005697078212745178,0.0005696846388606307,0.0005696614583333334,0.0005696614583333334,0.0005697541917629822,0.0005714985508429604,0.0004070666775217781,0.00008138020833333333],"averageToxinCountInMales":[2.5322265625,2.5322265625,2.533070088845015,2.484652665589661,2.558282208588957,2.6206568300809137,2.550044286979628,2.477292965271594,2.4214592274678113,2.4126984126984126,2.3716651333946643,2.3721698113207546,2.3354401805869074,2.3512262841277187,2.343570057581574,2.373732496378561,2.3454454952712793,2.3434393638170974,2.2959785522788203,2.454390934844193,2.3023498694516973,2.272671941570298,2.2163219675796535,2.3034563561804333,2.2040275569687333,2.2116022099447514,2.207822533566842,2.1965039180229056,2.1734317343173433,2.0597560975609754,2.0837148463047743,2.092409240924092,2.084016393442623,2.082537517053206,2.187130177514793,2.5653679653679653,2.430051813471503,2.323748668796592,2.1945945945945944,2.2191943127962084,2.232016210739615,2.271641791044776,2.211242067089755,2.270893371757925,2.2152713891444344,2.1186770428015564,2.1556016597510372,2.1345151199165797,2.0874089490114462,2.0059055118110236,2.2075664621676894,2.219298245614035,2.1248630887185103,2.083209509658247,2.212121212121212,2.2822429906542054,2.2522522522522523,2.164113785557987,1.974585635359116,1.9398496240601504,1.926553672316384,1.9871345029239766,2.0652173913043477,2.0919842312746386,2.0871313672922254,1.949569495694957,2.0780856423173804,2.5720338983050848,2.398092967818832,2.3940298507462687,2.3390705679862305,2.2945205479452055,2.3723916532905296,2.3658536585365852,2.365217391304348,2.3470149253731343,2.3606870229007635,2.3660886319845855,2.383720930232558,2.392233009708738,2.3952569169960474,2.375745526838966,2.5342205323193916,2.6727688787185353,2.2705627705627704,2.1379310344827585,2.2063492063492065,2.291828793774319,2.2062084257206207,2.2043478260869565,2.2017167381974247,2.2073434125269977,2.2155555555555555,2.2456575682382134,2.256476683937824,2.2531969309462916,2.25974025974026,2.2421052631578946,3.127310061601643,3.200477326968974,3.183246073298429,3.3684210526315788,3.5,3.9658536585365853,3.3513513513513513,3.3513513513513513,3.374570446735395,3.4725274725274726,3.4725274725274726,3.402135231316726,3.412186379928315,3.470149253731343,3.4327272727272726,2.963455149501661,3.3137254901960786,2.627586206896552,2.6455696202531644,2.4210526315789473,2.4,2.64,2.484848484848485,2.5161290322580645,2.5714285714285716,2.64,2.64,2.761904761904762,2.761904761904762,2.8421052631578947,3.066666666666667,2.4705882352941178,4.96,2.627450980392157,2.5217391304347827,2.4444444444444446,2.5714285714285716,2.588235294117647,2.689655172413793,2.689655172413793,2.689655172413793,2.689655172413793,2.689655172413793,2.8333333333333335,2.8333333333333335,2.8333333333333335,2.8333333333333335,2.5714285714285716,4.9411764705882355,5.6923076923076925,6,6,6,6,6,6,6,6,6,6,6,6,6,6,6.033898305084746,6,6,6,6,6,6,6,6,6,6,6,6,6,6,6,6,6,6,6,6,6,6,6,6,6,6,6,6,6,6,6,6,6],