{"startTime":"2025-03-24T20:43:41.882Z","infectedMalesAtStart":1024,"infectedFemalesAtStart":1024,"toxinAntitoxinLength":3,"killRate":0.9910283024073979,"rescueRate":0.8215420341663875,"simulationLength":358,"infectionRatio":[0.08333333333333333,0.08333333333333333,0.08327855382087099,0.08182779947916667,0.07840983072916667,0.0897216796875,0.08964029947916667,0.07975260416666667,0.08268229166666667,0.08072916666666667,0.076416015625,0.07670084635416667,0.07450358072916667,0.08854166666666667,0.09065755208333333,0.08768717447916667,0.08463541666666667,0.08449041084734721,0.08573404947916667,0.0740966796875,0.07356770833333333,0.0849609375,0.08658854166666667,0.0772705078125,0.08150227864583333,0.07344563802083333,0.06608072916666667,0.07470703125,0.07466634114583333,0.07682291666666667,0.0755645981688708,0.075439453125,0.07450358072916667,0.0735766898628576,0.07995930824008138,0.06660970052083333,0.056437174479166664,0.05518027183201758,0.051350911458333336,0.04817904374364191,0.042805989583333336,0.03951491474382452,0.036214192708333336,0.038655598958333336,0.04276703967446592,0.042928059895833336,0.043660481770833336,0.043131510416666664,0.04292980671414039,0.042005861282969716,0.0463980463980464,0.039347330729166664,0.030924479166666668,0.027791341145833332,0.0240478515625,0.027669270833333332,0.03125127161749746,0.02913767142799007,0.025553385416666668,0.022542317708333332,0.019291819291819293,0.0218505859375,0.020914713541666668,0.019205729166666668,0.018717447916666668,0.018112992510582872,0.026407877604166668,0.0250244140625,0.020263671875,0.020711263020833332,0.017171223958333332,0.018677517802644965,0.017333984375,0.0166015625,0.015141647671768154,0.014322916666666666,0.012372308819339872,0.017008463541666668,0.0247802734375,0.024129231770833332,0.023844401041666668,0.026737750284877095,0.03682754130381704,0.032185872395833336,0.028116861979166668,0.0220947265625,0.021199544270833332,0.024943033854166668,0.027669270833333332,0.026123046875,0.024585826515244026,0.020222981770833332,0.017985026041666668,0.018272087250233996,0.031331380208333336,0.033203125,0.033610026041666664,0.03679882764796874,0.04899487262960853,0.042561848958333336,0.034627278645833336,0.029581705729166668,0.023885091145833332,0.0224609375,0.02197265625,0.020548502604166668,0.01953125,0.017822265625,0.017130533854166668,0.0162353515625,0.028116861979166668,0.0313720703125,0.031545099316183656,0.027163510486662594,0.046551373346897254,0.037841796875,0.0299072265625,0.025553385416666668,0.02197265625,0.02001953125,0.019938962360122076,0.01965971996092478,0.019002278645833332,0.018391927083333332,0.017008463541666668,0.015505453361549732,0.028279622395833332,0.029988606770833332,0.0283226174005046,0.024253275819972327,0.045735677083333336,0.033894856770833336,0.028645833333333332,0.024088541666666668,0.022379557291666668,0.0206298828125,0.020468788150077317,0.020431420431420433,0.02031510808940276,0.019818499979652463,0.0174560546875,0.016520182291666668,0.030803662258392674,0.034181078331637846,0.037312825520833336,0.03072853072853073,0.06295271425083422,0.054280598958333336,0.047892252604166664,0.041178385416666664,0.035445407561144344,0.03125,0.0306396484375,0.030279597899963373,0.029296875,0.027425130208333332,0.024088541666666668,0.022298177083333332,0.0281982421875,0.0335707019328586,0.0347900390625,0.02868769074262462,0.07344862665310274,0.06791178385416667,0.054402669270833336,0.046061197916666664,0.040323893229166664,0.036092122395833336,0.03524336643333876,0.03463291551359271,0.032999674479166664,0.0303955078125,0.026041666666666668,0.023722330729166668,0.02747029138857236,0.028851631805973794,0.028728382502543236,0.021493120573149883,0.07439664645313582,0.06982421875,0.06331380208333333,0.054361979166666664,0.05265728005208757,0.044392903645833336,0.04345703125,0.042446687286342176,0.039998372395833336,0.037150065104166664,0.030924479166666668,0.027019328585961344,0.026778447012860165,0.026416476717681537,0.0245361328125,0.019297317102959736,0.05709518577300289,0.05388466077896707,0.050740559895833336,0.0411376953125,0.036948118006103765,0.03178802556066588,0.0289306640625,0.026862026862026864,0.025227864583333332,0.020222981770833332,0.017374674479166668,0.014811800610376399,0.014734614132204494,0.014747219619505439,0.013269293389775318,0.010990800293088007,0.04233148811462065,0.0457763671875,0.043375651041666664,0.038614908854166664,0.0362548828125,0.031169888097660223,0.028238932291666668,0.024861653645833332,0.022257486979166668,0.020100911458333332,0.016845703125,0.01318359375,0.01314878892733564,0.013160039113428943,0.012829389483973445,0.010134722617933167,0.03163551972639551,0.0288911495422177,0.024983723958333332,0.018269856770833332,0.014283970211207423,0.010783755188410515,0.008504577822990845,0.007405598958333333,0.006632486979166667,0.006144205729166667,0.005818684895833333,0.00549495278410941,0.005412444552964636,0.005412885108461194,0.00520918118183298,0.004276114844227245,0.00752889467686798,0.013224821973550356,0.013078552803129074,0.009033203125,0.007654099829004153,0.0036240736216304257,0.0034607711412401776,0.0032971058737330567,0.0032565334201742247,0.0032571963682260494,0.003257461623030254,0.003011925597297407,0.0030121707982252617,0.0030138883232191586,0.0030125386744829833,0.0030125386744829833,0.0029331486536032917,0.006551106770833333,0.006512006512006512,0.0057373046875,0.005493387589013225,0.004720820446036138,0.003093077204834968,0.0014243854794074556,0.0013428827215756492,0.0013437029194999796,0.0013443597995681754,0.001344798076531236,0.0013452366393542864,0.001345565749235474,0.0013453463247584492,0.0013445789023346778,0.001100648159471689,0.002034587995930824,0.004313853166205437,0.0042724609375,0.0016687695876918067,0.0013433747201302667,0.0013433200358218677,0.0013436482084690554,0.0013441407681968147,0.0013446336891858855,0.0013454011741682974,0.001346004812986907,0.0013466089937158247,0.0013468838006611976,0.0013471587197909864,0.0013471587197909864,0.0011032566501859192,0.0020365769215103255,0.004455708621183011,0.0037841796875,0.002035002035002035,0.0019536814685172372,0.001872506716600179,0.0018729641693811074,0.0012218466175212806,0.0012227430201752598,0.0012234411320908608,0.0012237405669997961,0.0012244897959183673,0.001224889759921607,0.0012250898399215943,0.0012265423770391267,0.0011831422626575824,0.006113216774666829,0.006918573709419904,0.005940755208333333,0.004477004477004477,0.0036227459600276794,0.0030122934136611575,0.0014655593551538837,0.0011809741000162893,0.0011000651890482399,0.0009780748227239385,0.0009783539195303901,0.0009785134749459778,0.0009789924535998369,0.000979232118813497,0.0009797917942437231,0.000978633175664655,0.0008150623522699486,0.004507457793804294,0.0042724609375,0.0040283203125,0.0038657171922685655,0.0024825004069672797,0.0022800374577582345,0.002158859470468432,0.0019158649926626448,0.0019168807863289693,0.001917741145748327,0.0019182107583054445,0.001918680600914435,0.001919229041610519,0.001919856215023896,0.001917741145748327,0.0015075581632237299,0.004069217805910642,0.0035400390625,0.003173828125,0.0030110677083333335,0.001708984375,0.0013429920234413154,0.0013029846492121015,0.0012220457045093486,0.0012229423994129876,0.0012232914695808187,0.0012237405669997961,0.0012240401485168714,0.0012242899118511264,0.0012247897444272067,0.0012227430201752598,0.0010182055146010672,0.0017565359477124183,0.0011393229166666667],