{"startTime":"2025-03-24T20:33:55.229Z","infectedMalesAtStart":16,"infectedFemalesAtStart":32,"toxinAntitoxinLength":3,"killRate":0.5852442116142499,"rescueRate":0.45856776630460105,"simulationLength":70,"infectionRatio":[0.0042742653606411395,0.0042742653606411395,0.004314218946611541,0.0021080610421153933,0.0013847594998574512,0.001708984375,0.0015869140625,0.0013834635416666667,0.003173828125,0.0035400390625,0.00341796875,0.004313151041666667,0.004842122395833333,0.005900065104166667,0.005859375,0.0069580078125,0.006917599186164801,0.006921260483673968,0.006877187271099536,0.004801432291666667,0.0037841796875,0.0035400390625,0.0020345052083333335,0.0011393229166666667,0.00048828125,0.0024007161458333335,0.0019124348958333333,0.001708984375,0.0016276041666666667,0.0015869140625,0.0015464127294184675,0.0012613932291666667,0.0012613932291666667,0.0012613932291666667,0.0011800130208333333,0.0009765625,0.000732421875,0.0006917317708333334,0.0003255605746144142,0.000244140625,0.00016276041666666666,0.00020345052083333334,0.0001220703125,0.00008138020833333333,0.00008138351983723296,0.00008138020833333333,0.000040690104166666664,0.000040690104166666664,0.000040690104166666664,0.0000406934158053227,0.0008547008547008547,0.0008544921875,0.0008544921875,0.0008544921875,0.0007731434384537131,0.000732421875,0.0007327796775769418,0.000732421875,0.000732421875,0.000732421875,0.000732421875,0.000732421875,0.000732421875,0.000732421875,0.000732421875,0.0005697541917629822,0.001058588819673466,0.0004069010416666667,0.00008138020833333333,0.00008139345596614032],"averageToxinCountInMales":[2.25,2.25,2.25,2.2,2.1,1.8,1.8461538461538463,1.8461538461538463,1.9722222222222223,2.488372093023256,2.5,2.3962264150943398,2.4444444444444446,2.3376623376623376,2.3376623376623376,2.2527472527472527,2.2444444444444445,2.2444444444444445,2.25,2.283333333333333,2.3,2.297872340425532,2.72,2.8666666666666667,3.6666666666666665,2.1,2.0454545454545454,2.05,2.0526315789473686,2.0555555555555554,2.0588235294117645,2.0714285714285716,2.0714285714285716,2.0714285714285716,2.076923076923077,2,2,2,2,2,2,2,2,null,null,null,null,null,null,null,2,2,2,2,2,2,2,2,2,2,2,2,2,2,2,2,2,2,2,2],"averageAntitoxinCountInFemales":[2.59375,2.59375,2.59375,2.6129032258064515,2.2916666666666665,2.2222222222222223,2.230769230769231,2.238095238095238,1.9047619047619047,1.9772727272727273,2.0476190476190474,2.0754716981132075,2.2142857142857144,2.2058823529411766,2.1791044776119404,2.1875,2.1875,2.1875,2.185185185185185,1.9482758620689655,1.8604651162790697,1.85,1.84,2.076923076923077,2.5,2.0344827586206895,2.04,2.0454545454545454,2.0476190476190474,2.0476190476190474,2.0476190476190474,2.0588235294117645,2.0588235294117645,2.0588235294117645,2.0625,2,2,2,2,2,2,2,2,2,2,2,2,2,2,2,2,2,2,2,2,2,2,2,2,2,2,2,2,2,2,2,2,2,2,2],"reproductiveSuccessOverTime":[0,0,0,0.008203107098666422,0.0001650564728932256,0,0,0,0,0,0,0,0,0,0,0,0,0,0,0,0,0,0.000040690104166666664,0.000040690104166666664,0,0,0,0,0.000040690104166666664,0,0,0,0.00008138020833333333,0.0001220703125,0,0,0,0.000040690104166666664,0.00004069507182680177,0.000040690104166666664,0,0,0,0,0,0,0,0,0,0.0000406934158053227,0.0000407000407000407,0,0,0.000040690104166666664,0,0,0,0,0,0,0,0,0,0,0,0,0,0,0,0]}