{"startTime":"2025-03-24T20:43:41.882Z","infectedMalesAtStart":1024,"infectedFemalesAtStart":1024,"toxinAntitoxinLength":3,"killRate":0.057648241313183246,"rescueRate":0.512501964649485,"simulationLength":119,"infectionRatio":[0.08333333333333333,0.08333333333333333,0.08328884143085959,0.082275390625,0.08223470052083333,0.08329264322916667,0.08378092447916667,0.094482421875,0.09273274739583333,0.08467610677083333,0.0853271484375,0.08174641927083333,0.08610026041666667,0.08455403645833333,0.08719889322916667,0.08919270833333333,0.084228515625,0.08379797322046315,0.08695475260416667,0.08707682291666667,0.09549967447916667,0.07950846354166667,0.0799560546875,0.08817545572916667,0.08544921875,0.08162434895833333,0.0794677734375,0.074462890625,0.07600911458333333,0.06921950028485391,0.07584635416666667,0.08296712239583333,0.0804443359375,0.0796906796906797,0.0841064453125,0.08003743489583333,0.07666015625,0.06644694010416667,0.07088216145833333,0.07206217447916667,0.06465657552083333,0.06298828125,0.06510416666666667,0.06380208333333333,0.0635986328125,0.06168870803662258,0.065185546875,0.0728759765625,0.06982421875,0.06917880686904859,0.07234700520833333,0.06355794270833333,0.07039388020833333,0.06465657552083333,0.06681315104166667,0.0654296875,0.0617293997965412,0.058837890625,0.05379450661241099,0.051106770833333336,0.051235095429943436,0.046915690104166664,0.044354018311291966,0.04582078619679336,0.04797753723447546,0.045328776041666664,0.048299153645833336,0.039713541666666664,0.048543294270833336,0.039794921875,0.045328776041666664,0.044718424479166664,0.043131510416666664,0.0341796875,0.030517578125,0.029055098885000408,0.027390012616499124,0.027105123926580113,0.027631953770398406,0.027437410950539386,0.027354880729463488,0.02667263916602191,0.026004150897326335,0.01916581892166836,0.029703776041666668,0.025227864583333332,0.0255126953125,0.018351236979166668,0.014444986979166666,0.009318033854166666,0.008790135514589183,0.008301456824285831,0.008306188925081432,0.00814431730260211,0.007855427571329725,0.007855747313578638,0.007860546572720237,0.007611527189840443,0.005940755208333333,0.004231943031536114,0.014241536458333334,0.014119466145833334,0.010945638020833334,0.009236653645833334,0.006184895833333333,0.004597981770833333,0.0042724609375,0.00427420011397867,0.004276114844227245,0.004278031290743155,0.004276985743380856,0.004277508453171467,0.004277682718161819,0.0041098677517802645,0.0030111902339776194,0.0023197134950349993,0.0024820963541666665,0.00016276041666666666,0.000040690104166666664],"averageToxinCountInMales":[2.4345703125,2.4345703125,2.439800995024876,2.2132132132132134,2.4193548387096775,2.477406679764244,2.3941176470588235,2.453590192644483,2.391614629794826,2.3257874015748032,2.2277614858260018,2.2067553735926304,2.2452651515151514,2.2442528735632186,2.342226310947562,2.3521505376344085,2.346007604562738,2.3396946564885495,2.345940959409594,2.139228598306679,2.185344827586207,2.2445820433436534,2.398365679264556,2.5069767441860464,2.5858490566037737,2.727810650887574,2.8611955420466058,2.8342420937840784,2.7343915343915346,2.6682242990654204,2.7628205128205128,2.7893700787401574,2.833673469387755,2.8309278350515465,3.0206896551724136,2.774093264248705,2.628081457663451,2.293103448275862,2.5068965517241377,2.4611048478015785,2.473358116480793,2.4225352112676055,2.5,2.507712082262211,2.5149156939040207,2.5247657295850066,2.49936628643853,2.463768115942029,2.4971098265895955,2.4765807962529274,2.680225988700565,2.4922077922077923,2.8608490566037736,2.6295336787564767,2.8847117794486214,3.150967741935484,3.2124833997343956,3.171787709497207,3.1570996978851964,3.104761904761905,3.1139240506329116,3.098786828422877,3.1494464944649447,2.9590017825311943,3.0750853242320817,3.0834845735027225,3.3870431893687707,3.3580246913580245,4.108808290155441,3.8358208955223883,3.5178236397748592,3.1487455197132617,3.1591760299625467,3.3597122302158273,3.430517711171662,3.422857142857143,3.4186746987951806,3.1904761904761907,2.987987987987988,2.9788519637462234,2.9757575757575756,2.9626168224299065,3.1140939597315436,2.743119266055046,3.2275132275132274,3.3140243902439024,2.7717717717717716,3.0606060606060606,3.167539267015707,3.806451612903226,3.847457627118644,3.8421052631578947,3.8421052631578947,3.892857142857143,3.9166666666666665,3.9166666666666665,3.9166666666666665,3.9622641509433962,4.056179775280899,3.909090909090909,5.417989417989418,5.650793650793651,5.226950354609929,5.3474576271186445,6.397590361445783,6.453125,6.491525423728813,6.491525423728813,6.491525423728813,6.491525423728813,6.491525423728813,6.491525423728813,6.491525423728813,6.473684210526316,6.324324324324325,6.310344827586207,6.642857142857143,3.6666666666666665,7],"averageAntitoxinCountInFemales":[2.5458984375,2.5458984375,2.5454545454545454,2.302052785923754,2.4120505344995142,2.443148688046647,2.4157844080846966,2.402542372881356,2.3575129533678756,2.3183098591549296,2.196461824953445,2.1647286821705425,2.1915094339622643,2.234042553191489,2.3134469696969697,2.319702602230483,2.3202357563850686,2.310583580613254,2.3228869895536564,2.105849582172702,2.091828138163437,2.0568527918781725,2.235294117647059,2.4056776556776556,2.5346153846153845,2.632056451612903,2.7577639751552794,2.7305585980284777,2.6522210184182016,2.629585798816568,2.6821120689655173,2.6852394916911044,2.7071213640922767,2.7135627530364372,2.915399239543726,2.8013972055888225,2.6119873817034702,2.3605359317904995,2.4977064220183487,2.5463800904977374,2.5971867007672635,2.490221642764016,2.58875,2.5924050632911393,2.5934343434343434,2.6033810143042913,2.5879458794587946,2.4563758389261743,2.5158636897767335,2.50354609929078,2.664053751399776,2.486111111111111,2.86281179138322,2.690330477356181,2.8708530805687205,3.2280912364945977,3.357329842931937,3.3808219178082193,3.396969696969697,3.3450479233226837,3.3700159489633172,3.373263888888889,3.375912408759124,3.1823008849557524,3.2715008431703203,3.2539964476021312,3.422222222222222,3.426530612244898,4.074918566775244,3.8231827111984282,3.5180722891566263,3.258780036968577,3.3612167300380227,3.49645390070922,3.6109660574412534,3.60989010989011,3.601173020527859,3.2877492877492878,3.2283236994219653,3.239067055393586,3.2339181286549707,3.2035928143712575,3.3255131964809386,3.059288537549407,3.21875,3.2945205479452055,2.7551020408163267,3.1863636363636365,3.152439024390244,4.066666666666666,4.163265306122449,4.177777777777778,4.177777777777778,4.159090909090909,4.1647058823529415,4.1647058823529415,4.1647058823529415,4.271604938271605,4.614035087719298,4.530612244897959,5.801242236024844,5.715189873417722,5.4140625,5.458715596330276,6.565217391304348,6.6938775510204085,6.782608695652174,6.782608695652174,6.782608695652174,6.782608695652174,6.782608695652174,6.782608695652174,6.782608695652174,6.7727272727272725,6.72972972972973,6.642857142857143,6.696969696969697,2,null],"reproductiveSuccessOverTime":[0,0,0,0,0,0,0,0,0,0,0,0,0,0,0,0.00008138020833333333,0,0,0.000040690104166666664,0,0,0,0,0,0,0,0,0,0,0.0000406934158053227,0,0,0.000040690104166666664,0.0001221001221001221,0,0,0,0,0,0,0,0,0,0,0.000040690104166666664,0.00004069175991861648,0,0,0,0,0,0,0,0,0.000020345052083333332,0,0,0,0,0,0,0,0,0,0.0000406934158053227,0,0,0,0,0,0,0,0,0,0.00008138020833333333,0.0000813868316106454,0,0,0,0,0,0,0.00004069507182680177,0,0,0,0,0,0,0,0,0,0.000040716612377850165,0,0,0,0.000040728220584042684,0,0,0,0,0,0,0,0,0,0,0,0,0.00004074315514993481,0.000040733197556008144,0.000040738175744490164,0.00004073983541106494,0.00004069175991861648,0,0,0,0,0]}