{"startTime":"2025-03-24T20:43:41.882Z","infectedMalesAtStart":1024,"infectedFemalesAtStart":1024,"toxinAntitoxinLength":3,"killRate":0.5086797226253267,"rescueRate":0.8611141892475841,"simulationLength":150,"infectionRatio":[0.08333333333333333,0.08333333333333333,0.08316872427983539,0.08121744791666667,0.08072916666666667,0.0631103515625,0.06306966145833333,0.0687255859375,0.07080078125,0.07096354166666667,0.0751953125,0.0711669921875,0.07218424479166667,0.07930501302083333,0.07845052083333333,0.07767740885416667,0.08089521871820957,0.0808126043235761,0.07991536458333333,0.07389322916666667,0.08060709635416667,0.06486002604166667,0.061604817708333336,0.06355794270833333,0.0765380859375,0.07316378433367243,0.07767740885416667,0.06998697916666667,0.06913248697916667,0.0689697265625,0.0654296875,0.06559244791666667,0.0679931640625,0.07017829520475453,0.063944969065451,0.052327473958333336,0.054280598958333336,0.054443359375,0.05224609375,0.050946083418107836,0.059611002604166664,0.0540771484375,0.060587565104166664,0.0567626953125,0.054972330729166664,0.055257161458333336,0.052734375,0.049601236979166664,0.052899287894201424,0.05127579050177024,0.053141276041666664,0.046915690104166664,0.036905924479166664,0.0367431640625,0.033243815104166664,0.033040364583333336,0.03515625,0.030354817708333332,0.0431048518397916,0.044392903645833336,0.039713541666666664,0.037801106770833336,0.037321937321937323,0.0364990234375,0.037760416666666664,0.03769897813784961,0.036783854166666664,0.036865234375,0.0341796875,0.047932942708333336,0.041666666666666664,0.032267252604166664,0.03670546105640107,0.0323486328125,0.04073410922112802,0.039469401041666664,0.038779247202441504,0.038330078125,0.03772586684030604,0.03679283679283679,0.03817042402539269,0.03695563695563696,0.0330810546875,0.0345458984375,0.030558268229166668,0.043416341145833336,0.032185872395833336,0.024617513020833332,0.02807731434384537,0.0294189453125,0.0313720703125,0.030029296875,0.028078456905672664,0.027508749084398144,0.026622160709924285,0.026583618303207948,0.02626007654099829,0.025353029748097507,0.0218505859375,0.018107096354166668,0.016031901041666668,0.032674153645833336,0.023844401041666668,0.019571940104166668,0.014892578125,0.013022952954582452,0.011922200520833334,0.011924141299039558,0.011924626592324284,0.01188392820805014,0.011889250814332248,0.01189118748981919,0.011882960973426119,0.01184998167528607,0.009928385416666666,0.0074462890625,0.006062825520833333,0.019612630208333332,0.013387044270833334,0.009196337741607325,0.006999552354209905,0.0050468050468050465,0.005005290144054692,0.0050061050061050065,0.004965809182676652,0.0049660113159929985,0.004966617814688161,0.004965202881445607,0.004761710960074885,0.004682791758286505,0.0037841796875,0.0018310546875,0.0010579857578840285,0.0031331380208333335,0.0019124348958333333,0.00008138020833333333,0.00008138020833333333,0.0000406934158053227,0.0000406934158053227,0.0000406934158053227,0.000040690104166666664,0.000040690104166666664,0.000040690104166666664,0.00004069175991861648,0.00004069175991861648,0.0000407000407000407,0.000040690104166666664,0.000040690104166666664,0.000040690104166666664,0.000040690104166666664],"averageToxinCountInMales":[2.546875,2.546875,2.543,2.5364891518737673,2.8618290258449304,2.7919375812743823,2.754017305315204,2.7161066048667437,2.66289592760181,2.6265750286368843,2.5932388222464557,2.5261324041811846,2.519119351100811,2.6631467793030623,2.6416309012875536,2.613289760348584,2.684647302904564,2.6899063475546305,2.6766275346851653,2.8757126567844926,2.7648970747562296,2.4600811907983764,2.414985590778098,2.4355742296918765,2.427437641723356,2.586448598130841,2.799575821845175,2.806791569086651,2.755924170616114,2.7425860023724793,2.727840199750312,2.690863579474343,2.7454545454545456,2.750585480093677,2.6044098573281453,2.578864353312303,2.5665680473372783,2.10932944606414,2.1604754829123327,1.8711656441717792,1.712962962962963,1.6923076923076923,1.8326745718050066,1.820113314447592,1.8230994152046784,1.8208516886930983,1.803379416282642,1.797077922077922,1.7164404223227752,1.6443057722308891,1.7335329341317365,1.696095076400679,1.7748344370860927,1.9155251141552512,1.994949494949495,1.9949748743718594,1.7686746987951807,1.7645348837209303,1.7211538461538463,1.6611111111111112,1.7166324435318274,1.6868250539956804,1.6717724288840263,1.6287015945330297,1.5826086956521739,1.5285087719298245,1.5942350332594235,1.547008547008547,1.6291079812206573,1.7439222042139384,1.855072463768116,1.7972350230414746,1.7829614604462474,1.8587962962962963,1.6753731343283582,1.6833976833976834,1.6956521739130435,1.6927710843373494,1.6687116564417177,1.6869747899159664,1.6646090534979423,1.6616702355460387,1.7122302158273381,1.605140186915888,1.5930851063829787,1.7126436781609196,1.7526315789473683,1.6446886446886446,1.8856209150326797,2.1748466257668713,1.784366576819407,1.7285318559556786,1.7410714285714286,1.7195121951219512,1.6813880126182965,1.6835443037974684,1.6881028938906752,1.68,1.6254826254826256,1.634517766497462,1.5662650602409638,1.7554479418886197,1.8631921824104234,1.8857142857142857,1.9195979899497488,1.904494382022472,1.9451219512195121,1.9451219512195121,1.9451219512195121,1.9447852760736197,1.9447852760736197,1.9447852760736197,1.9447852760736197,1.9444444444444444,1.9333333333333333,1.970873786407767,1.9726027397260273,2,2,2,2,2,2,2,2,2,2,2,2,2,2,2,2,2,2,2,2,2,2,2,2,2,2,2,2,2,2,2,2,2],"averageAntitoxinCountInFemales":[2.515625,2.515625,2.5181194906953968,2.5285132382892055,2.7740286298568506,2.6406649616368285,2.5978407557354926,2.5944309927360774,2.6226635514018692,2.5763490241102183,2.5456498388829214,2.4853603603603602,2.472008781558727,2.5818363273453095,2.5622489959839356,2.549949545913219,2.6337890625,2.6337890625,2.6582278481012658,2.8285410010649628,2.877126654064272,2.639766081871345,2.598780487804878,2.545990566037736,2.5285285285285286,2.605095541401274,2.771221532091097,2.775981524249423,2.7473684210526317,2.727699530516432,2.680297397769517,2.6654366543665438,2.730496453900709,2.740229885057471,2.63375,2.598159509202454,2.5303951367781155,2.1196319018404908,2.0965630114566283,1.8216666666666668,1.6093088857545839,1.6003062787136293,1.7835616438356163,1.776487663280116,1.815592203898051,1.8345642540620384,1.7674418604651163,1.771144278606965,1.7095761381475667,1.680129240710824,1.7460815047021943,1.7624113475177305,1.7907488986784141,1.9096774193548387,1.9358669833729216,1.9444444444444444,1.6570155902004455,1.6492537313432836,1.588126159554731,1.5245009074410163,1.6421267893660532,1.6373390557939915,1.6195652173913044,1.574235807860262,1.5427350427350428,1.4893617021276595,1.4966887417218544,1.45662100456621,1.538647342995169,1.6720142602495545,1.777542372881356,1.7409470752089136,1.743276283618582,1.81267217630854,1.6172043010752688,1.6150442477876106,1.6152125279642058,1.6058558558558558,1.582191780821918,1.5957943925233644,1.5575221238938053,1.5487528344671202,1.5858585858585859,1.479809976247031,1.512,1.653211009174312,1.7007299270072993,1.6506024096385543,1.8828125,2.0352644836272042,1.8325,1.7612732095490715,1.7994350282485876,1.7902298850574712,1.7507418397626113,1.7507418397626113,1.7544910179640718,1.761609907120743,1.7374100719424461,1.7016129032258065,1.7017543859649122,1.7538461538461538,1.8387096774193548,1.8728813559322033,1.8982035928143712,1.8943661971830985,1.945736434108527,1.945736434108527,1.945736434108527,1.945736434108527,1.945736434108527,1.945736434108527,1.945736434108527,1.945736434108527,1.9357798165137614,1.975,1.9736842105263157,2.004291845493562,2.006289308176101,2.009009009009009,2.0125,2.0172413793103448,2.0172413793103448,2.0172413793103448,2.0172413793103448,2.0172413793103448,2.0172413793103448,2.0172413793103448,2.0185185185185186,2.018867924528302,2.0232558139534884,2,2,2,2,2,2,null,null,null,null,null,null,null,null,null,null,null,null,null],