{"startTime":"2025-03-24T20:33:55.228Z","infectedMalesAtStart":16,"infectedFemalesAtStart":32,"toxinAntitoxinLength":3,"killRate":0.04081100388175807,"rescueRate":0.4408720361461895,"simulationLength":71,"infectionRatio":[0.0038989521566079118,0.0038989521566079118,0.003941210279990147,0.00874777975133215,0.006796630173782101,0.007527669270833333,0.006998697916666667,0.006795247395833333,0.009358723958333334,0.009236653645833334,0.009765625,0.0089111328125,0.008544921875,0.0076904296875,0.006917317708333333,0.009928385416666666,0.009602864583333334,0.00960755577267546,0.009847005208333334,0.009114583333333334,0.0091552734375,0.007080078125,0.006022135416666667,0.004720052083333333,0.004150390625,0.0034586588541666665,0.0029296875,0.0027266807748657007,0.0024821973550356053,0.0019938151041666665,0.0015462239583333333,0.0016683621566632757,0.00244140625,0.0024418036789842098,0.0023600260416666665,0.006591796875,0.006795247395833333,0.0054931640625,0.005452473958333333,0.005330403645833333,0.005208333333333333,0.0037027994791666665,0.0033365885416666665,0.0026041666666666665,0.0024820963541666665,0.0024007161458333335,0.0024007161458333335,0.0024007161458333335,0.0024009115325140393,0.0024010092377813046,0.0014247333713262233,0.008056640625,0.007853190104166666,0.0059814453125,0.0050048828125,0.004354195491169529,0.004679361979166667,0.0013430466810467625,0.0009765625,0.0009765625,0.0009765625,0.0009765625,0.0009765625,0.0009767214715936839,0.0009360628383053192,0.0009358723958333334,0.0007733637251709541,0.0001220703125,0.000040690104166666664,0.0000406934158053227,0.00004069175991861648],"averageToxinCountInMales":[2.6875,2.6875,2.6875,3.1818181818181817,3.1125,3.0425531914893615,3.0114942528735633,3,3.30327868852459,3.272727272727273,2.9365079365079363,2.966386554621849,2.9298245614035086,2.825242718446602,2.7934782608695654,2.590551181102362,2.556451612903226,2.556451612903226,2.688,3.0982142857142856,3.2710280373831777,3.123456790123457,3.140625,3.3,3.2325581395348837,3.25,3.3529411764705883,3.3125,3.3548387096774195,3.2916666666666665,3.375,3,2.0714285714285716,2.0714285714285716,2.074074074074074,3.7176470588235295,3.561797752808989,3.8714285714285714,3.869565217391304,3.8656716417910446,3.927536231884058,4.020408163265306,4,4,4,4,4,4,4,4,4,4,4,4,4,4,4,4,4,4,4,4,4,4,4,4,4,4,4,4,4],"averageAntitoxinCountInFemales":[2.53125,2.53125,2.53125,2.979591836734694,3.057471264367816,3.087912087912088,3.0823529411764707,3.1341463414634148,3.25,3.2641509433962264,2.8596491228070176,2.89,2.8541666666666665,2.7209302325581395,2.769230769230769,2.4957264957264957,2.4285714285714284,2.4285714285714284,2.52991452991453,2.919642857142857,3.1271186440677967,3.053763440860215,3.0238095238095237,3.303030303030303,3.2203389830508473,3.111111111111111,3.236842105263158,3.1714285714285713,3.1333333333333333,3.28,3.5,3.391304347826087,2.625,2.625,2.5806451612903225,3.8181818181818183,3.6923076923076925,3.9076923076923076,3.9076923076923076,3.90625,3.9491525423728815,4,4,4,4,4,4,4,4,4,4,4,4,4,4,4,4,4,4,4,4,4,4,4,4,4,4,null,null,null,null],"reproductiveSuccessOverTime":[0,0,0,0.008703374777975134,0.00012209515282243295,0,0.000040690104166666664,0,0,0,0.000040690104166666664,0.000040690104166666664,0.000040690104166666664,0,0,0.000040690104166666664,0,0,0,0,0,0,0,0,0,0,0,0,0.00004069175991861648,0,0.000040690104166666664,0,0,0.00004069672798307016,0,0,0,0,0,0,0,0,0,0,0,0.000040690104166666664,0.000040690104166666664,0.0001220703125,0.0000406934158053227,0,0,0,0,0,0,0,0,0,0,0,0.000040690104166666664,0,0,0,0,0.000040690104166666664,0.00004070335395636601,0,0,0,0]}