{"startTime":"2025-03-24T20:33:55.228Z","infectedMalesAtStart":16,"infectedFemalesAtStart":32,"toxinAntitoxinLength":3,"killRate":0.03914184661412512,"rescueRate":0.9279420370361429,"simulationLength":138,"infectionRatio":[0.004134366925064599,0.004134366925064599,0.004000347856335334,0.0020725865880619012,0.0013854366162748054,0.005696614583333333,0.005452473958333333,0.0062255859375,0.011027018229166666,0.010416666666666666,0.011311848958333334,0.0128173828125,0.0118408203125,0.011637369791666666,0.011474609375,0.011189778645833334,0.009928385416666666,0.009931618365353305,0.00964433954586148,0.008219401041666666,0.005086263020833333,0.0101318359375,0.012532552083333334,0.011311848958333334,0.023030598958333332,0.02486367705705217,0.022706926019370067,0.019612630208333332,0.01904296875,0.017985026041666668,0.017049153645833332,0.015380859375,0.015340793489318412,0.015260030926996012,0.0146484375,0.0125732421875,0.0106201171875,0.011474609375,0.010294596354166666,0.013427734375,0.02311291963377416,0.022542317708333332,0.025349934895833332,0.022379557291666668,0.020263671875,0.018839518229166668,0.0167236328125,0.015625,0.0155029296875,0.015259409969481181,0.013795067958004396,0.011271158854166666,0.007039388020833333,0.011271158854166666,0.011311848958333334,0.018880208333333332,0.020955403645833332,0.022706926019370067,0.019734700520833332,0.015950520833333332,0.0146484375,0.01318359375,0.0126953125,0.012451171875,0.012372812372812373,0.011637369791666666,0.00989010989010989,0.009236653645833334,0.007649739583333333,0.017293294270833332,0.016072591145833332,0.027058919270833332,0.025594075520833332,0.022829006266786033,0.017333984375,0.014363606770833334,0.0113525390625,0.012166341145833334,0.010946083418107834,0.009073893229166666,0.009073893229166666,0.008995075094631447,0.008099967437316835,0.0074462890625,0.005208333333333333,0.024617513020833332,0.021077473958333332,0.027303059895833332,0.026326497395833332,0.02413119557255636,0.023030598958333332,0.02197265625,0.019246419270833332,0.018513997395833332,0.016764322916666668,0.014567057291666666,0.014323499491353002,0.0123291015625,0.009400944164089207,0.007527669270833333,0.004964394710071211,0.013875325520833334,0.013142903645833334,0.0128173828125,0.012003580729166666,0.011881993896236013,0.009440104166666666,0.008097330729166666,0.003946940104166667,0.0034586588541666665,0.00341796875,0.0033772786458333335,0.0032958984375,0.003296300817970944,0.0011802051115090346,0.0010172526041666667,0.0007731119791666666,0.0007731119791666666,0.0007731119791666666,0.0006103515625,0.001953125,0.0021158854166666665,0.00146484375,0.00146484375,0.0014649033570701933,0.00020345052083333334,0.00020345052083333334,0.00020345052083333334,0.00020345052083333334,0.0002034670790266135,0.00020353333876088904,0.00020345052083333334,0.00008138351983723296,0.00008141002157365571,0.00008138020833333333,0.00008138020833333333,0.000040690104166666664,0.00004069175991861648],"averageToxinCountInMales":[2.875,2.875,2.8666666666666667,2.8666666666666667,3,1.5942028985507246,1.5606060606060606,1.5866666666666667,2.074626865671642,2.116279069767442,2.0142857142857142,2.3248407643312103,2.386206896551724,2.3943661971830985,2.407142857142857,2.466666666666667,2.5210084033613445,2.5210084033613445,2.5384615384615383,2.3867924528301887,2.2222222222222223,2.145038167938931,1.9877300613496933,1.8652482269503545,2.4161073825503356,2.195046439628483,2.204778156996587,2.361788617886179,2.3625,2.327433628318584,2.3454545454545452,2.4041450777202074,2.4010416666666665,2.4105263157894736,2.331460674157303,2.3694267515923566,2.4656488549618323,2.3358208955223883,2.4615384615384617,2.1788079470198674,2.7445255474452557,2.6981818181818182,3.0721311475409836,3.1254752851711025,3.0129310344827585,2.967889908256881,2.881720430107527,2.8092485549132946,2.8197674418604652,2.844311377245509,2.9133333333333336,2.7578125,2.55,2.223021582733813,2.240875912408759,2.1026785714285716,1.8972332015810276,1.8917910447761195,2.175,1.9637305699481866,1.8361581920903955,1.8819875776397517,1.9019607843137254,1.9072847682119205,1.8866666666666667,1.881118881118881,1.8016528925619835,1.817391304347826,1.7741935483870968,1.905829596412556,1.8985507246376812,1.9495548961424332,1.9514563106796117,1.979020979020979,1.9820627802690582,1.988950276243094,2,2,2,2,2,2,2,2,2,2,2,2,2,2,2,2,2,2,2,2,2,2,2,2,2,2,2,2,2,2,2,2,2,2,2,2,2,2,2,2,2,2,2,2,2,2,2,2,2,2,2,2,2,2,2,2,2,2,2,2,2,2],"averageAntitoxinCountInFemales":[2.21875,2.21875,2.193548387096774,2.1,1.9090909090909092,1.4366197183098592,1.4264705882352942,1.5256410256410255,1.8613138686131387,1.9291338582677164,1.9275362318840579,2.1392405063291138,2.1780821917808217,2.1666666666666665,2.176056338028169,2.157142857142857,2.168,2.168,2.2,2.1041666666666665,2,1.9576271186440677,1.8275862068965518,1.7956204379562044,2.376865671641791,2.1840277777777777,2.1849056603773587,2.3008474576271185,2.324561403508772,2.2175925925925926,2.2160804020100504,2.2594594594594595,2.2594594594594595,2.2594594594594595,2.2252747252747254,2.3289473684210527,2.4384615384615387,2.324324324324324,2.3455882352941178,2.2960893854748603,2.816326530612245,2.738351254480287,3.106918238993711,3.1358885017421603,3.06390977443609,3.0979591836734692,3.1155555555555554,3.014218009478673,3.0239234449760763,3.019230769230769,3.0264550264550265,2.8187919463087248,2.5806451612903225,2.1594202898550723,2.148936170212766,2.0458333333333334,1.9694656488549618,1.9482758620689655,2.126530612244898,1.9899497487437185,1.9125683060109289,1.9447852760736197,1.949685534591195,1.9483870967741936,1.948051948051948,1.944055944055944,1.959016393442623,1.9196428571428572,1.8736842105263158,1.9158415841584158,1.9095744680851063,1.951219512195122,1.94375,1.970909090909091,1.9605911330049262,1.9767441860465116,1.992537313432836,2,2,2,2,2,2,2,2,2,2,2,2,2,2,2,2,2,2,2,2,2,2,2,2,2,2,2,2,2,2,2,2,2,2,2,2,2,2,2,2,2,2,2,2,2,2,2,2,2,2,2,2,2,2,2,null,null,null,null,null,null],"reproductiveSuccessOverTime":[0,0,0,0.010362932940309506,0.0007334664439101912,0,0,0,0,0,0,0,0,0,0,0,0.00008138020833333333,0.00004070335395636601,0.0000406934158053227,0,0,0,0,0,0,0,0,0,0,0,0,0,0,0,0.00008138020833333333,0.000040690104166666664,0,0,0,0,0.00004069175991861648,0,0,0,0,0,0,0,0,0.00004069175991861648,0,0,0,0,0,0,0,0,0,0,0,0,0,0,0.0000814000814000814,0.000040690104166666664,0,0,0,0.000040690104166666664,0,0,0,0,0,0,0,0,0,0,0.000040690104166666664,0.00004070169726077577,0,0,0,0,0,0,0,0,0,0,0,0,0,0,0,0,0,0,0,0.000040690104166666664,0,0,0,0,0,0,0,0,0.000040690104166666664,0.000040690104166666664,0.000040690104166666664,0.00008139014365360354,0,0,0,0,0,0,0,0,0,0.00008138020833333333,0.00008138351983723296,0,0,0,0,0,0,0,0,0,0,0,0,0]}