{"startTime":"2025-03-24T21:01:06.836Z","infectedMalesAtStart":2056,"infectedFemalesAtStart":4096,"toxinAntitoxinLength":3,"killRate":1,"rescueRate":0.5,"simulationLength":200,"infectionRatio":[0.2503255208333333,0.2503255208333333,0.2511196022843995,0.2572021484375,0.2834065755208333,0.3053385416666667,0.3004557291666667,0.3091227213541667,0.3218994140625,0.3169759114583333,0.3158772786458333,0.3119303385416667,0.3140055338541667,0.3160807291666667,0.3157680569684639,0.3175455729166667,0.3185628255208333,0.3184521384928717,0.3230481152812831,0.2872721354166667,0.2854817708333333,0.2764892578125,0.2530517578125,0.2506103515625,0.2551676432291667,0.23518880208333334,0.2308443540183113,0.22972201842341242,0.23524623524623525,0.22848652609297404,0.2233033424255995,0.22269249552335993,0.21933251933251932,0.21849975486190554,0.21685471060241945,0.18892415364583334,0.1888427734375,0.17928059895833334,0.15926106770833334,0.1502685546875,0.14149637710657006,0.12766044032067717,0.12366729063237568,0.12418540241120886,0.1237130183534774,0.1229755025636852,0.1122415757773075,0.10746256510416667,0.10571521615240577,0.10505313734272569,0.10336548244007651,0.09261067708333333,0.11507629704984741,0.111083984375,0.09883626302083333,0.08638509114583333,0.07576497395833333,0.07101001058028811,0.06831868489583333,0.06654998371865842,0.06987343832661864,0.06449643947100712,0.06234485003866032,0.060262044270833336,0.058430989583333336,0.05571835571835572,0.05376256562614464,0.047932942708333336,0.06795247395833333,0.0665283203125,0.06319173177083333,0.05615234375,0.0439453125,0.0382080078125,0.0372314453125,0.036214192708333336,0.034059003051881996,0.0322265625,0.03446732318710832,0.0322265625,0.031005859375,0.03044115253133648,0.0325927734375,0.029296875,0.054402669270833336,0.0662841796875,0.06705729166666667,0.062337239583333336,0.055826822916666664,0.053141276041666664,0.05680800846423049,0.05672662163261984,0.0552978515625,0.0574951171875,0.056982376165086085,0.055501302083333336,0.0548095703125,0.053951708131438576,0.05058603288295621,0.0367431640625,0.060017903645833336,0.0703125,0.06791178385416667,0.062174479166666664,0.055379231770833336,0.05335992510887704,0.05062260926182144,0.04981279505127788,0.04903756155129614,0.0485879384715553,0.048467830545720916,0.04822954822954823,0.04790199829066786,0.047223579221625143,0.046305338541666664,0.030680338541666668,0.035074869791666664,0.059285481770833336,0.0594482421875,0.05440488301119024,0.0509033203125,0.049405827771447176,0.048398257825538325,0.04777990313784543,0.0464907995440482,0.04553044186520057,0.04533420227281985,0.0453268173488088,0.045237998289832645,0.04486004155971152,0.0418701171875,0.029581705729166668,0.03568667344862665,0.0535888671875,0.052571614583333336,0.04671414038657172,0.04216181019046069,0.038433352332871915,0.03743075920495275,0.03678057920247648,0.03622066492829205,0.03578415389631562,0.03559342765115995,0.035514780835881755,0.035396786559008235,0.035182844795955806,0.030314127604166668,0.022501627604166668,0.022298177083333332,0.0279541015625,0.048055013020833336,0.039676080410189635,0.0341796875,0.03377828422594823,0.03330076534766325,0.032108222638741746,0.031711094807206325,0.03164892532321873,0.03158539073658437,0.031446540880503145,0.031345659360842416,0.030941301330720875,0.026004150897326335,0.0205078125,0.016805013020833332,0.027384440104166668,0.029866536458333332,0.02535199804671604,0.021732052742959466,0.01921745857253369,0.018944795273986556,0.01858569390666395,0.018507949449653484,0.018358355091383814,0.018157336379957565,0.017921293272371,0.01781336819741788,0.02002528651250051,0.013106479973949854,0.009114583333333334,0.005289713541666667,0.006266276041666667,0.007609049479166667,0.005086263020833333,0.002522889114954222,0.0023602181167087163,0.002197891652081892,0.002158068325257543,0.001913758703530274,0.0019146942599910376,0.0017933564295903811,0.0017935026291118086,0.0016721044045676999,0.0019966586528666315,0.0013428280773143438,0.0006511476477291225,0.0002848307291666667,0.000244140625,0.00008138020833333333,0.00008138020833333333],"averageToxinCountInMales":[2.5179961089494163,2.5179961089494163,2.522277227722772,2.493927125506073,2.470220467258967,2.4839836924868957,2.5703466355956888,2.6044880785413747,2.611036699705331,2.6226566684520622,2.6503739316239314,2.662463107056614,2.595886752136752,2.5595895816890293,2.5564622269018162,2.531652219595482,2.502222222222222,2.5023584905660377,2.4735339906590554,2.5245227606461085,2.5174763033175354,2.5405405405405403,2.5836120401337794,2.6451831750339214,2.6513700891383296,2.622342342342342,2.5389374090247454,2.5472470238095237,2.406773488710852,2.386380737396539,2.3225930187955504,2.342125382262997,2.331386292834891,2.328192961644919,2.3184158415841583,2.2848101265822787,2.3672342383801195,2.484315589353612,2.4223635400105987,2.5618294748729533,2.524639423076923,2.745257452574526,2.5699226985242447,2.593727726300784,2.4768451519536905,2.4669540229885056,2.4952305246422894,2.495819397993311,2.4434121621621623,2.460616438356164,2.437062937062937,2.1366336633663368,1.9954022988505746,2.2580392156862743,2.2741208295761948,2.2668024439918533,2.1800232288037167,2.4310344827586206,2.4209150326797384,2.43606998654105,2.1713554987212276,2.2376933895921236,2.218208092485549,2.2059701492537314,2.2342064714946073,2.220949263502455,2.201694915254237,1.911487758945386,2.135,2.2222222222222223,2.2647462277091908,2.2992248062015506,2.4645669291338583,2.481818181818182,2.3623853211009176,2.3551401869158877,2.29,2.2419354838709675,1.9482758620689655,1.9601063829787233,1.9721448467966574,1.9603399433427762,1.7480106100795756,1.6424242424242423,1.880690737833595,2.3638709677419354,2.4220779220779223,2.4922425952045133,2.529968454258675,2.601990049751244,2.3987635239567235,2.390625,2.4105431309904155,2.2830769230769232,2.2806201550387595,2.3248407643312103,2.332797427652733,2.3758169934640523,2.4051724137931036,2.36272040302267,2.370990237099024,2.623529411764706,2.6584158415841586,2.7221476510067113,2.76030534351145,2.7914012738853504,2.8149405772495757,2.82842287694974,2.8300884955752212,2.8,2.8,2.7992831541218637,2.8014440433212995,2.821167883211679,2.821167883211679,2.8470254957507084,2.9285714285714284,2.8881019830028327,2.8956639566395665,2.8933933933933935,2.8926282051282053,2.9215358931552586,2.9434931506849313,2.9495652173913043,2.9461400359066428,2.948905109489051,2.948717948717949,2.948717948717949,2.948717948717949,2.9482439926062844,2.9448818897637796,2.947521865889213,2.966666666666667,2.9843260188087775,2.9854132901134522,2.998137802607076,2.9979466119096507,2.9977477477477477,2.9976744186046513,2.9976303317535544,2.997601918465228,2.997560975609756,2.9975429975429977,2.9975308641975307,2.997518610421836,2.997506234413965,2.997084548104956,3,3,3,3.0017241379310344,3.002044989775051,3.0024096385542167,3.0024570024570023,3.002493765586035,3.0026315789473683,3.002666666666667,3.002666666666667,3.002666666666667,3.002680965147453,3.0026954177897576,3.0027397260273974,3.0031645569620253,3.00398406374502,3.0049751243781095,3.0030395136778116,3.0027624309392267,3.0033333333333334,3.003968253968254,3.0045045045045047,3.0045871559633026,3.0047169811320753,3.004739336492891,3.0048076923076925,3.004878048780488,3.0049751243781095,3.0050251256281406,3.004291845493562,3.0067114093959733,3.0096153846153846,3.015151515151515,3,3,3,3,3,3,3,3,3,3,3,3,3,3,3,null,null,null,null],