{"startTime":"2025-03-24T20:43:41.882Z","infectedMalesAtStart":1024,"infectedFemalesAtStart":1024,"toxinAntitoxinLength":3,"killRate":0.2588474289675051,"rescueRate":0.8611141892475841,"simulationLength":120,"infectionRatio":[0.08333333333333333,0.08333333333333333,0.08328539732106172,0.08056640625,0.08097330729166667,0.07784016927083333,0.07779947916666667,0.07206217447916667,0.06844075520833333,0.06892903645833333,0.06884765625,0.068115234375,0.06697591145833333,0.07088216145833333,0.07511393229166667,0.07963053385416667,0.08125813802083333,0.08095897101921198,0.08142752502645072,0.0869140625,0.08736165364583333,0.0848388671875,0.07817205176202491,0.07560221354166667,0.06563313802083333,0.05879959308240081,0.056599934895833336,0.05139369277721261,0.04634791454730417,0.05339193423676393,0.052490234375,0.05041914218279482,0.0494384765625,0.04976804752990966,0.0566452348010092,0.049275716145833336,0.048502604166666664,0.040730794270833336,0.042032877604166664,0.03173828125,0.02880859375,0.029296875,0.027466937945066123,0.025519964182506412,0.023396809895833332,0.026041666666666668,0.0247802734375,0.0323486328125,0.031819661458333336,0.030476888020833332,0.030476888020833332,0.031656901041666664,0.034464518229166664,0.027994791666666668,0.02364287458289249,0.023030598958333332,0.021688708036622584,0.0194091796875,0.015299479166666666,0.012898763020833334,0.014729817708333334,0.018636067708333332,0.017908746794741342,0.023763020833333332,0.0235595703125,0.022828077314343845,0.023478190104166668,0.024698893229166668,0.02669379450661241,0.0208740234375,0.01611328125,0.010945638020833334,0.009440104166666666,0.006592333360462277,0.005574544270833333,0.005452917717913242,0.005045778229908444,0.0037434895833333335,0.0034993489583333335,0.003173828125,0.003500061047576411,0.0032145182291666665,0.0028892325221779114,0.005126953125,0.0086669921875,0.0078125,0.00634765625,0.006348431204981077,0.004191080729166667,0.004150390625,0.003987630208333333,0.003987630208333333,0.0034586588541666665,0.0032958984375,0.0025634765625,0.0025227864583333335,0.0024820963541666665,0.0024417043096081063,0.0019124348958333333,0.0026448567708333335,0.0034993489583333335,0.0030110677083333335,0.0024820963541666665,0.0022786458333333335,0.0021565755208333335,0.0018719733040328816,0.0018717447916666667,0.0018717447916666667,0.0015466644959094794,0.0009358723958333334,0.0008951822916666666,0.00048828125,0.0001220703125,0.0001220802474159681,0.0001220703125,0.00008138020833333333,0.0017496744791666667,0.001708984375,0.001708984375,0.00008138020833333333],"averageToxinCountInMales":[2.4619140625,2.4619140625,2.4587064676616914,2.3905146316851664,2.475510204081633,2.4908896034297965,2.4021390374331553,2.4417531718569783,2.449004975124378,2.479064039408867,2.4993997599039615,2.3582629674306395,2.4532199270959905,2.3500570125427593,2.447311827956989,2.320525783619818,2.3572139303482587,2.3602794411177643,2.3842315369261478,2.2776735459662287,2.2430426716141003,2.2302504816955686,2.019607843137255,2.13107822410148,2.062730627306273,2.235135135135135,2.268802228412256,2.2534992223950234,2.243523316062176,2.113981762917933,2.00314465408805,1.968013468013468,1.9600694444444444,1.936426116838488,2.021276595744681,1.9192439862542956,1.5590277777777777,1.6688034188034189,1.507157464212679,1.8469656992084433,1.783236994219653,2.0842696629213484,2.148936170212766,2.162251655629139,2.1865671641791047,1.9967948717948718,2.2152777777777777,2.1474530831099194,2.0997304582210243,2.011204481792717,2.096317280453258,2.383977900552486,2.2566585956416465,2.2674772036474162,2.2035087719298247,2.1482758620689655,1.7418181818181817,1.7469387755102042,2.0969387755102042,2.1411042944785277,2.74869109947644,2.4334763948497855,2.4027149321266967,2.9836601307189543,2.9967105263157894,3.0549828178694156,3.1372549019607843,3.641025641025641,3.040462427745665,2.9808429118773945,3.3535353535353534,3.1496062992125986,3.0275229357798166,3.5194805194805197,3.6923076923076925,3.71875,3.719298245614035,3.4651162790697674,3.358974358974359,3.3055555555555554,2.761904761904762,2.675,2.3636363636363638,4.054545454545455,3.9468085106382977,3.9518072289156625,4.681818181818182,4.846153846153846,5,5,5,5,5,5,5,5,5,5,5,5,5,5,5,5,5,5,5,5,5,5,5,5,5,5,5,5,5,5,5,5],"averageAntitoxinCountInFemales":[2.537109375,2.537109375,2.5371819960861055,2.4590495449949445,2.522772277227723,2.5775510204081633,2.4176049129989763,2.4601769911504423,2.5056947608200457,2.526077097505669,2.557625145518044,2.471005917159763,2.5176184690157957,2.468208092485549,2.5382096069868996,2.4080578512396693,2.40625,2.4123606889564337,2.4104104104104103,2.3420560747663552,2.3573433115060802,2.2817574021012414,2.0105042016806722,2.0822368421052633,2.04625,2.1645390070921984,2.197622585438336,2.1919354838709677,2.1732142857142858,2.0535168195718656,2.0091743119266057,1.9395348837209303,1.9671361502347418,1.9609984399375975,2.068119891008174,1.9507154213036566,1.6412337662337662,1.7335834896810507,1.5533088235294117,1.912718204488778,1.7651933701657458,2.07967032967033,2.184971098265896,2.1384615384615384,2.1400651465798046,2.0121951219512195,2.2149532710280373,2.042654028436019,1.9927007299270072,1.941326530612245,1.893939393939394,2.2115384615384617,2.2350230414746544,2.2590529247910864,2.2094594594594597,2.1630434782608696,1.7674418604651163,1.8362068965517242,2.1166666666666667,2.064935064935065,2.56140350877193,2.2,2.1598173515981736,2.679856115107914,2.6872727272727275,2.725925925925926,2.7859778597785976,3.328813559322034,3.1032258064516127,3.0634920634920637,3.398989898989899,3.408450704225352,3.3333333333333335,3.8,4.013888888888889,4,4.014925373134329,3.836734693877551,3.8085106382978724,3.6666666666666665,3.1136363636363638,2.923076923076923,2.9473684210526314,4.140845070422535,3.899159663865546,3.853211009174312,4.333333333333333,4.670329670329671,4.609375,4.603174603174603,4.830508474576271,4.830508474576271,4.8076923076923075,4.803921568627451,4.7368421052631575,4.7368421052631575,4.72972972972973,4.861111111111111,5,5,5,5,5,5,5,5,5,5,5,5,5,5,5,5,5,5,5,5,5,5],"reproductiveSuccessOverTime":[0,0,0,0.000045075974178467005,0.00001324794089147287,0.000020345052083333332,0.00003434129358747045,0.00004086830003209,0,0,0,0,0,0,0,0,0,0,0,0,0.000008651797014592019,0,0,0.000009324815538194444,0.000009324815538194444,0,0,0,0,0,0,0,0,0.0000406934158053227,0,0.000007398200757575758,0,0,0,0,0,0,0,0,0,0,0,0.000040690104166666664,0,0.000040690104166666664,0,0,0,0,0.00017633813515639834,0,0,0,0,0,0,0,0,0.000017033066860465116,0.000017033066860465116,0.00001703375996593248,0.000017033066860465116,0,0,0,0,0,0,0,0,0,0.00008138351983723296,0.000040690104166666664,0,0,0.000040698384274144313,0,0.0000813868316106454,0,0,0,0,0,0,0,0,0,0,0,0,0,0,0.00012208521548040532,0.00008138020833333333,0,0,0,0,0,0,0,0,0,0.00008140339452155154,0,0,0,0,0,0,0,0,0,0,0]}