{"startTime":"2025-03-24T20:33:26.773Z","infectedMalesAtStart":1024,"infectedFemalesAtStart":1024,"toxinAntitoxinLength":3,"killRate":0.5239497417140404,"rescueRate":0.8046252589365104,"simulationLength":273,"infectionRatio":[0.17132340639116614,0.17132340639116614,0.17145270270270271,0.17856643193582988,0.17081111879858368,0.1910400390625,0.19327799479166666,0.18221028645833334,0.18904622395833334,0.1875,0.185791015625,0.18513997395833334,0.18965657552083334,0.1776123046875,0.1732177734375,0.17659505208333334,0.17659505208333334,0.17665024229343976,0.17146809895833334,0.17582194010416666,0.16145833333333334,0.170654296875,0.16178385416666666,0.14005533854166666,0.13309733072916666,0.13240559895833334,0.1292724609375,0.12150065104166667,0.1176039716773826,0.10869653684938754,0.10416666666666667,0.10498046875,0.10319010416666667,0.10348335639293563,0.09847005208333333,0.1229248046875,0.11869303385416667,0.12744140625,0.12093098958333333,0.11247660128591194,0.1114501953125,0.11307779947916667,0.1138916015625,0.10579427083333333,0.09586588541666667,0.09566632756866734,0.08943684895833333,0.0849609375,0.08251953125,0.08415398388540735,0.0851678535096643,0.11258951822916667,0.10725911458333333,0.102294921875,0.09627278645833333,0.0841912512716175,0.07992186864165378,0.08817545572916667,0.08748372395833333,0.08203125,0.06929524739583333,0.06390166469941796,0.061604817708333336,0.057820638020833336,0.05920651068158698,0.05857212634321068,0.05589708097545088,0.0855712890625,0.07666015625,0.07977207977207977,0.07760234394075038,0.061930338541666664,0.055582682291666664,0.0570114755432571,0.0523681640625,0.045979817708333336,0.0408935546875,0.037068684895833336,0.035319010416666664,0.034261067708333336,0.033912795668281565,0.03389761536583381,0.031013431013431014,0.057332356770833336,0.061564127604166664,0.06682130793960851,0.07613428280773143,0.06306966145833333,0.0540771484375,0.04997151460893627,0.045491536458333336,0.039876302083333336,0.036458333333333336,0.033243815104166664,0.029626012289911692,0.02880859375,0.028362156663275687,0.026529947916666668,0.024910452621295993,0.050740559895833336,0.06461588541666667,0.06290946083418107,0.07206217447916667,0.0557861328125,0.046671549479166664,0.0441912512716175,0.03979654120040692,0.03564453125,0.032756866734486266,0.03173828125,0.029581705729166668,0.028483072916666668,0.027303059895833332,0.025844525844525845,0.024148884183091707,0.04216181019046069,0.050211588541666664,0.06412760416666667,0.08194986979166667,0.0701904296875,0.0572509765625,0.0535888671875,0.050211588541666664,0.046834309895833336,0.04439471007121058,0.04123081932516586,0.039876302083333336,0.037353515625,0.03637843336724313,0.036260784632915516,0.03558342154547675,0.03650347942864119,0.040364583333333336,0.04439471007121058,0.060139973958333336,0.059488932291666664,0.04931640625,0.04508646998982706,0.04175654226527207,0.040568033854166664,0.03841458452022463,0.037638346354166664,0.0355224609375,0.03125,0.030643389085581736,0.030640895218718208,0.03064463617125183,0.031384840836929086,0.027099609375,0.026285807291666668,0.035645981688708035,0.045125325520833336,0.047159830729166664,0.045084635416666664,0.0439453125,0.0419549116952877,0.041245928338762214,0.040528992878942016,0.03800610376398779,0.033650716145833336,0.031697591145833336,0.0316162109375,0.03162007080942498,0.03280957420825531,0.025960286458333332,0.02490234375,0.05383738911044193,0.057088216145833336,0.055948893229166664,0.05489541792138032,0.05371530886302596,0.05273652085452696,0.053953905041127126,0.05306205493387589,0.047932942708333336,0.044026692708333336,0.041259765625,0.040568033854166664,0.040568033854166664,0.040127103108322806,0.03386656897464078,0.027994791666666668,0.07177734375,0.0809326171875,0.07816569010416667,0.07871067518619511,0.07842338857445336,0.07616837648591435,0.07529727968724548,0.07735818344591845,0.06852213541666667,0.0560302734375,0.052978515625,0.0496826171875,0.049566597485044564,0.0500122080247416,0.039965813357209716,0.030680338541666668,0.062296549479166664,0.06587727864583333,0.06901041666666667,0.07239064089521872,0.07203027713343914,0.07153611393692777,0.0677661659046375,0.06926301224921662,0.055908203125,0.044637044270833336,0.03983885407341092,0.0357666015625,0.03458799593082401,0.0333849035094862,0.0262451171875,0.0203857421875,0.05209817249379299,0.0562744140625,0.051472981770833336,0.05224821973550356,0.051839192708333336,0.050984700520833336,0.051146096745248386,0.049851462987832176,0.0428466796875,0.0355224609375,0.03114313629702003,0.026570638020833332,0.024617513020833332,0.02587890625,0.023274739583333332,0.017171223958333332,0.031046549479166668,0.036865234375,0.038004557291666664,0.04004069175991862,0.039850205560304476,0.039591471354166664,0.039536969104100435,0.03976070323945955,0.036539713541666664,0.02982706002034588,0.023283266170065535,0.0203857421875,0.017171223958333332,0.01721401538273715,0.010213216145833334,0.007731119791666667,0.014649033570701932,0.018840284842319432,0.019287109375,0.017090539165818923,0.01706234474895142,0.01947205474987779,0.018299906049589476,0.018147786458333332,0.015381485249237029,0.009318033854166666,0.009972727642772825,0.00830078125,0.008139014365360355,0.005574544270833333,0.004353841145833333,0.0018312782322060799,0.0013430466810467625,0.002930045171529728,0.0027671522747619434,0.002645179668742115,0.0026458257011438106,0.0026485209029418954,0.0025330936427520835,0.0026448567708333335,0.0018717447916666667,0.0012207527975584944,0.00016280678904310309],