{"startTime":"2025-03-24T20:33:55.229Z","infectedMalesAtStart":16,"infectedFemalesAtStart":32,"toxinAntitoxinLength":3,"killRate":0.03914184661412512,"rescueRate":0.5485390086966543,"simulationLength":73,"infectionRatio":[0.004196170993968004,0.004196170993968004,0.0042429063908777515,0.006137251255346848,0.004720052083333333,0.006795247395833333,0.007120768229166667,0.0079345703125,0.008748372395833334,0.0106201171875,0.010416666666666666,0.010294596354166666,0.01025390625,0.008748372395833334,0.008219401041666666,0.008056640625,0.008056640625,0.00806057645334636,0.0074481074481074485,0.0036214192708333335,0.0028483072916666665,0.0027262369791666665,0.004638671875,0.0034586588541666665,0.0033772786458333335,0.0048828125,0.004842122395833333,0.004231770833333333,0.0029703776041666665,0.0028076171875,0.002685546875,0.0025227864583333335,0.002522889114954222,0.0025240188894316887,0.0024007161458333335,0.0007731119791666666,0.0004069010416666667,0.00020345052083333334,0.00016276041666666666,0.00016276041666666666,0.00008138020833333333,0.0007327796775769418,0.0002848307291666667,0.0002848307291666667,0.0002848307291666667,0.0002848307291666667,0.0002848307291666667,0.0002848307291666667,0.00028488868991901023,0.00028491188082543044,0.0002848307291666667,0.0002848307291666667,0.00028484231943031536,0.0002848307291666667,0.0002848307291666667,0.0002848307291666667,0.0002848307291666667,0.0006104260774020266,0.0005290359337484231,0.0004069010416666667,0.000244140625,0.00020347535913400888,0.00020345052083333334,0.00020345052083333334,0.00020345052083333334,0.0002035250539341393,0.00020345052083333334,0.00016276041666666666,0.00016276041666666666,0.0001220703125,0.000040690104166666664,0.000040690104166666664,0.000040690104166666664],"averageToxinCountInMales":[2.3125,2.3125,2.3125,2.816666666666667,2.8545454545454545,2.8051948051948052,2.7564102564102564,2.817204301075269,3.0384615384615383,2.59375,2.4838709677419355,2.4878048780487805,2.4878048780487805,2.6019417475728157,2.6666666666666665,2.6597938144329896,2.6597938144329896,2.6597938144329896,2.635294117647059,2.75,2.736842105263158,2.6,1.6964285714285714,1.7906976744186047,1.853658536585366,2.75,2.7818181818181817,3.111111111111111,2.911764705882353,3.096774193548387,3.1666666666666665,3.3214285714285716,3.3214285714285716,3.3214285714285716,3.3461538461538463,4.125,4.25,4,4,4,null,4,4,4,4,4,4,4,4,4,4,4,4,4,4,4,4,4,4,4,4,4,4,4,4,4,4,4,4,4,null,null,null],"averageAntitoxinCountInFemales":[2.6875,2.6875,2.6875,2.861111111111111,2.819672131147541,2.411111111111111,2.381443298969072,2.4705882352941178,2.6936936936936937,2.473684210526316,2.462121212121212,2.4461538461538463,2.4263565891472867,2.5714285714285716,2.6699029126213594,2.6534653465346536,2.6534653465346536,2.6534653465346536,2.622448979591837,2.8536585365853657,2.8125,2.8125,1.8793103448275863,2.2142857142857144,2.2142857142857144,2.84375,2.84375,2.9491525423728815,2.871794871794872,2.9210526315789473,3.0277777777777777,3.1470588235294117,3.1470588235294117,3.1470588235294117,3.1515151515151514,3.727272727272727,4,4,4,4,4,4,4,4,4,4,4,4,4,4,4,4,4,4,4,4,4,4,4,4,4,4,4,4,4,4,4,4,4,4,4,4,4],"reproductiveSuccessOverTime":[0,0,0,0.010414729403012832,0,0,0,0,0,0,0,0.000040690104166666664,0,0,0,0,0,0,0,0,0,0,0,0,0,0.00008138020833333333,0,0,0,0,0,0,0.00004069175991861648,0.000040709982087607885,0,0,0,0,0,0,0,0,0.00008138020833333333,0,0,0,0,0.000040690104166666664,0,0,0,0,0.00004069175991861648,0,0,0,0,0.00008139014365360354,0.00008139014365360354,0.000040690104166666664,0.000040690104166666664,0.00004069507182680177,0.000040690104166666664,0.000040690104166666664,0.000040690104166666664,0.000040705010786827856,0,0,0,0,0,0,0]}