{"startTime":"2025-03-24T20:33:55.229Z","infectedMalesAtStart":16,"infectedFemalesAtStart":32,"toxinAntitoxinLength":3,"killRate":0.3694216197287058,"rescueRate":0.5111496538385711,"simulationLength":99,"infectionRatio":[0.00392638036809816,0.00392638036809816,0.003967597950074392,0.002812815892409792,0.007462686567164179,0.004191080729166667,0.0035400390625,0.0048828125,0.004638671875,0.004597981770833333,0.0035400390625,0.0034586588541666665,0.0036214192708333335,0.003173828125,0.0029703776041666665,0.007405598958333333,0.007365208545269583,0.00737300908387307,0.008056640625,0.0050048828125,0.0118408203125,0.011474609375,0.010335286458333334,0.011311848958333334,0.010660807291666666,0.009725330620549338,0.0078125,0.007121927397037278,0.006917317708333333,0.006795247395833333,0.006022380467955239,0.012247721354166666,0.01200406917599186,0.011721134670953563,0.0111083984375,0.006510416666666667,0.023274739583333332,0.019287109375,0.0164794921875,0.014892578125,0.012939453125,0.012166341145833334,0.008748372395833334,0.008260091145833334,0.007975260416666666,0.0079345703125,0.0076904296875,0.008260091145833334,0.008219401041666666,0.007975260416666666,0.007893880208333334,0.007080078125,0.0155029296875,0.012166341145833334,0.010091145833333334,0.008870442708333334,0.007731119791666667,0.005045572916666667,0.0035807291666666665,0.0034586588541666665,0.0028889973958333335,0.0027262369791666665,0.0027262369791666665,0.0027262369791666665,0.0027262369791666665,0.0027265698123957187,0.002685546875,0.0011800130208333333,0.0023600260416666665,0.004597981770833333,0.0042724609375,0.003987630208333333,0.002197265625,0.0015462239583333333,0.0013834635416666667,0.0013835198372329604,0.0013838013838013837,0.0013427734375,0.0012613932291666667,0.0010579427083333333,0.0008544921875,0.0007731434384537131,0.000732421875,0.00016276041666666666,0.0010172526041666667,0.0010172526041666667,0.0010172526041666667,0.0010172526041666667,0.0010172526041666667,0.0010172526041666667,0.0010172526041666667,0.0010172526041666667,0.0010172526041666667,0.0009358723958333334,0.0008138020833333334,0.0005696614583333334,0.0002848307291666667,0.0002848539106372589,0.000040690104166666664],"averageToxinCountInMales":[2.125,2.125,2.125,1.5555555555555556,2.3974358974358974,1.4651162790697674,1.1428571428571428,1.06,1.3,1.2857142857142858,1.25,1.2,1.1538461538461537,1.3235294117647058,1.4545454545454546,2.1785714285714284,2.1927710843373496,2.1927710843373496,1.7391304347826086,1.702127659574468,1.9153846153846155,1.8671875,1.9292035398230087,1.9672131147540983,1.9464285714285714,1.9405940594059405,2,2.013888888888889,2,1.9855072463768115,2,2,2,2.0232558139534884,2.031496062992126,1.9850746268656716,1.9854545454545454,2.0582959641255605,2.141361256544503,2.2093023255813953,2.142857142857143,2.181159420289855,2.3763440860215055,2.6,2.63855421686747,2.63855421686747,2.65,2.6,2.607142857142857,2.654320987654321,2.674698795180723,2.492063492063492,2.830601092896175,2.789855072463768,2.6422764227642275,2.822429906542056,2.8,2.8955223880597014,2.9574468085106385,3,3,3,3,3,3,3,3,3,2.4166666666666665,2.7254901960784315,2.688888888888889,2.6744186046511627,2.44,2.125,2,2,2,2,2,2,2,2,2,null,2,2,2,2,2,2,2,2,2,2,2,2,2,2,null],"averageAntitoxinCountInFemales":[2.0625,2.0625,2.0625,1.434782608695652,2.238095238095238,1.2833333333333334,1.1346153846153846,1.1,1.671875,1.671875,1.5490196078431373,1.52,1.48,1.8181818181818181,1.975,2.173469387755102,2.173469387755102,2.173469387755102,1.9339622641509433,2.0921052631578947,1.9006211180124224,1.8766233766233766,1.9078014184397163,1.858974358974359,1.8666666666666667,1.8840579710144927,1.9385964912280702,1.9611650485436893,1.95,1.9285714285714286,1.923913043478261,1.98159509202454,1.98125,1.9811320754716981,1.9794520547945205,2.021505376344086,1.8080808080808082,1.9760956175298805,2.0514018691588785,2.1597938144329896,2.175438596491228,2.1801242236024843,2.459016393442623,2.542372881355932,2.601769911504425,2.625,2.614678899082569,2.5677966101694913,2.5677966101694913,2.608695652173913,2.6576576576576576,2.6396396396396398,2.8282828282828283,2.7950310559006213,2.64,2.8468468468468466,2.8421052631578947,2.8947368421052633,2.926829268292683,2.95,2.942857142857143,2.9375,2.9375,2.9375,2.9375,2.9375,2.9375,2.875,2.3823529411764706,2.661290322580645,2.65,2.6363636363636362,2.310344827586207,2.090909090909091,2,2,2,2,2,2,2,2,2,2,2,2,2,2,2,2,2,2,2,2,2,2,2,2,2],"reproductiveSuccessOverTime":[0,0,0,0.004922427811717136,0.00044857678819019655,0.000020839931728603604,0,0,0,0,0,0.000040690104166666664,0,0,0.00008138020833333333,0,0,0,0,0,0,0,0,0,0,0,0,0.00004069672798307016,0,0,0.000014001465778448682,0,0.00012207527975584945,0,0,0,0.000011967677696078431,0.00000792664366883117,0.00000792664366883117,0,0.000040690104166666664,0,0.000040690104166666664,0,0,0,0,0,0,0.00008138020833333333,0,0,0,0.00000473140746124031,0.00000473140746124031,0,0,0,0.000040690104166666664,0.000040690104166666664,0.00008138020833333333,0,0,0,0,0,0,0,0.000012820169805936072,0,0,0,0,0,0,0,0.0000814000814000814,0,0,0,0,0,0,0,0,0,0,0,0,0,0.00008138020833333333,0.00008138020833333333,0.000040690104166666664,0,0,0,0,0,0.000040690104166666664]}