{"startTime":"2025-03-24T20:10:07.200Z","infectedMalesAtStart":1024,"infectedFemalesAtStart":1024,"toxinAntitoxinLength":3,"killRate":0.25,"rescueRate":0.5,"simulationLength":262,"infectionRatio":[0.16622027432838243,0.16622027432838243,0.16592884079357273,0.1680131452827605,0.16097005208333334,0.15620930989583334,0.16182454427083334,0.15380859375,0.162353515625,0.1669921875,0.16544596354166666,0.16255696614583334,0.15799967447916666,0.15865071614583334,0.16097005208333334,0.15852864583333334,0.16206868489583334,0.16203892191189642,0.16499837239583334,0.16837565104166666,0.16194661458333334,0.149658203125,0.15616861979166666,0.1632080078125,0.1700439453125,0.17625035608187847,0.17578125,0.17671712239583334,0.1762767039674466,0.16680909941806046,0.16544596354166666,0.1663818359375,0.16959635416666666,0.16670736670736672,0.16019694010416666,0.168701171875,0.15690104166666666,0.15360514322916666,0.15446592065106815,0.15409342447916666,0.1486063072227874,0.15028078456905672,0.153564453125,0.166015625,0.1665310109067231,0.1678466796875,0.16975911458333334,0.16805696846388607,0.16365559895833334,0.16786034019695614,0.1640625,0.1651611328125,0.15482584635416666,0.13655598958333334,0.14152018229166666,0.12715657552083334,0.119384765625,0.11642106977122853,0.12333170572916667,0.146240234375,0.14791454730417092,0.1497802734375,0.1471007121057986,0.136996336996337,0.13045247395833334,0.13203938802083334,0.1204833984375,0.13387044270833334,0.1221923828125,0.10689725330620549,0.11397761953204476,0.10054524739583333,0.09737141927083333,0.09199332437823096,0.09225572783135962,0.11604817708333333,0.12447102864583333,0.12215169270833333,0.12046721745146717,0.1178649947072714,0.11324516785350966,0.11328125,0.105224609375,0.1204833984375,0.12052408854166667,0.09469357857898592,0.09167853509664294,0.07132975260416667,0.0675048828125,0.06807454427083333,0.06575788402848423,0.08972533062054934,0.1064392705958971,0.10713704427083333,0.1055908203125,0.10186391014162462,0.09623209635416667,0.09772079772079773,0.09269205729166667,0.08780924479166667,0.09195963541666667,0.06957052717280685,0.057332356770833336,0.0511474609375,0.043253580729166664,0.04150390625,0.0362970498474059,0.054768880208333336,0.07626566824027348,0.077880859375,0.07817205176202491,0.07735188802083333,0.07361139369277721,0.07649739583333333,0.0752797558494405,0.06819938962360123,0.076171875,0.05824175824175824,0.046183268229166664,0.0347900390625,0.02954341987466428,0.03365208545269583,0.03096642929806714,0.04439832336304073,0.061123997883856265,0.06465920651068159,0.06409055743312024,0.06363747404421644,0.06040131873499125,0.06072198933702332,0.056477864583333336,0.048058924066086105,0.045817057291666664,0.04024603853517455,0.034464518229166664,0.028116861979166668,0.0245361328125,0.022664388020833332,0.020304361979166668,0.026369333441849108,0.045125325520833336,0.045613606770833336,0.04551190718501934,0.04596344094776696,0.04293330077727587,0.04574126073332519,0.0430908203125,0.03679882764796874,0.036092122395833336,0.0315095261358085,0.0279541015625,0.025472005208333332,0.020467122395833332,0.017212614445574773,0.016520182291666668,0.01611328125,0.022186940237746297,0.022383200390688588,0.02231906488005539,0.022320883059753167,0.019742733859806235,0.023647686108510726,0.024459728948760733,0.018645930871636202,0.017537434895833332,0.01804627668241812,0.017618815104166668,0.0166015625,0.014689127604166666,0.0140380859375,0.012858072916666666,0.011841783999348906,0.011845640315883742,0.011813108476923703,0.011736419576999878,0.011456294846705805,0.009413970168717907,0.012631407383261349,0.013240446508596106,0.009693711306614533,0.007125407166123778,0.006967363403006967,0.0125732421875,0.012776692708333334,0.0115966796875,0.0103759765625,0.010335286458333334,0.010335707019328585,0.010339493609053164,0.01034623217922607,0.010350448247758761,0.009661244955362603,0.010674271745773069,0.01002322454467669,0.00838933007534107,0.006881107491856678,0.007937800211674673,0.006238532110091743,0.00900057017186609,0.009440104166666666,0.004638671875,0.004313151041666667,0.0036214192708333335,0.0036215666327568665,0.00362171400667372,0.0036237785016286646,0.003626288554781404,0.003506054058461413,0.003505196657835745,0.0043200065207645594,0.0032163504600602557,0.0015061467068305787,0.0011803492205624975,0.0009789924535998369,0.003627470959853271,0.0024820963541666665,0.0017903645833333333,0.0017903645833333333,0.0017903645833333333,0.0017905102954341987,0.0017916768466487499,0.001793064102041648,0.001794526693584567,0.0017959183673469388,0.0017968718095315883,0.0017952588844914114,0.0017117006969067123,0.0015074353228763495,0.0011813108476923704,0.0007358953393295176,0.003017083214416765,0.0030110677083333335,0.002685546875,0.0009359104781281791,0.000854526958290946,0.0008546312876444734,0.0008545617319117766,0.0008552926322648964,0.0008558154698834461,0.0008564087924636027,0.0008567232375979113,0.000857562887945116,0.000856234200440349,0.0008557457212713936,0.0008557805941562411,0.0007351439656932816,0.0024906091785072675,0.0021158854166666665,0.0005696614583333334,0.0004069010416666667,0.00020345052083333334,0.00020347535913400888,0.0002034919213707216,0.00020356648481394024,0.00020371577574967406,0.00020382373323549793,0.00020392348790733718,0.00020406497428781324,0.00020405664612496428,0.00020406497428781324,0.00020377389248889431,0.00004101386268558773],