{"startTime":"2025-03-24T20:33:55.228Z","infectedMalesAtStart":16,"infectedFemalesAtStart":32,"toxinAntitoxinLength":3,"killRate":0.03914184661412512,"rescueRate":0.9279420370361429,"simulationLength":55,"infectionRatio":[0.003922530031870556,0.003922530031870556,0.003963011889035667,0.002046172323295227,0.003879926485603431,0.0025634765625,0.0035400390625,0.003173828125,0.0045166015625,0.005655924479166667,0.008504231770833334,0.0069580078125,0.008382161458333334,0.008992513020833334,0.008585611979166666,0.008056640625,0.007813135834621959,0.007818544610498026,0.006917317708333333,0.00341796875,0.005411783854166667,0.0028076171875,0.005086263020833333,0.004557291666666667,0.003987792472024415,0.003662109375,0.0035810205908683975,0.0034993489583333335,0.005819158460161146,0.0057373046875,0.005574544270833333,0.005289928789420142,0.005289713541666667,0.005295315682281059,0.007000122095152822,0.0038248697916666665,0.0026041666666666665,0.0020751953125,0.006184895833333333,0.005371312309257375,0.004638860630722279,0.004638671875,0.004272634791454731,0.003825025432349949,0.0035400390625,0.0018717447916666667,0.0020751953125,0.0020751953125,0.0020751953125,0.0020757865602995646,0.0019939773744608123,0.0004475911458333333,0.0004069175991861648,0.0003662705518476315,0.000040690104166666664],"averageToxinCountInMales":[2.4375,2.4375,2.4375,2.4285714285714284,0.9444444444444444,1.3157894736842106,3.861111111111111,4.0588235294117645,3.06,2.732394366197183,2.1296296296296298,2.3444444444444446,2.375,2.283333333333333,2.3130434782608695,2.190909090909091,2.2476190476190476,2.2476190476190476,2.294736842105263,3,1.564102564102564,1.4722222222222223,3.742857142857143,4.048387096774194,4.4035087719298245,4.686274509803922,4.76,4.775510204081633,3.371794871794872,3.3026315789473686,3.2666666666666666,3.0714285714285716,3.0714285714285716,3.0714285714285716,2.2872340425531914,3.2244897959183674,2.8181818181818183,1.434782608695652,4.589041095890411,4.415384615384616,4.945454545454545,4.945454545454545,5.254901960784314,5.822222222222222,6.046511627906977,6.086956521739131,5.48,5.48,5.48,5.48,5.48,2.25,2.25,2.25,6],"averageAntitoxinCountInFemales":[2.375,2.375,2.375,2.375,1.1355932203389831,1.0227272727272727,2.2745098039215685,2.590909090909091,2.0655737704918034,2.1911764705882355,1.7920792079207921,1.962962962962963,1.9042553191489362,1.801980198019802,1.875,1.5227272727272727,1.528735632183908,1.528735632183908,1.5733333333333333,1.9696969696969697,0.9636363636363636,1.2121212121212122,3.2,3.46,4.195121951219512,4.384615384615385,4.5,4.45945945945946,2.8923076923076922,2.8,2.6451612903225805,2.533333333333333,2.533333333333333,2.533333333333333,1.9487179487179487,2.6222222222222222,2.2903225806451615,1.8928571428571428,4.6075949367088604,4.358208955223881,4.6440677966101696,4.6440677966101696,4.981481481481482,5.387755102040816,5.886363636363637,5.782608695652174,5.038461538461538,5.038461538461538,5.038461538461538,5.038461538461538,4.958333333333333,2.4285714285714284,1.8333333333333333,1,null],"reproductiveSuccessOverTime":[0,0,0,0.006850229082336195,0.0005717786399836635,0,0,0,0,0,0,0,0,0,0,0,0.0000813868316106454,0.0000814431730260211,0,0,0,0,0,0.000040690104166666664,0,0,0,0,0,0,0,0,0,0.00016293279022403258,0,0,0,0,0,0,0,0,0,0,0,0,0,0,0.00008138020833333333,0,0.0000406934158053227,0,0,0,0]}