{"startTime":"2025-03-24T20:33:55.228Z","infectedMalesAtStart":16,"infectedFemalesAtStart":32,"toxinAntitoxinLength":3,"killRate":0.43565460147428803,"rescueRate":0.5485390086966543,"simulationLength":25,"infectionRatio":[0.004020437222547952,0.004020437222547952,0.0039759749598172744,0.002065280833295919,0.0026459334038915574,0.0026448567708333335,0.0035400390625,0.0029296875,0.0019938151041666665,0.0028076171875,0.0027262369791666665,0.0025227864583333335,0.0018717447916666667,0.0033772786458333335,0.0030110677083333335,0.0027669270833333335,0.0027262369791666665,0.0027274577651129656,0.0013430466810467625,0.000732421875,0.0001220703125,0.0001220703125,0.0001220703125,0.0001220703125,0.000040690104166666664],"averageToxinCountInMales":[2.25,2.25,2.3333333333333335,2.2142857142857144,1.6521739130434783,1.8148148148148149,2.9069767441860463,2.972972972972973,2.32,2.1515151515151514,2.129032258064516,1.7777777777777777,1.85,3.3255813953488373,3.2051282051282053,3.0277777777777777,2.942857142857143,2.942857142857143,1.5,1.6,3,3,3,3,1],"averageAntitoxinCountInFemales":[2.5,2.5,2.5,2.5,1.9761904761904763,2.289473684210526,2.8181818181818183,2.9714285714285715,2.7916666666666665,2.0555555555555554,2.0555555555555554,2.057142857142857,2.269230769230769,3.525,3.342857142857143,3.1875,3.1875,3.1875,1.5294117647058822,1.5,null,null,null,null,null],"reproductiveSuccessOverTime":[0,0,0,0.008530507789700534,0.000010820094912191779,0,0,0,0,0,0,0,0,0,0,0,0,0.000040708324852432325,0,0,0,0,0,0,0]}