{"startTime":"2025-03-24T21:01:06.836Z","infectedMalesAtStart":2056,"infectedFemalesAtStart":1024,"toxinAntitoxinLength":3,"killRate":0.5,"rescueRate":0.5,"simulationLength":140,"infectionRatio":[0.12532552083333334,0.12532552083333334,0.1251437489732216,0.1136474609375,0.09781901041666667,0.09757486979166667,0.09615071614583333,0.09488932291666667,0.091552734375,0.088623046875,0.0875244140625,0.0830078125,0.081298828125,0.0831298828125,0.08622233072916667,0.08931477864583333,0.08984375,0.08989495969383601,0.08267187690804738,0.0693359375,0.0596923828125,0.060709635416666664,0.058390299479166664,0.054728190104166664,0.051310221354166664,0.045654296875,0.041056315104166664,0.042236328125,0.040730794270833336,0.041707356770833336,0.040486653645833336,0.041871820956256356,0.043538411458333336,0.043108361149556296,0.0435791015625,0.038126627604166664,0.0352783203125,0.038370768229166664,0.033894856770833336,0.031453450520833336,0.034830729166666664,0.03173828125,0.028279622395833332,0.024454752604166668,0.020955403645833332,0.0191650390625,0.018147786458333332,0.022216796875,0.022135416666666668,0.02140735012819991,0.023970372782028324,0.028401692708333332,0.025431315104166668,0.035481770833333336,0.031331380208333336,0.025309244791666668,0.02612623611280674,0.022176106770833332,0.0203857421875,0.018758138020833332,0.0155029296875,0.014567057291666666,0.013021363173957273,0.017822265625,0.017375381485249235,0.01708984375,0.0181884765625,0.018717447916666668,0.0201416015625,0.01904296875,0.015869140625,0.015584309895833334,0.016194661458333332,0.013712565104166666,0.0184326171875,0.01220703125,0.0113525390625,0.010457356770833334,0.010172526041666666,0.014567057291666666,0.015221815221815222,0.015300101729399796,0.017333984375,0.01628863460520422,0.0172119140625,0.014689127604166666,0.013875325520833334,0.011881510416666666,0.011355311355311355,0.011311848958333334,0.011433919270833334,0.010660807291666666,0.008829752604166666,0.0086669921875,0.008463886063072228,0.0123331162487789,0.012302427896366304,0.012417555573650355,0.01123046875,0.008961303462321792,0.010660807291666666,0.012003580729166666,0.010416666666666666,0.0084228515625,0.01005209181181833,0.008057624221706751,0.009806315104166666,0.007975260416666666,0.006062825520833333,0.00565707541410606,0.005537008386939175,0.005822475570032573,0.005824609995519531,0.00578058212904539,0.005779170566928493,0.00439864782307661,0.003946940104166667,0.0029703776041666665,0.0019938962360122074,0.001709053916581892,0.0013429373702844585,0.0009766022380467956,0.0020345052083333335,0.0017903645833333333,0.0015055338541666667,0.0015055338541666667,0.00044768222701558745,0.00044791921166218747,0.0004479009731666599,0.0004478462665906685,0.000732511292882432,0.000732660371214588,0.000732421875,0.00048828125,0.00048828125,0.0003662109375,0.00036622583926754833,0.0002848307291666667,0.00008138020833333333,0.000040690104166666664],"averageToxinCountInMales":[2.5043774319066148,2.5043774319066148,2.5,2.5220090293453725,2.589174184594032,2.475313190862196,2.571972581873572,2.6305220883534135,2.669755686604886,2.6515679442508713,2.7031802120141344,2.70311027332705,2.705190989226249,2.7005758157389637,2.7333956969130027,2.790134529147982,2.7711711711711713,2.7711711711711713,2.7301587301587302,2.539906103286385,2.9076305220883536,2.8994565217391304,2.7782546494992846,3.0613138686131385,3.093603744149766,3.176265270506108,3.1876208897485494,3.2080152671755724,3.211764705882353,3.1326923076923077,3.1600790513833994,3.086705202312139,3.1700554528650646,3.175373134328358,3.0658135283363803,2.868041237113402,3.064665127020785,2.550321199143469,2.376237623762376,2.5543478260869565,2.9136690647482015,2.911917098445596,2.8597014925373134,2.570945945945946,2.5461847389558234,2.542222222222222,2.507042253521127,2.2388663967611335,2.2560975609756095,2.26271186440678,2.2229965156794425,2.802857142857143,3.126543209876543,2.1018099547511313,2.198473282442748,2.382978723404255,2.5402985074626865,2.5160142348754446,2.4549180327868854,2.5433789954337898,2.8010471204188483,2.862857142857143,3.210526315789474,2.734513274336283,2.7685185185185186,2.770334928229665,2.625570776255708,2.842553191489362,3.152941176470588,3.3389121338912133,3.3564356435643563,3.350253807106599,3.36,3.388888888888889,2.381188118811881,2.16,2.135593220338983,2.0727272727272728,2.1142857142857143,2.07185628742515,2.0689655172413794,2.0685714285714285,1.99009900990099,2.082474226804124,2.5779816513761467,2.6055555555555556,2.7409638554216866,2.6597222222222223,2.769230769230769,2.950354609929078,2.3096774193548386,2.237762237762238,2.3278688524590163,2.3529411764705883,2.365217391304348,2.251655629139073,2.2533333333333334,2.228187919463087,2.099236641221374,2.0412371134020617,2.5736434108527133,2.779310344827586,2.8814814814814813,2.8482142857142856,3.1703703703703705,3.4038461538461537,2.7846153846153845,2.5555555555555554,2.2278481012658227,2.191780821917808,2.1944444444444446,2.1772151898734178,2.1772151898734178,2.1772151898734178,1.875,1.8507462686567164,1.6774193548387097,1.6170212765957446,2.2580645161290325,2.1666666666666665,1.8888888888888888,1.5384615384615385,3.5714285714285716,3.92,3.9047619047619047,3.9047619047619047,3.75,3.75,3.75,3.75,3.1666666666666665,3.1666666666666665,3.1666666666666665,3.5555555555555554,3.5555555555555554,4,4,4,4,4],"averageAntitoxinCountInFemales":[2.548828125,2.548828125,2.5483870967741935,2.536728697355534,2.6573208722741435,2.56388088376561,2.6285714285714286,2.688132474701012,2.751646284101599,2.6766990291262136,2.73405299313052,2.7058222676200203,2.6755373592630503,2.6743256743256745,2.6495238095238096,2.712037037037037,2.703096539162113,2.703096539162113,2.6803519061583576,2.6208920187793425,2.915277777777778,2.984126984126984,2.8682065217391304,3.1424242424242426,3.1467741935483873,3.193078324225865,3.2540650406504064,3.235408560311284,3.2219959266802443,3.1504950495049506,3.1860940695296525,3.0862745098039217,3.164461247637051,3.1567877629063097,3.072519083969466,2.898230088495575,3.076036866359447,2.4789915966386555,2.3636363636363638,2.511111111111111,2.7608200455580865,2.685279187817259,2.5555555555555554,2.363934426229508,2.4135338345864663,2.483739837398374,2.540772532188841,2.117056856187291,2.140939597315436,2.1,2.0596026490066226,2.7155172413793105,2.9767441860465116,1.9,2.0079575596816976,2.2764505119453924,2.465798045602606,2.515151515151515,2.2879377431906613,2.4132231404958677,2.8473684210526318,2.8688524590163933,3.113095238095238,2.8679245283018866,2.881516587677725,2.881516587677725,2.7719298245614037,2.8533333333333335,2.9875,3.2008733624454146,3.2074468085106385,3.2096774193548385,3.2676767676767677,3.2457142857142856,2.1752988047808763,1.9828571428571429,1.9565217391304348,1.9795918367346939,2.0068965517241377,2.005235602094241,2.005,2.0049751243781095,1.9642857142857142,2.145631067961165,2.419512195121951,2.56353591160221,2.72,2.689189189189189,2.6911764705882355,2.802919708029197,2.507936507936508,2.4201680672268906,2.5157894736842104,2.521276595744681,2.5268817204301075,2.335526315789474,2.335526315789474,2.326923076923077,2.282758620689655,2.252032520325203,2.4962406015037595,2.76,2.743801652892562,2.7157894736842105,3.1517857142857144,3.1382978723404253,2.828828828828829,2.6818181818181817,2.5428571428571427,2.5757575757575757,2.59375,2.59375,2.59375,2.5714285714285716,2.3225806451612905,2.3902439024390243,2.1142857142857143,2.076923076923077,2.5555555555555554,2.5555555555555554,2.4,1.8181818181818181,3.6363636363636362,3.8947368421052633,3.875,3.875,3.3333333333333335,3.3333333333333335,3.3333333333333335,3.3333333333333335,2.6666666666666665,2.6666666666666665,2.6666666666666665,3.3333333333333335,3.3333333333333335,4,4,4,null,null],