{"startTime":"2025-03-24T20:43:41.882Z","infectedMalesAtStart":1024,"infectedFemalesAtStart":1024,"toxinAntitoxinLength":3,"killRate":0.057648241313183246,"rescueRate":0.8282960660197604,"simulationLength":170,"infectionRatio":[0.08333333333333333,0.08333333333333333,0.08304555171846736,0.08939615885416667,0.09383138020833333,0.0914306640625,0.09427897135416667,0.10367838541666667,0.11356608072916667,0.10807291666666667,0.10477701822916667,0.10408528645833333,0.09940592447916667,0.10555013020833333,0.10432942708333333,0.103515625,0.10786946614583333,0.10793095024835112,0.10148111979166667,0.104248046875,0.09403483072916667,0.099609375,0.10123697916666667,0.11128743489583333,0.12003580729166667,0.10209147135416667,0.094970703125,0.0916748046875,0.09098307291666667,0.09102746693794507,0.08732096354166667,0.089599609375,0.1005859375,0.10296392801889097,0.0970458984375,0.09847005208333333,0.09346516927083333,0.09488932291666667,0.084228515625,0.0839471007121058,0.07996256205745911,0.07466634114583333,0.06547037760416667,0.06465657552083333,0.06966145833333333,0.06746419270833333,0.06433629038821519,0.06559244791666667,0.06608341810783316,0.07071940104166667,0.0662841796875,0.08199055989583333,0.0804443359375,0.09212239583333333,0.08756510416666667,0.08293318141124766,0.07304170905391658,0.06522623697916667,0.056844075520833336,0.055094401041666664,0.06031009644732023,0.060384114583333336,0.059905583591079274,0.0609130859375,0.060628255208333336,0.06197607227150647,0.05828957544673749,0.07515462239583333,0.06783040364583333,0.0654296875,0.061360677083333336,0.05391658189216684,0.044807097509360246,0.037434895833333336,0.0323486328125,0.030031740864328152,0.03024013024013024,0.02942493183020634,0.028771415781548855,0.029541015625,0.03173828125,0.03297105873733056,0.02828998249684536,0.03955078125,0.04052734375,0.045450846354166664,0.037638346354166664,0.03451784914723002,0.02762970498474059,0.0189208984375,0.018473307291666668,0.017785193927801066,0.0175410036221562,0.017542431519394358,0.01668633755239917,0.016366079062003828,0.01632270932551797,0.015910478128179043,0.014260104302477183,0.024251302083333332,0.020060221354166668,0.020100911458333332,0.017171223958333332,0.015543619791666666,0.013025603451784915,0.007486979166666667,0.005208333333333333,0.005208545269582909,0.005208333333333333,0.005208969193830627,0.005210877707213809,0.005213636919066433,0.0052121508266145455,0.00512883135914031,0.004762292412894823,0.010172526041666666,0.00732421875,0.006184895833333333,0.005615234375,0.007080078125,0.00561774882963566,0.0042724609375,0.0034993489583333335,0.0034993489583333335,0.0034994913530010173,0.003500061047576411,0.0035003459644267166,0.0035026269702276708,0.0035029123049977596,0.0035041968869692773,0.0031349238661346796,0.0074462890625,0.0034993489583333335,0.0019124348958333333,0.000732421875,0.005289713541666667,0.0052528707549474715,0.004720244150559512,0.00439453125,0.0038248697916666665,0.003825025432349949,0.003825336751719367,0.0038261152718984046,0.0038282968151828623,0.003829388519982075,0.003829388519982075,0.003745013433200358,0.00341796875,0.0028889973958333335,0.0003662109375,0.000244140625,0.0012613932291666667,0.001221349183731629,0.0011394620111504496,0.000244140625,0.00024418036789842097,0.00024424000651306684,0.0002441505595116989,0.0002441903056448659,0.0002442499491145939,0.00024441909727880074,0.00024437927663734115,0.00024441909727880074,0.0002441903056448659,0.0001220703125,0.00008138020833333333,0.000040690104166666664,0.000406934158053227,0.0004069010416666667,0.0001220703125],"averageToxinCountInMales":[2.46484375,2.46484375,2.4580838323353293,2.2897884084636613,2.437823834196891,2.4060017652250663,2.360967184801382,2.276984126984127,2.1887608069164264,2.3265765765765765,2.27816091954023,2.224442736356649,2.3150242326332795,2.344774980930587,2.348402182385035,2.3129890453834117,2.267363704256908,2.267363704256908,2.322373696872494,2.1293302540415704,2.09887250650477,1.9836065573770492,1.9350961538461537,1.9634769905040175,2.04085733422639,1.9897557131599686,1.9761702127659575,1.9565217391304348,2.0385626643295356,2.0051993067590987,1.9918404351767907,2.2215302491103204,2.1572676727561557,2.123928293063133,2.2475,2.24178601516428,2.3575221238938053,2.4383561643835616,2.5396825396825395,2.4437869822485205,2.297979797979798,2.154008438818565,2.135593220338983,2.0554187192118225,2.2202043132803633,2.3055555555555554,2.2254901960784315,2.4515738498789346,2.3681652490886997,2.3842645381984036,2.41875,2.3607655502392344,2.1639185257032008,2.155201342281879,2.337742504409171,2.187382297551789,2.033119658119658,2.1138014527845037,2.1432545201668987,2.0438472418670437,2.3722721437740693,2.407979407979408,2.4051948051948053,2.543927648578811,2.680263157894737,2.6469072164948453,2.640449438202247,2.917372881355932,2.985074626865672,3.2106537530266346,3.2376623376623375,3.2986627043090637,3.4114490161001787,3.5538793103448274,3.417910447761194,3.379679144385027,3.3252032520325203,3.3,3.289772727272727,3.362397820163488,3.5714285714285716,3.5833333333333335,3.4971264367816093,3.8544776119402986,3.923507462686567,3.4214046822742477,3.5318725099601593,3.3995633187772927,3.377094972067039,3.4426877470355732,3.4057377049180326,3.369747899159664,3.3559322033898304,3.3559322033898304,3.5045045045045047,3.462962962962963,3.4558139534883723,3.490566037735849,3.2824858757062145,3.849673202614379,4.27710843373494,3.7107438016528924,3.383419689119171,3.5828571428571427,3.5,3.8860759493670884,3.8275862068965516,3.8275862068965516,3.8275862068965516,3.8275862068965516,3.8275862068965516,3.8275862068965516,3.8275862068965516,3.8275862068965516,3.7450980392156863,4.642276422764228,4.6521739130434785,5,5,3.55,3.066666666666667,3,3.4210526315789473,3.4210526315789473,3.4210526315789473,3.4210526315789473,3.4210526315789473,3.4210526315789473,3.4210526315789473,3.4210526315789473,3.064516129032258,4.421686746987952,4.090909090909091,3.260869565217391,3.8,1.1194029850746268,1.121212121212121,1.1379310344827587,1.0727272727272728,1.0833333333333333,1.0833333333333333,1.0833333333333333,1.0833333333333333,1.0833333333333333,1.0833333333333333,1.0833333333333333,1.0833333333333333,1,1,1,1,1,1,1,1,1,1,1,1,1,1,1,1,1,1,1,null,1,1,1],