{"startTime":"2025-03-24T21:01:06.836Z","infectedMalesAtStart":2056,"infectedFemalesAtStart":2056,"toxinAntitoxinLength":3,"killRate":0.5,"rescueRate":1,"simulationLength":137,"infectionRatio":[0.16731770833333334,0.16731770833333334,0.16705689053193673,0.16373697916666666,0.16092936197916666,0.15922037760416666,0.159912109375,0.15787760416666666,0.15445963541666666,0.15059407552083334,0.15987141927083334,0.16560872395833334,0.169189453125,0.16475423177083334,0.1669921875,0.17000325520833334,0.1680908203125,0.1679560260586319,0.168701171875,0.15185546875,0.15055338541666666,0.13924153645833334,0.13232421875,0.14693196614583334,0.13956705729166666,0.12654622395833334,0.136962890625,0.1329345703125,0.1380615234375,0.13427734375,0.13119023397761953,0.125732421875,0.12117513020833333,0.1212047212047212,0.12099137229366759,0.119873046875,0.11234537760416667,0.09712727864583333,0.09759472548939807,0.10176595052083333,0.09200032552083333,0.08780924479166667,0.09000651041666667,0.09309895833333333,0.08955891927083333,0.0872802734375,0.08333333333333333,0.07747395833333333,0.072998046875,0.07239358671766909,0.07421875,0.078857421875,0.07425944010416667,0.065673828125,0.056010094842675134,0.051839192708333336,0.04899287894201424,0.047770182291666664,0.048258463541666664,0.051228841145833336,0.051676432291666664,0.0513916015625,0.046915690104166664,0.041707356770833336,0.037841796875,0.03650347942864119,0.0369526290086277,0.039103190104166664,0.042643229166666664,0.040730794270833336,0.035645981688708035,0.0316162109375,0.02734375,0.028727213541666668,0.026369333441849108,0.024943033854166668,0.02425228891149542,0.021328557473135785,0.020751953125,0.019816080729166668,0.017903645833333332,0.015383989255626552,0.014444986979166666,0.0164794921875,0.022257486979166668,0.021484375,0.01994139671170438,0.020263671875,0.018798828125,0.017781575520833332,0.015665690104166668,0.013956705729166666,0.012288411458333334,0.010782877604166666,0.012288411458333334,0.010865142020021161,0.009724934895833334,0.008260091145833334,0.007649739583333333,0.005940755208333333,0.006551106770833333,0.010701497395833334,0.011109754608716884,0.010172526041666666,0.008912220730069588,0.006876627604166667,0.005208333333333333,0.004191080729166667,0.003662109375,0.0024826014407228034,0.002197265625,0.0019131355069809093,0.0015869140625,0.0015869140625,0.0015462239583333333,0.000732421875,0.0003662109375,0.00016276041666666666,0.0008138020833333334,0.0008138020833333334,0.000813868316106454,0.0008138020833333334,0.0008138020833333334,0.0007731119791666666,0.0007731119791666666,0.0007733952049497294,0.00016276041666666666,0.00016279353709657725,0.00016276041666666666,0.00016276041666666666,0.0001627670396744659,0.00016276041666666666,0.0001627736632212908,0.0001220703125,0.001953125,0.0019124348958333333,0.0015058402181433398],"averageToxinCountInMales":[2.4571984435797667,2.4571984435797667,2.4573412698412698,2.505169867060561,2.38185443668993,2.5456399796022438,2.4230186774356386,2.3094867807153965,2.251968503937008,2.277626565051715,2.4227434982151963,2.49631087063453,2.447596153846154,2.503444881889764,2.5362530413625306,2.529747739171823,2.542620555284949,2.5416869819600194,2.589693728731162,2.7305812058663768,2.658008658008658,2.5843023255813953,2.4521144278606966,2.2653739612188364,2.2443919716646987,2.1491053677932404,2.4315151515151516,2.3053482587064678,2.4166666666666665,2.352189781021898,2.3679012345679014,2.3559105431309906,2.3780730897009965,2.3901791639017915,2.3546895640686922,2.544973544973545,2.794762915782024,2.6620065789473686,2.430441898527005,2.6085240726124703,2.5647163120567376,2.4111627906976745,2.4545454545454546,2.3573333333333335,2.3061032863849764,2.2685990338164252,2.3310069790628116,2.3871657754010696,2.4038461538461537,2.4298850574712643,2.4703872437357632,2.777893639207508,2.8438538205980066,2.475347661188369,2.4802919708029196,2.369496855345912,2.3819672131147542,2.013157894736842,1.9868852459016393,1.9061032863849765,1.8346213292117466,1.763975155279503,1.7783505154639174,1.7195357833655707,1.6764705882352942,1.6717391304347826,1.7259100642398286,2.128834355828221,2.092936802973978,2.030534351145038,2.002202643171806,2.044334975369458,2.096045197740113,1.9623655913978495,1.8495575221238938,1.709375,1.6171617161716172,1.4779411764705883,1.4615384615384615,1.465863453815261,1.5248868778280542,1.489247311827957,1.2840236686390532,1.485,1.7137809187279152,1.683206106870229,1.7322175732217573,1.6416666666666666,1.6531531531531531,1.661904761904762,1.6868131868131868,1.6903225806451614,1.6714285714285715,1.6363636363636365,1.429530201342282,1.3565891472868217,1.353448275862069,1.3333333333333333,1.2842105263157895,1.295774647887324,1.4819277108433735,1.2447552447552448,1.2945205479452055,1.2857142857142858,1.3220338983050848,1.3444444444444446,1.4545454545454546,1.44,1.4222222222222223,1.4482758620689655,1.44,1.3636363636363635,1.3333333333333333,1.3333333333333333,1.3529411764705883,1.6,1.75,2,2,2,2,2,2,2,2,2,2,2,2,2,2,2,2,null,2,2,2],"averageAntitoxinCountInFemales":[2.5009727626459144,2.5009727626459144,2.5012189176011703,2.552433517310587,2.461262185736275,2.565061475409836,2.446895844022576,2.3926191696565864,2.3643574828133262,2.3953862660944205,2.5116869918699187,2.605301914580265,2.566891241578441,2.5959345562716907,2.576378721327477,2.5767934520943667,2.5890279114533206,2.590646094503375,2.6337960746768787,2.714965626652565,2.620950323974082,2.5493537015276146,2.4215328467153285,2.2535991140642304,2.230414746543779,2.1686445971267956,2.3764568764568765,2.294755877034358,2.4091710758377425,2.393719806763285,2.408354114713217,2.3698360655737707,2.398506449422946,2.407885791978246,2.455106237148732,2.5634588563458856,2.8538575667655786,2.632792485055508,2.3537414965986394,2.504862236628849,2.4457193292144748,2.358264081255771,2.321460373998219,2.162510748065348,2.091549295774648,2.1072072072072072,2.2229665071770337,2.263157894736842,2.29010989010989,2.2948294829482947,2.3118393234672303,2.5914198161389175,2.5531453362255965,2.3633049817739975,2.425470332850941,2.2836990595611284,2.2457912457912457,1.9876325088339222,1.9930555555555556,1.8774193548387097,1.826645264847512,1.802907915993538,1.7950963222416814,1.7775590551181102,1.7422907488986785,1.7322654462242564,1.8027210884353742,2.0741525423728815,2.0784313725490198,2.0335429769392035,1.9786729857819905,1.9595687331536389,2.0220125786163523,1.874251497005988,1.6699029126213591,1.6416382252559727,1.5733788395904438,1.4484126984126984,1.416,1.4369747899159664,1.4337899543378996,1.421875,1.2526881720430108,1.4341463414634146,1.6590909090909092,1.6616541353383458,1.6932270916334662,1.558139534883721,1.5666666666666667,1.5462555066079295,1.5517241379310345,1.5425531914893618,1.5185185185185186,1.4722222222222223,1.3398692810457515,1.2826086956521738,1.2520325203252032,1.2142857142857142,1.2150537634408602,1.28,1.4230769230769231,1.275,1.3700787401574803,1.358974358974359,1.4158415841584158,1.4556962025316456,1.5483870967741935,1.5849056603773586,1.6,1.46875,1.4827586206896552,1.44,1.4761904761904763,1.4761904761904763,1.4761904761904763,1.625,2,2,2,2,2,2,2,2,2,2,2,2,2,2,2,2,2,2,2,2,2],