{"startTime":"2025-03-24T20:43:41.882Z","infectedMalesAtStart":1024,"infectedFemalesAtStart":1024,"toxinAntitoxinLength":3,"killRate":0.3438794215079337,"rescueRate":0.6532275710262173,"simulationLength":132,"infectionRatio":[0.08333333333333333,0.08333333333333333,0.08324768756423433,0.08907063802083333,0.08829752604166667,0.08378092447916667,0.08573404947916667,0.08780924479166667,0.0843505859375,0.08064778645833333,0.07804361979166667,0.0799560546875,0.07491048177083333,0.07340494791666667,0.06974283854166667,0.07010904947916667,0.07808430989583333,0.0780595010378088,0.07800667698070189,0.07080078125,0.0684814453125,0.07177734375,0.06999267518515505,0.06986490885416667,0.0789794921875,0.07096354166666667,0.06742350260416667,0.06929524739583333,0.06966145833333333,0.06986490885416667,0.07222493489583333,0.06986490885416667,0.07132975260416667,0.07276574963372945,0.0782909460834181,0.07222493489583333,0.062296549479166664,0.0526123046875,0.0482177734375,0.054850260416666664,0.057413736979166664,0.061075846354166664,0.055338541666666664,0.054646809895833336,0.0548095703125,0.05176413136369186,0.0668592821681452,0.06449381510416667,0.06376139322916667,0.062070088322683056,0.06604272634791454,0.059000651041666664,0.0474853515625,0.0404052734375,0.036376953125,0.0462646484375,0.056803385416666664,0.060262044270833336,0.0570068359375,0.05318845887762992,0.055501302083333336,0.051432291666666664,0.06840006510416667,0.07682291666666667,0.07352701822916667,0.07174249206478392,0.08028157552083333,0.06856282552083333,0.0579833984375,0.046101888020833336,0.036783854166666664,0.039225260416666664,0.041341145833333336,0.043619791666666664,0.038624338624338624,0.035319010416666664,0.03194563138403939,0.0305004682982449,0.041219075520833336,0.041056315104166664,0.035237630208333336,0.034871419270833336,0.037434895833333336,0.03207163207163207,0.02734375,0.020100911458333332,0.0167236328125,0.011962890625,0.013997395833333334,0.013020833333333334,0.01534266644961745,0.013265513733468973,0.012330104989012778,0.010542168674698794,0.015463498006022626,0.015665690104166668,0.012166341145833334,0.012491861979166666,0.013590494791666666,0.0111083984375,0.008951822916666666,0.005696614583333333,0.003946940104166667,0.0023193359375,0.002197265625,0.0021567510376821033,0.0024016933973784907,0.0019532839586554897,0.0019131355069809093,0.0017094017094017094,0.0062255859375,0.009765625,0.012532552083333334,0.011353463009685033,0.01025390625,0.010499328531314857,0.0106201171875,0.007242838541666667,0.0037841796875,0.0021565755208333335,0.0016276703967446592,0.001628001628001628,0.0015874308042982742,0.0013436482084690554,0.0013441407681968147,0.0012218963831867058,0.0016687016687016688,0.0010172526041666667,0.0008951822916666666,0.0008546660697570307,0.0008544921875,0.0007733322479547397],"averageToxinCountInMales":[2.5166015625,2.5166015625,2.5049900199600796,2.5618279569892475,2.5022583559168927,2.543186180422265,2.580074487895717,2.5952161913523457,2.6530612244897958,2.661943319838057,2.5534591194968552,2.533,2.545551982851018,2.5825991189427313,2.5400696864111496,2.602088167053364,2.6446540880503147,2.6421825813221407,2.580104712041885,2.84037558685446,2.7121387283236995,2.569676700111483,2.747191011235955,2.6179138321995463,2.686175580221998,2.693970420932878,2.5783132530120483,2.634433962264151,2.640697674418605,2.6979166666666665,2.4696629213483146,2.563005780346821,2.4510250569476084,2.363028953229399,2.212565445026178,2.249718785151856,2.286831812255541,2.406201550387597,2.5930232558139537,2.3293768545994067,2.166189111747851,2.307486631016043,2.0922619047619047,2.0728682170542636,2.0277777777777777,2.0214521452145213,1.4262086513994912,1.231274638633377,1.1549668874172185,1.1424694708276797,1.1220125786163522,1.2797783933518005,1.233788395904437,1.2162162162162162,1.4376470588235295,1.412523020257827,1.2957540263543192,1.4788540245566166,1.4345323741007194,1.436335403726708,1.4932533733133433,1.5083056478405317,1.206060606060606,1.0263157894736843,0.9891067538126361,0.978675645342312,0.9587939698492463,0.9906542056074766,0.92,0.9396551724137931,0.9934497816593887,1.0997963340122199,1.1660377358490566,1.5507246376811594,1.6503067484662577,1.5622222222222222,1.5833333333333333,1.365979381443299,1.3268858800773695,1.0761904761904761,1.0227790432801822,1.0819672131147542,1.0345572354211663,1.0099750623441397,0.9912790697674418,1.0572519083969465,1.029126213592233,1.0431654676258992,0.9593023255813954,0.9757575757575757,1.1534653465346534,1.1436781609195403,1.18125,1.2279411764705883,1.1565656565656566,1.1421052631578947,1.1029411764705883,1.6115107913669064,1.619047619047619,1.0916666666666666,1.2,1.2857142857142858,1.2619047619047619,1.25,1.2608695652173914,1.2608695652173914,1.3928571428571428,1.0476190476190477,1.05,1,1,1,1,1,1,1,1,1,1,1,1,1,1,1,1,1,1,1,1,1,1,1],"averageAntitoxinCountInFemales":[2.49609375,2.49609375,2.4965786901270772,2.4808946877912397,2.466603951081844,2.529006882989184,2.559535333978703,2.588235294117647,2.6408045977011496,2.6619718309859155,2.608921161825726,2.612435233160622,2.6200440528634363,2.6674107142857144,2.675263774912075,2.770034843205575,2.77720207253886,2.77720207253886,2.7304890738813734,2.945945945945946,2.8166259168704157,2.7116493656286043,2.7674698795180723,2.6395209580838324,2.7073684210526316,2.7271676300578034,2.6783555018137846,2.7076023391812867,2.6690140845070425,2.7010550996483,2.5016949152542374,2.557511737089202,2.414857142857143,2.308988764044944,2.1816305469556245,2.239277652370203,2.270942408376963,2.3395061728395063,2.4871355060034306,2.2596439169139466,2.081346423562412,2.260292164674635,2.053779069767442,2.1117478510028653,2.028612303290415,1.9834834834834836,1.4445740956826139,1.2305825242718447,1.1798029556650247,1.1598984771573604,1.1497584541062802,1.2307692307692308,1.1394148020654045,1.107421875,1.300639658848614,1.3316498316498318,1.2861150070126228,1.4438502673796791,1.3838526912181304,1.4132730015082957,1.48493543758967,1.487915407854985,1.1880841121495327,1.019189765458422,1.0089988751406074,1.0022935779816513,0.9703476482617587,1.0446320868516286,0.9671428571428572,0.9547920433996383,1.0381165919282511,1.0930232558139534,1.1481481481481481,1.5923076923076922,1.708695652173913,1.5980861244019138,1.610079575596817,1.5041551246537397,1.3850806451612903,1.1198347107438016,1.100702576112412,1.213953488372093,1.135667396061269,1.1085271317829457,1.076219512195122,1.1422413793103448,1.1804878048780487,1.2774193548387096,1.2034883720930232,1.2258064516129032,1.32,1.3355263157894737,1.3776223776223777,1.4390243902439024,1.2362637362637363,1.2153846153846153,1.2208588957055215,1.5297619047619047,1.625668449197861,1.2222222222222223,1.312,1.2077922077922079,1.1636363636363636,1.2121212121212122,1.2258064516129032,1.2333333333333334,1.2580645161290323,1.0740740740740742,1.0740740740740742,1,1.0129870129870129,1.0085470085470085,1.0067114093959733,1.0075187969924813,1,1,1,1,1,1,1,1,1,1,1,1,1,1,1,1,1,1],