{"startTime":"2025-03-24T18:23:05.935Z","infectedMalesAtStart":1024,"infectedFemalesAtStart":1024,"toxinAntitoxinLength":3,"killRate":0.25,"rescueRate":0.125,"simulationLength":213,"infectionRatio":[0.16921424440221433,0.16921424440221433,0.16893528183716075,0.1691193117500566,0.17242081263740738,0.1671142578125,0.15869140625,0.15869140625,0.157958984375,0.1572265625,0.1551513671875,0.1575927734375,0.16495768229166666,0.16703287760416666,0.16556803385416666,0.16609700520833334,0.16727701822916666,0.1672773163979808,0.15760980176659747,0.18017578125,0.1663818359375,0.16658528645833334,0.16007486979166666,0.1668701171875,0.16630045572916666,0.1552734375,0.15250651041666666,0.15865717192268566,0.1578369140625,0.15763346354166666,0.15812174479166666,0.16532389322916666,0.16231282552083334,0.16362156663275687,0.15828450520833334,0.17232259114583334,0.15824381510416666,0.14534505208333334,0.13618977864583334,0.13920084635416666,0.1451881993896236,0.14839680989583334,0.13878713878713878,0.14697863682604273,0.13948567708333334,0.14253743489583334,0.14567057291666666,0.15604654947916666,0.15458170572916666,0.15359570225062066,0.1583981115949697,0.17545572916666666,0.16646321614583334,0.14090983072916666,0.11971028645833333,0.12137858072916667,0.12451171875,0.12650553385416666,0.12943522135416666,0.12912020835028892,0.12215169270833333,0.126220703125,0.13260904947916666,0.13911946614583334,0.13806714140386572,0.13864571033022519,0.12762145213177506,0.14457194010416666,0.15096028645833334,0.12418619791666667,0.10599772135416667,0.10571719226856562,0.10384114583333333,0.10196940104166667,0.10330090764784891,0.10142037361116764,0.09220377604166667,0.09761555989583333,0.09956868489583333,0.10397167738259949,0.1029627217971675,0.1038089037193782,0.102294921875,0.10310872395833333,0.109130859375,0.09761555989583333,0.08203125,0.0765412004069176,0.0718994140625,0.07515462239583333,0.07452784109410615,0.07279755849440488,0.0604248046875,0.057210286458333336,0.05509664292980671,0.055144066417060066,0.05571835571835572,0.054158528645833336,0.05237029501525941,0.06352500712163757,0.07425944010416667,0.060262044270833336,0.049601236979166664,0.039103190104166664,0.040486653645833336,0.04134282807731434,0.04081632653061224,0.038093298024037485,0.0345458984375,0.033040364583333336,0.031046549479166668,0.0313720703125,0.031589660085487484,0.031134263969720403,0.028778442626287298,0.026943426943426944,0.039591471354166664,0.029256184895833332,0.0296630859375,0.02901322482197355,0.02958290946083418,0.025961342828077313,0.025730803680482046,0.024552117263843647,0.023234049479166668,0.020061037639877925,0.019857578840284842,0.020266145769747283,0.020405669599217986,0.01953920052104535,0.01876348243721763,0.015789045332465206,0.033040364583333336,0.022176106770833332,0.017822990844354018,0.01627802873072071,0.01522367403427362,0.014822657490735839,0.01483111274090372,0.01482869597099442,0.014486266531027466,0.013590494791666666,0.01310327988931391,0.013062586473508586,0.013070564762408893,0.013145578120548614,0.012821034637144369,0.010381468061718845,0.025687998697280574,0.017945066124109867,0.016033205827297142,0.013997395833333334,0.013264973958333334,0.012335124572545188,0.012344673049500916,0.01221796855909424,0.011396011396011397,0.010620549338758901,0.009237029501525941,0.009196337741607325,0.0091552734375,0.009033203125,0.008342489724494364,0.006252056597564989,0.01058459534277805,0.012980143229166666,0.010538736979166666,0.007772126144455748,0.006269082027274578,0.006025567950492631,0.006026794803925561,0.0060302326528949195,0.006027285685196498,0.006027285685196498,0.006024096385542169,0.006027285685196498,0.006028513238289205,0.006024341596450523,0.005819158460161146,0.005208548633789426,0.002279109519352082,0.008749084398144381,0.007488502706442554,0.006392508143322475,0.005701950881765975,0.005701254275940707,0.00570287995437696,0.005705901532442126,0.005700325732899023,0.005698237616508608,0.0056984695538912404,0.0057014864589696596,0.0057014864589696596,0.0057024153802289115,0.005699861574790326,0.005744988634015292,0.0024833089073440806,0.0047607421875,0.004353841145833333,0.0026458257011438106,0.0026462565647518625,0.002199055220719987,0.0022006683511288615,0.002202014435427966,0.002198786595545421,0.002197802197802198,0.0021982495420313454,0.0022000407414952128,0.002199951112197507,0.0022002200220022,0.0022017450868466117,0.002208047105004907,0.0001220703125],"averageToxinCountInMales":[2.5419921875,2.5419921875,2.547,2.659782608695652,2.5854117647058823,2.6365422396856584,2.546021840873635,2.511880165289256,2.615265600825168,2.5837221358216693,2.4934314240672624,2.5648775403856177,2.5555004955401386,2.569829683698297,2.574656188605108,2.5962854349951123,2.6051732552464615,2.60595703125,2.5538140020898643,2.666518254674978,2.5043227665706054,2.47409200968523,2.4103343465045595,2.458960660514813,2.433317049340498,2.4582238570677877,2.3464818763326227,2.3665809768637533,2.3135636926250647,2.3520329387545034,2.4722366372599898,2.439980401763841,2.4570858283433132,2.4361014420686224,2.411764705882353,2.714551371455137,2.607324516785351,2.6730875068794715,2.5630841121495327,2.6792237442922375,2.6225596529284165,2.4279638490164808,2.4158585282373073,2.3126005361930293,2.301354401805869,2.278116343490305,2.4672846237731734,2.509674134419552,2.5110312981015905,2.5140041493775933,2.5410677618069815,2.811634349030471,2.7762645914396886,2.7185354691075516,2.6920415224913494,2.923076923076923,2.8344459279038716,2.500661375661376,2.4448742746615086,2.297106109324759,2.3054421768707485,2.296345514950166,2.5195954487989884,2.5829355608591884,2.5857916917519566,2.647727272727273,2.6901041666666665,2.739819004524887,2.7466878643349233,2.734426229508197,2.7513430544896393,2.9295120061967466,2.9984152139461173,2.71669341894061,2.6386687797147386,2.633631194151097,2.468066491688539,2.4917898193760264,2.5568,2.541698546289212,2.5436968290796598,2.535007610350076,2.574484944532488,2.8776978417266186,2.636157337367625,2.864309210526316,3.1484759095378565,3.2825860271115745,3.242424242424242,3.0336225596529283,2.9782372143634386,3.0512249443207127,3.153950953678474,3.0998552821997105,3.294642857142857,3.324888226527571,3.273402674591382,3.288109756097561,3.3793650793650793,3.8783958602846056,3.305159165751921,3.6251621271076524,3.6960629921259844,3.9584158415841584,4.017274472168906,3.9457943925233643,3.98109640831758,4.1602434077079105,4.321995464852607,4.321678321678322,4.401985111662531,4.389162561576355,4.354368932038835,4.367901234567901,4.372602739726028,4.383647798742138,3.636916835699797,4.537433155080214,4.335078534031414,4.258760107816712,4.3465608465608465,4.396449704142012,4.416666666666667,4.475,4.642857142857143,5.003663003663004,5.187739463601533,5.184905660377359,5.1716417910447765,5.2745098039215685,5.387755102040816,5.229508196721311,3.270886075949367,4.538167938931298,5,4.939086294416244,4.918478260869565,5.016759776536313,5.016759776536313,5.016759776536313,5.073863636363637,5.289156626506024,5.474683544303797,5.474683544303797,5.474683544303797,5.465408805031447,5.574193548387097,5.735849056603773,3.2332268370607027,3.559322033898305,3.8550724637681157,3.6902173913043477,3.8620689655172415,4.148148148148148,4.148148148148148,4.226415094339623,4.602739726027397,4.83453237410072,5.508196721311475,5.553719008264463,5.553719008264463,5.647058823529412,5.5092592592592595,5.39344262295082,5.904347826086957,5.827160493827161,5.539568345323741,6.450980392156863,6.831325301204819,6.91358024691358,6.91358024691358,6.91358024691358,6.91358024691358,6.91358024691358,6.91358024691358,6.91358024691358,6.91358024691358,6.91358024691358,6.9113924050632916,6.888888888888889,7,7,6.382352941176471,6.222222222222222,7,7,7,7,7,7,7,7,7,7,7,7,7,7,7,7,7,7,7,7,7,7,7,7,7,7,7,7,null],