{"startTime":"2025-03-24T20:43:41.882Z","infectedMalesAtStart":1024,"infectedFemalesAtStart":1024,"toxinAntitoxinLength":3,"killRate":0.91096844280749,"rescueRate":0.43977620874286294,"simulationLength":196,"infectionRatio":[0.08333333333333333,0.08333333333333333,0.08336075012337556,0.0789794921875,0.07169596354166667,0.072509765625,0.07942708333333333,0.07666015625,0.07784016927083333,0.0799560546875,0.07491048177083333,0.0706787109375,0.07210286458333333,0.07014973958333333,0.06949869791666667,0.07491048177083333,0.0723876953125,0.07225774917518635,0.06941731770833333,0.06376139322916667,0.058878580729166664,0.06697591145833333,0.06819661458333333,0.06477864583333333,0.07206217447916667,0.07283528645833333,0.06941731770833333,0.06559244791666667,0.06637096117848132,0.067138671875,0.06358640341949928,0.06401074306177261,0.061971028645833336,0.0601953601953602,0.058837890625,0.067138671875,0.061726888020833336,0.066650390625,0.0619378993203923,0.06913248697916667,0.07633463541666667,0.07771809895833333,0.07218424479166667,0.06730690974200375,0.07039388020833333,0.06930088711646455,0.06555709286237486,0.06271365782191111,0.059651692708333336,0.057262626673721055,0.05615234375,0.0555419921875,0.049112955729166664,0.041422526041666664,0.041056315104166664,0.035807291666666664,0.045125325520833336,0.04085618946854399,0.039388020833333336,0.0338134765625,0.054646809895833336,0.056844075520833336,0.054890950520833336,0.058064778645833336,0.058064778645833336,0.060221354166666664,0.06324014161884996,0.054402669270833336,0.046875,0.038492838541666664,0.03744251353221277,0.03125,0.042277018229166664,0.041666666666666664,0.037760416666666664,0.03507915191470313,0.0604248046875,0.068359375,0.06742350260416667,0.06775729459162495,0.06685384114583333,0.07320745503377553,0.07666015625,0.068359375,0.060099283854166664,0.049397786458333336,0.04093924225776258,0.035400390625,0.053466796875,0.050740559895833336,0.048828125,0.044150559511698884,0.07177734375,0.08479817708333333,0.08301119023397761,0.0860595703125,0.08256022135416667,0.0906205493387589,0.08988444010416667,0.06591796875,0.056803385416666664,0.043741861979166664,0.03544252288911495,0.029256184895833332,0.03466796875,0.03870416344471125,0.03760224636796484,0.03467079026613494,0.045328776041666664,0.049967447916666664,0.052937825520833336,0.053548177083333336,0.054443359375,0.05489318413021363,0.057942708333333336,0.048299153645833336,0.035400390625,0.030192057291666668,0.025472005208333332,0.021525065104166668,0.0211181640625,0.022224031260175837,0.021770091556459818,0.022054933875890134,0.0298294876490457,0.028118006103763988,0.03084435401831129,0.039754231770833336,0.039713541666666664,0.044230143229166664,0.044718424479166664,0.035074869791666664,0.025919596354166668,0.0184326171875,0.012696345731260682,0.009725330620549338,0.0079345703125,0.010867795506349724,0.008630516202572871,0.006306966145833333,0.006306966145833333,0.006022380467955239,0.005696846388606307,0.009765625,0.011800130208333334,0.010945638020833334,0.009440488301119024,0.0125732421875,0.010498046875,0.007853190104166666,0.006795247395833333,0.006062825520833333,0.005167643229166667,0.004519543973941368,0.004109700520833333,0.0036214192708333335,0.0032552083333333335,0.0037027994791666665,0.0033365885416666665,0.0030924479166666665,0.005249664265657429,0.0038655598958333335,0.0033367243133265514,0.0059814453125,0.004801432291666667,0.0030517578125,0.0020347535913400887,0.001708984375,0.0008138020833333334,0.0008141002157365572,0.000732421875,0.0006917317708333334,0.0006917317708333334,0.0006917317708333334,0.0006917317708333334,0.0006917880686904858,0.0006917317708333334,0.0006917317708333334,0.0004475911458333333,0.0028076171875,0.002767039674465921,0.0021565755208333335,0.0013834635416666667,0.0003662109375,0.0003255208333333333,0.000285074322948483,0.00008138020833333333,0.00008138020833333333,0.00008138020833333333,0.00008138020833333333,0.00008138020833333333,0.00008138020833333333,0.00008139345596614032,0.00008139014365360354,0.00008141996417521577,0.000040690104166666664],"averageToxinCountInMales":[2.583984375,2.583984375,2.600199401794616,2.5991692627206646,2.6546052631578947,2.400442477876106,2.572564612326044,2.7259565667011376,2.7331319234642497,2.732615083251714,2.7453027139874737,2.712403951701427,2.660925726587729,2.7083798882681562,2.6344206974128235,2.529350104821803,2.536876355748373,2.5359477124183005,2.586483390607102,2.4929757343550447,2.588235294117647,2.62590799031477,2.790556900726392,3.1034928848641656,3.202749140893471,3.072247706422018,3.086374695863747,3.1139896373056994,2.8730964467005076,2.7202007528230867,2.7738896366083448,2.69433465085639,2.664857530529172,2.643949930458971,2.38,2.691542288557214,2.5626702997275204,2.756926952141058,2.6470588235294117,2.9746376811594204,3.1346153846153846,3.051282051282051,2.96889400921659,2.8189762796504367,2.4594272076372317,2.4145454545454546,2.415601023017903,2.429340511440108,2.438746438746439,2.414814814814815,2.0837138508371384,2.3272450532724505,2.1298932384341636,2.0356394129979036,1.9544513457556936,1.8523809523809525,2.6349514563106795,2.5265392781316347,2.528216704288939,2.6639344262295084,1.4180967238689548,1.2544378698224852,1.2465543644716692,1.2277936962750717,1.153295128939828,1.2653061224489797,1.1601049868766404,1.337837837837838,1.4701873935264054,1.6477987421383649,1.6272321428571428,1.4808743169398908,2.5040983606557377,2.8,2.8054298642533935,3.0376884422110555,1.6618705035971224,1.3569620253164556,1.3491655969191272,1.3388746803069054,1.4,1.18384074941452,1.0571748878923768,1.2129277566539924,1.1151079136690647,1.0592334494773519,1.1333333333333333,1.0428211586901763,2.3610223642172525,2.6359143327841843,2.6243567753001713,2.733075435203095,1.5822072072072073,1.3191899710703954,1.3451676528599605,1.381267738883633,1.4204771371769385,1.4181152790484903,1.2863677950594694,1.3784119106699753,1.3764204545454546,1.43327239488117,1.5304740406320543,1.2865013774104683,2.480392156862745,3.106290672451193,3.1786542923433876,3.2394736842105263,2.3001988071570576,2.2229965156794425,1.9547738693467336,1.86084142394822,1.7586750788643533,1.6951788491446345,1.3903133903133904,1.2643097643097643,1.4042056074766356,1.5179063360881542,1.586092715231788,1.689516129032258,2.2343096234309625,2.9473684210526314,3.283464566929134,3.4347826086956523,2.3712737127371275,2.448377581120944,2.1715817694369974,1.9532908704883227,1.9352818371607516,1.7142857142857142,1.581651376146789,1.5259593679458239,1.4862385321100917,1.775,1.8353658536585367,1.9083333333333334,1.65625,3.292517006802721,3.310344827586207,3.1204819277108435,2.6463414634146343,2.6233766233766236,2.6285714285714286,2.7130434782608694,2.5328947368421053,2.692857142857143,2.7094017094017095,1.7763975155279503,1.162962962962963,1.4375,1.3176470588235294,1.4027777777777777,1.2459016393442623,1.0943396226415094,1.2340425531914894,1.1,0.5882352941176471,1.5813953488372092,1.5263157894736843,1.5135135135135136,1.7647058823529411,1.6851851851851851,1.5,0.7252747252747253,0.4266666666666667,0.5882352941176471,0.42424242424242425,0.5,0,0,0,0,0,0,0,0,0,0,0,0,0,0,0,0,0,0,0,0,0,0,0,0,0,0,0,0],