{"startTime":"2025-03-24T20:58:13.237Z","infectedMalesAtStart":1024,"infectedFemalesAtStart":1024,"toxinAntitoxinLength":3,"killRate":1,"rescueRate":1,"simulationLength":180,"infectionRatio":[0.08333333333333333,0.08333333333333333,0.0834051989651349,0.09256998697916667,0.0877685546875,0.07958984375,0.0841064453125,0.08931477864583333,0.0843505859375,0.0809326171875,0.08015950520833333,0.08162434895833333,0.08329264322916667,0.080078125,0.079345703125,0.07771809895833333,0.07649739583333333,0.07616837648591435,0.08395051680638073,0.08113606770833333,0.07755533854166667,0.0736083984375,0.0753173828125,0.06644694010416667,0.062174479166666664,0.059529622395833336,0.05539275539275539,0.049479166666666664,0.057169596354166664,0.05322265625,0.05355035605289929,0.059855143229166664,0.057291666666666664,0.0559173042487384,0.05344350374470856,0.0523681640625,0.043904622395833336,0.036824544270833336,0.032267252604166664,0.028157552083333332,0.028076171875,0.024454752604166668,0.02413414187456758,0.020792643229166668,0.02575788402848423,0.0224609375,0.025314395018517764,0.026618910008547356,0.024169921875,0.022911325438489397,0.020345052083333332,0.024576822916666668,0.022867838541666668,0.022745768229166668,0.026326497395833332,0.023518880208333332,0.02067225522910393,0.018107096354166668,0.016845703125,0.015950520833333332,0.020792643229166668,0.02059003051881994,0.022339776195320446,0.0228271484375,0.022216796875,0.022013346354166668,0.020874872838250253,0.02335707019328586,0.0167236328125,0.015381485249237029,0.0225830078125,0.017985026041666668,0.016032553407934892,0.013142903645833334,0.012288411458333334,0.010050455729166666,0.007649739583333333,0.007365208545269583,0.00728382502543235,0.008585611979166666,0.007609359104781282,0.007202734597542118,0.006592869933257366,0.00992919345649874,0.005086263020833333,0.005615234375,0.0062255859375,0.003987630208333333,0.0035400390625,0.0030517578125,0.00288911495422177,0.0025227864583333335,0.0018310546875,0.0017496744791666667,0.0017496744791666667,0.0017498880885524763,0.0017496744791666667,0.0017497456765005086,0.0016682942708333333,0.0023193359375,0.0016276041666666667,0.0006103515625,0.0013427734375,0.0005696614583333334,0.0003255208333333333,0.0003255208333333333,0.0003255208333333333,0.0003255208333333333,0.0002848307291666667,0.0002848307291666667,0.0002848307291666667,0.000244140625,0.0002035002035002035,0.0002034670790266135,0.00020345052083333334,0.00020345052083333334,0.00020345052083333334,0.00020345052083333334,0.00020345052083333334,0.00020345052083333334,0.00020348363991535081,0.00020345052083333334,0.0002034587995930824,0.00020345052083333334,0.00020345052083333334,0.00020345052083333334,0.00020348363991535081,0.00020351676978183002,0.0002035002035002035,0.00020345052083333334,0.00020345052083333334,0.0002035002035002035,0.00020345052083333334,0.00020345052083333334,0.00020345052083333334,0.00020345052083333334,0.00016276041666666666,0.00016276041666666666,0.00016276041666666666,0.00016276041666666666,0.0001627670396744659,0.00016276041666666666,0.00016276041666666666,0.00016279353709657725,0.00016276041666666666,0.00016281341582546403,0.00016276041666666666,0.0001221001221001221,0.0001220703125,0.0001220703125,0.0001220703125,0.000040690104166666664,0.000040690104166666664,0.00004069175991861648,0.00004069175991861648,0.000040690104166666664,0.000040690104166666664,0.0000406934158053227,0.000040705010786827856,0.00004072158651301055,0.00004070335395636601,0.00004071495460282562,0.00004069672798307016,0.00004071163945772096,0.000040690104166666664,0.000040690104166666664,0.00004069175991861648,0.000040690104166666664,0.000040690104166666664,0.00004069175991861648,0.00004069672798307016,0.000040690104166666664,0.000040690104166666664,0.000040698384274144313,0.00004070335395636601,0.00004071163945772096,0.00004070335395636601,0.00004070169726077577,0.000040690104166666664,0.000040690104166666664],"averageToxinCountInMales":[2.5009765625,2.5009765625,2.505952380952381,2.612627986348123,2.647276084949215,2.686868686868687,2.596606974552309,2.571301247771836,2.5975143403441683,2.5760322255790533,2.562178828365879,2.5506072874493926,2.4909638554216866,2.4409044193216856,2.412008281573499,2.3904761904761904,2.425053533190578,2.4234913793103448,2.51988360814743,2.582198952879581,2.595137420718816,2.7319474835886215,2.5152792413066387,2.507125890736342,2.3458549222797926,2.3127572016460904,2.3654135338345865,2.276632302405498,2.486842105263158,2.533123028391167,2.496087636932707,2.6745810055865924,2.6957163958641064,2.6717791411042944,2.654220779220779,2.862809917355372,2.518095238095238,2.451990632318501,2.337730870712401,2.3823529411764706,2.0922619047619047,2.106896551724138,1.9787985865724382,1.9444444444444444,1.869281045751634,1.7566539923954372,1.608695652173913,1.4610591900311527,1.513986013986014,1.5239852398523985,1.493723849372385,2.9425675675675675,2.3772893772893773,2.7425373134328357,2.5510835913312695,2.6319444444444446,2.5637860082304527,2.650943396226415,2.6313131313131315,2.659340659340659,2.482490272373541,2.2267206477732793,2.143911439114391,2.028673835125448,2.062962962962963,2.052434456928839,2.124,3.068840579710145,3.5287958115183247,3.50561797752809,2.6298932384341636,2.7072072072072073,2.553299492385787,2.6832298136645965,2.6490066225165565,2.761904761904762,2.6333333333333333,2.6627906976744184,2.7093023255813953,2.217821782178218,2.2588235294117647,2.345679012345679,2.3055555555555554,3.008771929824561,2.1964285714285716,2.716666666666667,2.3205128205128207,2.4,2.4634146341463414,2.5277777777777777,2.303030303030303,2.0357142857142856,2.0588235294117645,2.0588235294117645,2.0588235294117645,2.0588235294117645,2.0588235294117645,2.0588235294117645,2.066666666666667,2.037037037037037,1.875,2,2,2,null,null,null,null,null,null,null,null,null,null,null,null,null,null,null,null,null,null,null,null,null,null,null,null,null,null,null,null,null,null,null,null,null,null,null,null,null,null,null,null,null,null,null,null,null,null,null,null,null,null,null,null,null,null,null,null,null,null,null,null,null,null,null,null,null,null,null,null,null,null,null,null,null,null,null,null],