{"startTime":"2025-03-24T20:33:55.228Z","infectedMalesAtStart":16,"infectedFemalesAtStart":32,"toxinAntitoxinLength":3,"killRate":0.6686469150128361,"rescueRate":0.05942219180203834,"simulationLength":101,"infectionRatio":[0.0038622465400708077,0.0038622465400708077,0.0038989521566079118,0.009311475409836066,0.009318033854166666,0.00830078125,0.010294596354166666,0.010457356770833334,0.0108642578125,0.011555989583333334,0.0108642578125,0.010660807291666666,0.010498046875,0.010213216145833334,0.013590494791666666,0.012776692708333334,0.012247721354166666,0.012252208246835185,0.010335286458333334,0.0096435546875,0.004842122395833333,0.00439453125,0.0084228515625,0.0087890625,0.008138020833333334,0.008829752604166666,0.0103759765625,0.009195963541666666,0.008830471229755025,0.0084228515625,0.008748372395833334,0.008423194303153612,0.0084228515625,0.008348945182047731,0.009033203125,0.0074462890625,0.006062825520833333,0.0048828125,0.007609049479166667,0.00927734375,0.008871164645560349,0.008545617319117767,0.009521484375,0.009440104166666666,0.009237405387808253,0.008097330729166666,0.0078125,0.00732421875,0.007242838541666667,0.007162915632249399,0.007039674465920651,0.007649739583333333,0.0059814453125,0.003987630208333333,0.007080078125,0.008219401041666666,0.007283528645833333,0.007161458333333333,0.008056640625,0.007771809895833333,0.007731119791666667,0.007243722785170716,0.006917317708333333,0.00732421875,0.007161458333333333,0.007165540265450696,0.006062825520833333,0.0054931640625,0.0037027994791666665,0.0014241536458333333,0.0009765625,0.003987630208333333,0.003946940104166667,0.00390625,0.004842122395833333,0.004801432291666667,0.0045576625701961426,0.004353841145833333,0.004313151041666667,0.0023193359375,0.0022379557291666665,0.002238775593275532,0.0022379557291666665,0.0015869140625,0.0015462239583333333,0.0015462239583333333,0.0010579427083333333,0.0004475911458333333,0.0004069010416666667,0.000244140625,0.0014241536458333333,0.0008544921875,0.0004069010416666667,0.0003662407422479043,0.0003662109375,0.00036622583926754833,0.0003662109375,0.00008144980655670943,0.000040690104166666664,0.000040690104166666664,0.000040690104166666664],"averageToxinCountInMales":[2.6875,2.6875,2.6875,1.8627450980392157,2.1454545454545455,2.2336448598130842,2.1578947368421053,2.611940298507463,2.710144927536232,2.900709219858156,2.9398496240601504,2.9461538461538463,2.952755905511811,3,2.63953488372093,2.5925925925925926,2.5294117647058822,2.5294117647058822,2.5968992248062017,2.8220338983050848,2.933333333333333,2.909090909090909,2.176470588235294,2.2972972972972974,2.11,2.1904761904761907,2.25,2.2162162162162162,2.177570093457944,2.198019801980198,2.1714285714285713,2.202020202020202,2.202020202020202,2.2142857142857144,2.537037037037037,2.7191011235955056,2.449275362318841,2.3207547169811322,1.8780487804878048,1.588785046728972,1.5490196078431373,1.510204081632653,1.8073394495412844,1.8037383177570094,1.7333333333333334,1.7065217391304348,1.7303370786516854,1.7142857142857142,1.7108433734939759,1.7108433734939759,1.7073170731707317,1.6736842105263159,2.0526315789473686,1.8222222222222222,1.6049382716049383,1.4719101123595506,1.5316455696202531,1.4675324675324675,1.6629213483146068,1.5952380952380953,1.5903614457831325,1.5657894736842106,1.5774647887323943,1.527027027027027,1.5205479452054795,1.5205479452054795,1.6440677966101696,1.5384615384615385,1.4594594594594594,2,2,1.1666666666666667,1.1320754716981132,1.0769230769230769,1.3880597014925373,1.3484848484848484,1.3650793650793651,1.3709677419354838,1.3770491803278688,1.7666666666666666,1.793103448275862,1.793103448275862,1.793103448275862,1.9047619047619047,1.9047619047619047,1.9047619047619047,1.875,1.8571428571428572,1.8333333333333333,1.5,2,2,2,2,2,2,2,2,null,null,null],"averageAntitoxinCountInFemales":[2.21875,2.21875,2.21875,1.972972972972973,2.302521008403361,2.3608247422680413,2.2916666666666665,2.6747967479674797,2.7906976744186047,3.055944055944056,3.1044776119402986,3.1136363636363638,3.114503816793893,3.0866141732283463,2.8333333333333335,2.7565789473684212,2.7162162162162162,2.7162162162162162,2.704,3.008403361344538,2.711864406779661,2.7547169811320753,2.0095238095238095,2.066666666666667,1.94,2.2410714285714284,2.3555555555555556,2.2,2.1545454545454548,2.150943396226415,2.1545454545454548,2.1574074074074074,2.1574074074074074,2.1588785046728973,2.3421052631578947,2.404255319148936,2.2375,2.343283582089552,1.9142857142857144,1.743801652892562,1.706896551724138,1.6339285714285714,1.872,1.872,1.7868852459016393,1.841121495327103,1.7766990291262137,1.7604166666666667,1.768421052631579,1.7096774193548387,1.6923076923076923,1.6881720430107527,2.028169014084507,1.830188679245283,1.4516129032258065,1.3185840707964602,1.35,1.3434343434343434,1.5137614678899083,1.5046728971962617,1.5046728971962617,1.5294117647058822,1.5252525252525253,1.4811320754716981,1.4854368932038835,1.4854368932038835,1.5555555555555556,1.5301204819277108,1.6851851851851851,2.217391304347826,2.2,1.4090909090909092,1.4090909090909092,1.4090909090909092,1.4423076923076923,1.4423076923076923,1.469387755102041,1.511111111111111,1.511111111111111,1.8518518518518519,1.8846153846153846,1.8846153846153846,1.8846153846153846,2,2,2,2,2,2,2,2,2,2,2,2,2,2,2,2,2,2],"reproductiveSuccessOverTime":[0,0,0,0.007785768591114278,0.0001220703125,0,0,0,0,0,0,0,0,0,0,0,0,0.000040705010786827856,0,0.000008073433366402116,0,0,0.0000045161544184981685,0,0.000002533287130376344,0,0,0,0,0,0,0,0,0.0001221796855909424,0,0,0,0,6.781684027777778e-7,0,0,0,0,0,0,0,0.000040690104166666664,0,0,0.000040698384274144313,0,0,0,0,0,0,0,0.000040690104166666664,0.000040690104166666664,0,0.000040690104166666664,0,0,0,0,0,0,0,0,0,0,0,0,0,0,0,0,0,0,0.00008138020833333333,0,0.000040705010786827856,0,0,0,0.000040690104166666664,0,0,0,0,0,0,0.000040690104166666664,0.0000406934158053227,0.000040690104166666664,0.00004069175991861648,0.000040690104166666664,0,0,0,0]}