{"startTime":"2025-03-24T20:43:41.881Z","infectedMalesAtStart":1024,"infectedFemalesAtStart":1024,"toxinAntitoxinLength":3,"killRate":0.5735031613552578,"rescueRate":0.3509822309631796,"simulationLength":136,"infectionRatio":[0.08333333333333333,0.08333333333333333,0.08322384628017737,0.08003743489583333,0.07438151041666667,0.078369140625,0.08573404947916667,0.0897216796875,0.08304850260416667,0.0872802734375,0.08744303385416667,0.09248860677083333,0.0941162109375,0.0921630859375,0.08707682291666667,0.08492024739583333,0.08671061197916667,0.08668213834941574,0.08467610677083333,0.08577473958333333,0.08296712239583333,0.082275390625,0.08329264322916667,0.09224446614583333,0.08369954427083333,0.07283528645833333,0.0673828125,0.06294759114583333,0.06355794270833333,0.060343424479166664,0.057332356770833336,0.057088216145833336,0.0538330078125,0.05493611133718564,0.054280598958333336,0.048258463541666664,0.050048828125,0.05220752797558494,0.05729399796541201,0.06856282552083333,0.06380208333333333,0.05465125742654838,0.047810872395833336,0.045491536458333336,0.04248046875,0.039510091145833336,0.03589159274029462,0.03466937945066124,0.03226856561546287,0.033976236979166664,0.031168619791666668,0.0294189453125,0.0313720703125,0.031982421875,0.036539713541666664,0.0400390625,0.033406575520833336,0.0274658203125,0.027750651041666668,0.023763987792472026,0.023521751515891427,0.02319524700903394,0.02091556459816887,0.018677517802644965,0.017008463541666668,0.016927083333333332,0.016764322916666668,0.017578125,0.0108642578125,0.01318359375,0.026452873188995606,0.0260009765625,0.02311386017742329,0.020996948118006103,0.019856770833333332,0.016520182291666668,0.015828450520833332,0.0162353515625,0.016031901041666668,0.014892578125,0.0124125020348364,0.011801090583543583,0.011271158854166666,0.014079348931841302,0.009358723958333334,0.0106201171875,0.022218605029706195,0.021891276041666668,0.019327799479166668,0.016560872395833332,0.016398111979166668,0.014567057291666666,0.013468424479166666,0.01330620549338759,0.012695829094608342,0.0107421875,0.009970292597566434,0.009767214715936839,0.009114583333333334,0.0067138671875,0.005167643229166667,0.0037841796875,0.01566824027348201,0.014444986979166666,0.0137939453125,0.012003580729166666,0.011881510416666666,0.0108642578125,0.008626302083333334,0.008382502543234995,0.008139014365360355,0.010213216145833334,0.008425594268967763,0.008138020833333334,0.008015950520833334,0.007039388020833333,0.005086263020833333,0.0034586588541666665,0.008708036622583926,0.005777994791666667,0.004720052083333333,0.0038248697916666665,0.0023193359375,0.0023193359375,0.0022786458333333335,0.002278738555442523,0.002278738555442523,0.001953125,0.0013020833333333333,0.0011800130208333333,0.0009768009768009768,0.0006104012370798405,0.00020345052083333334,0.0000813868316106454,0.0006512536633018561,0.0006510416666666666],"averageToxinCountInMales":[2.5810546875,2.5810546875,2.5761194029850745,2.3343685300207038,2.310033821871477,2.469665271966527,2.3219844357976656,2.354359925788497,2.345309381237525,2.483901515151515,2.549227799227799,2.6214995483288166,2.7173333333333334,2.7159926470588234,2.7777777777777777,2.765482233502538,2.8005923000987165,2.8005923000987165,2.834349593495935,2.7102161100196462,2.5090725806451615,2.414512922465209,2.381139489194499,2.4660018132366273,2.4603811434302907,2.4332171893147505,2.3957286432160805,2.402455661664393,2.6666666666666665,2.669479606188467,2.714074074074074,2.835311572700297,2.8406940063091484,2.8984615384615386,2.9053627760252367,2.5853658536585367,2.5033112582781456,2.3713826366559485,1.9783236994219653,2.135672514619883,2.299748110831234,2.2067448680351904,2.2934232715008434,2.3255813953488373,2.391304347826087,2.404471544715447,2.3964365256124722,2.357142857142857,2.4590570719602978,2.3874709976798143,2.3640897755610975,2.1666666666666665,1.9548872180451127,1.8384615384615384,1.9142212189616252,1.8270833333333334,1.827930174563591,1.7613293051359518,2.1194029850746268,2.203448275862069,2.2387543252595155,2.2711267605633805,2.207692307692308,2.257383966244726,2.152073732718894,2.107476635514019,2.1650943396226414,1.7822222222222222,1.9130434782608696,1.0963855421686748,1.771341463414634,1.8240740740740742,1.7142857142857142,1.6934865900383143,1.9367088607594938,1.859375,1.9076086956521738,2.0673575129533677,2.111111111111111,2.0584795321637426,2.1818181818181817,2.198529411764706,2.317829457364341,1.6687898089171975,2.0970873786407767,1.4137931034482758,2.783464566929134,2.8287937743190663,2.847826086956522,2.896039603960396,2.9504950495049505,2.942857142857143,2.9074074074074074,2.9254658385093166,2.923076923076923,2.9097744360902253,2.926829268292683,2.925,3,2.961038961038961,3.0454545454545454,3.051282051282051,3.0141509433962264,3.0104166666666665,3.005524861878453,2.9932432432432434,3.046979865771812,3.0441176470588234,2.953271028037383,2.981132075471698,3.0095238095238095,3.0080645161290325,3.0095238095238095,3.01010101010101,3.010204081632653,3.0114942528735633,3.015625,3,3,3,3,3,3,3,3,3,3,3,3,3,3,3,3,3,3,3],"averageAntitoxinCountInFemales":[2.5537109375,2.5537109375,2.5547945205479454,2.387612387612388,2.3623804463336877,2.4237113402061854,2.303058387395737,2.35226264418811,2.36381135707411,2.4471992653810837,2.5238095238095237,2.5840480274442537,2.654882154882155,2.6567544604927784,2.7423698384201076,2.717785843920145,2.7093023255813953,2.710573476702509,2.7064721969006382,2.6321100917431193,2.396370582617001,2.3631889763779528,2.377065111758989,2.536082474226804,2.5537735849056604,2.5392895586652315,2.494186046511628,2.461916461916462,2.62192118226601,2.593264248704663,2.628065395095368,2.728395061728395,2.7358490566037736,2.7914285714285714,2.7585714285714285,2.573529411764706,2.5063897763578273,2.435703479576399,2.0824022346368714,2.185542168674699,2.356589147286822,2.2042360060514374,2.2714776632302405,2.262969588550984,2.2718446601941746,2.298538622129436,2.2817551963048497,2.1626794258373208,2.2615384615384615,2.237623762376238,2.213698630136986,2.1130434782608694,1.881720430107527,1.755050505050505,1.786813186813187,1.7837301587301588,1.7880952380952382,1.6598837209302326,2.005763688760807,2.119047619047619,2.131487889273356,2.1783216783216783,2.090551181102362,2.1171171171171173,2.0398009950248754,1.9653465346534653,1.975,1.6763285024154588,1.697674418604651,1.139240506329114,1.8322981366459627,1.9174603174603175,1.8612099644128113,1.8588235294117648,2.1195219123505975,2.0794392523364484,2.0390243902439025,2.1262135922330097,2.1365853658536587,2.1025641025641026,2.345679012345679,2.324675324675325,2.418918918918919,1.783068783068783,1.937007874015748,1.4965517241379311,2.7294520547945207,2.797153024911032,2.779591836734694,2.8097560975609754,2.845771144278607,2.830601092896175,2.834319526627219,2.8313253012048194,2.9166666666666665,2.8625954198473282,2.8524590163934427,2.875,2.891891891891892,2.7613636363636362,2.901639344262295,2.888888888888889,2.9653179190751446,2.957055214723926,2.949367088607595,2.945578231292517,2.972027972027972,2.969465648854962,2.857142857142857,2.97,3,3,3,3,3,3,3,3,3,3,3,3,3,3,3,3,3,3,3,3,3,3,3,3,3,3],