{"startTime":"2025-03-24T20:43:41.882Z","infectedMalesAtStart":1024,"infectedFemalesAtStart":1024,"toxinAntitoxinLength":3,"killRate":0.057648241313183246,"rescueRate":0.858666051456542,"simulationLength":161,"infectionRatio":[0.08333333333333333,0.08333333333333333,0.08306262593034253,0.08369954427083333,0.09297688802083333,0.0972900390625,0.09175618489583333,0.08365885416666667,0.08369954427083333,0.08601888020833333,0.08430989583333333,0.08443196614583333,0.08150227864583333,0.07942708333333333,0.076416015625,0.0728759765625,0.07198079427083333,0.0719840397377957,0.07462565104166667,0.07755533854166667,0.07588704427083333,0.07035319010416667,0.06705729166666667,0.060506184895833336,0.06103515625,0.06449381510416667,0.06441243489583333,0.06380208333333333,0.07002766927083333,0.07185872395833333,0.06888834635416667,0.06632486979166667,0.0679931640625,0.06702478329874252,0.073974609375,0.0775146484375,0.06990559895833333,0.0643310546875,0.0623779296875,0.06327311197916667,0.0606689453125,0.069091796875,0.06583658854166667,0.06331380208333333,0.06503337131694611,0.060506184895833336,0.058349609375,0.05738238645612893,0.060262044270833336,0.058756510416666664,0.0743408203125,0.0721435546875,0.06294759114583333,0.060953776041666664,0.0576171875,0.053995768229166664,0.056315104166666664,0.05517578125,0.050439667806546164,0.044759114583333336,0.04374364191251272,0.042928059895833336,0.042195638020833336,0.04159374872817549,0.046599649993895244,0.042928059895833336,0.048624674479166664,0.0517578125,0.045940996948118006,0.05126953125,0.043619791666666664,0.0400390625,0.03446592065106816,0.03365208545269583,0.03052627294558183,0.025634765625,0.025146484375,0.0235595703125,0.022989908854166668,0.020914713541666668,0.02311291963377416,0.022135416666666668,0.036702473958333336,0.0433349609375,0.04342164163919749,0.043009440104166664,0.038248697916666664,0.033406575520833336,0.031617497456765,0.029622395833333332,0.02702042809473427,0.0245361328125,0.023930649953196857,0.02270877421455315,0.018517011232296925,0.017659505208333332,0.0159912109375,0.013509114583333334,0.017090539165818923,0.02575893220476927,0.025105794270833332,0.026692708333333332,0.025553385416666668,0.0242919921875,0.023396809895833332,0.0225830078125,0.020996948118006103,0.019083658854166668,0.0174224537979321,0.016560872395833332,0.012776692708333334,0.009684638860630722,0.007080078125,0.006266531027466938,0.009684244791666666,0.013550356052899289,0.010661241098677518,0.008544921875,0.007975260416666666,0.008056640625,0.007935216082037927,0.007853190104166666,0.007405598958333333,0.0072021484375,0.007203027713343914,0.006632486979166667,0.006429036458333333,0.005167643229166667,0.004923903312444047,0.0032552083333333335,0.001708984375,0.005698701510155901,0.005656384796939855,0.004231770833333333,0.004150390625,0.00390625,0.0037027994791666665,0.0024007161458333335,0.001749816879628876,0.0016276041666666667,0.001220703125,0.001220703125,0.0012208521548040532,0.0012209018394921049,0.0012208521548040532,0.0011800130208333333,0.0002848307291666667,0.00244140625,0.00244140625,0.00244140625,0.00244140625,0.00244140625,0.0024007161458333335,0.00016276041666666666,0.00008138351983723296,0.00008138020833333333,0.0000814000814000814,0.00008138351983723296,0.00008138020833333333,0.00008138020833333333,0.00008139345596614032],"averageToxinCountInMales":[2.4638671875,2.4638671875,2.4655344655344655,2.5980392156862746,2.758193091231178,2.9029045643153526,2.875880281690141,2.772552783109405,2.7627281460134485,2.646125116713352,2.6487006737247354,2.577220077220077,2.5558882235528944,2.514871794871795,2.473233404710921,2.4776286353467563,2.5051078320090805,2.5056818181818183,2.4186046511627906,2.4932362122788763,2.5262054507337526,2.7560137457044673,2.8031212484993997,2.9800796812749004,3,2.770186335403727,2.83625,2.813664596273292,2.7801822323462413,2.8006644518272426,2.7828106852497094,2.717948717948718,2.76061320754717,2.7884615384615383,2.7820796460176993,2.5390218522372527,2.6747967479674797,3.1012658227848102,3.0976863753213366,3.1314791403286977,3.119463087248322,2.839907192575406,2.7859778597785976,2.717557251908397,2.752179327521793,2.672847682119205,2.6397260273972605,2.6661971830985913,2.652291105121294,2.658707865168539,2.518111964873765,2.5966101694915253,2.5652741514360313,2.8497970230040597,2.9957203994293864,3.158920539730135,3.2089337175792507,2.9880239520958085,2.9254457050243112,2.888086642599278,2.9345794392523366,2.76937618147448,2.7120622568093387,2.705304518664047,2.705263157894737,2.7039848197343455,2.285958904109589,2.0708263069139967,2.2504504504504506,2.151937984496124,1.9745454545454546,2.035928143712575,2.2863961813842484,2.079903147699758,1.9865591397849462,1.7637540453074434,1.9769736842105263,2.0280701754385966,1.891696750902527,1.8774703557312253,2.021276595744681,2.169172932330827,1.393939393939394,1.2409177820267687,1.4752851711026616,1.5547169811320756,1.5,1.3596059113300492,1.274869109947644,1.2869318181818181,1.1993769470404985,1.2431506849315068,1.3309859154929577,1.3003663003663004,1.4018264840182648,1.430622009569378,1.4108108108108108,1.4183006535947713,0.9806763285024155,0.7068403908794788,0.7877813504823151,1.1419753086419753,0.9641693811074918,0.9238754325259516,0.8669064748201439,0.9194139194139194,0.9800796812749004,0.9572649572649573,0.8530805687203792,0.8241206030150754,0.9411764705882353,1.1327433628318584,1.15,1.2222222222222223,0.6829268292682927,0.1348314606741573,0.028368794326241134,0.03636363636363636,0.0392156862745098,0.36,0.36363636363636365,0.3673469387755102,0.3956043956043956,0.4044943820224719,0.4044943820224719,0.43902439024390244,0.45,0.5625,0.5901639344262295,1.0588235294117647,0.8571428571428571,0.1518987341772152,0.1518987341772152,0.13333333333333333,0.13559322033898305,0.07017543859649122,0.07272727272727272,0.12121212121212122,0,0,0,0,0,0,0,0,0,0,0,0,0,0,0,0,0,0,0,0,0,0,0],