{"startTime":"2025-03-24T20:33:55.229Z","infectedMalesAtStart":16,"infectedFemalesAtStart":32,"toxinAntitoxinLength":3,"killRate":0.9783495857942636,"rescueRate":0.45856776630460105,"simulationLength":87,"infectionRatio":[0.003795366490076698,0.003795366490076698,0.0038317234772890555,0.00227384190111017,0.0032958984375,0.005940755208333333,0.0068359375,0.0054931640625,0.004720052083333333,0.007893880208333334,0.007486979166666667,0.0069580078125,0.006876627604166667,0.006754557291666667,0.006429036458333333,0.00634765625,0.006307222787385555,0.006310817963437971,0.0059814453125,0.004923502604166667,0.007405598958333333,0.006062825520833333,0.005777994791666667,0.00634765625,0.005411783854166667,0.007242838541666667,0.011189778645833334,0.010009765625,0.009969075520833334,0.009806315104166666,0.009074631724586961,0.009033203125,0.008951822916666666,0.008832987340741645,0.00830078125,0.006551106770833333,0.004231770833333333,0.0033772786458333335,0.003173828125,0.003173828125,0.002360122075279756,0.007080078125,0.013753255208333334,0.013590494791666666,0.013264973958333334,0.013224283854166666,0.012288411458333334,0.012288411458333334,0.011480214948705422,0.010705417836935727,0.009033203125,0.006144205729166667,0.0021158854166666665,0.0019124348958333333,0.0017496744791666667,0.0016276041666666667,0.0011394156425490356,0.001220703125,0.003946940104166667,0.00390672689537297,0.0029703776041666665,0.0021565755208333335,0.0028076171875,0.0027262369791666665,0.002727346739395913,0.002442897276169537,0.0027669270833333335,0.00244140625,0.002197265625,0.0020345052083333335,0.0018310546875,0.0017903645833333333,0.00048828125,0.000244140625,0.000244140625,0.0001627670396744659,0.00008138020833333333,0.00008138020833333333,0.00008138020833333333,0.0020751953125,0.0020751953125,0.0020751953125,0.0020751953125,0.0012613932291666667,0.0006917317708333334,0.00048828125,0.0002848307291666667],"averageToxinCountInMales":[2.5625,2.5625,2.5625,2.6,3.967741935483871,2.5441176470588234,3.064935064935065,3.5357142857142856,4,2.7228915662650603,2.7974683544303796,2.635135135135135,2.635135135135135,2.635135135135135,2.75,2.727272727272727,2.727272727272727,2.727272727272727,2.629032258064516,2.6666666666666665,4.166666666666667,3.788732394366197,3.791044776119403,4.125,4.096774193548387,3.116279069767442,2.765957446808511,2.448,2.4516129032258065,2.442622950819672,2.3603603603603602,2.381818181818182,2.376146788990826,2.3425925925925926,2.31,2.45,2.4210526315789473,1.9545454545454546,1.75,1.75,1.88,1.1954022988505748,2.439306358381503,2.447058823529412,2.3795180722891565,2.3592814371257487,1.9423076923076923,1.9423076923076923,2.027027027027027,2.091549295774648,2.0330578512396693,2.392857142857143,1.6785714285714286,1.76,1.5833333333333333,1.391304347826087,0.8461538461538461,0.7333333333333333,1.2641509433962264,1.2884615384615385,1.0526315789473684,1.1333333333333333,0.8285714285714286,0.8529411764705882,0.8529411764705882,0.7,1.4285714285714286,1.3225806451612903,0.92,0.7391304347826086,0.5238095238095238,0.5238095238095238,1,1.75,1.75,2,null,null,null,0,0,0,0,0,0,0,0],"averageAntitoxinCountInFemales":[2.46875,2.46875,2.46875,2.4516129032258065,3.74,3.076923076923077,3.3736263736263736,3.6202531645569622,3.869565217391304,2.7477477477477477,2.7714285714285714,2.6907216494845363,2.6736842105263157,2.641304347826087,2.6555555555555554,2.6555555555555554,2.651685393258427,2.651685393258427,2.5176470588235293,2.3285714285714287,3.520408163265306,3.41025641025641,3.4266666666666667,3.738095238095238,3.3943661971830985,2.847826086956522,2.671641791044776,2.396694214876033,2.396694214876033,2.3865546218487395,2.3660714285714284,2.3660714285714284,2.369369369369369,2.3944954128440368,2.451923076923077,2.5555555555555554,2.0638297872340425,1.8974358974358974,1.9473684210526316,1.9473684210526316,1.9696969696969697,1.1954022988505748,2.4606060606060605,2.4390243902439024,2.375,2.329113924050633,1.856164383561644,1.856164383561644,1.9701492537313432,2.1322314049586777,2.118811881188119,2.298507462686567,2.0416666666666665,1.8181818181818181,1.7894736842105263,1.2941176470588236,1.4,0.6,1.5,1.5,1.1428571428571428,1.434782608695652,0.9705882352941176,0.9696969696969697,0.9696969696969697,0.8,1.121212121212121,1.0689655172413792,1.0689655172413792,0.9259259259259259,0.7083333333333334,0.6086956521739131,0.6,0,0,0,0,0,0,0,0,0,0,0,0,0,0],"reproductiveSuccessOverTime":[0,0,0,0.007401132462437023,0.000040690104166666664,0,0,0,0,0,0,0,0,0,0,0,0.00008138351983723296,0.00008142990920565123,0,0,0,0,0,0,0,0,0,0,0,0,0,0,0,0.00008141002157365571,0,0,0,0,0,0,0,0,0,0,0.000040690104166666664,0,0,0,0,0.000040705010786827856,0,0,0,0,0,0,0,0,0,0,0,0,0,0,0,0.00004071495460282562,0,0,0,0,0,0,0,0,0,0.00004069175991861648,0,0,0,0,0,0.000040690104166666664,0,0,0,0,0]}