{"startTime":"2025-03-24T20:43:41.882Z","infectedMalesAtStart":1024,"infectedFemalesAtStart":1024,"toxinAntitoxinLength":3,"killRate":0.9910283024073979,"rescueRate":0.6293436027334597,"simulationLength":120,"infectionRatio":[0.08333333333333333,0.08333333333333333,0.08333333333333333,0.0845947265625,0.08854166666666667,0.08846028645833333,0.08927408854166667,0.08243815104166667,0.08182779947916667,0.08076985677083333,0.08675130208333333,0.08504231770833333,0.08247884114583333,0.0860595703125,0.08589680989583333,0.08634440104166667,0.08675483214649034,0.08672451016334677,0.09144554777795866,0.088134765625,0.09749348958333333,0.097412109375,0.08744303385416667,0.08211263020833333,0.07283528645833333,0.07076009114583333,0.0777587890625,0.07625325520833333,0.0704345703125,0.0684870188003581,0.06669108072916667,0.06758626302083333,0.06820216488972085,0.06849370851488373,0.06564916564916565,0.057169596354166664,0.052286783854166664,0.05126953125,0.04720244150559512,0.047281901041666664,0.0426025390625,0.0384521484375,0.04703967446592065,0.041178385416666664,0.036134282807731434,0.0338134765625,0.03349204411345786,0.038004557291666664,0.042238046795523905,0.04159713460051284,0.0481015748992797,0.04093591047812818,0.033894856770833336,0.030924479166666668,0.025919596354166668,0.02637040654376755,0.024658203125,0.022135416666666668,0.024007161458333332,0.026936848958333332,0.0250244140625,0.02372329603255341,0.02246276552453813,0.021036783854166668,0.026407877604166668,0.028771415781548855,0.0318603515625,0.026571719226856562,0.029500325520833332,0.023681640625,0.018229166666666668,0.015096028645833334,0.012492878652234068,0.009521484375,0.0093994140625,0.008748372395833334,0.007609049479166667,0.0076904296875,0.007325411036952629,0.0064292980671414035,0.0096435546875,0.009237405387808253,0.009685821259970698,0.007815362071070949,0.006917317708333333,0.005411783854166667,0.005045572916666667,0.004475911458333333,0.0038655598958333335,0.0026041666666666665,0.0013427734375,0.0017496744791666667,0.0017093321395140614,0.0016276041666666667,0.0015462868769074262,0.0014241536458333333,0.007775290046814574,0.007853190104166666,0.0111083984375,0.010469284666775297,0.009195963541666666,0.009521484375,0.006022380467955239,0.004679933260082204,0.0035807291666666665,0.0025634765625,0.0020751953125,0.0020345052083333335,0.002034919213707216,0.002034836399153508,0.002035830618892508,0.0019942208294330714,0.0019532044760935913,0.001709680045591468,0.0015869140625,0.0014663353834874343,0.0008955102373102129,0.000040690104166666664,0.00004069672798307016,0.00004076142338890474],"averageToxinCountInMales":[2.484375,2.484375,2.4865938430983117,2.6833013435700575,2.7490706319702602,2.7813084112149533,2.8782527881040894,2.822267620020429,2.7176350662589193,2.62821833161689,2.7980676328502416,2.773399014778325,2.787018255578093,2.6799224054316197,2.812256809338521,2.745365853658537,2.711650485436893,2.7084548104956268,2.723287671232877,2.9176915799432357,2.7429305912596402,2.779310344827586,2.706703910614525,2.633466135458167,2.539325842696629,2.4087256027554536,2.4729315628192032,2.4204545454545454,2.408529741863075,2.3216783216783217,2.367149758454106,2.1871275327771156,2.206161137440758,2.192714453584019,2.160933660933661,2.218884120171674,2.077294685990338,2.3160453808752024,2.2437722419928825,2.374113475177305,2.327552986512524,2.2711864406779663,2.0831889081455808,1.862669245647969,1.7824175824175825,1.7251184834123223,1.8803827751196172,1.4699570815450644,1.4951456310679612,1.4712871287128713,1.8081494057724958,1.8973305954825461,1.7651515151515151,1.6731301939058172,1.568561872909699,2.0163398692810457,1.9761904761904763,2.037593984962406,1.721254355400697,1.378787878787879,1.200657894736842,0.986013986013986,0.9101123595505618,0.8015873015873016,1.4747774480712166,1.3025210084033614,1.6879795396419437,1.8463855421686748,1.618421052631579,1.6357615894039734,1.8200836820083681,1.9362745098039216,1.739884393063584,1.711111111111111,1.5118110236220472,1.2327586206896552,1.3,1.25,1.2234042553191489,1.3417721518987342,1.9181818181818182,1.838095238095238,2.827272727272727,2.2650602409638556,2.2857142857142856,2.207547169811321,2.176470588235294,2.090909090909091,1.9722222222222223,2.772727272727273,3.142857142857143,1.8823529411764706,1.8823529411764706,1.8125,1.6428571428571428,1.6428571428571428,2.782608695652174,2.7872340425531914,3.712121212121212,3.901639344262295,4.009090909090909,3.973684210526316,4.3428571428571425,4.408163265306122,4.916666666666667,4.92,5.086956521739131,5.181818181818182,5.181818181818182,5.181818181818182,5.181818181818182,5.181818181818182,5.181818181818182,4.875,4.615384615384615,4.2,4.5,null,null,null],"averageAntitoxinCountInFemales":[2.5087890625,2.5087890625,2.50880626223092,2.733847637415622,2.670909090909091,2.773550724637681,2.7665474060822897,2.714422158548233,2.681553398058252,2.628205128205128,2.7502278942570646,2.741395348837209,2.7598463016330452,2.6476014760147604,2.772853185595568,2.7119416590701912,2.6687840290381124,2.668181818181818,2.6440972222222223,2.78629395852119,2.6493083807973963,2.6693679092382494,2.601860465116279,2.5335305719921104,2.4055555555555554,2.28110599078341,2.325107296137339,2.30242825607064,2.282142857142857,2.2206060606060607,2.284833538840937,2.0754257907542577,2.0985576923076925,2.0842358604091458,2.095118898623279,2.130311614730878,2.0075301204819276,2.259720062208398,2.1454849498327757,2.2474916387959865,2.183712121212121,2.010570824524313,1.9585492227979275,1.7555555555555555,1.6836027713625865,1.6210268948655258,1.782716049382716,1.373931623931624,1.4894837476099427,1.4854932301740813,1.8161888701517706,1.834296724470135,1.8215102974828374,1.7794486215538847,1.7071005917159763,2.0701754385964914,2.0576923076923075,2.1007194244604315,1.7953795379537953,1.4487951807228916,1.2733118971061093,1.138047138047138,1.1298245614035087,1.0716981132075472,1.455128205128205,1.2571428571428571,1.6734693877551021,1.853582554517134,1.5913043478260869,1.6785714285714286,1.8516746411483254,1.9221556886227544,1.671641791044776,1.4545454545454546,1.1538461538461537,1.0606060606060606,1.1379310344827587,1.0786516853932584,1.0813953488372092,1.1645569620253164,1.9291338582677164,1.901639344262295,2.71875,2.3577981651376145,2.43,2.3125,2.164383561643836,2.303030303030303,2.305084745762712,3.0714285714285716,3.1538461538461537,2.8846153846153846,2.88,2.875,2.875,2.8095238095238093,2.95959595959596,2.95959595959596,3.8865248226950353,3.9703703703703703,4.077586206896552,4.041666666666667,4.282051282051282,4.318181818181818,4.615384615384615,4.657894736842105,5.142857142857143,5.142857142857143,5.142857142857143,5.142857142857143,5.142857142857143,5.222222222222222,5.3076923076923075,5.3076923076923075,5.3076923076923075,5.3076923076923075,5.333333333333333,6,6,6],"reproductiveSuccessOverTime":[0,0,0,0,0,0,0,0,0,0,0,0,0,0.000040690104166666664,0,0.000040690104166666664,0,0,0,0,0,0.0000011302806712962962,0,0.0000023298366095430106,0,0,0,0,0.000040690104166666664,0,0,0,0,0,0,0.000004088956546160131,0.000008497051164215687,0.000004408094618055556,0.000004408273991183452,0.0000027126736111111112,0,0,0,0,0,0,0,0,0,0,0,0,0,0,0,0,0.000040690104166666664,0,0,0.000040690104166666664,0.000040690104166666664,0.00004069175991861648,0.0000813868316106454,0,0,0,0,0,5.812872023809523e-7,5.812872023809523e-7,0,0,0,0,0,0,0,0,0,0,0,0,0,0,0,0,0.000040690104166666664,0.0001220703125,0.000040690104166666664,0,0,0,0,0,0,0.0001220703125,0.000040708324852432325,0,0,0,0,0,0,0,0,0,0,0,0,0,0,0.000040698384274144313,0.00004069175991861648,0,0,0,0,0,0,0.00008152284677780948]}