{"startTime":"2025-03-24T20:33:55.229Z","infectedMalesAtStart":16,"infectedFemalesAtStart":32,"toxinAntitoxinLength":3,"killRate":0.3694216197287058,"rescueRate":0.8459915163146887,"simulationLength":77,"infectionRatio":[0.004366017827906131,0.004366017827906131,0.004320250022980053,0.003082727523695592,0.004640937957987298,0.0047607421875,0.004435221354166667,0.0052490234375,0.008097330729166666,0.007120768229166667,0.006673177083333333,0.005940755208333333,0.006754557291666667,0.005818684895833333,0.0054526958290946085,0.004069010416666667,0.0038655598958333335,0.0038677632114648645,0.0027262369791666665,0.0019938151041666665,0.012980671414038657,0.010294596354166666,0.0101318359375,0.0093994140625,0.009195963541666666,0.009155645981688708,0.009157136461682472,0.008748372395833334,0.0084228515625,0.007893880208333334,0.007080078125,0.0064697265625,0.005696614583333333,0.005086676975665338,0.004639238188255402,0.0014241536458333333,0.004842122395833333,0.009928385416666666,0.0081787109375,0.007975260416666666,0.007975909497843249,0.01009319929998779,0.009969075520833334,0.00809766022380468,0.007527975584944049,0.005452473958333333,0.004435221354166667,0.00439453125,0.004069010416666667,0.003988279342340876,0.0028889973958333335,0.00244140625,0.0045166015625,0.006795247395833333,0.007120768229166667,0.006632486979166667,0.006551106770833333,0.006472623651536739,0.005940755208333333,0.0042724609375,0.002523710668783327,0.0021566632756866736,0.0017903645833333333,0.0013427734375,0.0009358723958333334,0.0009363295880149813,0.0008138020833333334,0.0006103515625,0.0004475911458333333,0.0011393229166666667,0.00048828125,0.0004069010416666667,0.0013834635416666667,0.0010579427083333333,0.00016276041666666666,0.000040690104166666664,0.000040698384274144313],"averageToxinCountInMales":[1.75,1.75,1.8,1.9642857142857142,1.8235294117647058,1.836734693877551,1.8125,2.129032258064516,1.875,1.9764705882352942,2.051282051282051,2,2.3703703703703702,2.4,2.4776119402985075,2.4901960784313726,2.510204081632653,2.510204081632653,2,2,2.0372670807453415,1.968503937007874,1.9761904761904763,1.9741379310344827,1.9734513274336283,1.9734513274336283,1.9734513274336283,1.9444444444444444,1.9230769230769231,1.9494949494949494,2.022727272727273,2.0617283950617282,2.1315789473684212,2.242424242424242,2.3220338983050848,2,2.3214285714285716,1.6605504587155964,1.6067415730337078,1.5747126436781609,1.5747126436781609,1.2672413793103448,1.2672413793103448,1.2346938775510203,1.2527472527472527,1.3650793650793651,1.4,1.4081632653061225,1.425531914893617,1.434782608695652,1.1714285714285715,1,2.5849056603773586,1.75,1.6136363636363635,1.6506024096385543,1.6585365853658536,1.675,1.7123287671232876,1.7058823529411764,1.9411764705882353,2.103448275862069,2.12,2.3,2.3846153846153846,2.3846153846153846,2.4,2.142857142857143,1.8,1.1818181818181819,1.3333333333333333,1,1,1,1,null,null],"averageAntitoxinCountInFemales":[2.375,2.375,2.375,2.230769230769231,2.1587301587301586,2.0588235294117645,2.1147540983606556,2.298507462686567,1.9029126213592233,2.022222222222222,2.011627906976744,2.175675675675676,2.5058823529411764,2.506849315068493,2.5671641791044775,2.6122448979591835,2.652173913043478,2.652173913043478,2.0588235294117645,2,2.069620253164557,1.9126984126984128,1.9024390243902438,1.8695652173913044,1.823008849557522,1.8303571428571428,1.8303571428571428,1.7757009345794392,1.7864077669902914,1.768421052631579,1.7790697674418605,1.8461538461538463,2.03125,2.1186440677966103,2.1636363636363636,1.7407407407407407,2.1746031746031744,1.5333333333333334,1.5,1.4587155963302751,1.4587155963302751,1.3181818181818181,1.2945736434108528,1.198019801980198,1.1914893617021276,1.2535211267605635,1.305084745762712,1.305084745762712,1.3396226415094339,1.3461538461538463,1.1666666666666667,1.1935483870967742,2.5517241379310347,1.6896551724137931,1.5517241379310345,1.6,1.6075949367088607,1.6075949367088607,1.6027397260273972,1.5185185185185186,1.7142857142857142,1.8333333333333333,1.8421052631578947,2.230769230769231,2.2,2.2,2.2,2,1.6666666666666667,1.2352941176470589,1.6666666666666667,1.4,1.1333333333333333,1.1666666666666667,2,1,1],"reproductiveSuccessOverTime":[0,0,0,0.008742063126897948,0.0004934844170131979,0.000004962207825203252,0.000004962207825203252,0,0,0,0,0,0,0,0.00004069175991861648,0.000040690104166666664,0,0,0,0,0,0,0,0,0.000040690104166666664,0.00004069175991861648,0,0,0,0,0,0,0,0.0000406934158053227,0,0,0,0,0,0,0,0,0,0,0,0,0.000040690104166666664,0,0,0,0,0,0,0,0,0,0,0,0,0,0,0,0,0.000040690104166666664,0,0,0,0,0,0,0,0,0,0,0,0,0]}