{"startTime":"2025-03-24T20:43:41.881Z","infectedMalesAtStart":1024,"infectedFemalesAtStart":1024,"toxinAntitoxinLength":3,"killRate":0.5735031613552578,"rescueRate":0.6293436027334597,"simulationLength":267,"infectionRatio":[0.08333333333333333,0.08333333333333333,0.08333675606850947,0.0845947265625,0.07320149739583333,0.07694498697916667,0.07828776041666667,0.07763671875,0.077880859375,0.07198079427083333,0.06575520833333333,0.061686197916666664,0.064208984375,0.0628662109375,0.066650390625,0.062215169270833336,0.0609130859375,0.06095773271439042,0.06185860889395667,0.060791015625,0.059488932291666664,0.0592041015625,0.06306966145833333,0.06551106770833333,0.06213884593472776,0.0595703125,0.055908203125,0.049479166666666664,0.05167853509664293,0.04945658810599585,0.05005086469989827,0.047770182291666664,0.046712239583333336,0.04626841377065191,0.04354904354904355,0.054890950520833336,0.060628255208333336,0.060546875,0.0697021484375,0.0735707019328586,0.06962076822916667,0.0660400390625,0.0623779296875,0.05517578125,0.048583984375,0.0462646484375,0.044026692708333336,0.042724609375,0.041178385416666664,0.04000162773663221,0.039356939356939354,0.044759114583333336,0.0526123046875,0.055745442708333336,0.061726888020833336,0.061375661375661375,0.058797200520833336,0.053385416666666664,0.046960201839342394,0.042521158854166664,0.036580403645833336,0.03418386033451349,0.0316162109375,0.029012044270833332,0.027995930824008138,0.027761947406985264,0.02597296857189383,0.040079752604166664,0.040852864583333336,0.0546875,0.062174479166666664,0.06282552083333333,0.06278738555442523,0.056233723958333336,0.047932942708333336,0.039957682291666664,0.036824544270833336,0.0345458984375,0.03048060879827453,0.02762970498474059,0.026571719226856562,0.026083418107833163,0.024088541666666668,0.0413818359375,0.0399169921875,0.042887369791666664,0.0576171875,0.055379231770833336,0.051839192708333336,0.045654296875,0.041951497395833336,0.0350341796875,0.02978515625,0.02661241098677518,0.023722330729166668,0.021077473958333332,0.0196533203125,0.0191650390625,0.017496744791666668,0.030965169270833332,0.031046549479166668,0.038411458333333336,0.05009563341879299,0.04997151460893627,0.057454427083333336,0.049031575520833336,0.04464249379400154,0.037760416666666664,0.031941731770833336,0.027303059895833332,0.02425228891149542,0.021240234375,0.020263671875,0.019168158880026046,0.01806787661756328,0.023600260416666668,0.028157552083333332,0.032023111979166664,0.046875,0.045166015625,0.054890950520833336,0.055139578416212254,0.04154797753723447,0.034464518229166664,0.026896158854166668,0.022501627604166668,0.019694010416666668,0.017415364583333332,0.016805696846388607,0.01611328125,0.014689725330620549,0.0145263671875,0.0162353515625,0.017049153645833332,0.02001953125,0.019775390625,0.042277018229166664,0.0302734375,0.028483072916666668,0.023152669270833332,0.022176106770833332,0.019816080729166668,0.019734700520833332,0.01798868584917179,0.017049153645833332,0.016724313326551374,0.016316731770833332,0.015424687639900696,0.017781575520833332,0.015178026449643948,0.014973958333333334,0.022257486979166668,0.035768056968463885,0.031168619791666668,0.031453450520833336,0.023966471354166668,0.019368489583333332,0.017374674479166668,0.0164794921875,0.014615478565321825,0.0140380859375,0.0137939453125,0.013264973958333334,0.013142903645833334,0.0126953125,0.0125732421875,0.011800130208333334,0.009318033854166666,0.025594075520833332,0.022867838541666668,0.0260009765625,0.022463679648394578,0.019735503560528993,0.018025716145833332,0.0174560546875,0.0174560546875,0.017130533854166668,0.017049153645833332,0.017049153645833332,0.017049153645833332,0.01700915564598169,0.016805013020833332,0.015055338541666666,0.010823567708333334,0.027018229166666668,0.029988606770833332,0.02999104744852283,0.026043786115406527,0.02111988280296248,0.018473307291666668,0.015869140625,0.015831027185414293,0.015421549479166666,0.015422804590217302,0.015422177009155645,0.015421549479166666,0.015425315425315425,0.014892578125,0.013956705729166666,0.010335286458333334,0.0306396484375,0.033528645833333336,0.030110677083333332,0.0244140625,0.021565755208333332,0.0172119140625,0.015909830729166668,0.01554488483763327,0.015543619791666666,0.015544252288911495,0.015543619791666666,0.015544252288911495,0.015509871768776716,0.013387044270833334,0.011271617497456764,0.0087890625,0.029825846354166668,0.0457763671875,0.039632161458333336,0.033406575520833336,0.0267333984375,0.024007161458333332,0.021484375,0.021121601823213414,0.020589192708333332,0.02047212047212047,0.02047045417548429,0.020471287289894592,0.020113187573795856,0.019816887080366226,0.017458896304737098,0.012902963204168023,0.028971354166666668,0.0308837890625,0.0225830078125,0.016031901041666668,0.010701497395833334,0.0078125,0.00634765625,0.005534304549523887,0.005534304549523887,0.005535205535205535,0.005536557563914672,0.005537008386939175,0.005542649875697926,0.005412885108461194,0.0042724609375,0.002403160767382184,0.008219401041666666,0.008382161458333334,0.004964192708333333,0.0030517578125,0.0015869140625,0.0003255340793489318,0.00024422012373819603,0.0002442698367463258,0.0002443693235042561,0.00024441909727880074,0.00024456854033342847,0.00024459845087647776,0.00024486797534995717,0.0001221796855909424,0.00012211503236048357,0.00012226433549333658,0.00020345052083333334,0.00016276041666666666,0.00016276041666666666],"averageToxinCountInMales":[2.4833984375,2.4833984375,2.488095238095238,2.6045197740112993,2.460526315789474,2.446298227320125,2.4670846394984327,2.4362486828240253,2.340764331210191,2.348519362186788,2.33083645443196,2.286472148541114,2.2904458598726114,2.301813471502591,2.392986698911729,2.442257217847769,2.4534412955465585,2.4534412955465585,2.428958051420839,1.8239339752407153,1.788888888888889,2.0054719562243504,1.7477124183006536,1.66793893129771,1.6010709504685408,1.5716272600834493,1.5254491017964071,1.5787728026533996,1.7020602218700476,1.6907894736842106,1.6782178217821782,1.8984509466437178,1.9259259259259258,1.9252669039145907,1.9766536964980546,1.8468335787923418,1.9029649595687332,1.8375838926174497,1.6928487690504104,1.5262569832402235,1.3959810874704492,1.3503105590062112,1.3249669749009247,1.2683658170914542,1.3327586206896551,1.3542039355992845,1.2699619771863118,1.2509881422924902,1.2295081967213115,1.186046511627907,1.4270386266094421,1.2934579439252336,1.740566037735849,1.6937869822485208,1.5723431498079385,1.3982074263764404,1.2906666666666666,1.3005865102639296,1.2828618968386023,1.311926605504587,1.3699788583509513,1.4419134396355353,1.386138613861386,1.3139841688654355,1.3125,1.3131868131868132,1.3231707317073171,1.1976284584980237,1.165680473372781,1.1501416430594902,1.1281407035175879,1.049492385786802,1.0635324015247776,1.0621468926553672,1.0955518945634266,1.077534791252485,1.1017316017316017,1.1183294663573087,1.1373056994818653,1.1457142857142857,1.190332326283988,1.1919504643962848,1.2152777777777777,1.0833333333333333,1.0354767184035476,1.1090909090909091,1.0585651537335286,0.933641975308642,0.9702479338842975,0.9630996309963099,0.9839357429718876,1,1.0028818443804035,1.0065359477124183,1.0108303249097472,1.0661157024793388,1.0748898678414096,1.0779816513761469,1.0885416666666667,1.0551181102362204,1.0310880829015545,1.019650655021834,1.0194174757281553,0.9903381642512077,1.1189801699716715,1.028052805280528,1.0090744101633393,1,1,1,1,1,1,1,1,1,1,1,1,1,1,1,1,1,1,1,1,1,1,1,1,1,1,1,1,1,1,1,1,1,1,1,1,1,1,1,1,1,1,1,1,1,1,1,1,1,1,1,1,1,1,1,1,1,1,1,1,1,1,1,1,1,1,1,1,1,1,1,1,1,1,1,1,1,1,1,1,1,1,1,1,1,1,1,1,1,1,1,1,1,1,1,1,1,1,1,1,1,1,1,1,1,1,1,1,1,1,1,1,1,1,1,1,1,1,1,1,1,1,1,1,1,1,1,1,1,1,1,1,1,1,1,1,1,1,1,1,1,1,1,1,1,1,1,1,1,1,1,1,1,1,1,1,1,1,1,1],