{"startTime":"2025-03-24T18:23:05.935Z","infectedMalesAtStart":1024,"infectedFemalesAtStart":1024,"toxinAntitoxinLength":3,"killRate":0.625,"rescueRate":0.75,"simulationLength":170,"infectionRatio":[0.16691116544417278,0.16691116544417278,0.1665432403521764,0.18158672425551262,0.1638043301318574,0.15873209635416666,0.14864095052083334,0.1507568359375,0.147705078125,0.15177408854166666,0.16463216145833334,0.177490234375,0.177001953125,0.18204752604166666,0.18595377604166666,0.19112141927083334,0.18898022299991862,0.18890743983385594,0.18263948235868635,0.187255859375,0.162353515625,0.15299479166666666,0.13334147135416666,0.14217122395833334,0.13460286458333334,0.14347330729166666,0.1558837890625,0.15425618489583334,0.15071614583333334,0.14851888020833334,0.14998982706002034,0.146240234375,0.14290364583333334,0.14212433334690389,0.13997395833333334,0.1527099609375,0.13395182291666666,0.11949045622888771,0.10245768229166667,0.10774739583333333,0.0989990234375,0.10664876302083333,0.12211100260416667,0.1192675483214649,0.11930338541666667,0.12276204427083333,0.12369791666666667,0.12394205729166667,0.12178548177083333,0.12,0.11816887080366226,0.12247721354166667,0.10831705729166667,0.08919270833333333,0.0772705078125,0.07096354166666667,0.059376526127299364,0.06502807845690567,0.08797200520833333,0.094970703125,0.09879557291666667,0.09456380208333333,0.09847005208333333,0.09688313802083333,0.09440104166666667,0.09403865717192268,0.08732096354166667,0.073486328125,0.068603515625,0.057942708333333336,0.046793619791666664,0.0391845703125,0.032307942708333336,0.03479145473041709,0.065185546875,0.07010904947916667,0.0770263671875,0.07181803385416667,0.07381184895833333,0.07271321614583333,0.07365208545269583,0.07462565104166667,0.07393391927083333,0.06624348958333333,0.062255859375,0.06400553385416667,0.0584716796875,0.04248046875,0.035929361979166664,0.03357206803939123,0.057413736979166664,0.06816424530989297,0.07085877085877086,0.06819661458333333,0.06914092703373621,0.06808285516623937,0.06803385416666667,0.06770833333333333,0.0770263671875,0.060628255208333336,0.0526123046875,0.054606119791666664,0.052693684895833336,0.036865234375,0.030354817708333332,0.027140299479166668,0.036417643229166664,0.041666666666666664,0.04093591047812818,0.039850205560304476,0.041074699776104215,0.04069672798307016,0.04175144461626109,0.041300455729166664,0.0614013671875,0.0594482421875,0.054972330729166664,0.05579521406478919,0.058311291963377414,0.041788736979166664,0.03466796875,0.025838216145833332,0.027750651041666668,0.026407877604166668,0.02620975947254894,0.026050146532074242,0.026025332953203275,0.025979314276406873,0.025963455825499533,0.026652018229166668,0.045572916666666664,0.049112955729166664,0.046346028645833336,0.043830376037766565,0.04480345080166029,0.027262369791666668,0.022176106770833332,0.015177408854166666,0.010294596354166666,0.00732421875,0.007161458333333333,0.007041107041107041,0.0070405339410711375,0.007044547601596222,0.0069605568445475635,0.008626302083333334,0.01171875,0.01546538602417484,0.014567057291666666,0.013956705729166666,0.013916581892166836,0.010172526041666666,0.0068359375,0.004069010416666667,0.0032552083333333335,0.00244140625,0.0023606023606023607,0.00236271794036174,0.002363199282891252,0.0023639698390055023,0.0023648373155019165,0.00537371763556424,0.005047010460336196,0.0071632071632071635,0.006999552354209905,0.006552173205274296,0.0039073629370344745,0.0034586588541666665,0.0029703776041666665,0.0006917317708333334],"averageToxinCountInMales":[2.4853515625,2.4853515625,2.492,2.5172759138708063,2.536368134586838,2.54989816700611,2.5813436979455857,2.5407772304324028,2.4216008771929824,2.5378421900161032,2.4935129740518964,2.478402229447283,2.4600092464170134,2.432286995515695,2.477802197802198,2.449188727583262,2.42987012987013,2.4304291287386217,2.479745106964042,2.4208460532054077,2.485323886639676,2.825242718446602,2.765682656826568,2.4668587896253604,2.3695121951219513,2.379073756432247,2.2785269709543567,2.2059128630705396,2.1790090570058602,2.193688792165397,2.183728448275862,2.1273532668881505,2.126993166287016,2.1204128440366974,2.2076470588235293,2.365815528921313,2.22262118491921,2.5136986301369864,2.457928802588997,2.1807951987997,1.9507101086048455,1.9109535066981875,1.780323450134771,1.716083916083916,1.6512280701754385,1.7835820895522387,1.7559322033898306,1.7187288708586883,1.7213001383125865,1.7074542897327707,1.7202898550724637,1.8952702702702702,1.960122699386503,2.0339138405132906,2.029094827586207,1.8924485125858124,1.6016483516483517,1.5256410256410255,1.5014137606032045,1.4769503546099292,1.5416666666666667,1.5557553956834533,1.427958833619211,1.4296943231441048,1.4221824686940967,1.333931777378815,1.2807881773399015,1.3443181818181817,1.6576354679802956,1.6272189349112427,1.489945155393053,1.39186295503212,1.5013333333333334,1.1619537275064267,0.5697823303457106,0.45933014354066987,0.40476190476190477,0.37894736842105264,0.3375,0.3264129181084198,0.357630979498861,0.39578713968957874,0.42105263157894735,0.4009840098400984,0.59526938239159,0.7290322580645161,0.8234463276836158,0.8464566929133859,0.7948717948717948,0.7198952879581152,0.34260614934114203,0.28140096618357485,0.2565864833906071,0.2556480380499406,0.24355971896955503,0.2350835322195704,0.22302158273381295,0.211864406779661,0.3426791277258567,0.19367588932806323,0.154434250764526,0.44624447717231225,0.7368421052631579,0.6327433628318584,0.6312997347480106,0.6018518518518519,0.3310810810810811,0.27884615384615385,0.28487229862475444,0.29471544715447157,0.28431372549019607,0.2859960552268245,0.2782101167315175,0.2865731462925852,0.17928286852589642,0.1574074074074074,0.12903225806451613,0.2478386167146974,0.5170998632010944,0.4951830443159923,0.5070093457943925,0.45016077170418006,0.3884057971014493,0.4025157232704403,0.36075949367088606,0.3619047619047619,0.3619047619047619,0.3630573248407643,0.3630573248407643,0.35514018691588783,0.19202898550724637,0.16526138279932545,0.14388489208633093,0.08812260536398467,0.28305400372439476,0.2445141065830721,0.24150943396226415,0.27225130890052357,0.2727272727272727,0.2916666666666667,0.3010752688172043,0.3111111111111111,0.3111111111111111,0.3111111111111111,0.29545454545454547,0.24242424242424243,0.14184397163120568,0.09743589743589744,0.09090909090909091,0.07262569832402235,0.12921348314606743,0.5263157894736842,0.11764705882352941,0.07692307692307693,0.08888888888888889,0.12121212121212122,0.125,0.125,0.125,0.125,0.125,0.058823529411764705,0.06349206349206349,0.046511627906976744,0.047619047619047616,0.02531645569620253,0,0,0,0],