{"startTime":"2025-03-24T20:33:55.228Z","infectedMalesAtStart":16,"infectedFemalesAtStart":32,"toxinAntitoxinLength":3,"killRate":0.09783595079706431,"rescueRate":0.8460005940063737,"simulationLength":89,"infectionRatio":[0.004073319755600814,0.004073319755600814,0.004106776180698152,0.006736765442214029,0.002523916140850804,0.0050048828125,0.0045166015625,0.005045572916666667,0.0047607421875,0.004435221354166667,0.004842122395833333,0.0069580078125,0.006551106770833333,0.006184895833333333,0.004191080729166667,0.003946940104166667,0.0038657171922685655,0.0038669760247486465,0.006184895833333333,0.005167643229166667,0.0029296875,0.007568359375,0.006103515625,0.007161458333333333,0.00830078125,0.008138020833333334,0.007853190104166666,0.007568359375,0.0072021484375,0.006511476477291226,0.00634765625,0.006062825520833333,0.005167643229166667,0.004069175991861648,0.006958574102710182,0.0029703776041666665,0.0021158854166666665,0.0024010092377813046,0.0021565755208333335,0.002442002442002442,0.0032552083333333335,0.002482298364124685,0.0020345052083333335,0.0010986328125,0.0010579427083333333,0.0010579427083333333,0.0010172526041666667,0.0010172526041666667,0.0009358723958333334,0.000854805226523385,0.0008140670791273201,0.0005696614583333334,0.0005289713541666666,0.0003662109375,0.0033365885416666665,0.002522889114954222,0.003946940104166667,0.002767039674465921,0.0025227864583333335,0.0017496744791666667,0.0013834635416666667,0.0011800130208333333,0.0011800130208333333,0.0011800130208333333,0.0011393229166666667,0.0010986328125,0.000651174148386309,0.0006103515625,0.0004475911458333333,0.0002848307291666667,0.0019938151041666665,0.0019124348958333333,0.0018310546875,0.0013834635416666667,0.0037434895833333335,0.0036214192708333335,0.0035818951481602084,0.0015462239583333333,0.0015462239583333333,0.0015470422993933966,0.0015462239583333333,0.0015462239583333333,0.0015464127294184675,0.0014241536458333333,0.0008544921875,0.0006510416666666666,0.0006511476477291225,0.0006103515625,0.0005696846388606307],"averageToxinCountInMales":[2.5,2.5,2.5,2.7088607594936707,3.3333333333333335,2.864406779661017,2.9074074074074074,2.5254237288135593,2.466666666666667,2.456140350877193,2.4838709677419355,1.4895833333333333,1.4333333333333333,1.3411764705882352,2.0377358490566038,2.06,2.0408163265306123,2.0408163265306123,1.1904761904761905,1.0140845070422535,0.5263157894736842,2.13265306122449,2.0240963855421685,2.48,2.018018018018018,2.074074074074074,2.1262135922330097,2.212121212121212,2.265957446808511,2.197674418604651,2.158536585365854,2.050632911392405,1.875,2.0576923076923075,1.130952380952381,1.794871794871795,1.7037037037037037,2.142857142857143,2.12,2.2413793103448274,2.1176470588235294,2.142857142857143,2,2.8333333333333335,2.8333333333333335,2.8333333333333335,2.8333333333333335,2.8333333333333335,2.8181818181818183,2.8181818181818183,2.8181818181818183,2.888888888888889,2.875,2.8333333333333335,2.857142857142857,2.9375,1.816326530612245,1.9473684210526316,2.090909090909091,2.217391304347826,2.176470588235294,2,2,2,1.9230769230769231,1.9230769230769231,2.7142857142857144,2.7142857142857144,3,3,3,3,3,3,1.5909090909090908,1.558139534883721,1.558139534883721,2.2941176470588234,2.2941176470588234,2.2941176470588234,2.2941176470588234,2.2941176470588234,2.2941176470588234,2.2941176470588234,3,3,3,3,3],"averageAntitoxinCountInFemales":[2.1875,2.1875,2.1875,2.391304347826087,2.4,2.65625,2.9298245614035086,2.5692307692307694,2.526315789473684,2.480769230769231,2.6140350877192984,1.92,1.8309859154929577,1.791044776119403,2.26,2.3404255319148937,2.260869565217391,2.260869565217391,1.5294117647058822,1.4285714285714286,0.9117647058823529,2.227272727272727,2.044776119402985,2.513157894736842,2.129032258064516,2.152173913043478,2.2,2.1494252873563218,2.253012048192771,2.1621621621621623,2.1621621621621623,2.0285714285714285,1.9206349206349207,1.9583333333333333,0.9310344827586207,1.3235294117647058,1.44,1.7419354838709677,1.7142857142857142,2.064516129032258,1.826086956521739,1.878787878787879,1.5357142857142858,2.1333333333333333,2.2142857142857144,2.2142857142857144,2.1538461538461537,2.1538461538461537,2.25,2.5,2.6666666666666665,2.8,2.8,3.3333333333333335,2.95,2.933333333333333,1.6666666666666667,1.8,1.8275862068965518,2,1.9411764705882353,1.8,1.8,1.8,1.8,1.8571428571428572,1.8888888888888888,2,1.8571428571428572,2.2,2.84,2.84,2.8260869565217392,2.764705882352941,1.5416666666666667,1.4782608695652173,1.4444444444444444,1.9523809523809523,1.9523809523809523,1.9523809523809523,1.9523809523809523,1.9523809523809523,1.9523809523809523,2.111111111111111,3,3,3,3,3],"reproductiveSuccessOverTime":[0,0,0,0.008349491684549565,0.00044779157337675554,0,0,0,0,0,0,0,0.000040690104166666664,0,0,0,0.00004069175991861648,0.000040705010786827856,0,0,0.00002681847774621212,0,0,0,0,0,0,0,0,0,0,0,0,0,0,0,0,0,0,0,0,0,0,0,0,0,0.000040690104166666664,0,0,0.00008141002157365571,0,0,0,0,0,0.00004069175991861648,0,0,0,0,0,0,0,0,0,0.00008138020833333333,0,0,0,0,0,0,0,0.000040690104166666664,0,0,0,0.000040690104166666664,0.000040690104166666664,0.00004071163945772096,0.00008138020833333333,0,0,0,0,0,0.00008139345596614032,0,0]}