{"startTime":"2025-03-24T20:43:41.882Z","infectedMalesAtStart":1024,"infectedFemalesAtStart":1024,"toxinAntitoxinLength":3,"killRate":0.5735031613552578,"rescueRate":0.526280618620328,"simulationLength":163,"infectionRatio":[0.08333333333333333,0.08333333333333333,0.0834086613526173,0.09549967447916667,0.09700520833333333,0.09403483072916667,0.09647623697916667,0.098388671875,0.09676106770833333,0.09391276041666667,0.09651692708333333,0.09122721354166667,0.09326171875,0.0908203125,0.08797200520833333,0.09151204427083333,0.09138997395833333,0.09147185794575222,0.08577822990844354,0.08878580729166667,0.0791015625,0.07332356770833333,0.07096642929806714,0.07529201090716699,0.07181803385416667,0.0713733468972533,0.075927734375,0.07401831129196337,0.07529201090716699,0.0738525390625,0.072509765625,0.06978352864583333,0.06913248697916667,0.06840006510416667,0.06522623697916667,0.066650390625,0.058797200520833336,0.052042643229166664,0.05196337741607324,0.04797558494404883,0.051188151041666664,0.04875666436042489,0.060099283854166664,0.06117216117216117,0.057576497395833336,0.054524739583333336,0.0555419921875,0.053548177083333336,0.054606119791666664,0.05363173957273652,0.051228841145833336,0.059773763020833336,0.046468098958333336,0.0411376953125,0.03625783348254252,0.0355645981688708,0.031697591145833336,0.037680569684638864,0.04052734375,0.034680669190377336,0.040242513020833336,0.0350341796875,0.037516276041666664,0.03719529564969682,0.039347330729166664,0.04082712581918834,0.03833943833943834,0.06494140625,0.05712890625,0.047810872395833336,0.04146659070562383,0.041712448622471816,0.040608723958333336,0.037434895833333336,0.035401831129196336,0.03317323347443829,0.04756866734486267,0.041544596354166664,0.0396728515625,0.03878240345094209,0.0411376953125,0.040528992878942016,0.037638346354166664,0.0517578125,0.048746744791666664,0.039265950520833336,0.0350762970498474,0.03173828125,0.031901041666666664,0.0269775390625,0.02522889114954222,0.024210611979166668,0.024251302083333332,0.019978841145833332,0.017008463541666668,0.01615857381252798,0.016163178894226856,0.016044958462290274,0.013103813128230172,0.024861653645833332,0.020833333333333332,0.018758138020833332,0.016031901041666668,0.013346354166666666,0.013997395833333334,0.013712565104166666,0.013631184895833334,0.013556424035173424,0.012654622395833334,0.009440104166666666,0.008097330729166666,0.007975909497843249,0.007982081042557524,0.007089886724798305,0.005533854166666667,0.011637369791666666,0.009602864583333334,0.008260091145833334,0.0081787109375,0.006103515625,0.005330620549338759,0.004842122395833333,0.004801432291666667,0.004680504680504681,0.004557291666666667,0.003215434083601286,0.0026041666666666665,0.0025634765625,0.002523505230168098,0.002200488997555012,0.0016682942708333333,0.006917317708333333,0.005777994791666667,0.0054931640625,0.0067138671875,0.006388346354166667,0.005330403645833333,0.005045778229908444,0.005005901265719751,0.004846460861774049,0.004150390625,0.0036215666327568665,0.0029703776041666665,0.0029703776041666665,0.002401302401302401,0.002157277759687398,0.00146484375,0.0010579427083333333,0.0008951822916666666,0.0005289713541666666,0.0004475911458333333,0.000244140625,0.0015870432164075852,0.0015463498006022625,0.0015468533745827567,0.0007738992301739236,0.00044768222701558745,0.000366255646441216,0.00020345052083333334,0.000040690104166666664,0.00004069507182680177,0.00004070169726077577,0.000040690104166666664],"averageToxinCountInMales":[2.51953125,2.51953125,2.518886679920477,2.6499575191163975,2.600668337510443,2.6538461538461537,2.6782682512733444,2.604149377593361,2.4782237403928264,2.5729349736379614,2.5086206896551726,2.4563636363636365,2.3944790739091717,2.421731123388582,2.50622009569378,2.5009276437847867,2.5032437442075994,2.5032437442075994,2.4955134596211366,2.692236598890943,2.6024973985431843,2.539149888143177,2.5681293302540418,2.283405172413793,2.2732491389207805,2.243087557603687,2.1969532100108813,2.1879866518353728,2.1991388589881593,2.1483942414174972,2.1349557522123894,2.1705069124423964,2.1146198830409357,2.1097992916174735,2.252816020025031,2.520650813516896,2.5757575757575757,2.4934426229508198,2.6147403685092128,2.5737704918032787,2.391596638655462,2.3356401384083045,2.2813793103448274,2.3033557046979865,2.1773962804005724,2.1506849315068495,2.0448430493273544,2.0436817472698907,1.9403669724770642,1.9265625,1.8564516129032258,2.742934051144011,2.749146757679181,2.866537717601547,3.127232142857143,3.104018912529551,2.9917355371900825,2.485781990521327,2.4547461368653423,2.772117962466488,2.400428265524625,2.4278846153846154,2.299559471365639,2.3013392857142856,2.105154639175258,2.0808678500986195,2.0434782608695654,4.38811630847029,4.19683908045977,4.233333333333333,4.118951612903226,3.9617706237424546,3.5320910973084887,3.5838926174496644,3.7541766109785204,3.9454545454545453,3.196113074204947,3.31062124248497,3.3628865979381444,3.4397463002114166,3.103112840466926,3.138067061143984,2.8366013071895426,4.2274143302180685,4.177631578947368,4.31875,4.4844124700239805,4.7637795275590555,4.45,4.904458598726115,5.08843537414966,5.207272727272727,4.571917808219178,4.85042735042735,5.5863874345549736,5.808743169398907,5.808743169398907,5.6208791208791204,5.197080291970803,6.246621621621622,6.352059925093633,6.468354430379747,6.663316582914573,6.686746987951807,6.642857142857143,6.631901840490798,6.631901840490798,6.627329192546584,6.358620689655172,6.442477876106195,6.514851485148514,6.575757575757576,6.575757575757576,6.5777777777777775,6.387096774193548,6.743055555555555,6.705357142857143,6.701030927835052,6.914893617021277,6.972222222222222,6.968253968253968,7,7,7,7,7,7,7,7,7,7,7,7,7,7,7,7,7,7,7,7,7,7,7,7,7,7,7,7,7,7,7,7,7,7,7,7,7,7,null,null,null,null],