{"startTime":"2025-03-24T20:43:41.882Z","infectedMalesAtStart":1024,"infectedFemalesAtStart":1024,"toxinAntitoxinLength":3,"killRate":0.18988532376533052,"rescueRate":0.10089879732613405,"simulationLength":196,"infectionRatio":[0.08333333333333333,0.08333333333333333,0.08319624938312223,0.08577473958333333,0.08357747395833333,0.0848388671875,0.08626302083333333,0.08414713541666667,0.07808430989583333,0.08292643229166667,0.08711751302083333,0.08907063802083333,0.08768717447916667,0.083984375,0.0848388671875,0.08548990885416667,0.0814208984375,0.08088744148178302,0.077392578125,0.07657877604166667,0.08756510416666667,0.09525553385416667,0.09700520833333333,0.08207194010416667,0.07657877604166667,0.0758056640625,0.09147135416666667,0.0926513671875,0.08882649739583333,0.08400488400488401,0.078857421875,0.07881673177083333,0.0782470703125,0.07669448402198249,0.07417805989583333,0.06730143229166667,0.0859375,0.08349609375,0.09431966145833333,0.08292980671414038,0.075927734375,0.06697591145833333,0.07430013020833333,0.07414038657171923,0.07039960934320827,0.06580125335720681,0.06453450520833333,0.07295735677083333,0.0740966796875,0.071617497456765,0.06982421875,0.055216471354166664,0.08186848958333333,0.078857421875,0.07649739583333333,0.06648763020833333,0.061930338541666664,0.0543212890625,0.05615234375,0.059285481770833336,0.055745442708333336,0.053995768229166664,0.055501302083333336,0.0659206510681587,0.06538899739583333,0.06527755168484455,0.06689453125,0.0579833984375,0.0708850457782299,0.06697591145833333,0.06632486979166667,0.06591796875,0.055460611979166664,0.047078450520833336,0.043416341145833336,0.045654296875,0.047322591145833336,0.04257050995075495,0.045491536458333336,0.0491943359375,0.0509033203125,0.04703967446592065,0.04508646998982706,0.035115559895833336,0.057332356770833336,0.0648193359375,0.0615234375,0.058064778645833336,0.04659206510681587,0.0407324516785351,0.03955078125,0.038330078125,0.034627278645833336,0.033610026041666664,0.028645833333333332,0.026652018229166668,0.026692708333333332,0.025105794270833332,0.023478190104166668,0.014322916666666666,0.03019328585961343,0.03817508444914737,0.04187522890977902,0.046671549479166664,0.042195638020833336,0.0371123952144543,0.030354817708333332,0.026082356770833332,0.02400813835198372,0.023726192414129904,0.021932858596134284,0.021565755208333332,0.020955403645833332,0.01985838691299748,0.0177001953125,0.0120849609375,0.023478190104166668,0.029703776041666668,0.033365885416666664,0.03289634394593274,0.029459635416666668,0.025675455729166668,0.022542317708333332,0.020263671875,0.019003051881993895,0.017618815104166668,0.016805013020833332,0.015462239583333334,0.014079921868641654,0.013929618768328446,0.011311848958333334,0.006632486979166667,0.023763020833333332,0.0269775390625,0.025105794270833332,0.025391658189216685,0.017822265625,0.015950520833333332,0.010661674940994547,0.0068359375,0.006795247395833333,0.006798843789439401,0.006795523906408953,0.006795247395833333,0.006795247395833333,0.006393028748269403,0.005371749481137834,0.0025227864583333335,0.011474609375,0.010417090539165818,0.006634106634106634,0.004517152972774997,0.004273330348785153,0.0038668186258547705,0.0031336480546964025,0.0020345052083333335,0.0018310546875,0.0018310546875,0.0018311291963377416,0.0017496744791666667,0.001708984375,0.0014663951120162933,0.001139554759676041,0.0008138020833333334,0.0008138020833333334,0.0025634765625,0.0014242695531862944,0.0019127462152042976,0.0014651418338691954,0.0014657383657017222,0.001383970366752147,0.0006917880686904858,0.0006917599186164802,0.0006919288534331881,0.0006918443757121927,0.0006917317708333334,0.0006510416666666666,0.0005715218811234487,0.0005697541917629822,0.0004475911458333333,0.00020348363991535081,0.00032561357808620617,0.00028488868991901023,0.00028484231943031536,0.0002848655027876124,0.00028512076901144554,0.00012208521548040532,0.0001220703125,0.00004069507182680177,0.000040723244828147904,0.00004069672798307016,0.00004069507182680177,0.00004069175991861648,0.00004084633608365329,0.000040728220584042684,0.0000406934158053227],"averageToxinCountInMales":[2.5322265625,2.5322265625,2.5344655344655345,2.2861136999068035,2.368836291913215,2.292156862745098,2.4197292069632494,2.3070866141732282,2.3043478260869565,2.276553106212425,2.1478672985781992,2.1007462686567164,2.039047619047619,1.973053892215569,2.109251968503937,2.1176470588235294,2.1264248704663213,2.1171548117154813,2.093715545755237,1.7934904601571269,1.4918190567853706,1.76429199648197,2.3074935400516794,2.170020120724346,2.242093784078517,2.3556531284302964,2.2520398912058024,2.2868490732568403,2.2432188065099457,2.208854667949952,2.2953846153846156,2.253086419753086,2.2169811320754715,2.2049622437971954,2.307349665924276,2.194125159642401,1.6577437858508604,1.767,2.4238754325259517,2.541176470588235,2.534611288604899,2.600967351874244,2.4324324324324325,2.534908700322234,2.533408833522084,2.4425427872860634,2.3370646766169156,2.2830188679245285,2.212649945474373,2.1576576576576576,2.250287026406429,2.2133333333333334,1.4530168150346192,1.5695296523517381,1.861169102296451,1.8495145631067962,1.8046571798188875,1.8385650224215246,1.5113636363636365,1.7685060565275907,1.7675753228120517,1.8035450516986706,1.642433234421365,1.5876543209876544,1.65125,1.6382978723404256,1.7466340269277847,1.689306358381503,1.3132947976878613,1.3316455696202532,1.5874035989717223,1.4912060301507537,1.443298969072165,1.4991181657848325,1.3735632183908046,2.016216216216216,2.3530434782608696,2.2046783625730995,1.9137614678899082,1.9651162790697674,1.8656,1.671353251318102,1.8876811594202898,2.107476635514019,1.44,1.1751633986928105,1.1936376210235131,1.051622418879056,0.9389312977099237,0.8678414096916299,0.8497757847533632,0.8449074074074074,0.7932816537467701,0.8796791443850267,0.9591194968553459,0.9797979797979798,0.9437086092715232,0.9121621621621622,0.9051094890510949,0.9801324503311258,0.9340369393139841,0.979381443298969,0.9868913857677902,0.9948892674616695,0.9905660377358491,0.9937106918238994,0.9973753280839895,0.9969418960244648,1,1,1,1,1,1,1,1,1,1.002754820936639,1.0024813895781637,1.0024875621890548,1.002754820936639,1.003125,1,1,1,1,1,1,1,1,1,1,1,1,1,1,1,1,1,1,1,1,1,1,1,1,1,1,1,1,1,1,1,1,1,1,1,1,1,1,1,1,1,1,1,1,1,1,1,1,1,1,1,1,1,1,1,1,1,1,1,1,1,1,1,1,1,1,null,null,null,null,null,null,null,null],