{"startTime":"2025-03-24T20:33:55.229Z","infectedMalesAtStart":16,"infectedFemalesAtStart":32,"toxinAntitoxinLength":3,"killRate":0.3694216197287058,"rescueRate":0.9115629132559072,"simulationLength":51,"infectionRatio":[0.0038641120592497183,0.0038641120592497183,0.003820206453710477,0.004102962771011488,0.0031331380208333335,0.0027669270833333335,0.00244140625,0.0035807291666666665,0.0032145182291666665,0.0030517578125,0.0019938151041666665,0.0016276041666666667,0.0015462239583333333,0.0013834635416666667,0.0009358723958333334,0.0008138020833333334,0.000813868316106454,0.0008142990920565124,0.0005289713541666666,0.0081787109375,0.007975260416666666,0.0072021484375,0.005574544270833333,0.004150390625,0.004069010416666667,0.0038248697916666665,0.0030517578125,0.0028889973958333335,0.0022786458333333335,0.0019124348958333333,0.0017903645833333333,0.0013427734375,0.0012613932291666667,0.001220802474159681,0.0009765625,0.0014241536458333333,0.0027262369791666665,0.0020751953125,0.0016682942708333333,0.0009765625,0.0008951822916666666,0.0008544921875,0.0006510416666666666,0.0006510416666666666,0.0006103763987792472,0.00016276041666666666,0.00016276041666666666,0.0001220703125,0.0001220703125,0.0000814000814000814,0.0000813868316106454],"averageToxinCountInMales":[2.75,2.75,2.6666666666666665,2.268292682926829,2.111111111111111,2.09375,2.107142857142857,2.6341463414634148,2.7222222222222223,2.727272727272727,2.590909090909091,2.7222222222222223,2.5294117647058822,2.5,2.5,2.5555555555555554,2.5555555555555554,2.5555555555555554,3,2.40625,2.382978723404255,2.3214285714285716,2.0294117647058822,2,2,2,2,2,2,2,2,2,2,2,2,2,2.0285714285714285,2,2,2,2,2,2,2,2,2,2,2,2,2,2],"averageAntitoxinCountInFemales":[2.3125,2.3125,2.3125,2.1666666666666665,2,1.9444444444444444,2.0625,2.617021276595745,2.6744186046511627,2.6904761904761907,2.6666666666666665,2.8181818181818183,2.857142857142857,2.8,2.6923076923076925,2.727272727272727,2.727272727272727,2.727272727272727,2.875,2.323809523809524,2.2941176470588234,2.3010752688172045,2,2,2,2,2,2,2,2,2,2,2,2,2,2,2,2,2,2,2,2,2,2,2,2,2,2,2,2,2],"reproductiveSuccessOverTime":[0,0,0,0.007212576660620195,0,0,0,0,0,0,0,0,0,0,0,0.000040690104166666664,0,0,0,0,0,0,0,0,0,0,0,0,0,0,0,0,0,0,0,0,0,0.000031072443181818185,0,0,0,0,0,0,0,0,0,0,0.000040690104166666664,0.0000407000407000407,0.0000406934158053227]}