{"startTime":"2025-03-24T20:33:55.229Z","infectedMalesAtStart":16,"infectedFemalesAtStart":32,"toxinAntitoxinLength":3,"killRate":0.5852442116142499,"rescueRate":0.4408720361461895,"simulationLength":57,"infectionRatio":[0.003770028275212064,0.003770028275212064,0.003729862709308785,0.005310350831374598,0.004156479217603912,0.0032145182291666665,0.0028483072916666665,0.00439453125,0.003987630208333333,0.003662109375,0.0034586588541666665,0.0062255859375,0.005777994791666667,0.005452473958333333,0.004842122395833333,0.004720052083333333,0.00785350966429298,0.007854788164909853,0.0078125,0.007527669270833333,0.005777994791666667,0.0035807291666666665,0.0027262369791666665,0.0021158854166666665,0.0021158854166666665,0.0019938151041666665,0.0018310546875,0.0036214192708333335,0.0029296875,0.0027262369791666665,0.0026856561546286877,0.0029703776041666665,0.006795247395833333,0.007083536883243771,0.007242838541666667,0.004353841145833333,0.003662109375,0.0025227864583333335,0.0020751953125,0.0017903645833333333,0.0013427734375,0.0013020833333333333,0.001220703125,0.0010986328125,0.0010986328125,0.0010579427083333333,0.0010579427083333333,0.0009358723958333334,0.0015464127294184675,0.00150565638479694,0.0028483072916666665,0.002197265625,0.0019938151041666665,0.0014241536458333333,0.0010986328125,0.0010172526041666667,0.0008951822916666666],"averageToxinCountInMales":[2.5625,2.5625,2.5625,3.96,3.9545454545454546,3.909090909090909,4.033333333333333,2.024390243902439,2.0277777777777777,1.7575757575757576,1.96875,3.1194029850746268,3.1875,3.1475409836065573,3.183333333333333,3.2203389830508473,3.39,3.39,3.404040404040404,3.9791666666666665,4.225352112676056,3.2857142857142856,3.1,2.909090909090909,2.909090909090909,3,3.0588235294117645,2.4878048780487805,2.2777777777777777,2.264705882352941,2.212121212121212,2.4411764705882355,3.352272727272727,3.3146067415730336,3.1136363636363638,3.4375,3.3658536585365852,3.103448275862069,2.8260869565217392,2.9,3.1333333333333333,3.2142857142857144,3.5833333333333335,1.8181818181818181,1.8181818181818181,1.9,1.9,1.5555555555555556,0.7058823529411765,0.7058823529411765,0.75,0.8148148148148148,0.68,0.7894736842105263,1.0714285714285714,1.0714285714285714,1.0833333333333333],"averageAntitoxinCountInFemales":[2.84375,2.84375,2.774193548387097,3.6805555555555554,3.689655172413793,3.891304347826087,4.125,2.1940298507462686,2.1451612903225805,1.8421052631578947,2.207547169811321,2.9186046511627906,3.1153846153846154,2.958904109589041,3.2542372881355934,3.280701754385965,3.4516129032258065,3.4516129032258065,3.4516129032258065,3.730337078651685,3.816901408450704,3.217391304347826,3.081081081081081,3,3,3.0344827586206895,3.0357142857142856,2.4791666666666665,2.4722222222222223,2.393939393939394,2.393939393939394,2.7948717948717947,3.392405063291139,3.2,3.011111111111111,3.305084745762712,3.4081632653061225,3.242424242424242,2.9285714285714284,3.0833333333333335,2.888888888888889,2.888888888888889,2.888888888888889,1.5,1.5,1.5,1.5,1.2142857142857142,0.5714285714285714,0.5,0.6470588235294118,0.6296296296296297,0.625,0.8125,1,1,1],"reproductiveSuccessOverTime":[0,0,0,0.006050317750500566,0.00016299918500407498,0,0,0,0,0,0,0,0,0,0,0,0,0,0,0,0,0,0,0,0,0,0.000040690104166666664,0.000027561459446225073,0,0.000040690104166666664,0,0,0,0.00004592921056037812,0,0,0,0,0,0,0,0,0,0.000040690104166666664,0.000040690104166666664,0.000040690104166666664,0.000040690104166666664,0.000040690104166666664,0,0,0,0,0,0,0,0,0]}