{"startTime":"2025-03-24T20:33:55.229Z","infectedMalesAtStart":16,"infectedFemalesAtStart":32,"toxinAntitoxinLength":3,"killRate":0.08534495669114994,"rescueRate":0.8459915163146887,"simulationLength":55,"infectionRatio":[0.004103616311874839,0.004103616311874839,0.0041425735738327436,0.002071632446367738,0.0026225208982134074,0.00496459672824937,0.004597981770833333,0.0042724609375,0.0067138671875,0.006429036458333333,0.005533854166666667,0.0054931640625,0.005330403645833333,0.005940755208333333,0.005940755208333333,0.005900065104166667,0.005818684895833333,0.0058215274385279275,0.005900065104166667,0.0057373046875,0.0036214192708333335,0.0048828125,0.0054931640625,0.004476275738585497,0.006795247395833333,0.005574544270833333,0.00537218672418705,0.005086263020833333,0.004842122395833333,0.005289713541666667,0.004557291666666667,0.003987630208333333,0.0034993489583333335,0.003499918606544034,0.0029703776041666665,0.0023600260416666665,0.0020347535913400887,0.002685546875,0.0028488868991901023,0.0010986328125,0.0006917317708333334,0.0006917317708333334,0.0006103763987792472,0.0006103515625,0.00048828125,0.0004883806112897318,0.00048828125,0.00048828125,0.00048828125,0.0004883209896638724,0.00036622583926754833,0.0010579427083333333,0.0008138020833333334,0.0008138020833333334,0.0008141002157365572],"averageToxinCountInMales":[2.3125,2.3125,2.3125,2.3333333333333335,2.814814814814815,3.196078431372549,3.1666666666666665,3.25,3.1538461538461537,3.1184210526315788,3.1451612903225805,3.1311475409836067,3.1311475409836067,3.12,3.12,3.1621621621621623,3.164383561643836,3.164383561643836,3.380281690140845,3.066666666666667,3,1.7313432835820894,1.8904109589041096,1.5737704918032787,1.9135802469135803,1.7391304347826086,1.791044776119403,1.6935483870967742,1.7,2.0625,2.2181818181818183,2.125,2.230769230769231,2.230769230769231,2.15625,2.2962962962962963,2.4166666666666665,1.411764705882353,3.2195121951219514,2.75,2.8,2.8,3,3,3.4285714285714284,3.4285714285714284,3.4285714285714284,3.4285714285714284,3.4285714285714284,3.4285714285714284,3,3.6666666666666665,4,4,4],"averageAntitoxinCountInFemales":[2.78125,2.78125,2.78125,2.8,3.081081081081081,3.323943661971831,3.4,3.4262295081967213,3.2988505747126435,3.2804878048780486,3.2027027027027026,3.2027027027027026,3.1857142857142855,3.23943661971831,3.23943661971831,3.23943661971831,3.2714285714285714,3.2714285714285714,3.4594594594594597,3.303030303030303,3.2954545454545454,2.0377358490566038,2.370967741935484,1.9795918367346939,2.4186046511627906,2.2941176470588234,2.276923076923077,2.253968253968254,2.2033898305084745,2.272727272727273,2.2982456140350878,2.2,2.2127659574468086,2.2127659574468086,2.073170731707317,2.3548387096774195,2.5,1.84375,3.310344827586207,2.5454545454545454,2.857142857142857,2.857142857142857,2.857142857142857,2.857142857142857,4,4,4,4,4,4,4,3.9285714285714284,3.9166666666666665,3.9166666666666665,3.9166666666666665],"reproductiveSuccessOverTime":[0,0,0,0.0085167111684007,0.0010244222258646123,0.0001220802474159681,0,0,0,0,0,0,0,0,0,0,0,0,0,0,0,0,0,0,0,0,0,0.000040690104166666664,0,0,0.000040690104166666664,0,0,0.00008139345596614032,0,0,0,0,0,0,0.000040690104166666664,0,0,0,0,0,0,0,0,0.0000406934158053227,0,0,0,0,0]}