{"startTime":"2025-03-24T20:33:55.228Z","infectedMalesAtStart":16,"infectedFemalesAtStart":32,"toxinAntitoxinLength":3,"killRate":0.013055076489070672,"rescueRate":0.9115629132559072,"simulationLength":82,"infectionRatio":[0.0037650011765628676,0.0037650011765628676,0.0038031851675778463,0.00266151534664091,0.0045166015625,0.0028483072916666665,0.0023193359375,0.0023600260416666665,0.0015869140625,0.0032958984375,0.0027669270833333335,0.005289713541666667,0.0052490234375,0.005208333333333333,0.005208333333333333,0.005208333333333333,0.005208545269582909,0.005211089850588283,0.003987630208333333,0.0035807291666666665,0.0022786458333333335,0.0020751953125,0.0016276041666666667,0.0010986328125,0.000732421875,0.01192268565615463,0.0152587890625,0.013104346410548593,0.012980143229166666,0.012776692708333334,0.01192365604525292,0.0118408203125,0.01171875,0.01159762350451697,0.011189778645833334,0.0078125,0.007364908854166667,0.005818684895833333,0.005533854166666667,0.004475911458333333,0.0034586588541666665,0.011639264203158067,0.013875325520833334,0.0137939453125,0.013590494791666666,0.0142822265625,0.013997395833333334,0.013916015625,0.013591600878977782,0.01355532036147521,0.012654622395833334,0.010416666666666666,0.009521484375,0.006795247395833333,0.006103515625,0.00439453125,0.0025634765625,0.005453361549731401,0.010213216145833334,0.010009765625,0.009521484375,0.009033203125,0.008790493244343155,0.008790493244343155,0.008504577822990845,0.008504577822990845,0.0081787109375,0.004801432291666667,0.004638671875,0.0033772786458333335,0.00146484375,0.0008544921875,0.0005289713541666666,0.00016276041666666666,0.0003255208333333333,0.0003255473264425816,0.0003255208333333333,0.00032557382386456127,0.0003255208333333333,0.0003255340793489318,0.0003255208333333333,0.0003257063757023044],"averageToxinCountInMales":[2.5,2.5,2.5,2.4583333333333335,2.608695652173913,2.5384615384615383,2.619047619047619,3.3666666666666667,3.8947368421052633,3.3541666666666665,3.1538461538461537,2.6666666666666665,2.6923076923076925,2.6923076923076925,2.6923076923076925,2.6923076923076925,2.6923076923076925,2.6923076923076925,2.792452830188679,2.88,3,3,3,3.0714285714285716,2.857142857142857,3.0063291139240507,3.0051020408163267,3.005714285714286,3.0057471264367814,3,3,3,3,3,3,3,3,3,3,3,3,3,3,3,3,3,3,3,3,3,3,3,3,3,3,3,3,3,3,3,3,3,3,3,3,3,3,3,3,3,3,3,3,3,3,3,3,3,3,3,3,3],"averageAntitoxinCountInFemales":[2.4375,2.4375,2.4375,2.263157894736842,2.6769230769230767,2.727272727272727,2.611111111111111,2.892857142857143,2.85,3,2.9310344827586206,2.53125,2.53125,2.507936507936508,2.507936507936508,2.507936507936508,2.507936507936508,2.507936507936508,2.8666666666666667,2.8684210526315788,2.8461538461538463,2.8181818181818183,3,3,3,3,3,3,3,3,3,3,3,3,3,3,3,3,3,3,3,3,3,3,3,3,3,3,3,3,3,3,3,3,3,3,3,3,3,3,3,3,3,3,3,3,3,3,3,3,3,3,3,3,3,3,3,3,3,3,3,3],"reproductiveSuccessOverTime":[0,0,0,0.005795235028976175,0,0,0,0,0,0,0,0,0,0,0,0,0,0,0,0,0,0,0,0,0,0,0,0.00004069672798307016,0,0,0,0,0.000040690104166666664,0,0,0,0,0,0,0,0,0,0.00008138020833333333,0.00016276041666666666,0.00008138020833333333,0,0,0,0,0.000040706667752177804,0,0,0,0,0,0,0,0,0.000040690104166666664,0,0,0,0.00004069672798307016,0,0,0.00004069175991861648,0,0,0,0,0,0,0,0.000040690104166666664,0,0,0,0,0,0,0,0]}