{"startTime":"2025-03-24T20:33:55.228Z","infectedMalesAtStart":16,"infectedFemalesAtStart":32,"toxinAntitoxinLength":3,"killRate":0.03914184661412512,"rescueRate":0.5111496538385711,"simulationLength":91,"infectionRatio":[0.003839692824574034,0.003839692824574034,0.003880669415474169,0.0020906833921338036,0.006103515625,0.0059814453125,0.0076904296875,0.0074462890625,0.007161458333333333,0.007080078125,0.006551106770833333,0.0074462890625,0.0072021484375,0.007039388020833333,0.0079345703125,0.0079345703125,0.00785350966429298,0.007817271283742518,0.007285010785071833,0.005289713541666667,0.0038655598958333335,0.0034587995930824007,0.0032552083333333335,0.003173828125,0.004964192708333333,0.004964192708333333,0.004720052083333333,0.005818684895833333,0.005777994791666667,0.0045166015625,0.0045166015625,0.004435221354166667,0.004313151041666667,0.0042731564382223666,0.004110871423338353,0.002197265625,0.0010172526041666667,0.0003662109375,0.0002848307291666667,0.00020345052083333334,0.0027262369791666665,0.0017496744791666667,0.0025634765625,0.004720052083333333,0.004597981770833333,0.004557291666666667,0.004557291666666667,0.004476093591047813,0.004435401831129196,0.00439453125,0.0042724609375,0.0038248697916666665,0.00244140625,0.0015469163443924282,0.0008138351983723296,0.0005289713541666666,0.0004477004477004477,0.0004069010416666667,0.0013428827215756492,0.0027669270833333335,0.0023600260416666665,0.0016682942708333333,0.0016276041666666667,0.0016276041666666667,0.0016276041666666667,0.0016276041666666667,0.0015063306599356755,0.0013834635416666667,0.0010986328125,0.0006104509197460524,0.0005696614583333334,0.0004883011190233978,0.000407000407000407,0.0001220703125,0.00012208521548040532,0.0013428827215756492,0.0003662109375,0.0003662109375,0.0003662109375,0.00036622583926754833,0.00036628545846729884,0.0003662407422479043,0.0003662109375,0.0003662109375,0.0003662109375,0.0003662109375,0.00036622583926754833,0.0003662407422479043,0.00036634509708145075,0.0003662109375,0.00016276041666666666],"averageToxinCountInMales":[2.375,2.375,2.375,2.375,2.546875,2.4923076923076923,2.9878048780487805,3.051282051282051,3.0789473684210527,3.054054054054054,3.1449275362318843,2.973684210526316,2.8904109589041096,2.8904109589041096,2.8641975308641974,2.8641975308641974,2.8375,2.8375,2.883116883116883,2.963636363636364,2.619047619047619,2.409090909090909,2.3333333333333335,2.325,3.2857142857142856,3.2857142857142856,3.3508771929824563,3.8194444444444446,3.8194444444444446,3.7636363636363637,3.7636363636363637,3.7735849056603774,3.764705882352941,3.76,3.7551020408163267,3.869565217391304,4.5,null,null,null,4,4,4,3.161290322580645,3.161290322580645,3.161290322580645,3.161290322580645,3.1475409836065573,3.1666666666666665,3.1864406779661016,3.1578947368421053,3.061224489795918,2.7333333333333334,3.2,4,4,4,4,4,4,4,4,4,4,4,4,4,4,4,4,4,4,4,4,4,4,4,4,4,4,4,4,4,4,4,4,4,4,4,4,4],"averageAntitoxinCountInFemales":[2.5625,2.5625,2.5625,2.5625,2.604651162790698,2.682926829268293,3.2336448598130842,3.257142857142857,3.32,3.32,3.380434782608696,3.0654205607476634,3.048076923076923,3.08,2.93859649122807,2.93859649122807,2.9557522123893807,2.9375,3.019607843137255,2.92,2.6792452830188678,2.5609756097560976,2.3947368421052633,2.3947368421052633,3.152542372881356,3.152542372881356,3.152542372881356,3.8028169014084505,3.8285714285714287,3.7857142857142856,3.7857142857142856,3.7857142857142856,3.7818181818181817,3.7818181818181817,3.9038461538461537,3.838709677419355,3.3684210526315788,3,2.7142857142857144,2.8,3.875,3.9,3.923076923076923,2.814814814814815,2.7450980392156863,2.76,2.76,2.7755102040816326,2.7755102040816326,2.7755102040816326,2.7916666666666665,2.7111111111111112,2.6,2.782608695652174,3.6363636363636362,3.5,3.5,3.5,3.8823529411764706,4,4,4,4,4,4,4,4,4,4,4,4,4,4,4,4,4,4,4,4,4,4,4,4,4,4,4,4,4,4,4,4],"reproductiveSuccessOverTime":[0,0,0,0.007665839104490614,0,0,0,0,0,0,0,0,0,0,0,0,0,0,0.000040698384274144313,0,0,0,0,0,0,0,0.0001220703125,0.000040690104166666664,0,0,0.000040690104166666664,0.000040690104166666664,0.000040690104166666664,0,0,0,0,0,0,0,0,0,0,0.000040690104166666664,0,0,0,0,0,0,0,0,0,0.000040708324852432325,0.00004069175991861648,0.000040690104166666664,0.0000407000407000407,0.000040690104166666664,0.0000406934158053227,0,0,0.000040690104166666664,0.000040690104166666664,0.00008138020833333333,0,0,0.00008142327891544193,0,0,0,0,0,0,0,0,0.0000406934158053227,0.000040690104166666664,0,0,0,0,0.0000406934158053227,0,0,0,0.000040690104166666664,0,0,0.000040705010786827856,0.0001220703125,0.0001220703125]}