{"startTime":"2025-03-24T20:43:41.882Z","infectedMalesAtStart":1024,"infectedFemalesAtStart":1024,"toxinAntitoxinLength":3,"killRate":0.37316104457707866,"rescueRate":0.512501964649485,"simulationLength":248,"infectionRatio":[0.08333333333333333,0.08333333333333333,0.0832579929317005,0.09102376302083333,0.08426920572916667,0.08015950520833333,0.076171875,0.08577473958333333,0.08048502604166667,0.078857421875,0.07731119791666667,0.08390299479166667,0.0849609375,0.08048502604166667,0.0821533203125,0.0859375,0.0858154296875,0.08584110436942623,0.0864539238033214,0.0931396484375,0.08223470052083333,0.07255045572916667,0.06807454427083333,0.08003743489583333,0.07271617497456764,0.0665283203125,0.06547037760416667,0.0611572265625,0.060262044270833336,0.057535807291666664,0.0579833984375,0.057373046875,0.05778465044355823,0.058560208358767754,0.061075846354166664,0.07478841145833333,0.0654296875,0.058919270833333336,0.056233723958333336,0.06404622395833333,0.05619989419281325,0.051717122395833336,0.050944010416666664,0.046101888020833336,0.0438232421875,0.039632161458333336,0.046793619791666664,0.051310221354166664,0.050333658854166664,0.04968235869034045,0.051025390625,0.049275716145833336,0.045654296875,0.056396484375,0.058349609375,0.06302897135416667,0.053062388011076725,0.045613606770833336,0.040730794270833336,0.040079752604166664,0.0384521484375,0.03466796875,0.0467529296875,0.05126953125,0.052734375,0.05494952784109411,0.054239908854166664,0.046346028645833336,0.046834309895833336,0.0615234375,0.059244791666666664,0.0557861328125,0.05489318413021363,0.048055013020833336,0.040568033854166664,0.03711390550604322,0.036539713541666664,0.032918294270833336,0.034303153611393696,0.040079752604166664,0.040283203125,0.039194139194139194,0.033936927772126146,0.028076171875,0.025431315104166668,0.03564453125,0.041748046875,0.04504761129649223,0.04585961342828077,0.041422526041666664,0.035645981688708035,0.033414733414733416,0.03211233211233211,0.030518819938962362,0.032185872395833336,0.030069986979166668,0.029622395833333332,0.02711284807034685,0.024132177593293454,0.019205729166666668,0.018269856770833332,0.022908528645833332,0.024129231770833332,0.031656901041666664,0.0281982421875,0.0247802734375,0.019125905428501667,0.0177822990844354,0.016357421875,0.0155029296875,0.013718705475269693,0.013347983559190982,0.013224821973550356,0.012946828434166599,0.011555989583333334,0.009073893229166666,0.006510416666666667,0.007486979166666667,0.004191080729166667,0.012125651041666666,0.0098876953125,0.0208740234375,0.017252604166666668,0.016116560172561148,0.016642252604166668,0.01664292980671414,0.016642252604166668,0.0166015625,0.016602238046795524,0.016480833401155692,0.014365360354861027,0.012003580729166666,0.0087890625,0.010701497395833334,0.008341471354166666,0.012166341145833334,0.011638316920322292,0.021282656466183773,0.017255412664821747,0.015871723913397362,0.016237994465244994,0.01620389219118964,0.015871078012452692,0.01579354418528921,0.015791615791615792,0.01570701932858596,0.01380405570486196,0.012247721354166666,0.008829752604166666,0.007568359375,0.007039388020833333,0.007242838541666667,0.004801432291666667,0.023111979166666668,0.0184326171875,0.016398111979166668,0.016357421875,0.01631872380254751,0.016115248443413503,0.01562690758149188,0.01607717041800643,0.016037121458808205,0.013956705729166666,0.011962890625,0.009847005208333334,0.007893880208333334,0.0064697265625,0.0057373046875,0.0045166015625,0.022624618514750762,0.01582973874827053,0.01416015625,0.01416015625,0.014169958060181604,0.014178040334080261,0.01400936672775402,0.01396977966032664,0.013193256779868068,0.010298367729067448,0.008341471354166666,0.008056640625,0.006551106770833333,0.006103515625,0.005005290144054692,0.0031740864328151704,0.011353925039677694,0.010011802531439502,0.00866946151654524,0.008632976340758236,0.008594354608773573,0.008596805736636246,0.008598557398426994,0.010715013240985944,0.01035087004360406,0.0054942818770094826,0.0042724609375,0.003173828125,0.0023600260416666665,0.0022786458333333335,0.002278738555442523,0.002034670790266135,0.002971465787438434,0.002523710668783327,0.001465380388325803,0.0014665145836728042,0.0014672916242103118,0.0014678899082568807,0.0013867362753895098,0.0022830119450446412,0.0015084801043705152,0.0012633981334311448,0.0006917317708333334,0.00048828125,0.0003662109375,0.0003255208333333333,0.0003255208333333333,0.00028491188082543044,0.002319619094127701,0.004354549894188507,0.0037440989744424546,0.0037460808664847916,0.0037480648578179744,0.0037498981005950924,0.0037509683206262486,0.00375234521575985,0.0035064829160890484,0.003506196999347684,0.00244140625,0.00146484375,0.0008951822916666666,0.0008951822916666666,0.0007731119791666666,0.0004475911458333333,0.002726902726902727,0.007325709169345977,0.006796630173782101,0.006798290250356198,0.0067999511380756545,0.006801058847485237,0.006801612837535128,0.006760884616951086,0.0067661204858563626,0.006770535932784077,0.005900065104166667,0.0027262369791666665,0.0014241536458333333,0.0012613932291666667,0.000244140625],"averageToxinCountInMales":[2.533203125,2.533203125,2.5368525896414345,2.6370826010544817,2.7238805970149254,2.6719681908548707,2.6739811912225706,2.6857688634192933,2.743174924165824,2.8641078838174274,2.8157327586206895,2.785573122529644,2.7900874635568513,2.770661157024793,2.8430173292558614,2.9040697674418605,2.904255319148936,2.906098741529526,2.8234723569350146,2.509433962264151,2.577962577962578,2.4444444444444446,2.6965174129353233,2.4816369359916055,2.7069767441860466,2.7745222929936304,2.5633986928104577,2.516759776536313,2.6802244039270686,2.5581737849779085,2.4767441860465116,2.6594827586206895,2.700573065902579,2.7306064880112837,2.8729281767955803,2.075575027382256,2.003699136868064,2.0211565585331455,2.2455357142857144,2.318240620957309,2.2436472346786247,2.2665589660743133,2.2569558101472995,2.229357798165138,2.252895752895753,2.2532188841201717,1.8602941176470589,1.937704918032787,1.9144295302013423,1.9078498293515358,1.9714285714285715,1.834448160535117,1.800711743772242,2.0720461095100866,2.2510578279266573,2.1788511749347257,2.279503105590062,2.3548387096774195,2.438,2.409274193548387,2.4526315789473685,2.5510688836104514,1.765323992994746,1.7402597402597402,1.6619496855345912,1.660578386605784,1.6604361370716512,1.588550983899821,1.3155963302752294,1.997245179063361,2.15702479338843,2.2230320699708455,2.463768115942029,2.506644518272425,2.554671968190855,2.5695652173913044,2.55726872246696,2.7,2.5072463768115942,2.103238866396761,2.005928853754941,2.0142566191446027,2.083732057416268,2.0327380952380953,1.7672131147540984,2.214446952595937,2.3980582524271843,2.517921146953405,2.576991150442478,2.5776031434184676,2.6073059360730593,2.625304136253041,2.6214833759590794,2.6586021505376345,2.372750642673522,2.348648648648649,2.3360881542699725,2.3970149253731345,2.484848484848485,2.566666666666667,2.096774193548387,2.671280276816609,2.8067796610169493,2.671018276762402,2.761764705882353,2.6840277777777777,2.7477477477477477,2.8137254901960786,2.893048128342246,2.9190751445086707,2.9473684210526314,2.945578231292517,2.9452054794520546,2.9432624113475176,2.9615384615384617,2.9405940594059405,2.8840579710144927,2.9879518072289155,3.090909090909091,2.2516129032258063,2.467741935483871,2.7814814814814817,2.8703703703703702,2.9751243781094527,3.004739336492891,3.004739336492891,3.004739336492891,3.004739336492891,3.004739336492891,3.0047619047619047,3,3,3,3,3,3,3,3.003690036900369,3,3,3,3,3,3,3,3,3,3,3,3,3,3,3,3,3,3,3,3,3,3,3,3,3,3,3,3,3,3,3,3,3,3,3,3,3,3,3,3,3,3,3,3,3,3,3,3,3,3,3,3,3,3,3,3,3,3,3,3,3,3,3,3,3,3,3,3,3,3,3.03125,3.0454545454545454,3.0555555555555554,3.111111111111111,3,3,3,3,3,2.9615384615384617,2.978723404255319,2.973684210526316,2.973684210526316,2.973684210526316,2.973684210526316,2.973684210526316,2.973684210526316,2.9722222222222223,2.9722222222222223,2.9583333333333335,3,3,3,3,3,3,3,3,3,3,3,3,3,3,3,3,3,3,3,3],