{"startTime":"2025-03-24T20:33:26.773Z","infectedMalesAtStart":1024,"infectedFemalesAtStart":1024,"toxinAntitoxinLength":3,"killRate":0.5239497417140404,"rescueRate":0.2518289961357031,"simulationLength":251,"infectionRatio":[0.17768523338538955,0.17768523338538955,0.17776805251641137,0.16949234177824873,0.17899039444103823,0.17896964271180923,0.18212890625,0.18180338541666666,0.17716471354166666,0.1839599609375,0.1864013671875,0.18408203125,0.18505859375,0.18168131510416666,0.17769368489583334,0.18074544270833334,0.17871820956256357,0.17869066036967673,0.187253266045338,0.16792805989583334,0.17342122395833334,0.1744384765625,0.17000325520833334,0.17110188802083334,0.17289225260416666,0.174296992634192,0.18452962239583334,0.18452962239583334,0.17891438802083334,0.16373697916666666,0.16166178385416666,0.15938313802083334,0.154541015625,0.1512314268267861,0.17021363173957274,0.1595458984375,0.15022786458333334,0.14453125,0.14347330729166666,0.1412004069175992,0.13810221354166666,0.1356201171875,0.135009765625,0.12790461075163798,0.12723795572916666,0.115966796875,0.11226399739583333,0.10823567708333333,0.10711378805144066,0.101318359375,0.11287434895833333,0.10408528645833333,0.09126790364583333,0.0860595703125,0.08980305989583333,0.0946605892886212,0.09562174479166667,0.0963134765625,0.09159342447916667,0.08304850260416667,0.09053548177083333,0.08459816887080367,0.07088216145833333,0.0674262461851475,0.06860630722278739,0.06649033570701933,0.08756866734486267,0.06998697916666667,0.06660970052083333,0.062215169270833336,0.07182095625635809,0.08475748697916667,0.083740234375,0.08943684895833333,0.07979329427083333,0.06982421875,0.07055951169888097,0.06412760416666667,0.05591047812817904,0.05352708918467863,0.05298498351849591,0.05086883978350222,0.06913248697916667,0.0574951171875,0.047037760416666664,0.042277018229166664,0.0360107421875,0.05209817249379299,0.060302734375,0.0845947265625,0.07035319010416667,0.056640625,0.062215169270833336,0.056480162767039675,0.052408854166666664,0.050130208333333336,0.050374348958333336,0.048055013020833336,0.06864420572916667,0.064208984375,0.052978515625,0.047281901041666664,0.041910807291666664,0.047217812512720315,0.0555419921875,0.065673828125,0.061930338541666664,0.052693684895833336,0.05322265625,0.049479166666666664,0.041585286458333336,0.035847981770833336,0.035853817353084814,0.03271484375,0.06880696614583333,0.061442057291666664,0.049397786458333336,0.041585286458333336,0.035970052083333336,0.03387346307303966,0.038614908854166664,0.052734375,0.042195638020833336,0.0362548828125,0.037150065104166664,0.03333469005657536,0.026531027466937945,0.022216796875,0.0218505859375,0.018923208399462824,0.038290946083418105,0.035847981770833336,0.026082356770833332,0.021730284040042323,0.020060221354166668,0.0196988196988197,0.025651465798045604,0.037679036458333336,0.030110677083333332,0.026775178026449645,0.023234049479166668,0.02067982902503562,0.0166015625,0.014485677083333334,0.0133056640625,0.012577336372517095,0.020955403645833332,0.018025716145833332,0.014404296875,0.012777212614445576,0.010949647901656694,0.010946974321409677,0.010468431771894094,0.0206298828125,0.0225830078125,0.020467122395833332,0.019775390625,0.017095408661673722,0.0145263671875,0.0123291015625,0.0103759765625,0.010009765625,0.011355311355311355,0.011312309257375381,0.010050864699898271,0.010050455729166666,0.010050455729166666,0.009969886872304061,0.009076478489152998,0.0155029296875,0.030232747395833332,0.0281982421875,0.026123046875,0.021039352134456516,0.015909830729166668,0.012776692708333334,0.010498046875,0.009114583333333334,0.009694106146389148,0.0094443313657643,0.009362152480970408,0.009362533583000895,0.008710163213806016,0.008671579204494566,0.008228776275052958,0.014650822073905258,0.0252685546875,0.024985757304468136,0.024129231770833332,0.019532839586554895,0.012288411458333334,0.009562174479166666,0.009358723958333334,0.009155645981688708,0.009166089542510287,0.009166462967489611,0.009163476419320681,0.009161610814772589,0.00916198387490838,0.009167209908735333,0.008647766673465226,0.013346897253306206,0.020833333333333332,0.03170146095307858,0.026165866362822494,0.017008463541666668,0.012085452695829094,0.009847005208333334,0.008952187182095625,0.008585611979166666,0.008588757276020677,0.00858945654386322,0.008547704330836861,0.008506308506308506,0.008505962313296162,0.00850527001180157,0.008076028877921443,0.009073893229166666,0.0181884765625,0.025065104166666668,0.018147786458333332,0.00895291580189639,0.00557499796532921,0.004313151041666667,0.0037029501525940997,0.0034587995930824007,0.003459925916880368,0.0034607711412401776,0.003461898749643628,0.003460630241836984,0.0034602076124567475,0.003459925916880368,0.003459925916880368,0.0034586588541666665,0.002848655027876124,0.004720436233417433,0.003173828125,0.0010579427083333333,0.0005289713541666666,0.000244140625,0.0002441604948319362,0.0002441505595116989,0.0002442002442002442,0.00024441909727880074,0.00024450874118749744,0.00024449877750611245,0.0002443593711818848,0.00024422012373819603,0.00024423006472096715,0.000244140625,0.00020345052083333334],