{"startTime":"2025-03-24T20:43:41.882Z","infectedMalesAtStart":1024,"infectedFemalesAtStart":1024,"toxinAntitoxinLength":3,"killRate":0.19396323697334727,"rescueRate":0.8282960660197604,"simulationLength":118,"infectionRatio":[0.08333333333333333,0.08333333333333333,0.08334704623992101,0.07999674479166667,0.07670084635416667,0.07987467447916667,0.078369140625,0.08866373697916667,0.08732096354166667,0.08528645833333333,0.08443196614583333,0.082763671875,0.08113606770833333,0.08048502604166667,0.08247884114583333,0.08329264322916667,0.08349609375,0.08353348259719112,0.08123397501119206,0.06913248697916667,0.08223470052083333,0.08447265625,0.07303873697916667,0.07718912760416667,0.07332356770833333,0.07421875,0.06656901041666667,0.07942708333333333,0.0792236328125,0.07503255208333333,0.07690742624618514,0.07609049479166667,0.0752797558494405,0.07553620121281185,0.06941731770833333,0.0562744140625,0.07572428385416667,0.08146158854166667,0.0745849609375,0.0701904296875,0.0638427734375,0.06490335707019329,0.059895833333333336,0.07987467447916667,0.07861097541117082,0.0770263671875,0.0784912109375,0.07446592065106816,0.07052742959466059,0.07302776194740698,0.06812909527491759,0.052571614583333336,0.057657877604166664,0.060302734375,0.052652994791666664,0.0455322265625,0.041829427083333336,0.037353515625,0.034138997395833336,0.032999674479166664,0.032023111979166664,0.029988606770833332,0.029378255208333332,0.028646998982706003,0.027833163784333672,0.0277099609375,0.026491413689265077,0.021932858596134284,0.027384440104166668,0.027262369791666668,0.02294921875,0.021321614583333332,0.0235595703125,0.022135416666666668,0.024698893229166668,0.02209562563580875,0.017987221747446384,0.013917714564766207,0.013631184895833334,0.012980143229166666,0.010904947916666666,0.00992919345649874,0.0081787109375,0.005289713541666667,0.008992513020833334,0.006062825520833333,0.010538736979166666,0.0098876953125,0.0078125,0.007649739583333333,0.006388346354166667,0.004638860630722279,0.004112042993241593,0.0033365885416666665,0.0032552083333333335,0.0030925737538148525,0.0029296875,0.002930880078156802,0.0027262369791666665,0.0021158854166666665,0.001953125,0.0015055338541666667,0.008504231770833334,0.006510416666666667,0.0035807291666666665,0.0035807291666666665,0.0035807291666666665,0.0035807291666666665,0.0035400390625,0.0034994913530010173,0.0032145182291666665,0.0020751953125,0.0018717447916666667,0.0017903645833333333,0.0008138020833333334,0.0006510416666666666,0.0006103515625,0.0002848307291666667],"averageToxinCountInMales":[2.4892578125,2.4892578125,2.493013972055888,2.501010101010101,2.4989429175475686,2.618290258449304,2.624874623871615,2.5960034752389225,2.7213403880070546,2.8292237442922374,2.8889916743755784,2.826295585412668,2.8488142292490117,2.6503428011753183,2.767110266159696,2.744621141253508,2.8216981132075474,2.8216981132075474,2.8302618816682834,2.768065268065268,2.6245019920318726,2.591219512195122,2.6426155580608794,2.5566239316239314,2.559910414333707,2.452934662236988,2.442786069651741,2.0578680203045687,2.253807106598985,2.1648706896551726,2.2846715328467155,2.367368421052632,2.3754010695187167,2.369542066027689,2.380184331797235,2.38705035971223,2.374862183020948,2.220779220779221,2.123059866962306,2.0821596244131455,2.1327077747989276,2.2081151832460733,2.1794500723589003,1.6962566844919786,1.8213903743315507,1.8074398249452954,1.9373007438894794,1.8577827547592385,1.8611435239206535,1.9632107023411371,2.133734939759036,2.122611464968153,2.5641025641025643,2.174089068825911,2.167950693374422,2.152482269503546,2.286266924564797,2.2941176470588234,2.3768115942028984,2.0668380462724936,2.5806451612903225,2.292263610315186,2.2271386430678466,2.221212121212121,2.229559748427673,2.231974921630094,2.1720779220779223,2.2231404958677685,3.4444444444444446,3.4889589905362777,3.520446096654275,3.704,3.092857142857143,3.8505338078291813,3.4968152866242037,3.263888888888889,3.3728070175438596,3.408839779005525,3.691011235955056,3.6568047337278107,3.6382978723404253,3.36,3.588235294117647,3.5238095238095237,2.4903846153846154,2.588235294117647,4.330578512396694,4.4035087719298245,4.241758241758242,4.222222222222222,4.205128205128205,4.333333333333333,4.5,5.375,5.487179487179487,5.473684210526316,5.473684210526316,5.473684210526316,5.45945945945946,6,6,6,6.034782608695652,6.045454545454546,6,6,6,6,6,6,6,6,6,6,6,6,6,6],"averageAntitoxinCountInFemales":[2.5244140625,2.5244140625,2.5244140625,2.5153688524590163,2.553780617678381,2.587251828631139,2.603875134553283,2.575875486381323,2.656126482213439,2.757242757242757,2.7867203219315897,2.694556451612903,2.75152749490835,2.6426332288401255,2.7066666666666666,2.7177914110429446,2.805443548387097,2.805443548387097,2.817616580310881,2.743162901307967,2.673549655850541,2.5965746907706944,2.6618942731277535,2.5515088449531738,2.5984598459845984,2.488599348534202,2.3930288461538463,2.0206825232678387,2.1600831600831603,2.0884279475982535,2.257787325456498,2.3391304347826085,2.3453551912568305,2.3336968375136316,2.3269689737470167,2.3473837209302326,2.270440251572327,2.132867132867133,2.0494092373791624,2.0412371134020617,2.1688942891859053,2.222623345367028,2.151088348271447,1.722762645914397,1.8263052208835342,1.8212461695607762,1.9564777327935223,1.872998932764141,1.8538812785388128,1.8818283166109253,2.052132701421801,2.066265060240964,2.5006993006993006,2.2496626180836707,2.2790697674418605,2.293693693693694,2.379647749510763,2.366013071895425,2.378823529411765,2.023696682464455,2.5710843373493977,2.4304123711340204,2.3785900783289815,2.355614973262032,2.3633879781420766,2.3370165745856353,2.2857142857142856,2.255892255892256,3.076294277929155,3.2946175637393766,3.3152542372881357,3.427007299270073,2.82943143812709,3.403041825095057,3.218430034129693,2.937254901960784,3.0934579439252334,3.0683229813664594,3.356687898089172,3.3333333333333335,3.338582677165354,3.1596638655462184,3.4545454545454546,3.373134328358209,2.8461538461538463,3.197530864197531,4.4855072463768115,4.496124031007752,4.366336633663367,4.316326530612245,4.417721518987341,4.25,4.7254901960784315,5.523809523809524,5.512195121951219,5.473684210526316,5.411764705882353,5.411764705882353,5.333333333333333,6,6,6,6,6,6,6,6,6,6,6,6,6,6,6,6,6,6,6],"reproductiveSuccessOverTime":[0,0,0,0.000019376240079365078,0,0.000017951516544117648,0,0,0,0,0.000040690104166666664,0,0,0,0,0,0,0,0,0,0,0,0,0,0,0,0,0,0.00004808830492424243,0.000004521122685185185,0,0,0,0,0.000040690104166666664,0,0.00003882899428858902,0.000035881926072898295,0.000035881926072898295,0.000007750496031746031,0,0,0.000040690104166666664,0.000011813256048387098,0.00001005776028046783,0.000010052849264705882,0.000009523215868794326,0,0,0.000040706667752177804,0.00008139676854828863,0,0,0,0,0,0.000004069010416666667,0.000004069010416666667,0,0,0.00008138020833333333,0,0,0,0.00008138351983723296,0,0.0000406934158053227,0,0.000005166997354497354,0,0,0,0,0,0,0,0,0,0,0,0,0,0,0,0,0,0,0,0,0,0,0,0.00004071329696278805,0,0,0.00004069175991861648,0.000040690104166666664,0,0.000040690104166666664,0,0,0,0.000006382761437908497,0,0,0,0,0,0.000040690104166666664,0,0.000040690104166666664,0,0,0.00008138020833333333,0.0001220703125,0,0,0]}