{"startTime":"2025-03-24T20:43:41.882Z","infectedMalesAtStart":1024,"infectedFemalesAtStart":1024,"toxinAntitoxinLength":3,"killRate":0.8408391744235656,"rescueRate":0.10089879732613405,"simulationLength":83,"infectionRatio":[0.08333333333333333,0.08333333333333333,0.0832512315270936,0.08772786458333333,0.08809407552083333,0.08683268229166667,0.08943684895833333,0.090576171875,0.08170572916666667,0.0780029296875,0.074951171875,0.07645670572916667,0.0823974609375,0.08060709635416667,0.0809326171875,0.08121744791666667,0.0771484375,0.0771078451329235,0.0797119140625,0.08133951822916667,0.07169596354166667,0.058878580729166664,0.059855143229166664,0.059122721354166664,0.0556640625,0.05029501525940997,0.048543294270833336,0.0430908203125,0.043375651041666664,0.041463216145833336,0.044354018311291966,0.0411376953125,0.038411458333333336,0.03728578988073432,0.042195638020833336,0.043701171875,0.042724609375,0.043050130208333336,0.042317708333333336,0.0399169921875,0.035970052083333336,0.0308837890625,0.036051432291666664,0.03129323675429316,0.035196940104166664,0.033365885416666664,0.035400390625,0.0343017578125,0.03385554425228891,0.033306188925081436,0.038533528645833336,0.033487955729166664,0.033772786458333336,0.032511393229166664,0.026123046875,0.022216796875,0.018880208333333332,0.014404883011190235,0.011800130208333334,0.010294596354166666,0.011922200520833334,0.010294596354166666,0.010009765625,0.0091552734375,0.00830078125,0.007935216082037927,0.006430083021325085,0.0064697265625,0.0036214192708333335,0.003173828125,0.0026448567708333335,0.0026041666666666665,0.0023193359375,0.0010579427083333333,0.0009766022380467956,0.0006103763987792472,0.0006104012370798405,0.0004475911458333333,0.0004475911458333333,0.000040690104166666664,0.000040690104166666664,0.000040690104166666664,0.00004069672798307016],"averageToxinCountInMales":[2.4150390625,2.4150390625,2.4121151936444885,2.401624548736462,2.288949275362319,2.381651376146789,2.5141093474426808,2.5785340314136125,2.658607350096712,2.7449392712550607,2.6855941114616195,2.609730848861284,2.7135922330097086,2.728444003964321,2.656614785992218,2.64922480620155,2.603288797533402,2.604531410916581,2.6036400404448936,2.5419161676646707,2.552479815455594,2.5201729106628243,2.665714285714286,2.7059679767103346,2.6967840735068913,2.8271186440677964,2.732049036777583,2.7922606924643585,2.8806262230919764,2.847107438016529,2.887189292543021,2.749482401656315,2.7598253275109172,2.743764172335601,2.8262626262626265,2.637065637065637,2.7744510978043913,2.706692913385827,3.0097847358121332,2.8132780082987554,2.8824884792626726,2.7870619946091644,2.8814317673378076,2.9226666666666667,3.291284403669725,3.486935866983373,3.2645739910313902,3.5172413793103448,3.52803738317757,3.5382775119617227,3.3060796645702304,3.1943793911007026,3.2714285714285714,3.058679706601467,3.2222222222222223,3.3450704225352115,3.310483870967742,3.3529411764705883,3.34,3.125984251968504,3.022222222222222,3.4326923076923075,3.0776699029126213,3.0217391304347827,2.875,2.8133333333333335,2.8805970149253732,2.097560975609756,2.6923076923076925,2.75,2.85,2.8461538461538463,2.7142857142857144,2.8823529411764706,2.875,2.2,2.2,3,3,3,3,3,3],"averageAntitoxinCountInFemales":[2.5771484375,2.5771484375,2.5768854064642506,2.5314885496183206,2.3327049952874646,2.3620689655172415,2.544172932330827,2.574074074074074,2.608829568788501,2.6641550053821312,2.644219977553311,2.5684556407447974,2.657286432160804,2.697530864197531,2.687825182101977,2.654564315352697,2.617551462621885,2.617551462621885,2.6041237113402063,2.5416248746238717,2.4960893854748605,2.5112881806108898,2.6329442282749675,2.635770234986945,2.6321678321678323,2.777089783281734,2.7315112540192925,2.767605633802817,2.827027027027027,2.805607476635514,2.8306878306878307,2.7386363636363638,2.786008230452675,2.781052631578947,2.859778597785978,2.5899280575539567,2.7176684881602915,2.6545454545454548,2.939508506616257,2.741482965931864,2.7955555555555556,2.768041237113402,2.8861047835990887,2.9137055837563453,3.184149184149184,3.305764411027569,3.035377358490566,3.3112745098039214,3.2995049504950495,3.3025,3.202127659574468,3.0277777777777777,3.2829268292682925,3.1333333333333333,3.343042071197411,3.4923664122137406,3.310185185185185,3.341317365269461,3.342857142857143,3.2222222222222223,3,3.1812080536912752,3.2167832167832167,3.2330827067669174,3.185483870967742,3.183333333333333,3.065934065934066,2.3506493506493507,2.972972972972973,3.1,3.08,3.08,3,3.6666666666666665,3.75,3,3,3,3,null,null,null,null],"reproductiveSuccessOverTime":[0,0,0,0.000002786993436073059,0,0.000005677688953488372,0.000006165167297979798,0,0.000004046775387067395,0.0000026904385815118398,6.670508879781421e-7,0,0,0.000004155376586883436,0.000003574089384502484,0.0000030991916170400607,0.0000011147973744292237,0.000001115387382403314,0.0000011147973744292237,0.000015581872920447672,0,0.000015324084725340548,0.0000019857480029048656,4.787071078431372e-7,0,0,0,0.0000015235877967811561,4.238552517361111e-7,0,0,0,0,0,0.000006213311693809814,0,0,0.000006781684027777777,4.67702346743295e-7,0,0.0000012369496275710828,0.0000012369496275710828,0.0000017331704100914082,0.0000017333114673397269,0,0,0,0,0,0.0000047901896915117835,5.573986872146118e-7,5.573986872146118e-7,0.0000017904321468105715,0.000007473692602040817,0,0,0,0,0,0,0,0.000040690104166666664,0.000040690104166666664,0,0,0,0,0,0,0,0,0,0.000040690104166666664,0,0,0.00008138351983723296,0,0.000040690104166666664,0,0,0,0.000040690104166666664,0.00008139345596614032]}