{"startTime":"2025-03-24T20:33:55.228Z","infectedMalesAtStart":16,"infectedFemalesAtStart":32,"toxinAntitoxinLength":3,"killRate":0.03914184661412512,"rescueRate":0.21846305747320338,"simulationLength":90,"infectionRatio":[0.004087541514093502,0.004087541514093502,0.004126192727585317,0.0020827673639409582,0.0030110677083333335,0.0048828125,0.00439453125,0.006266276041666667,0.009114583333333334,0.0087890625,0.008707682291666666,0.00830078125,0.0079345703125,0.007853190104166666,0.007486979166666667,0.0072021484375,0.007120768229166667,0.00712569730037868,0.0068774671387295,0.0045166015625,0.004720052083333333,0.00341796875,0.0030924479166666665,0.0023193359375,0.004679361979166667,0.004638671875,0.0035807291666666665,0.0034993489583333335,0.0034993489583333335,0.0030110677083333335,0.0030110677083333335,0.0029703776041666665,0.0028889973958333335,0.0028889973958333335,0.0028076171875,0.0022379557291666665,0.006998697916666667,0.004069010416666667,0.0027263479145473043,0.0021158854166666665,0.0019938151041666665,0.0028079599560493222,0.0026448567708333335,0.002645179668742115,0.0026041666666666665,0.0024820963541666665,0.002400813835198372,0.0023193359375,0.0023193359375,0.0023199967438642193,0.0023193359375,0.0019124348958333333,0.0076904296875,0.007853190104166666,0.006226092618214373,0.00634765625,0.003987630208333333,0.006958290946083418,0.005940755208333333,0.0062255859375,0.006103515625,0.005574544270833333,0.005289928789420142,0.00520960520960521,0.005167853509664293,0.004801432291666667,0.0042724609375,0.0017903645833333333,0.0019124348958333333,0.0008951822916666666,0.0006510416666666666,0.0005289713541666666,0.0003255340793489318,0.0021985180359905547,0.0015055338541666667,0.0015055951169888097,0.00146484375,0.0013427734375,0.001261598567475175,0.001220703125,0.0011393229166666667,0.00101758384890915,0.0008951822916666666,0.0007731119791666666,0.000244140625,0.000244140625,0.000244140625,0.000244140625,0.00008139345596614032,0.00032562683165092806],"averageToxinCountInMales":[2.75,2.75,2.75,2.7857142857142856,2.7916666666666665,2.2653061224489797,2.1777777777777776,2.1216216216216215,2.0849056603773586,2.0485436893203883,2.049019607843137,2.080808080808081,2.0631578947368423,2.0631578947368423,2.0760869565217392,2.102272727272727,2.1149425287356323,2.1149425287356323,2.107142857142857,2.090909090909091,1.7857142857142858,1.6923076923076923,1.6764705882352942,1.4761904761904763,1.8,1.8,1.744186046511628,1.7380952380952381,1.7380952380952381,1.8611111111111112,1.8611111111111112,1.8611111111111112,1.8571428571428572,1.8571428571428572,1.8484848484848484,2,1.240506329113924,1.3777777777777778,1.1071428571428572,1,1,1.3103448275862069,1.3214285714285714,1.3214285714285714,1.3214285714285714,1.3461538461538463,1.3461538461538463,1.3461538461538463,1.3461538461538463,1.3461538461538463,1.3461538461538463,1.4285714285714286,1.1046511627906976,1.1046511627906976,1.1,1.0845070422535212,1.1063829787234043,1.6666666666666667,1.662162162162162,1.6753246753246753,1.68,1.7205882352941178,1.7538461538461538,1.765625,1.7619047619047619,1.7758620689655173,1.7857142857142858,1.8421052631578947,1.4782608695652173,1.4545454545454546,1.375,1.4285714285714286,1.5,1.96,1.9411764705882353,1.9411764705882353,1.9375,1.9285714285714286,1.9285714285714286,1.9285714285714286,1.9285714285714286,1.9090909090909092,1.9,2,2,2,2,2,null,2],"averageAntitoxinCountInFemales":[2.5,2.5,2.5,2.5,2.28,2.0422535211267605,1.9841269841269842,1.9625,1.9661016949152543,1.920353982300885,1.9285714285714286,1.9428571428571428,1.95,1.9285714285714286,1.934782608695652,1.9438202247191012,1.9431818181818181,1.9431818181818181,1.9411764705882353,1.9285714285714286,1.7,1.6222222222222222,1.5952380952380953,1.5277777777777777,1.7166666666666666,1.7118644067796611,1.6222222222222222,1.6136363636363635,1.6136363636363635,1.7105263157894737,1.7105263157894737,1.7297297297297298,1.7222222222222223,1.7222222222222223,1.7222222222222223,1.8214285714285714,1.1720430107526882,1.2727272727272727,1.1282051282051282,1.0666666666666667,1.0689655172413792,1.325,1.3243243243243243,1.3243243243243243,1.3333333333333333,1.3428571428571427,1.3636363636363635,1.3870967741935485,1.3870967741935485,1.3870967741935485,1.3870967741935485,1.4615384615384615,1.116504854368932,1.102803738317757,1.0963855421686748,1.0588235294117647,1.0784313725490196,1.5384615384615385,1.5277777777777777,1.5657894736842106,1.5733333333333333,1.608695652173913,1.646153846153846,1.640625,1.640625,1.6333333333333333,1.7346938775510203,1.72,1.5,1.3636363636363635,1.375,1.5,1.5,1.896551724137931,1.85,1.85,1.85,1.8421052631578947,1.8823529411764706,1.9375,1.9285714285714286,1.9285714285714286,1.9166666666666667,2,2,2,2,2,2,2],"reproductiveSuccessOverTime":[0,0,0,0.008376347007153853,0,0,0,0,0,0.000040690104166666664,0,0,0,0.000040690104166666664,0,0,0,0,0,0,0,0.000040690104166666664,0,0,0,0,0,0,0,0,0,0,0,0.00008138020833333333,0,0,0,0,0,0,0,0.00004069507182680177,0,0.00004069507182680177,0,0,0,0,0,0.00004070169726077577,0,0,0,0,0,0,0,0,0.000040690104166666664,0,0.000040690104166666664,0,0,0.0000407000407000407,0,0,0,0,0,0,0,0,0,0,0,0,0,0,0.00004069672798307016,0.000040690104166666664,0,0.00004070335395636601,0,0,0,0,0,0,0.00004069672798307016,0]}