{"startTime":"2025-03-24T20:43:41.882Z","infectedMalesAtStart":1024,"infectedFemalesAtStart":1024,"toxinAntitoxinLength":3,"killRate":0.057648241313183246,"rescueRate":0.8215420341663875,"simulationLength":205,"infectionRatio":[0.08333333333333333,0.08333333333333333,0.08298055977970491,0.09244791666666667,0.10176595052083333,0.10087076822916667,0.09354654947916667,0.09000651041666667,0.08463541666666667,0.08040364583333333,0.08150227864583333,0.07950846354166667,0.07869466145833333,0.080322265625,0.073486328125,0.07198079427083333,0.07011475543257101,0.07011686143572621,0.06705729166666667,0.065673828125,0.07430013020833333,0.07743326822916667,0.07763671875,0.06978352864583333,0.07173665364583333,0.06913248697916667,0.0792675483214649,0.0733265513733469,0.06628957434687067,0.065185546875,0.0618896484375,0.060262044270833336,0.05917063443616978,0.05800700154685338,0.057576497395833336,0.062337239583333336,0.08353678385416667,0.08235677083333333,0.0780029296875,0.06962076822916667,0.06962076822916667,0.06339518229166667,0.0659640270204281,0.06315104166666667,0.058878580729166664,0.059733072916666664,0.05695326494056343,0.0546875,0.0509033203125,0.05319278824630662,0.050577799479166664,0.057454427083333336,0.09859212239583333,0.09480794270833333,0.08988444010416667,0.08011881510416667,0.07438151041666667,0.07131227613155323,0.06770833333333333,0.066162109375,0.06355794270833333,0.058349609375,0.056437174479166664,0.0531005859375,0.04927772126144456,0.04915564598168871,0.0447998046875,0.045817057291666664,0.0980224609375,0.10498046875,0.08353678385416667,0.07564290364583333,0.07255045572916667,0.07108561197916667,0.06983274325479184,0.0667724609375,0.060831705729166664,0.059326171875,0.058064778645833336,0.055419921875,0.052897135416666664,0.052001953125,0.048502604166666664,0.039388020833333336,0.0843505859375,0.0889892578125,0.07405598958333333,0.06722005208333333,0.0639674465920651,0.06331637843336724,0.062052408854166664,0.06075279755849441,0.05627670396744659,0.05452695829094608,0.05546286876907426,0.051719226856561544,0.0496826171875,0.048624674479166664,0.045857747395833336,0.0340576171875,0.10135904947916667,0.1256103515625,0.10164388020833333,0.083740234375,0.07869786368260427,0.0770263671875,0.07748657007976559,0.0745473041709054,0.07161458333333333,0.07072227873855544,0.06934440239287022,0.066650390625,0.064208984375,0.060999430292178726,0.056640625,0.043375651041666664,0.09077962239583333,0.117919921875,0.1004638671875,0.08577473958333333,0.08052899287894201,0.07568667344862666,0.07106227106227106,0.067626953125,0.06449381510416667,0.0621337890625,0.0609130859375,0.05999185999185999,0.057779947916666664,0.05201676909927144,0.048502604166666664,0.0352783203125,0.0631103515625,0.07275390625,0.059488932291666664,0.047281901041666664,0.041829427083333336,0.03759765625,0.034708658854166664,0.033040364583333336,0.029052734375,0.026041666666666668,0.025634765625,0.02498677410165629,0.023811462064474112,0.021648016276703968,0.0191650390625,0.011962890625,0.0220947265625,0.036702473958333336,0.039225260416666664,0.029337565104166668,0.0272216796875,0.0260009765625,0.021321614583333332,0.01782516685658473,0.01416015625,0.0125732421875,0.011474609375,0.011072213628592363,0.010946083418107834,0.010458633459488055,0.009114583333333334,0.007082095323374985,0.012166341145833334,0.029581705729166668,0.030843098958333332,0.024698893229166668,0.021283522565417327,0.017333984375,0.014811197916666666,0.012983841426187472,0.012125651041666666,0.008667697566533735,0.008097330729166666,0.0079345703125,0.007937477103431432,0.007771809895833333,0.0076904296875,0.007080078125,0.0048828125,0.0206324014161885,0.020637440468921724,0.0150146484375,0.013346354166666666,0.0123291015625,0.007527669270833333,0.005533854166666667,0.0032958984375,0.0022786458333333335,0.0020751953125,0.0019532839586554897,0.001953363447686485,0.001953125,0.001953125,0.0019532839586554897,0.0016276041666666667,0.006510416666666667,0.0056561546286876905,0.004150390625,0.002970619353788557,0.0029703776041666665,0.0009765625,0.0005699397492265104,0.0002848307291666667],"averageToxinCountInMales":[2.4833984375,2.4833984375,2.4869477911646585,2.2036553524804177,2.2,2.0015885623510723,1.9028620988725065,1.871841155234657,1.9517045454545454,2.1097804391217565,2.3216715257531586,2.2460474308300395,2.2780586450960567,2.297512437810945,2.2473002159827216,2.29010989010989,2.289740698985344,2.2900677200902932,2.2611850060459493,2.08125,2.3826185101580135,2.3319057815845823,2.082089552238806,2.034319526627219,1.9895712630359212,2.0301568154402894,2.2359081419624216,2.210112359550562,2.183063511830635,2.18375,2.1923076923076925,2.1863945578231294,2.197513812154696,2.1782178217821784,2.007132667617689,2.1246684350132625,2.8827037773359843,2.700693756194252,2.5227995758218453,2.4976470588235293,2.5217391304347827,2.5927367055771726,2.773170731707317,2.8917525773195876,2.9668508287292816,2.9835164835164836,3.0390738060781475,3.0589123867069485,3.070146818923328,3.042319749216301,3.0622950819672132,2.7119645494830134,3.554908485856905,3.2389226759339707,3.046553267681289,3.084349593495935,3.1475054229934925,3.21822272215973,3.2612826603325415,3.337023370233702,3.4520725388601035,3.4247538677918423,3.4507246376811596,3.4885844748858448,3.5170178282009723,3.5073409461663947,3.6011029411764706,3.059047619047619,4.262725779967159,3.7329286798179058,3.726387536514119,3.785097192224622,3.843644544431946,3.869020501138952,3.8963133640552994,3.905325443786982,3.862158647594278,3.879788639365918,3.9554655870445345,4.032258064516129,4.127753303964758,4.150521609538003,4.162337662337662,4.066371681415929,4.808837656099904,4.163470319634703,4.1181619256017505,4.142162818955042,4.192554557124518,4.21038961038961,4.198402130492677,4.211382113821138,4.163265306122449,4.143939393939394,4.102526002971768,4.24203821656051,4.308580858085809,4.3559322033898304,4.401785714285714,4.356741573033708,4.899581589958159,4.415119363395226,4.438741721854305,4.338983050847458,4.32484076433121,4.341304347826087,4.276756756756757,4.306397306397306,4.312280701754386,4.24113475177305,4.26530612244898,4.350438047559449,4.417852522639069,4.501351351351351,4.551319648093842,4.5,4.857015192135836,4.735772357723577,4.6539379474940334,4.623242736644799,4.593220338983051,4.564567769477055,4.54243119266055,4.567272727272727,4.4638783269961975,4.474509803921569,4.470588235294118,4.496617050067659,4.514767932489452,4.6267496111975115,4.635,4.611111111111111,4.864516129032258,4.7502750275027505,4.63941018766756,4.564406779661017,4.519157088122605,4.464818763326226,4.425925925925926,4.396551724137931,4.2569060773480665,4.225,4.236593059936909,4.260450160771704,4.326599326599327,4.33457249070632,4.36864406779661,4.287769784172662,4.782442748091603,4.8018433179723505,4.677350427350428,4.673239436619719,4.674772036474164,4.660317460317461,4.6640625,4.588516746411483,4.4787878787878785,4.578231292517007,4.7734375,4.768,4.768,4.760330578512397,4.841121495327103,4.77027027027027,4.945205479452055,4.975543478260869,5,5,5,5,5,5,5,5,5,5,5,5,5,5,5,5,4.996268656716418,4.994897959183674,4.9941176470588236,4.993589743589744,4.990291262135922,4.987012987012987,5,5,5,5,5,5,5,5,5,5,5,5,5,5,5,5,5],