{"startTime":"2025-03-24T20:33:55.229Z","infectedMalesAtStart":16,"infectedFemalesAtStart":32,"toxinAntitoxinLength":3,"killRate":0.43565460147428803,"rescueRate":0.3110429482723832,"simulationLength":45,"infectionRatio":[0.003875656035526847,0.003875656035526847,0.003914851969659897,0.004035834663828277,0.0040283203125,0.0040283203125,0.0023193359375,0.0021565755208333335,0.0027669270833333335,0.0026448567708333335,0.0025634765625,0.0024820963541666665,0.0024007161458333335,0.005615234375,0.00537109375,0.005330403645833333,0.0052490234375,0.0052513739059637694,0.005168274122003825,0.007242838541666667,0.005574544270833333,0.004801432291666667,0.0038660318235461686,0.003540183112919634,0.003825025432349949,0.003662109375,0.0032958984375,0.0031331380208333335,0.002807731434384537,0.0028483072916666665,0.0029299259379832344,0.002685546875,0.0024821973550356053,0.0024424000651306686,0.0022379557291666665,0.001220703125,0.0008138020833333334,0.0010172526041666667,0.00048828125,0.0004069010416666667,0.0001627670396744659,0.00016279353709657725,0.0001220703125,0.0001220703125,0.0001220703125],"averageToxinCountInMales":[2.375,2.375,2.375,3.325,2.196078431372549,2.462962962962963,2.78125,2.806451612903226,2.6216216216216215,2.6216216216216215,2.6216216216216215,2.6666666666666665,2.7142857142857144,3.5972222222222223,3.6865671641791047,3.6818181818181817,3.6769230769230767,3.6769230769230767,3.6666666666666665,4.542168674698795,4.655737704918033,4.708333333333333,4.6,4.666666666666667,4.25,4.205882352941177,4.103448275862069,4.074074074074074,4.043478260869565,4.333333333333333,4.333333333333333,4.2727272727272725,4.2,4.2,3.526315789473684,3.5454545454545454,2.7142857142857144,3.2857142857142856,2.6,3.6666666666666665,5,5,5,5,5],"averageAntitoxinCountInFemales":[2.84375,2.84375,2.84375,3.215686274509804,2.5,2.488888888888889,3.44,3.5,2.935483870967742,2.9642857142857144,3,2.96,2.9583333333333335,3.6818181818181817,3.723076923076923,3.723076923076923,3.703125,3.703125,3.703125,4.5473684210526315,4.776315789473684,4.757142857142857,4.783333333333333,4.7592592592592595,4.5,4.535714285714286,4.5,4.5,4.5,4.5,4.520833333333333,4.4772727272727275,4.439024390243903,4.425,4.305555555555555,4.157894736842105,4.076923076923077,4.555555555555555,4.428571428571429,4.428571428571429,5,5,5,5,5],"reproductiveSuccessOverTime":[0,0,0,0.008958665957069362,0,0,0,0,0,0,0,0,0,0,0,0.0000018219449626865671,0.0000018219449626865671,0.0000018227608142880144,0,0,0,0,0,0,0,0,0,0,0,0.000040690104166666664,0.0000406934158053227,0,0,0,0,0.0000016954210069444444,0,0,0,0,0.00004069175991861648,0.00008139676854828863,0.000040690104166666664,0,0]}