{"startTime":"2025-03-24T20:33:55.229Z","infectedMalesAtStart":16,"infectedFemalesAtStart":32,"toxinAntitoxinLength":3,"killRate":0.03914184661412512,"rescueRate":0.8460005940063737,"simulationLength":59,"infectionRatio":[0.003916768665850673,0.003916768665850673,0.003956804880059352,0.0056506849315068495,0.004842122395833333,0.007080078125,0.006673177083333333,0.006998697916666667,0.007242838541666667,0.006795247395833333,0.005777994791666667,0.005696614583333333,0.005126953125,0.006632486979166667,0.006510416666666667,0.006266276041666667,0.005859375,0.005863669679941363,0.005411783854166667,0.006144205729166667,0.0074462890625,0.004435221354166667,0.0037841796875,0.002848539106372589,0.0022379557291666665,0.0019125127161749745,0.0013834635416666667,0.0042724609375,0.004191080729166667,0.005615462868769074,0.004923502604166667,0.004842122395833333,0.004842910629985349,0.004843699120807555,0.004597981770833333,0.0023193359375,0.0021565755208333335,0.0015055338541666667,0.0012207527975584944,0.0011394156425490356,0.0010986328125,0.000732421875,0.0006103515625,0.0015055338541666667,0.0032552083333333335,0.0023193359375,0.0022379557291666665,0.0022379557291666665,0.0022381378692927483,0.0022382289504740975,0.0021973550356052898,0.0009765625,0.0009765625,0.0005289713541666666,0.0005290359337484231,0.0003662109375,0.00020345052083333334,0.00020345052083333334,0.00008138351983723296],"averageToxinCountInMales":[2.625,2.625,2.625,2.032258064516129,1.9833333333333334,2.313953488372093,2.3373493975903616,2.13953488372093,2.50561797752809,2.4761904761904763,2.08955223880597,1.8309859154929577,1.8153846153846154,2.0963855421686746,2.097560975609756,2.0632911392405062,2.0933333333333333,2.0933333333333333,2.0579710144927534,1.7179487179487178,1.7333333333333334,1.9411764705882353,2,1.945945945945946,2.107142857142857,2,1.8666666666666667,1.967741935483871,2,2.2976190476190474,2.352112676056338,2.391304347826087,2.391304347826087,2.391304347826087,2.393939393939394,2.40625,2.3666666666666667,2.5652173913043477,2.5,2.473684210526316,2.4444444444444446,2.3076923076923075,2.4,2.1904761904761907,2.051282051282051,2.074074074074074,2,2,2,2,2,2,2,2,2,2,2,2,2],"averageAntitoxinCountInFemales":[2.625,2.625,2.625,2.057142857142857,1.9322033898305084,2.3295454545454546,2.3333333333333335,2.1511627906976742,2.269662921348315,2.3012048192771086,2.16,1.8840579710144927,1.9836065573770492,2.475,2.4615384615384617,2.44,2.4782608695652173,2.4782608695652173,2.515625,1.8904109589041096,2.043010752688172,2.0689655172413794,2.1041666666666665,1.9090909090909092,2.111111111111111,1.9130434782608696,1.9473684210526316,1.9767441860465116,1.9767441860465116,2.2222222222222223,2.24,2.24,2.24,2.24,2.1702127659574466,2.12,2.0434782608695654,2.5714285714285716,2.4,2.4444444444444446,2.4444444444444446,2.2,2.2,2.0625,2.024390243902439,2,2,2,2,2,2,2,2,2,2,2,2,2,null],"reproductiveSuccessOverTime":[0,0,0,0.006335616438356164,0,0,0,0,0,0.000040690104166666664,0,0.000040690104166666664,0,0,0,0,0,0,0,0,0,0,0,0,0,0,0,0,0,0,0,0,0,0.00008140670791273201,0,0,0,0,0,0,0,0,0,0,0,0,0,0,0,0.00004069507182680177,0,0,0,0,0.00004069507182680177,0.00008138020833333333,0,0,0]}