{"startTime":"2025-03-24T20:33:55.228Z","infectedMalesAtStart":16,"infectedFemalesAtStart":32,"toxinAntitoxinLength":3,"killRate":0.9783495857942636,"rescueRate":0.3110429482723832,"simulationLength":61,"infectionRatio":[0.0039877045775525465,0.0039877045775525465,0.004030565118817701,0.00202020202020202,0.0014244434495950511,0.001220703125,0.0018717447916666667,0.001953125,0.0015055338541666667,0.001220703125,0.0010986328125,0.00146484375,0.0013020833333333333,0.0023600260416666665,0.0027669270833333335,0.00390625,0.0034993489583333335,0.0034607711412401776,0.0017903645833333333,0.0021158854166666665,0.0013427734375,0.0010986328125,0.0010579427083333333,0.001017293997965412,0.0010172526041666667,0.0010172526041666667,0.0003662109375,0.0003662109375,0.0003662109375,0.0003662109375,0.0003662407422479043,0.00036622583926754833,0.0003662109375,0.00036628545846729884,0.0003255208333333333,0.0021565755208333335,0.0018717447916666667,0.0017496744791666667,0.001708984375,0.0013835198372329604,0.000732421875,0.000732421875,0.0005289713541666666,0.0005289713541666666,0.00048828125,0.00048828125,0.00048828125,0.0004883607357968419,0.0004883011190233978,0.00048828125,0.00036622583926754833,0.00020345052083333334,0.0016276041666666667,0.0008544921875,0.00016276041666666666,0.00016276041666666666,0.00016276041666666666,0.00016276041666666666,0.00016276041666666666,0.00016276041666666666,0.0001627670396744659],"averageToxinCountInMales":[2.75,2.75,2.75,2.8666666666666667,2.6666666666666665,2.5,3.5833333333333335,3.217391304347826,2.8125,2.3333333333333335,2.3,1.3529411764705883,1.5,3.185185185185185,2.8529411764705883,2.347826086956522,2.4047619047619047,2.4047619047619047,2.4285714285714284,2.2083333333333335,2.2941176470588234,2.2142857142857144,2.076923076923077,2.076923076923077,2.076923076923077,2.076923076923077,3,3,3,3,3,3,3,3,3,3.1363636363636362,3.7777777777777777,4,4,4,4,4,4,4,4,4,4,4,4,4,4,4,4,4,null,null,null,null,null,null,null],"averageAntitoxinCountInFemales":[2.625,2.625,2.625,2.6666666666666665,2.391304347826087,2.55,2.6818181818181817,2.44,2.4285714285714284,2.2222222222222223,2,1.5263157894736843,1.5555555555555556,3.4193548387096775,3.2941176470588234,2.52,2.6136363636363638,2.5813953488372094,3.0869565217391304,2.2857142857142856,2.6875,1.9230769230769231,1.9230769230769231,2,2,2,2.2857142857142856,2.2857142857142856,2.2857142857142856,2.2857142857142856,2.2857142857142856,2.2857142857142856,2.2857142857142856,2.2857142857142856,2.2857142857142856,3.3870967741935485,3.5714285714285716,3.5925925925925926,3.730769230769231,3.6666666666666665,3.3,3.3,3.4285714285714284,3.4285714285714284,4,4,4,4,4,4,4,4,4,4,4,4,4,4,4,4,4],"reproductiveSuccessOverTime":[0,0,0,0.00866519602151786,0.00016279353709657725,0,0,0,0,0,0,0,0,0,0,0.000040690104166666664,0.00008138020833333333,0.00004071495460282562,0,0,0,0,0,0,0,0,0,0,0,0.000040690104166666664,0.0000406934158053227,0,0,0,0,0,0,0,0,0,0,0,0.000040690104166666664,0,0,0.00008138020833333333,0,0,0,0,0,0,0,0,0,0,0,0,0.00016276041666666666,0,0]}