{"startTime":"2025-03-24T18:23:05.935Z","infectedMalesAtStart":1024,"infectedFemalesAtStart":1024,"toxinAntitoxinLength":3,"killRate":1,"rescueRate":0.5,"simulationLength":100,"infectionRatio":[0.15288145715138848,0.15288145715138848,0.15287104806458915,0.14308871851040525,0.15412436809009084,0.15688988398127418,0.15629069010416666,0.16145833333333334,0.16044108072916666,0.161376953125,0.1607666015625,0.16536458333333334,0.16064453125,0.1588134765625,0.15446592065106815,0.14876302083333334,0.14396776294366656,0.14332274097612646,0.14057599087539208,0.13692220052083334,0.12469477454012698,0.12890625,0.13468424479166666,0.13749745676500508,0.13395182291666666,0.1229755025636852,0.12455240885416667,0.11995930824008139,0.11092122395833333,0.10945638020833333,0.105712890625,0.0994873046875,0.09595116988809765,0.09399169583977855,0.0936279296875,0.094970703125,0.08719889322916667,0.09493001302083333,0.09855143229166667,0.10172526041666667,0.09208919996744527,0.08452366418426728,0.08708390982339058,0.07508546312876445,0.0682373046875,0.06254069010416667,0.059855143229166664,0.05424211597151577,0.05047010460336196,0.04769074262461852,0.052937825520833336,0.046671549479166664,0.037882486979166664,0.036092122395833336,0.037516276041666664,0.038330078125,0.036417643229166664,0.035481770833333336,0.039835611979166664,0.036829040003255605,0.03353001017293998,0.0316162109375,0.028849283854166668,0.024576822916666668,0.023152669270833332,0.02128179043743642,0.016805013020833332,0.012288411458333334,0.012125651041666666,0.013387044270833334,0.013264973958333334,0.016807748657007977,0.015667602653318683,0.016357421875,0.0150146484375,0.013631184895833334,0.013264973958333334,0.01220703125,0.008504231770833334,0.007242838541666667,0.0067138671875,0.00638990638990639,0.004964192708333333,0.0035400390625,0.0023600260416666665,0.002197265625,0.0013427734375,0.005493611133718565,0.004272634791454731,0.00260459059091649,0.0047607421875,0.00439453125,0.002400813835198372,0.0015055338541666667,0.000732421875,0.0002848307291666667,0.0002848307291666667,0.0002035002035002035,0.00020345052083333334,0.000040690104166666664],"averageToxinCountInMales":[2.50390625,2.50390625,2.4980039920159682,2.49165120593692,2.5485592315901813,2.517978113600834,2.444386422976501,2.4322810590631363,2.5002554931016863,2.4266124936515996,2.4754098360655736,2.541041041041041,2.5433316035288014,2.581675392670157,2.6133768352365414,2.615774647887324,2.5792861322410765,2.584316037735849,2.6168791742562236,2.692540933899333,2.653517422748192,2.8985322271857052,2.6243811881188117,2.6241651487553126,2.652856246076585,2.6804123711340204,2.6723549488054608,2.6768249468462084,2.7569875776397517,2.8544303797468356,2.9283360790774298,2.966725043782837,2.994540491355778,2.996275605214153,2.9630314232902033,3.1406945681211043,2.9053658536585365,3.159536541889483,2.6293766011955593,2.343137254901961,2.2194244604316546,2.445320197044335,2.4951737451737452,2.539488320355951,2.5661310259579726,2.5804676753782667,2.590778097982709,2.5409309791332264,2.610051993067591,2.6093457943925236,2.5588235294117645,2.5193798449612403,2.3444976076555024,2.9545454545454546,2.7881773399014778,2.58974358974359,2.5652173913043477,2.6390977443609023,2.4206008583690988,2.469107551487414,2.4396984924623117,2.3281653746770026,2.277142857142857,2.2560553633217992,2.247272727272727,2.3214285714285716,2.4328358208955225,2.2875,2.050314465408805,2.723529411764706,2.668639053254438,2.4954128440366974,2.5369458128078817,2.5534883720930233,2.5303030303030303,2.4166666666666665,2.4213483146067416,2.298780487804878,2.4869565217391303,2.5416666666666665,2.5555555555555554,2.5232558139534884,2.9152542372881354,3.022727272727273,3.107142857142857,3.1538461538461537,4.071428571428571,2.4918032786885247,2.4,2.2857142857142856,4.0588235294117645,3.9565217391304346,2.7142857142857144,2.857142857142857,4,2,2,null,null,null],"averageAntitoxinCountInFemales":[2.486328125,2.486328125,2.486328125,2.451182534869618,2.523454157782516,2.4537467700258397,2.383177570093458,2.3957085828343314,2.4133937562940586,2.371557336004006,2.426713356678339,2.506292352371733,2.5319148936170213,2.5715002508780733,2.6096065406234032,2.6331738437001593,2.614879649890591,2.6086717892425906,2.6518847006651884,2.770979020979021,2.725210628645496,2.9269206745783887,2.6334120425029517,2.6506928406466512,2.643908181283108,2.6381620931716654,2.6535087719298245,2.6662329212752116,2.7788595271210013,2.888499298737728,2.9421965317919074,2.9907904834996164,3.016679904686259,3.0129554655870447,3.010664479081214,3.0900082576383157,2.887298747763864,3.123864574731627,2.716227018385292,2.4639498432601883,2.381407471763684,2.657250470809793,2.726449275362319,2.7536997885835097,2.805299539170507,2.845679012345679,2.8725868725868726,2.869014084507042,2.894419306184012,2.8948194662480375,2.821480406386067,2.809825673534073,2.662768031189084,3.024439918533605,2.808139534883721,2.6335282651072123,2.607068607068607,2.66384778012685,2.612085769980507,2.6047008547008548,2.5422535211267605,2.4743589743589745,2.456824512534819,2.4761904761904763,2.438775510204082,2.5461254612546127,2.6132075471698113,2.612676056338028,2.381294964028777,3.257861635220126,3.159235668789809,2.917948717948718,2.9505494505494507,2.7112299465240643,2.7134502923976607,2.6258064516129034,2.668918918918919,2.6544117647058822,3.095744680851064,3.1463414634146343,3.04,3.0140845070422535,3.126984126984127,3.1627906976744184,3.2666666666666666,3.25,3.5789473684210527,2.4054054054054053,2.45,2.558139534883721,3.590909090909091,3.5483870967741935,2.736842105263158,2.8260869565217392,3.5833333333333335,3.6666666666666665,3.6666666666666665,4,4,6],"reproductiveSuccessOverTime":[0,0,0,0.005870755750273822,0.0012740947762114175,0.0001628332994097293,0,0,0,0,0,0,0,0,0,0,0,0,0.00008146971363395658,0,0,0,0,0,0,0,0.000040690104166666664,0,0,0,0,0,0.00004069175991861648,0,0,0,0,0,0,0,0.0000813868316106454,0,0,0,0,0,0,0,0,0,0,0,0,0,0,0.0001220703125,0.000040690104166666664,0.000040690104166666664,0.000040690104166666664,0.00004069507182680177,0,0,0,0,0,0,0,0,0,0.000040690104166666664,0,0.00004069672798307016,0.00008139014365360354,0,0,0.000040690104166666664,0,0,0,0,0,0,0,0,0,0,0,0,0.00004069175991861648,0,0,0,0,0,0,0,0,0.0000407000407000407,0,0]}