{"startTime":"2025-03-24T20:33:55.228Z","infectedMalesAtStart":16,"infectedFemalesAtStart":32,"toxinAntitoxinLength":3,"killRate":0.8711660358087097,"rescueRate":0.9115629132559072,"simulationLength":41,"infectionRatio":[0.004081979760183689,0.004081979760183689,0.004126192727585317,0.008126740629137562,0.006248468512619456,0.004435221354166667,0.005777994791666667,0.005533854166666667,0.005411783854166667,0.004638671875,0.0045166015625,0.004150390625,0.0059814453125,0.005859375,0.004964192708333333,0.0076904296875,0.007649739583333333,0.007651296243539132,0.007080078125,0.008219401041666666,0.0067138671875,0.00537109375,0.006673177083333333,0.006062825520833333,0.005900065104166667,0.005126953125,0.0045166015625,0.0037434895833333335,0.0022788312850980713,0.0021565755208333335,0.0018717447916666667,0.0025634765625,0.002441604948319362,0.0020752797558494405,0.00146484375,0.0006510416666666666,0.0005289713541666666,0.00016276041666666666,0.0007731119791666666,0.00008138020833333333,0.000040690104166666664],"averageToxinCountInMales":[3.0625,3.0625,3.0625,2.453488372093023,2.3421052631578947,2.111111111111111,2.136986301369863,2.1,2.1323529411764706,2.103448275862069,1.981818181818182,1.92,2.2857142857142856,2.32,2.234375,2.561224489795918,2.561224489795918,2.561224489795918,2.5730337078651684,2.619047619047619,2.5542168674698793,2.6307692307692307,2.282608695652174,2.1707317073170733,2.1392405063291138,2.1470588235294117,2.017543859649123,2,2.586206896551724,2.642857142857143,2.761904761904762,2.6818181818181817,2.6956521739130435,2.7222222222222223,3.0714285714285716,2.5,2.8,3,3,3,null],"averageAntitoxinCountInFemales":[2.0625,2.0625,2.0625,2.3369565217391304,2.3506493506493507,1.8909090909090909,1.9855072463768115,2.015151515151515,2,1.9821428571428572,1.9821428571428572,1.9615384615384615,2.2,2.1884057971014492,1.8620689655172413,2.241758241758242,2.2555555555555555,2.2555555555555555,2.2941176470588234,2.1752577319587627,2.5853658536585367,2.8358208955223883,2.1944444444444446,2.1044776119402986,2.090909090909091,2.0517241379310347,1.9814814814814814,2.1666666666666665,2.6666666666666665,2.8,2.8,2.707317073170732,2.7567567567567566,2.909090909090909,3.409090909090909,2.1,2.125,3.6666666666666665,3,3,3],"reproductiveSuccessOverTime":[0,0,0,0.00794411724421312,0.0008576329331046312,0,0,0,0,0,0,0,0,0,0,0,0,0,0,0,0,0,0,0,0,0,0,0,0,0,0,0.000004521122685185185,0,0.00004069175991861648,0,0,0,0,0.000040690104166666664,0,0]}