{"startTime":"2025-03-24T21:01:06.836Z","infectedMalesAtStart":1024,"infectedFemalesAtStart":1024,"toxinAntitoxinLength":3,"killRate":1,"rescueRate":0.5,"simulationLength":180,"infectionRatio":[0.08333333333333333,0.08333333333333333,0.08348412567856556,0.086181640625,0.09407552083333333,0.08817545572916667,0.084716796875,0.097412109375,0.091552734375,0.09195963541666667,0.08711751302083333,0.0927734375,0.09326171875,0.09354654947916667,0.0927734375,0.0921630859375,0.0885009765625,0.08833591268225137,0.08745726843561778,0.07771809895833333,0.0909423828125,0.07967122395833333,0.0733642578125,0.08345540364583333,0.08243815104166667,0.07943678020591706,0.0679931640625,0.061808268229166664,0.056480162767039675,0.056640625,0.054036458333333336,0.051961263020833336,0.050740559895833336,0.051290401367744036,0.04830505025841371,0.0382080078125,0.06612141927083333,0.062255859375,0.055745442708333336,0.056559244791666664,0.055216471354166664,0.050577799479166664,0.0518798828125,0.047078450520833336,0.041748046875,0.035970052083333336,0.032552083333333336,0.0301513671875,0.02881093839016847,0.02783656194041999,0.02587890625,0.018758138020833332,0.052734375,0.0565185546875,0.052042643229166664,0.0540771484375,0.055257161458333336,0.056193033854166664,0.055135091145833336,0.050911606706820774,0.04639049401806788,0.044514973958333336,0.03906567917310979,0.03617497456765005,0.035563151041666664,0.03520410239713483,0.03096642929806714,0.023681640625,0.042561848958333336,0.05652085452695829,0.063720703125,0.06465657552083333,0.06368001302083333,0.06251780699255159,0.060791015625,0.05530460261262361,0.0509033203125,0.044718424479166664,0.039225260416666664,0.035481770833333336,0.034425228891149545,0.03240646500834589,0.025349934895833332,0.019978841145833332,0.0438232421875,0.054606119791666664,0.0533447265625,0.0517578125,0.049845377604166664,0.048473748473748475,0.052530924479166664,0.0482177734375,0.043172200520833336,0.037109375,0.030598958333333332,0.028361002604166668,0.02833530106257379,0.027631953770398406,0.0230712890625,0.017252604166666668,0.034016927083333336,0.045206705729166664,0.049601236979166664,0.050618489583333336,0.046305338541666664,0.04480892108583289,0.04455747711088504,0.044596354166666664,0.039754231770833336,0.033610026041666664,0.029215494791666668,0.027994791666666668,0.028008467676274223,0.026775178026449645,0.018513997395833332,0.012939453125,0.021199544270833332,0.02392578125,0.021283522565417327,0.021321614583333332,0.020670572916666668,0.019694010416666668,0.023072227873855544,0.022461851475076296,0.0191650390625,0.016764322916666668,0.014811197916666666,0.013469520631561814,0.01330728848736418,0.012410986775178027,0.0078125,0.004801432291666667,0.004761323403735807,0.00439453125,0.0034993489583333335,0.005045572916666667,0.004353841145833333,0.004231770833333333,0.005777994791666667,0.0047607421875,0.003988117039026574,0.0029296875,0.0025634765625,0.0021158854166666665,0.0021162298551196486,0.0020751953125,0.0014242695531862944,0.0010986328125,0.003499633759257752,0.0034589403434524294,0.0032145182291666665,0.0027669270833333335,0.002767039674465921,0.0027669270833333335,0.0027674901306418134,0.002361178961081257,0.0016278691193228065,0.0006104012370798405,0.0004883011190233978,0.00048828125,0.0004883011190233978,0.0004475911458333333,0.0004475911458333333,0.000040698384274144313,0.001953125,0.001953125,0.001953125,0.001953125,0.001953125,0.0019124348958333333,0.0019125905428501668,0.0019127462152042976,0.0016687016687016688,0.0013834635416666667,0.0013835198372329604,0.0013834635416666667,0.001220703125,0.0010172526041666667,0.0008138020833333334,0.0002441505595116989],"averageToxinCountInMales":[2.462890625,2.462890625,2.4607745779543198,2.5090735434574976,2.589041095890411,2.578707916287534,2.5738636363636362,2.619205298013245,2.4956063268892796,2.431542461005199,2.5216191352345905,2.381692573402418,2.341025641025641,2.3444160272804773,2.350086655112652,2.3307086614173227,2.332116788321168,2.3299725022914757,2.3672525439407957,2.3215811965811968,1.9678819444444444,1.985236220472441,1.8413566739606126,1.888354186717998,1.8077304261645193,1.7933541017653167,1.9826302729528535,2.0720108695652173,2.10762331838565,1.8619676945668135,1.9527439024390243,2.009419152276295,2.0276422764227644,2.038523274478331,1.9982964224872233,1.9865771812080537,1.2216687422166874,1.1339648173207038,0.9864253393665159,1.0118694362017804,1.0188679245283019,0.9598603839441536,1.2372013651877134,1.168241965973535,1.161987041036717,1.0891089108910892,1.021978021978022,0.984984984984985,0.8517350157728707,0.834983498349835,0.8551724137931035,1.048913043478261,0.46142433234421365,0.4086471408647141,0.37404580152671757,0.6172661870503597,0.6078431372549019,0.7044198895027625,0.7538677918424754,0.7872670807453416,0.6506024096385542,0.6660649819494585,0.5824634655532359,0.5,0.5045454545454545,0.5,0.643979057591623,0.7491039426523297,0.3339805825242718,0.18722786647314948,0.13010204081632654,0.09975062344139651,0.11125319693094629,0.10677083333333333,0.096,0.09649122807017543,0.10377358490566038,0.10720562390158173,0.1075050709939148,0.11358574610244988,0.11643835616438356,0.1162227602905569,0.11585365853658537,0.14285714285714285,0.03551401869158879,0.004545454545454545,0.0030441400304414,0.0015698587127158557,0.03241491085899514,0.028428093645484948,0.00303951367781155,0,0,0,0,0,0,0,0,0,0,0,0.001644736842105263,0.0016313213703099511,0.0017513134851138354,0.001834862385321101,0,0,0,0,0,0,0,0,0,0,0,0,0,0,0,0,0,0,0,0,0,0,0,0,0,0,0,0,0,0,0,0,0,0,0,0,0,0,0,0,0,0,0,0,0,0,0,0,0,0,0,0,0,0,0,0,0,null,0,0,0,0,0,0,0,0,0,0,0,0,0,0,0,0],"averageAntitoxinCountInFemales":[2.513671875,2.513671875,2.515151515151515,2.514472455648926,2.562062937062937,2.5777153558052435,2.5955165692007798,2.5834738617200674,2.468525179856115,2.4321880650994574,2.4620493358633775,2.342245989304813,2.27807486631016,2.30550621669627,2.322380106571936,2.267379679144385,2.268767377201112,2.269944341372913,2.306179775280899,2.2104722792607805,1.899353647276085,1.8800424628450105,1.7941507311586051,1.8349802371541502,1.759095378564405,1.7381193124368048,1.884393063583815,1.9655172413793103,1.9833101529902644,1.8720112517580871,1.9642857142857142,2.0171875,2.0427215189873418,2.0706436420722136,2.0216666666666665,1.9634146341463414,1.2274939172749393,1.1529709228824274,1.065063649222065,1.0642458100558658,1.072122052704577,0.9776119402985075,1.2801161103047896,1.232484076433121,1.2309058614564832,1.05,1,0.9705882352941176,0.8797953964194374,0.8818897637795275,0.9075144508670521,0.9711191335740073,0.5739549839228296,0.4851190476190476,0.3958333333333333,0.5189274447949527,0.5388198757763976,0.6575342465753424,0.672360248447205,0.6902800658978583,0.6547406082289803,0.6537037037037037,0.58004158004158,0.45372460496614,0.45161290322580644,0.4428904428904429,0.5171503957783641,0.5346534653465347,0.2994350282485876,0.23714285714285716,0.17774936061381075,0.1423125794155019,0.1417624521072797,0.14192708333333334,0.12903225806451613,0.11851851851851852,0.11544715447154472,0.1320754716981132,0.11252653927813164,0.1182033096926714,0.12009803921568628,0.1227154046997389,0.13898305084745763,0.15,0.05350553505535055,0.021994134897360705,0.012232415902140673,0.009448818897637795,0.024671052631578948,0.021922428330522766,0.00631911532385466,0.0034662045060658577,0,0,0,0,0,0,0,0,0,0,0,0,0,0,0,0,0,0,0,0,0,0,0,0,0,0,0,0,0,0,0,0,0,0,0,0,0,0,0,0,0,0,0,0,0,0,0,0,0,0,0,0,0,0,0,0,0,0,0,0,0,0,0,0,0,0,0,0,0,0,0,0,0,0,0,0,0,0,0,0,0,0,0,0,0,0,0,0],