{"startTime":"2025-03-24T20:33:55.229Z","infectedMalesAtStart":16,"infectedFemalesAtStart":32,"toxinAntitoxinLength":3,"killRate":0.5852442116142499,"rescueRate":0.8459915163146887,"simulationLength":73,"infectionRatio":[0.0037655919039774064,0.0037655919039774064,0.0038040893961008085,0.005676931016686737,0.004760935910478128,0.006388346354166667,0.005859375,0.0054931640625,0.004557291666666667,0.004313151041666667,0.005859375,0.004720052083333333,0.004475911458333333,0.004720052083333333,0.0045166015625,0.0059814453125,0.005859375,0.00582200146567869,0.004639049401806788,0.0035807291666666665,0.0015462239583333333,0.003662109375,0.0033365885416666665,0.0030924479166666665,0.0029296875,0.0025634765625,0.0024415055951169887,0.0021974444534874258,0.0020751953125,0.0019125127161749745,0.0018311291963377416,0.007242838541666667,0.007120768229166667,0.007120768229166667,0.007080078125,0.005533854166666667,0.004923502604166667,0.006144205729166667,0.005615234375,0.004801432291666667,0.003987630208333333,0.0034993489583333335,0.0030110677083333335,0.0029296875,0.0027669270833333335,0.0027262369791666665,0.00252309445326171,0.003987630208333333,0.0032552083333333335,0.00288911495422177,0.0017903645833333333,0.0008545965083628373,0.0004475911458333333,0.005655924479166667,0.004231770833333333,0.0038655598958333335,0.0035808748728382504,0.0028484231943031535,0.0028076171875,0.0022379557291666665,0.002197265625,0.001953125,0.0019126683758596834,0.0018717447916666667,0.0011800130208333333,0.001058373361556623,0.0010579857578840285,0.0010583302804575243,0.0006510416666666666,0.00020345052083333334,0.00008138351983723296,0.00004069175991861648,0.000040690104166666664],"averageToxinCountInMales":[2.5,2.5,2.5,3.046153846153846,3.016949152542373,3.32183908045977,3.4430379746835444,3.5675675675675675,3.6271186440677967,3.6315789473684212,3.6578947368421053,3.661290322580645,3.6379310344827585,3.4827586206896552,3.581818181818182,3.7681159420289854,3.7611940298507465,3.742424242424242,3.607843137254902,3.55,4.571428571428571,3.782608695652174,3.7435897435897436,3.657142857142857,3.696969696969697,3.7666666666666666,3.7666666666666666,3.6923076923076925,3.76,3.8260869565217392,3.727272727272727,3.1149425287356323,3.0833333333333335,3.0833333333333335,3.108433734939759,2.8,2.6296296296296298,3.63768115942029,3.65625,3.6363636363636362,3.625,3.4523809523809526,3.4358974358974357,3.4054054054054053,3.4722222222222223,3.4722222222222223,3.4375,3.0980392156862746,2.8974358974358974,2.8333333333333335,3.347826086956522,3.4545454545454546,2.8,3.9240506329113924,3.8983050847457625,3.892857142857143,4,4,4,4,4,4,4,4,4,4,4,4,4,4,4,4,4],"averageAntitoxinCountInFemales":[2.875,2.875,2.875,3.1044776119402986,3.0517241379310347,3.757142857142857,3.830769230769231,3.901639344262295,4.037735849056604,4.020408163265306,4.014705882352941,4.092592592592593,4.0576923076923075,3.7413793103448274,3.7857142857142856,3.8846153846153846,3.9220779220779223,3.9220779220779223,3.8253968253968256,3.6666666666666665,3.0833333333333335,3.3181818181818183,3.302325581395349,3.268292682926829,3.230769230769231,3.212121212121212,3.2666666666666666,3.357142857142857,3.423076923076923,3.2916666666666665,3.260869565217391,2.989010989010989,2.989010989010989,2.989010989010989,2.989010989010989,2.816901408450704,2.8208955223880596,3.3292682926829267,3.364864864864865,3.2857142857142856,3.3,3.3181818181818183,3.4285714285714284,3.4285714285714284,3.5,3.5806451612903225,3.6666666666666665,3.2127659574468086,3.1707317073170733,3.1714285714285713,3.6666666666666665,3.7,3.5,3.95,3.933333333333333,3.923076923076923,4,4,4,4,4,4,4,4,4,4,4,4,4,4,null,null,null],"reproductiveSuccessOverTime":[0,0,0,0.005117839325649407,0,0,0,0,0,0,0,0,0,0.000040690104166666664,0.000040690104166666664,0,0,0,0,0,0,0,0,0,0,0,0,0,0,0,0,0,0,0,0.000040690104166666664,0,0.00000244140625,0,0,0,0,0,0,0.000040690104166666664,0,0,0,0,0.000014634160270467837,0.000055326515678820655,0,0,0,0,0,0,0,0,0,0,0,0,0.00004069507182680177,0.000040690104166666664,0,0.00008141333550435561,0,0,0,0,0,0,0]}