{"startTime":"2025-03-19T22:00:52.198Z","infectedMalesAtStart":16,"infectedFemalesAtStart":64,"toxinAntitoxinLength":3,"killRate":0.5,"rescueRate":0.25,"simulationLength":271,"infectionRatio":[0.030947775628626693,0.030947775628626693,0.030947775628626693,0.030947775628626693,0.030947775628626693,0.030947775628626693,0.030947775628626693,0.030947775628626693,0.030947775628626693,0.030947775628626693,0.030947775628626693,0.030947775628626693,0.030947775628626693,0.030947775628626693,0.030947775628626693,0.0348993288590604,0.05191089311260985,0.05100167285486964,0.050879986932908655,0.05093691187300548,0.05092383956737269,0.05097186910522431,0.05099696397800935,0.05102208357277727,0.050958814109144664,0.05097974777143326,0.050983936567930654,0.05099441157133465,0.051000698639707395,0.05100489087994739,0.05101327742837177,0.05041310740792606,0.056070963541666664,0.05583777140516182,0.0554026859419278,0.05524839082356824,0.05509755996520154,0.0551423228755454,0.05518304110615967,0.05513847180513847,0.05511022044088176,0.05509112188597225,0.05508385963444728,0.05507889339974051,0.055104262624570806,0.05511580181764878,0.05512965523019563,0.05433746425166826,0.058064778645833336,0.05796982952454928,0.05797933409873708,0.0578434195910643,0.05788192582202236,0.05786319487497417,0.057873820168902135,0.057855692320444276,0.05790849130957813,0.057888621462362025,0.05791746242630574,0.05789036544850498,0.05786806247922898,0.0578824898196626,0.05792099792099792,0.05698204484138059,0.06766764322916667,0.06744508859312484,0.06720727362083793,0.06715621923203151,0.06709396441924484,0.0671055338407735,0.0671666391956486,0.06716448698378646,0.06716202270381837,0.0671345995045417,0.06715678176111019,0.06717897868120971,0.06708274778870794,0.06709384042992972,0.06714658061313143,0.06368409039032184,0.07938639322916667,0.07932486002697291,0.07930779955712294,0.07931417293696805,0.0792931581332125,0.07931333305822638,0.07930079755361792,0.07925012415163052,0.07926450490744191,0.079141460180658,0.07916234708687539,0.07918861741402912,0.07922147985226377,0.07920956492859516,0.07928984241819467,0.07228915662650602,0.08833821614583333,0.08828578435379711,0.0880075388208301,0.08803611738148984,0.08800789603553216,0.08798088804679133,0.08797327394209355,0.08795245367122044,0.08800693813496324,0.08801289202925498,0.08800066134832389,0.08794707463303701,0.08793481407949705,0.08787389847337719,0.08790252393385553,0.07842962699189887,0.09086100260416667,0.08997219041387207,0.08957487803878161,0.08945161555537286,0.08925408789488859,0.08913832948167712,0.08909376550355548,0.08893395133256084,0.08886864336591022,0.0888529886914378,0.08877284595300261,0.08877187163114686,0.08876353229084574,0.08877089642012694,0.08880854423804181,0.0808744152572868,0.09464518229166667,0.09403491557299971,0.0934192171986543,0.09290561381863048,0.09269257717512261,0.09261706168965232,0.09250299797378324,0.09253817820634855,0.09256958250497017,0.0924613535579593,0.09238679714712224,0.09239513753474671,0.0923804780876494,0.09236964463633345,0.09252402546074802,0.08574357146040376,0.10624186197916667,0.10596324642900995,0.10563090834360872,0.10525447496494267,0.10485605559232296,0.10476585163696643,0.10470617529880479,0.10456755745812726,0.10430188051256449,0.10418922295327726,0.10412066163909837,0.10415537865210686,0.10408239856553105,0.10391289838144502,0.10435001257229067,0.09543439716312056,0.1087646484375,0.1077558025498529,0.10681920695452495,0.10614846802385358,0.10594634689083941,0.10565881866997108,0.10540026463777705,0.10521087703323538,0.10519776351211431,0.10494236669707273,0.10470856668740926,0.10471486677181041,0.10452223744861094,0.10451109080335631,0.1051529992883754,0.09240495366761929,0.115478515625,0.11467047541318098,0.11384640549603336,0.11273726068954208,0.1122700394218134,0.11188839965433521,0.1118895528539048,0.11165208780326787,0.11134514516995003,0.11098251560368702,0.11079862690764714,0.11053176081109042,0.11038423318979794,0.11040251780685771,0.11153878336540875,0.09279186950209241,0.08439127604166667,0.08297299502325202,0.0819692207209046,0.0812888452731436,0.08084862385321101,0.08051212606179983,0.08017918053671969,0.07979752253179143,0.07947947123502039,0.07913283600544038,0.07885186407126361,0.07874762808349146,0.07871936628434689,0.07863452489061339,0.07933671349015045,0.06521463847030518,0.07242838541666667,0.06990386182173701,0.06920570264765784,0.06846912976103091,0.06803803926370353,0.06768514358073609,0.0673238169250276,0.06717426010069999,0.06664480695138945,0.06659558763224802,0.06643141438595052,0.06636841241175505,0.06629993021059978,0.06627792378449408,0.06685179045092839,0.05069067587567834,0.0521240234375,0.0510806300622736,0.049570632045907774,0.04873580065958227,0.04842457098601883,0.04808711966718329,0.04785431382957005,0.04761320908942292,0.047480778668411584,0.04742419902614673,0.04735592665356909,0.047285679194301156,0.04717637904910111,0.04716053429484553,0.04543571901921802,0.03083952027412907,0.014444986979166666,0.013427734375,0.012329603255340793,0.011556930088711646,0.011481149743506228,0.011367803447011368,0.011295057902462893,0.011301509587923296,0.011305199575544853,0.011231366142536246,0.01123320125811854,0.011153783297924498,0.011114743380189604,0.011123834451169639,0.011076210943957679,0.006632486979166667,0.00008138020833333333,0.000040690104166666664,0.000040690104166666664,0.000040690104166666664,0.0000407000407000407,0.000040736516213133455,0.00004076308495026904,0.0000407797080172906,0.00004078968836678088,0.000040814660626096896,0.00004083299305839118,0.00004083799567117246,0.000040839663481172915,0.000040861357414293305,0.00004119294776734223],