{"startTime":"2025-03-19T22:00:52.198Z","infectedMalesAtStart":16,"infectedFemalesAtStart":16,"toxinAntitoxinLength":3,"killRate":0.5,"rescueRate":1,"simulationLength":240,"infectionRatio":[0.013061224489795919,0.013061224489795919,0.013061224489795919,0.013061224489795919,0.013061224489795919,0.013061224489795919,0.013061224489795919,0.013061224489795919,0.013061224489795919,0.013061224489795919,0.013061224489795919,0.013061224489795919,0.013061224489795919,0.013061224489795919,0.013061224489795919,0.012658227848101266,0.018711443395840993,0.018637846655791192,0.01849432514085082,0.01850868232890705,0.01852306182531894,0.018538222294974628,0.01854429343376453,0.01855872833790815,0.018564812917503382,0.0185716628402755,0.018577755905511813,0.01857927979657124,0.01858156610197301,0.01858232832882107,0.018583090618205685,0.02159437713862943,0.024495442708333332,0.024307402709006835,0.023901596182326807,0.024010248780890982,0.023843091723337203,0.023835274542429286,0.023805553239389644,0.023771724598930483,0.023759725591901613,0.023781611120415342,0.02380054473077729,0.023812518341508406,0.02382150645864788,0.02383050136354101,0.023845507976490345,0.022935134374560292,0.0291748046875,0.028894883112636913,0.02880236327083248,0.028637261356155366,0.02854079023344057,0.028530080628488733,0.028455452926314045,0.028447024673439767,0.028393524283935243,0.028376750176575677,0.028385005402709666,0.02839090493411481,0.028313653750207883,0.028318363273453093,0.028359638529130055,0.02757826887661142,0.024210611979166668,0.023947691050265632,0.024033137841939056,0.02400723505714051,0.023984175389433777,0.023948139890168876,0.023908007941760425,0.02393275640760217,0.02391908137462173,0.023896448722203784,0.023868825238688253,0.023874771632619165,0.02387774594078319,0.02388072099011546,0.023909518067279305,0.02244759972954699,0.028564453125,0.02843950476034814,0.028365305787834073,0.028308476108303546,0.028235100428054,0.028203859475507173,0.02819983484723369,0.028192302922574512,0.028207461328480437,0.02822497206472706,0.028241335044929396,0.02825186412593206,0.028261229902204543,0.02826474366944341,0.028306977130286806,0.02593634212758359,0.0235595703125,0.023384162544458527,0.023278688524590165,0.023297859226691867,0.02333525393036464,0.023320011536401467,0.02322798910801221,0.02321163059639848,0.023226019754515024,0.023238504796559707,0.023169218038891187,0.02317593014112486,0.02317976737447742,0.023183605878700064,0.023188285560210728,0.021792205443530156,0.01953125,0.0195405118142425,0.01956281015461592,0.01955789300682061,0.019465020576131687,0.01949711459192086,0.01952367193626945,0.019498492171685877,0.019504132231404958,0.019504132231404958,0.019515422145042587,0.019518650235712514,0.01952430196483971,0.019525109621907837,0.019547751180319723,0.019175940402832704,0.017496744791666668,0.01743497611367441,0.017466890811431383,0.01737023653088042,0.017351973684210525,0.017365540512736102,0.017381991926847352,0.017395605754565314,0.017360108861490246,0.017365121267117638,0.01732744750195965,0.017331737713035943,0.01729475378709704,0.017297609709779962,0.0173147650729369,0.016097315589701375,0.015584309895833334,0.015559276350716706,0.015566752693457867,0.015568517909957278,0.01560184422855261,0.015623711765190866,0.015600495253817582,0.015614672835426306,0.015621125712868833,0.015623062616243025,0.0156262918561389,0.015630815035355416,0.01563404748118124,0.01563598759048604,0.015663199767952597,0.014416475972540047,0.0078125,0.007839614552284513,0.0077789150460593655,0.007795831281798785,0.007764995891536565,0.0077732993337172,0.00778033920632307,0.007743955183918936,0.007748742890116231,0.007750979179550608,0.00775161835649198,0.007752897026681513,0.007754176118787379,0.0077557755775577554,0.007775020678246485,0.007465049993213591,0.0038248697916666665,0.0038392419539290965,0.003811006843420891,0.0038208709942481513,0.0038259009379628104,0.003830470777214877,0.0038339448406645503,0.0038364753929293347,0.0038390092879256967,0.003840436075322101,0.0038417052214144085,0.0038421813674860564,0.0038426576316006942,0.003843134013802223,0.0038509316770186336,0.0034977741437267193,0.00390625,0.003920927952948864,0.003929755618322485,0.003937653814602133,0.003943476832073612,0.003949154634086141,0.003952243721696171,0.0039546858908341915,0.003956804880059352,0.003958110002473819,0.003960069301212771,0.003960559429019349,0.003961703532518983,0.003961867029837811,0.003971373019484549,0.0036194181785278016,0.0035807291666666665,0.002819779321618308,0.0027852871303350535,0.0027501847138986946,0.0027553873992432966,0.002758109665733575,0.0027606098063452825,0.0027620892938120954,0.0027634563827593317,0.002764824825650972,0.0027653954102691103,0.002765966230442142,0.002766423056278129,0.0027668800330373734,0.002772031443938767,0.002489927113042691,0.0008138020833333334,0.0007352340495057594,0.0007374933420739952,0.0006158141062484605,0.0005759183841375622,0.0005766537606063102,0.0005773433956039424,0.0005367243301267495,0.0004956834235201785,0.0004959087527894868,0.00045475216007276033,0.0004134965266291763,0.0003308382614449361,0.0003308382614449361,0.00029051670471052084,0.000321145111712621],