{"startTime":"2025-03-19T22:00:52.198Z","infectedMalesAtStart":16,"infectedFemalesAtStart":16,"toxinAntitoxinLength":3,"killRate":0.25,"rescueRate":1,"simulationLength":112,"infectionRatio":[0.013559322033898305,0.013559322033898305,0.013559322033898305,0.013559322033898305,0.013559322033898305,0.013559322033898305,0.013559322033898305,0.013559322033898305,0.013559322033898305,0.013559322033898305,0.013559322033898305,0.013559322033898305,0.013559322033898305,0.013559322033898305,0.013559322033898305,0.014844136566056407,0.011570247933884297,0.010736446766819072,0.00884883578681238,0.008651295653948173,0.008654474199869366,0.008618928965320044,0.008584743684081433,0.008588254539505971,0.008550855085508551,0.008551904742419902,0.008556806550665302,0.00855925956261774,0.008560311284046693,0.008522494468573302,0.008523192919193574,0.009150088769517914,0.005533854166666667,0.005444794694395546,0.005253006114827431,0.005187533451356581,0.005204031058979018,0.005215663548306979,0.005224530414230625,0.005232558139534884,0.005238649592549476,0.005241482590789966,0.005244973566998293,0.005247376311844078,0.005249781259114203,0.0052098528737548454,0.005207465422429595,0.010492700729927007,0.004313151041666667,0.004082299150881777,0.0040914856184280516,0.0040563795787921,0.0040617050955936655,0.004067211700423155,0.004072733256541056,0.004076086956521739,0.004079614291012486,0.004082979337650019,0.004084663943557371,0.0040858439950474616,0.004087024728563762,0.004087699739873653,0.004050423641248192,0.004788796024395753,0.003987630208333333,0.004003922209511358,0.0040154060476931906,0.0040211727052644535,0.0040266250308160076,0.004032589910295449,0.0040365763242441715,0.003999340314999588,0.004004127966976264,0.004007270924564157,0.004008595751715018,0.003968253968253968,0.0039695666556400925,0.0039700591373392335,0.003972030286730936,0.003853991317444848,0.007649739583333333,0.0073475385745775165,0.007361963190184049,0.007372818874416319,0.0073405782243182284,0.007185382878259084,0.00715019519211013,0.00715813723876913,0.007123152303701569,0.0071272607423886625,0.007129904385097263,0.007131373923080094,0.007132844066958028,0.007135197558360142,0.007136963696369637,0.006564455018063266,0.003946940104166667,0.0037141341169748174,0.0024919318599616,0.0024134827783686493,0.002375588777390948,0.0023784138440088574,0.0023812456378043273,0.0023826151254980896,0.0023836922571099785,0.0023850645612303644,0.0023854569383894055,0.0023863402592059248,0.002386634844868735,0.0023868312757201644,0.0023889941510832854,0.0023088651709867133],"averageToxinCountInMales":[2.3125,2.3125,2.3125,2.3125,2.3125,2.3125,2.3125,2.3125,2.3125,2.3125,2.3125,2.3125,2.3125,2.3125,2.3125,2.5,3.0416666666666665,2.9703703703703703,2.7363636363636363,2.682242990654206,2.682242990654206,2.688679245283019,2.676190476190476,2.676190476190476,2.6634615384615383,2.6634615384615383,2.6634615384615383,2.6634615384615383,2.6634615384615383,2.6634615384615383,2.6634615384615383,2.6222222222222222,1.2666666666666666,1.1666666666666667,1.1,1.1,1.1,1.1,1.1,1.1,1.1,1.1,1.1,1.1,1.1,1.1014492753623188,1.1014492753623188,1.9047619047619047,1.6,1.2926829268292683,1.2926829268292683,1.3,1.3,1.3,1.3,1.3,1.3,1.3,1.3,1.3,1.3,1.3,1.3,2.125,1,1,1,1,1,1,1,1,1,1,1,1,1,1,1,1,1,1,1,1,1,1,1,1,1,1,1,1,1,1,1,1,1,1,1,1,1,1,1,1,1,1,1,1,1,1,1,1],"averageAntitoxinCountInFemales":[3,3,3,3,3,3,3,3,3,3,3,3,3,3,3,3,2.926470588235294,2.8671875,2.6448598130841123,2.6,2.6,2.6,2.6,2.6,2.6,2.6,2.6,2.6,2.6,2.5961538461538463,2.5961538461538463,2.5945945945945947,1.180327868852459,1.180327868852459,1.103448275862069,1.0714285714285714,1.0714285714285714,1.0714285714285714,1.0714285714285714,1.0714285714285714,1.0714285714285714,1.0714285714285714,1.0714285714285714,1.0714285714285714,1.0714285714285714,1.0714285714285714,1.0714285714285714,1.816,1.1639344262295082,1.0847457627118644,1.0847457627118644,1.0847457627118644,1.0847457627118644,1.0847457627118644,1.0847457627118644,1.0847457627118644,1.0847457627118644,1.0847457627118644,1.0847457627118644,1.0847457627118644,1.0847457627118644,1.0847457627118644,1.0517241379310345,1.5303030303030303,1,1,1,1,1,1,1,1,1,1,1,1,1,1,1,1,1,1,1,1,1,1,1,1,1,1,1,1,1,1,1,1,1,1,1,1,1,1,1,1,1,1,1,1,1,1,1,1],"reproductiveSuccessOverTime":[0,0,0,0,0,0,0,0,0,0,0,0,0,0,0,0,0.001669630580835655,0.00025387873712422193,0.000042122376257677807,0.000042153316995185995,0.00008299179592451963,0.00008304264666341378,0.00008310714712480716,0.00008314113499783383,0.00008317515068190135,0.0000831853608153784,0.00004229138313068712,0.000013051081934692384,0.000013052685590060155,0.000013057498921630691,0.000013058569032999454,0.0006973497208850238,0.000008138020833333333,0.00004912596716747861,0.00009028604259859647,0.000008234180081518383,0.00004956220056170494,0.000049672986174352176,0.00004975743251648215,0.000008305647840531562,0.000008315316813570598,0.000008319813636174551,0.000008325354868251259,0.000008329168748958855,0.000008332986125578101,0.000008335764598007753,0.000008331944675887353,0.00037408759124087586,0,0,0.00004091485618428051,0.00008194706219782021,0.00008205464839583163,0.000164331785875683,0.000041138719763040976,0.00004117259552042161,0.00004120822516174228,0.00004124221553181837,0.00004125923175310476,0.000041271151465125874,0.00004128307806630062,0.00004128989636236013,0.000041330853482124403,0.0007680144567427152,0,0,0,0,0.00004108801051853069,0,0,0,0,0,0,0,0,0,0,0.00035439000620182513,0,0.00008163931749530574,0.0001226993865030675,0.00008192020971573687,0.000041008816895632564,0.00004105933073290905,0.00004109307581672488,0.000041138719763040976,0.000041174290772841436,0.00004119803897334487,0.00004121332014507089,0.000041221814584278,0.000041230312525768946,0.00004124391652231296,0.00012376237623762376,0.000572737686139748,0,0.000040814660626096896,0.0000408513419665836,0,0,0,0,0,0,0,0,0,0,0,0,0.0003920714441298192]}