{"startTime":"2025-03-19T22:00:52.198Z","infectedMalesAtStart":16,"infectedFemalesAtStart":64,"toxinAntitoxinLength":3,"killRate":1,"rescueRate":0.5,"simulationLength":149,"infectionRatio":[0.03417343015805212,0.03417343015805212,0.03417343015805212,0.03417343015805212,0.03417343015805212,0.03417343015805212,0.03417343015805212,0.03417343015805212,0.03417343015805212,0.03417343015805212,0.03417343015805212,0.03417343015805212,0.03417343015805212,0.03417343015805212,0.03417343015805212,0.036852589641434265,0.05658132282947645,0.056656182345492426,0.05568473871007221,0.055433186490455214,0.055471651904159355,0.05550790344320549,0.0554601929050188,0.05543744889615699,0.0554555864550957,0.05547600540031911,0.0554850853144564,0.05550325406246163,0.055512342899250826,0.055512342899250826,0.05551461557356915,0.05610653256972575,0.059814453125,0.06322310658898826,0.062209230515871385,0.059904219304764264,0.05934521342726896,0.05914649363613676,0.05908351749155652,0.05916269741789922,0.059008160703075956,0.05904043578462183,0.05902588412971431,0.05901611820013432,0.05903346349246336,0.05906818468260303,0.05888533960995292,0.06105352832599745,0.054646809895833336,0.056488175468692566,0.055049245984715355,0.053792031416182606,0.05349389694437618,0.0532939777805108,0.05311152187307455,0.05298667105479678,0.05292421746293245,0.052766097782174955,0.05253167168736846,0.05231429869111028,0.052257611434708966,0.05223140495867769,0.0519534153795325,0.05014092190199109,0.041015625,0.04211601307189543,0.04155600049033629,0.04083803911940421,0.0407319469461274,0.04073770491803279,0.040794549782483785,0.04080039444490098,0.04075338240736933,0.040790286067091994,0.0408070825612518,0.04082389289392379,0.040839034039396684,0.040835668369869786,0.040775979241319656,0.03770925110132159,0.039876302083333336,0.041710880744429024,0.03847252254090001,0.03638962630181744,0.036082052958483164,0.035642754956059675,0.03540293864854909,0.03536595361035981,0.03529556448306961,0.03527915658202404,0.03529508331281293,0.03522456687741194,0.03523758675920982,0.0352477199901405,0.03519362654511109,0.032605352199323284,0.0340576171875,0.03734659762710482,0.03520091473374714,0.03228838844157437,0.03157593357601538,0.03115405084537602,0.03110145877724963,0.030965466327618735,0.030985799885085777,0.030994704216100826,0.03097526908224468,0.03098672584555953,0.03095962503083628,0.030851501439736733,0.030838815789473683,0.028294437620635198,0.0361328125,0.038497614289792426,0.03288856245154446,0.029025146962769432,0.027819763879243432,0.02766200866225382,0.02756646216768916,0.02759354785883894,0.02752406307597788,0.027494365908625282,0.027503381563306964,0.02751240313255976,0.02751804461942257,0.027520301862029365,0.027501127095372762,0.023058884835852007,0.0133056640625,0.012914527825307586,0.011499877660875948,0.00827929360903789,0.007139651585002652,0.0071457737852184565,0.007110747854515734,0.007112491824722041,0.0071159823327335186,0.007116564417177914,0.0071212245232053694,0.007123265239284398,0.007125307125307125,0.0071270582452691075,0.0071361194274699585,0.006408020924149957,0.0006103515625,0.00040741495212874313,0.00028549288307027205,0.0002856210217071976,0.000040814660626096896],"averageToxinCountInMales":[2.625,2.625,2.625,2.625,2.625,2.625,2.625,2.625,2.625,2.625,2.625,2.625,2.625,2.625,2.625,2.9285714285714284,2.729251700680272,2.713315217391304,2.7136929460580914,2.713091922005571,2.713091922005571,2.713091922005571,2.7108938547486034,2.7104895104895106,2.7104895104895106,2.7104895104895106,2.7104895104895106,2.7104895104895106,2.7104895104895106,2.7104895104895106,2.7104895104895106,2.710196779964222,3.044757033248082,2.9594594594594597,2.9722222222222223,3.0212201591511936,3.0256756756756755,3.024623803009576,3.0233837689133427,3.0192837465564737,3.0180305131761442,3.0194444444444444,3.013927576601671,3.01115760111576,3.01115760111576,3.01115760111576,3.008426966292135,2.908333333333333,2.975,2.939655172413793,2.9671150971599403,2.9641744548286604,2.95125786163522,2.9492063492063494,2.9568690095846644,2.961476725521669,2.9613526570048307,2.957792207792208,2.9491803278688526,2.9523809523809526,2.9523809523809526,2.9539473684210527,2.9618573797678276,2.9040511727078893,2.765249537892791,2.7518115942028984,2.7523277467411544,2.7495219885277247,2.746641074856046,2.748076923076923,2.748076923076923,2.7533718689788054,2.7548262548262548,2.7548262548262548,2.7548262548262548,2.7548262548262548,2.7548262548262548,2.7548262548262548,2.7548262548262548,2.682864450127877,3.2490706319702602,3.2248628884826327,3.464,3.5309168443496803,3.5483870967741935,3.578602620087336,3.5853658536585367,3.5857461024498885,3.586129753914989,3.591928251121076,3.591928251121076,3.5945945945945947,3.5945945945945947,3.5945945945945947,3.600451467268623,3.5988023952095807,2.8142201834862384,2.7017167381974247,2.7528868360277134,2.8636363636363638,2.8880208333333335,2.9021164021164023,2.898936170212766,2.903485254691689,2.903485254691689,2.903485254691689,2.8978494623655915,2.8978494623655915,2.9002695417789757,2.902702702702703,2.902702702702703,2.981818181818182,3.3016241299303943,3.1951219512195124,3.1758530183727034,3.2181818181818183,3.2888888888888888,3.299363057324841,3.298076923076923,3.298076923076923,3.2838709677419353,3.27831715210356,3.27831715210356,3.27831715210356,3.27831715210356,3.27831715210356,3.27831715210356,3.375586854460094,3.2774193548387096,3.3194444444444446,3.276923076923077,3.2872340425531914,3.4823529411764707,3.4823529411764707,3.4823529411764707,3.4823529411764707,3.4823529411764707,3.4823529411764707,3.4823529411764707,3.4823529411764707,3.4823529411764707,3.4823529411764707,3.4823529411764707,3.360655737704918,2.4444444444444446,2,2,2,2],