{"startTime":"2025-03-19T22:00:52.198Z","infectedMalesAtStart":16,"infectedFemalesAtStart":128,"toxinAntitoxinLength":3,"killRate":0.25,"rescueRate":0.5,"simulationLength":240,"infectionRatio":[0.05825242718446602,0.05825242718446602,0.05825242718446602,0.05825242718446602,0.05825242718446602,0.05825242718446602,0.05825242718446602,0.05825242718446602,0.05825242718446602,0.05825242718446602,0.05825242718446602,0.05825242718446602,0.05825242718446602,0.05825242718446602,0.05825242718446602,0.06502135738016136,0.10825079806826553,0.10988786952089705,0.10902791929896066,0.10859100921922167,0.10874183006535948,0.10878626890069473,0.10882184612868939,0.10882990470737393,0.10886552387186516,0.10889670977246685,0.10891008062865797,0.1089279135453764,0.10893683219388382,0.10895021290533902,0.10895467387298857,0.10904354298474135,0.11580403645833333,0.11569334097796707,0.1261165287224453,0.12167550458338472,0.12112838701695056,0.12134877947869259,0.12156667496473322,0.12166036481489176,0.12176047256541453,0.12169312169312169,0.12167966306659439,0.12171917379511787,0.12175981967692115,0.12181575210891171,0.12188192036100781,0.12407041325425963,0.12642415364583334,0.12439662930540783,0.14008418127579583,0.13858751279426818,0.13841796313780222,0.1383862477381148,0.13842668863261945,0.13827944572748269,0.13821842637290094,0.13815735160571288,0.13807203039814966,0.138111960338773,0.13812908024130238,0.13815191338127117,0.1378169334491459,0.15097699050401753,0.1036376953125,0.1010320255549185,0.10866985802544904,0.1110018438844499,0.11069125559617202,0.11069989308331277,0.11071752203641157,0.11074461944421539,0.11068009243974909,0.11063390460458393,0.11067046722022555,0.11067030333085379,0.11068402562512916,0.11065641534391535,0.11059640995946729,0.12386980108499096,0.08723958333333333,0.0866448176976649,0.08654554382519028,0.09456468273487457,0.09548832053860996,0.0952929085303186,0.09516361391232764,0.09515178975985501,0.09507912957467854,0.09496907216494846,0.09500433150447589,0.09495316304213262,0.09489804342442004,0.09484680815922042,0.0948129778879934,0.09201514059120404,0.07181803385416667,0.07069797888879797,0.07045305855413804,0.07256282229679954,0.07828510533650299,0.07819234084472355,0.07824513794663049,0.07832887425396172,0.07832962688411169,0.07838773491592482,0.07837882411148676,0.07840468530891694,0.07842085722536199,0.07839254033089904,0.07848404694990907,0.07389358968679395,0.051432291666666664,0.0551136131848407,0.06155353279725703,0.060182345966719814,0.060274533906986276,0.06022466382420466,0.06029140160065668,0.06021770384062436,0.060177573166721475,0.06018994367471118,0.06021222341038085,0.06023204147124167,0.060249392979134946,0.06026427365907875,0.060299023847769674,0.05846982275072919,0.054972330729166664,0.05243399844942261,0.057281672314538845,0.05701091176590788,0.05568293481821159,0.05558513906525212,0.05553961552649916,0.05554188202477644,0.05553503263144933,0.05554415205878731,0.05551449453888478,0.055525894287239724,0.05553273638380021,0.055541861802645635,0.0555875339199079,0.05357142857142857,0.046142578125,0.03746585674100045,0.045937117190690074,0.04805922532618921,0.04788824710171644,0.04779683269057192,0.04773446165222035,0.0476836436880832,0.047703252868363695,0.04767977620536449,0.04770332565031281,0.0476366930171278,0.04765042625921503,0.04762297108016808,0.048609680741503604,0.050226430629888845,0.033935546875,0.029842227567369237,0.032459578637922586,0.03241650294695481,0.03242600639501517,0.03231103994744837,0.03228589032655576,0.03223154086498931,0.032240819179997535,0.032215593499279986,0.03222885367359539,0.032236815019144466,0.03224610822831727,0.03225540679711637,0.03228333470767709,0.03220619314527244,0.016357421875,0.015782390603972105,0.014669227311731295,0.014617368873602751,0.014643750769104557,0.014591039868475134,0.014563705928333401,0.014577499588206226,0.014584706657877389,0.014594327176781002,0.014599744298263703,0.014604562894508849,0.01460697338559934,0.014568115224299452,0.014582558763993886,0.0134655627331453,0.011678059895833334,0.011590890539547791,0.011370608204834553,0.011270029916806689,0.01129409832025956,0.011304776782043904,0.011313147934836268,0.011323396195338878,0.01132852729145211,0.011332728921124207,0.011336933668631735,0.01134020618556701,0.011341141537446387,0.011341609271250051,0.011354252683732453,0.011102516267006415,0.004191080729166667,0.004039662137348513,0.00396258017075861,0.003969228251084376,0.003977039770397704,0.003982101071472556,0.003943800838057678,0.00394655704008222,0.003948504915066014,0.003950942464400362,0.003952243721696171,0.003953708661093036,0.0039541972155861275,0.003954848809425723,0.0039584364176150424,0.003616057124547993,0.00020345052083333334,0.00020387359836901122,0.00016337867091451212,0.00012274456855284154,0.00008196049504139005,0.00004102900750830838,0.00004108125872976748,0.000041108279207432375,0.00004113195129976966,0.00004114041222693051,0.0000411505699353936,0.000041160732661041366,0.00004116412135182974,0.000041169205434335116,0.000041252423579885316,0.000045400889857441204],