{"startTime":"2025-03-19T22:00:52.198Z","infectedMalesAtStart":16,"infectedFemalesAtStart":16,"toxinAntitoxinLength":3,"killRate":0.5,"rescueRate":0.5,"simulationLength":240,"infectionRatio":[0.0121580547112462,0.0121580547112462,0.0121580547112462,0.0121580547112462,0.0121580547112462,0.0121580547112462,0.0121580547112462,0.0121580547112462,0.0121580547112462,0.0121580547112462,0.0121580547112462,0.0121580547112462,0.0121580547112462,0.0121580547112462,0.0121580547112462,0.011957484499557131,0.015420484293193717,0.015201667279637121,0.01504989366922951,0.01502681898210703,0.015044066407050626,0.015061353469856773,0.01507124964067184,0.015078680307325691,0.015086738469127682,0.015092322243697824,0.015096668037844508,0.015099773709113352,0.015105367138623642,0.015107232536121517,0.015109720449586233,0.014409493313241666,0.018473307291666668,0.017765770191166236,0.016648168701442843,0.01637451020829037,0.016305922277862848,0.016221374045801526,0.016133056133056132,0.016162626010164126,0.016180824888444054,0.016108838995075536,0.016038090464854028,0.01604211054016794,0.01604613263131503,0.016050827620799197,0.016019742345658356,0.01539400197118318,0.017537434895833332,0.017325923504413206,0.017300045094904275,0.017320826133464987,0.01732030186811827,0.017349636483807006,0.01738122827346466,0.017396346767178893,0.017324988601981183,0.017336485421591805,0.017347997509856817,0.01735447978078552,0.017360966897869336,0.01736673729693797,0.01738045738045738,0.01667296429246174,0.019856770833333332,0.019869986508033854,0.019920482026478666,0.01990868331208095,0.01994724695021431,0.019997520968474982,0.019975186104218362,0.02000497017892644,0.01998755961020112,0.019996681048788583,0.020006641208699983,0.020015780075578256,0.020019105370270383,0.020022431770032816,0.020030752607738022,0.01858718610654776,0.024576822916666668,0.024459078080903106,0.02420810766453307,0.02415140917506686,0.0240461950917715,0.023973876741206133,0.023882450331125828,0.023902236951118476,0.023918089869010114,0.023845069254375052,0.023809523809523808,0.023817427385892116,0.023777906880239025,0.02374626369976752,0.023760073107917255,0.02347133609649327,0.025919596354166668,0.025693478438752967,0.02540529447978658,0.02523568399818863,0.025044353674134587,0.02507953559476098,0.025071366513590668,0.024976183572878268,0.024993782641134048,0.024927416009954375,0.0249367246172358,0.02494811124948111,0.02491797832135886,0.024922118380062305,0.02492936679408343,0.024136276391554704,0.032267252604166664,0.03203371108292763,0.03204891460462062,0.03195821165631555,0.03195349220747093,0.0319210439378923,0.03187135711628292,0.03187086092715232,0.03188537827653319,0.031857160611458636,0.031792746113989634,0.03176709658690333,0.03169466915577681,0.0316571238901336,0.03166237862063242,0.03117324768562252,0.0362548828125,0.03592594106347325,0.03572014435695538,0.03548957519430851,0.035340637614301014,0.03519122075993234,0.03511090916601264,0.03514720476347999,0.03500496524329692,0.034902496584275244,0.03491116908932786,0.0349155069582505,0.03488420267638895,0.03488709343277398,0.03482587064676617,0.03515367985712943,0.041829427083333336,0.04161386583820464,0.041427399507793276,0.04133591082959733,0.041410853352012854,0.041467238818286845,0.04134825891197488,0.04130147180420043,0.04125972521105777,0.04119741636303412,0.04117305939855853,0.04118670754951521,0.04111405835543767,0.041044776119402986,0.04106180008295313,0.039917347609655304,0.045166015625,0.04488279016580903,0.044864178309501374,0.04479756918781309,0.04471410941999177,0.04476935749588139,0.04478165848830976,0.04477365575867619,0.04471326534825152,0.04460966542750929,0.04459230483117742,0.04460152116402116,0.04460889697370597,0.04461074130731384,0.04471056230058426,0.0428380803386555,0.0521240234375,0.05166278070928949,0.0514515665421098,0.05125036048284102,0.05097067327550599,0.05076751210227978,0.050706325862711794,0.050665450474729465,0.05058091286307054,0.05045681063122923,0.050446706835653436,0.05042820320944542,0.05040129745914251,0.05034534409586419,0.05052613996993486,0.046847175928039816,0.056925455729166664,0.05632536276313101,0.056006227466404455,0.05571534226312762,0.05550751492690961,0.05523471660754063,0.05509209548195259,0.05490552776284781,0.05494187249182905,0.05481039907269415,0.05475253675709257,0.0547593405683042,0.054655451042141465,0.054662246166597594,0.05480193075898802,0.05087782156932999,0.015543619791666666,0.014461375056170594,0.013861548556430446,0.012932454695222405,0.012347718356390668,0.011997848661619296,0.01172668130775287,0.011490915124865178,0.011374958485552972,0.011217282924802658,0.011221945137157107,0.011061210911510314,0.011023753067931278,0.010861875234092138,0.010809231668127374,0.010531012940651495,0.0005696614583333334,0.0005297257650462491,0.0004896759977148454,0.00044969543354727936,0.00045037667867671145,0.00040970173713536544,0.0004101218061764344,0.0004104584821245331,0.0004107957112927741,0.0004109307581672488,0.0004111673039759878,0.0004112349385203767,0.0004113025953193765,0.0004113364320677882,0.00041418157720344597,0.00043574883437186805],