{"startTime":"2025-03-19T22:00:52.198Z","infectedMalesAtStart":16,"infectedFemalesAtStart":16,"toxinAntitoxinLength":3,"killRate":1,"rescueRate":0.25,"simulationLength":227,"infectionRatio":[0.013507809202195019,0.013507809202195019,0.013507809202195019,0.013507809202195019,0.013507809202195019,0.013507809202195019,0.013507809202195019,0.013507809202195019,0.013507809202195019,0.013507809202195019,0.013507809202195019,0.013507809202195019,0.013507809202195019,0.013507809202195019,0.013507809202195019,0.013480982185844969,0.014423864940173742,0.013227189222290263,0.012981181369147242,0.012950933529435797,0.01296735662276037,0.012984353239944294,0.012952412181825634,0.01295559837645033,0.01292095656097461,0.012926789231779383,0.01288839633871034,0.012889983579638753,0.012891571211561358,0.012812089356110381,0.012813141683778234,0.012807377049180328,0.014973958333333334,0.01495043827312198,0.014769836711249693,0.0143607418348925,0.014239855132109638,0.014237959638479633,0.014260323233993304,0.014283348513703734,0.01425847633258725,0.014271490209093926,0.014283934725740148,0.014291055627103153,0.014295212765957447,0.01430293958671157,0.014269667595789823,0.0139513325608343,0.022786458333333332,0.022809025506867232,0.022500409098347243,0.022286861403580646,0.022330774598743892,0.02228985030432637,0.022284466779256086,0.02231295883857131,0.02233322324966975,0.022347984137475217,0.022357219604926027,0.022282855843565257,0.022293915705008892,0.02229944975383724,0.022309602649006624,0.021027610166392395,0.014119466145833334,0.01349086300641838,0.013189694015483554,0.012918836894557684,0.012733097839480819,0.012554540215691117,0.012365015250185475,0.012374195677280977,0.012344149946329782,0.012347208457218367,0.012311505887213386,0.012314558452828629,0.012277293208217932,0.012237979079670898,0.012245573390699984,0.011554145899410966,0.0118408203125,0.011425773280013058,0.011200588644074725,0.011095643629217163,0.011024590163934426,0.010965092402464066,0.010935251798561151,0.010904003620952146,0.01086822279856737,0.010831960461285008,0.010837316630954344,0.010841337235665114,0.010843572194277232,0.010846702684868231,0.010853416969296798,0.010388214749473873,0.011759440104166666,0.011595149634589474,0.011452411141559982,0.011473999098471499,0.0114862370267055,0.011503697617091208,0.011516946363935505,0.011521211373081512,0.011529276126163222,0.011532600189464146,0.011536876802637,0.01153877853787192,0.011541632316570486,0.01154305973533413,0.011557353366079168,0.010402714528082864,0.0133056640625,0.012205077965548207,0.010423479398299542,0.010400032756008681,0.010328715468481024,0.01029616867667569,0.010266518828795533,0.010272424703126925,0.010278337376146035,0.01028510305673263,0.010283833813245578,0.010286372613561554,0.010287219158916961,0.010287219158916961,0.010308003133632953,0.009851342356334591,0.016031901041666668,0.015674109147312137,0.014390842191332789,0.014248863775948901,0.014226558976671723,0.014237649762021992,0.014251683916543453,0.014263986517038682,0.014270439216976476,0.014276897757663031,0.014281010782780476,0.014285714285714285,0.014286302441434395,0.014291009431242535,0.014317544149199538,0.013228917794885409,0.014404296875,0.013818685798141203,0.012413736779778676,0.012350727956813348,0.012332527553570697,0.01234922458357266,0.012359366017902603,0.012368507560815253,0.012335019119279636,0.012340092962033648,0.012304526748971194,0.012306552518933157,0.01231111294107959,0.012312126827259625,0.012342111780731446,0.010919095520591523,0.0126953125,0.012548380525565289,0.012519370361308213,0.012369871402327006,0.012345679012345678,0.01223854938397937,0.012251085798574122,0.012259122591225913,0.012225641025641026,0.012192618744611848,0.012198628167741405,0.012201133842740942,0.01220414201183432,0.01220514506451878,0.012203640547314789,0.010917687513432195,0.015096028645833334,0.013207239523887167,0.015596292818356266,0.013001880775206476,0.013019980347199476,0.013035992457161596,0.013049901510177282,0.013058475689881735,0.013067598109718512,0.013075657894736843,0.013080498539755667,0.013084804345142574,0.013088035559945673,0.013085342770142375,0.013059240339457856,0.011017306880540312,0.009318033854166666,0.003911821034187686,0.005709391949757351,0.0056340328243651506,0.005600981193785773,0.0056076296508534235,0.005532106708191616,0.0055361902809103955,0.005537779965542703,0.005541189508681197,0.005542326956236144,0.0055434648708578,0.005545514295103516,0.0055393705633745025,0.00554893337169633,0.005547850208044383,0.0005696614583333334,0.00036689767631471667,0.0019181324735746644,0.0006944728134319212,0.0006950406803221718,0.0006957518212327086,0.0006964358869315854,0.0006968926785275068,0.0006974645113645688,0.0006975789905621666,0.0006977794196117063,0.0006980372834031371,0.0006982379759313262,0.0006978367062107466,0.0007000205888408482,0.000628035504940546,0.00008138020833333333,0.00008146307686041302,0.001345181803358878],