{"startTime":"2025-03-19T22:00:52.198Z","infectedMalesAtStart":16,"infectedFemalesAtStart":64,"toxinAntitoxinLength":3,"killRate":1,"rescueRate":1,"simulationLength":212,"infectionRatio":[0.03256003256003256,0.03256003256003256,0.03256003256003256,0.03256003256003256,0.03256003256003256,0.03256003256003256,0.03256003256003256,0.03256003256003256,0.03256003256003256,0.03256003256003256,0.03256003256003256,0.03256003256003256,0.03256003256003256,0.03256003256003256,0.03256003256003256,0.034417727487034415,0.0550630540641778,0.05383014324776558,0.05318107667210441,0.05299012809007098,0.05303772660460559,0.053072397450563816,0.053094089757214094,0.0530944492166728,0.05307959893595253,0.05305821665438467,0.05306256141500164,0.05307342643023875,0.05308864492872358,0.053056374959029824,0.053056374959029824,0.0524916334296062,0.054036458333333336,0.05178761351550356,0.04908956692913386,0.04736040818006008,0.047047170979324,0.046872414363726626,0.046815392270691654,0.0467328542350351,0.04653387116896079,0.04646708581421493,0.04646607767961327,0.046324479839886586,0.04614485981308411,0.04608448822841877,0.046025978365284215,0.044918479537659164,0.041707356770833336,0.04009636192887183,0.03598182488026526,0.035791890451396004,0.035463324429833576,0.03528927321391806,0.035173807265679764,0.03509206506481711,0.03504277036241167,0.03491354347646231,0.034771090322046526,0.03478981155518741,0.03479845892539045,0.03477864367434919,0.0347829691969653,0.033265943760338174,0.032185872395833336,0.02985013679611254,0.028394910191890676,0.027021485976709857,0.026700624383831743,0.02649987655337009,0.026457861116834947,0.02636029866754672,0.026303836148160384,0.02632340179346254,0.026290769294365673,0.026137303556658397,0.026031535819227746,0.026004140786749484,0.025938509985911993,0.024749531085594034,0.027872721354166668,0.02783219066274894,0.027734598707354986,0.02758309766793721,0.02751540041067762,0.027553873992432965,0.027583367641004528,0.027570574902122398,0.027545255865737497,0.02756344130389932,0.027492260061919505,0.027499070977331848,0.027507021311746243,0.027511566424322537,0.027525210778641097,0.027106903717386284,0.025634765625,0.02381535947712418,0.02241435830191772,0.02238744659875123,0.022233201581027668,0.022230471005526685,0.022060646120796498,0.022047569803516028,0.022023513826792514,0.022034459907223327,0.022003066340695314,0.02197164414227676,0.02197893339968483,0.021949296709680096,0.021919628030554632,0.021219786396852163,0.020263671875,0.02002288329519451,0.018977743165143255,0.018985001027326896,0.019013128112267994,0.01899620899950552,0.018975332068311195,0.018985513227949977,0.01899492092331833,0.01900119790160684,0.01900983552359699,0.018976351910038037,0.01894049046772259,0.018942840598891553,0.018954600008277117,0.018144598492602585,0.016153971354166668,0.015610952186350634,0.015042833135221544,0.015011309891013777,0.014923527229253412,0.014901960784313726,0.01488095238095238,0.014849437458636665,0.014818494142969494,0.01482524432665231,0.014832000662882712,0.014837533156498673,0.014841839061398781,0.014843685214362717,0.014855388190381343,0.01446502729690635,0.0081787109375,0.007964059628343885,0.007987220447284345,0.00795897435897436,0.007974678340938053,0.00798321056746636,0.007948601787405791,0.007912305283112174,0.007833436404864976,0.007837313863795735,0.007838930604835382,0.00784054801304007,0.00784248978412515,0.00784378483259712,0.007858058645932421,0.007493908326053974,0.008260091145833334,0.008160933610805075,0.008099484578254112,0.008075756333524637,0.0079211984403858,0.007846520417385589,0.00781121526064792,0.007776497695852535,0.0077809798270893375,0.007783543365455893,0.007744912251792041,0.007746188710341986,0.007705938105245807,0.0077062556663644605,0.007717705323978539,0.00732384114997953,0.007731119791666667,0.007756685037762809,0.007781463734283491,0.00780127283925272,0.007813142528168435,0.007824403903965738,0.007792207792207792,0.007797994801336799,0.0077612186764645175,0.007765065466110446,0.007766990291262136,0.0077676321117216875,0.007768916070912021,0.007769879318895685,0.007739425544243026,0.007277554009520322,0.004923502604166667,0.002328621619413351,0.002171775118832978,0.0020122376904439243,0.001973927704897808,0.0019347933476041494,0.001813535570027203,0.0017321730523363716,0.001691628501877295,0.0016095084808716107,0.0015279785257072062,0.0014869274296807236,0.001487296013220409,0.001487357461576599,0.0014903129657228018,0.0013058945377583645,0.00008138020833333333,0.00008166265158629701,0.00004097688903458449,0.00004105933073290905],"averageToxinCountInMales":[2.8125,2.8125,2.8125,2.8125,2.8125,2.8125,2.8125,2.8125,2.8125,2.8125,2.8125,2.8125,2.8125,2.8125,2.8125,2.8333333333333335,2.690582959641256,2.6149253731343283,2.6176024279210925,2.6189024390243905,2.6189024390243905,2.6189024390243905,2.6189024390243905,2.619847328244275,2.6192660550458715,2.6202143950995405,2.6202143950995405,2.6202143950995405,2.6202143950995405,2.6165644171779143,2.6165644171779143,2.5807086614173227,2.8723994452149793,2.9183976261127595,2.90224358974359,2.920875420875421,2.9383561643835616,2.9410745233968805,2.9424083769633507,2.9507908611599296,2.9592198581560285,2.962566844919786,2.9642857142857144,2.9695340501792113,2.971171171171171,2.9747292418772564,2.9747292418772564,3.0166666666666666,3.1352313167259784,3.175373134328358,3.318565400843882,3.3304904051172706,3.355119825708061,3.3752759381898456,3.3830734966592426,3.3789237668161434,3.3896396396396398,3.393181818181818,3.4105504587155964,3.4105504587155964,3.4105504587155964,3.413793103448276,3.413793103448276,3.417682926829268,3.800498753117207,3.902702702702703,3.994269340974212,4.100303951367781,4.13312693498452,4.15987460815047,4.16403785488959,4.171974522292993,4.178913738019169,4.178913738019169,4.178913738019169,4.192926045016077,4.190322580645161,4.190322580645161,4.190322580645161,4.1581196581196584,4.269021739130435,4.271232876712329,4.2797783933518,4.27808988764045,4.280453257790368,4.280453257790368,4.280453257790368,4.275568181818182,4.275568181818182,4.275568181818182,4.275568181818182,4.275568181818182,4.275568181818182,4.275568181818182,4.275568181818182,4.307142857142857,4.197368421052632,4.134057971014493,4.117424242424242,4.1254752851711025,4.131782945736434,4.1400778210116735,4.146245059288537,4.154761904761905,4.163346613545817,4.163346613545817,4.172,4.180722891566265,4.180722891566265,4.189516129032258,4.186234817813765,4.105555555555555,4.511627906976744,4.507936507936508,4.497872340425532,4.5085470085470085,4.5085470085470085,4.51931330472103,4.530172413793103,4.530172413793103,4.530172413793103,4.530172413793103,4.530172413793103,4.530172413793103,4.530172413793103,4.530172413793103,4.530172413793103,4.555555555555555,4.461139896373057,4.43646408839779,4.526011560693641,4.52046783625731,4.5325443786982245,4.529761904761905,4.529761904761905,4.526946107784431,4.524096385542169,4.524096385542169,4.524096385542169,4.524096385542169,4.524096385542169,4.524096385542169,4.524096385542169,4.455284552845528,5.387387387387387,5.438095238095238,5.438095238095238,5.4423076923076925,5.4423076923076925,5.4423076923076925,5.4423076923076925,5.475728155339806,5.485148514851486,5.485148514851486,5.485148514851486,5.485148514851486,5.485148514851486,5.485148514851486,5.485148514851486,5.5,5.530612244897959,5.53125,5.5212765957446805,5.526881720430108,5.511111111111111,5.50561797752809,5.50561797752809,5.5,5.5,5.5,5.494252873563219,5.494252873563219,5.5,5.5,5.5,5.546875,5.463917525773196,5.463917525773196,5.463917525773196,5.463917525773196,5.463917525773196,5.463917525773196,5.458333333333333,5.458333333333333,5.4526315789473685,5.4526315789473685,5.4526315789473685,5.4526315789473685,5.4526315789473685,5.4526315789473685,5.457446808510638,5.478260869565218,5.28,5.476190476190476,5.352941176470588,5.214285714285714,5.153846153846154,5.083333333333333,5.090909090909091,5,5,5,5,5,5,5,5,5,5,5,5,5],