{"startTime":"2025-03-19T22:00:52.198Z","infectedMalesAtStart":16,"infectedFemalesAtStart":64,"toxinAntitoxinLength":3,"killRate":1,"rescueRate":0.75,"simulationLength":146,"infectionRatio":[0.03331945022907122,0.03331945022907122,0.03331945022907122,0.03331945022907122,0.03331945022907122,0.03331945022907122,0.03331945022907122,0.03331945022907122,0.03331945022907122,0.03331945022907122,0.03331945022907122,0.03331945022907122,0.03331945022907122,0.03331945022907122,0.03331945022907122,0.037463976945244955,0.04599680236133317,0.048479164967789284,0.049716777374791146,0.049726686791221344,0.049724208375893766,0.04977301541859229,0.049813761205026404,0.049838240714197964,0.049774682507169196,0.049741866754076866,0.04975002049012376,0.04972126578127562,0.04972941948179731,0.04973961536884405,0.04974573490813648,0.0508443296115161,0.042236328125,0.04359528567350434,0.041095331374469475,0.040415609915732634,0.04035469436347962,0.040131850020601566,0.04001486620416254,0.039812937135289495,0.039781203381402286,0.03949715803012073,0.03945510424453858,0.039479699123135106,0.0394643822514243,0.039475873544093175,0.03930385544175202,0.042051140797869896,0.032389322916666664,0.03541047661687492,0.02858073446787721,0.027780040733197557,0.027777777777777776,0.027633569063483628,0.027667498874473048,0.02758309766793721,0.02756244616709733,0.027538373142904048,0.0275542049934297,0.02757232084155161,0.027548209366391185,0.027560674619498148,0.026931312798550485,0.03762306610407876,0.019002278645833332,0.018245499714914067,0.013144508200056974,0.012578360335422943,0.012380874806548831,0.012388442886833204,0.012402594753376035,0.012411202743529028,0.01242134510092343,0.012425914571837319,0.012429470929757134,0.01243302932395403,0.012436080998159132,0.012439134170792586,0.01220461154113937,0.01727197956798407,0.01708984375,0.01693604201441192,0.012941559498616311,0.011556930088711646,0.01131553239986975,0.011324290195119964,0.011334909891543668,0.011220825852782765,0.011184129964488346,0.011188696965984728,0.011155150574102072,0.011157430112800392,0.011159254414650098,0.011163361275812717,0.011042493149564434,0.009749967500108333,0.0115966796875,0.011399723149580652,0.008304160221444272,0.00745114006514658,0.007372708757637475,0.0073736098097527195,0.007380224260958206,0.007343342036553525,0.0073475385745775165,0.007350839220811043,0.00735354195604216,0.007313884121925309,0.007315378642363807,0.007276294812574091,0.007277187244480785,0.006674035028056453,0.0126953125,0.012500508978378599,0.008960573476702509,0.006152968501691048,0.0038292325240345446,0.0038343871099326943,0.0037977785037569423,0.003758937691521961,0.003761704215562007,0.003764012764912855,0.0037649369782288425,0.0037666325486182192,0.0037681753020684006,0.003770028275212064,0.0037726564422209466,0.0034976822587442055,0.004231770833333333,0.004071992833292614,0.004033408026074557,0.0020788325928341417,0.00199796126401631,0.0019586240665932183,0.001919856215023896,0.001921190320470896,0.0019218973625025556,0.0019230769230769232,0.0019237853546723426,0.0019244943084104496,0.0018840104849279162,0.001843733355184988,0.0018479733891831958,0.0016242555495397943,0.00008138020833333333,0.00004070335395636601],"averageToxinCountInMales":[2.375,2.375,2.375,2.375,2.375,2.375,2.375,2.375,2.375,2.375,2.375,2.375,2.375,2.375,2.375,2.466666666666667,2.6767317939609234,2.6416666666666666,2.521103896103896,2.521951219512195,2.5220228384991845,2.5220228384991845,2.5220228384991845,2.5220228384991845,2.523731587561375,2.5262295081967214,2.5262295081967214,2.5270935960591134,2.5270935960591134,2.5270935960591134,2.5270935960591134,2.479757085020243,2.2761061946902656,2.2469352014010506,2.1692015209125475,2.1571709233791747,2.1507936507936507,2.1474747474747473,2.1448979591836737,2.136082474226804,2.1366459627329193,2.1320754716981134,2.130526315789474,2.130526315789474,2.1265822784810124,2.1265822784810124,2.1361702127659576,1.9112709832134294,1.8177458033573142,1.8138528138528138,1.7656675749318802,1.7661971830985916,1.765536723163842,1.7535816618911175,1.7535816618911175,1.7463976945244957,1.7463976945244957,1.745664739884393,1.745664739884393,1.745664739884393,1.7449275362318841,1.7449275362318841,1.8181818181818181,1.2116788321167884,1.6111111111111112,1.7114427860696517,1.7202797202797202,1.7608695652173914,1.7591240875912408,1.7591240875912408,1.7591240875912408,1.7591240875912408,1.7591240875912408,1.7591240875912408,1.7591240875912408,1.7591240875912408,1.7591240875912408,1.7591240875912408,1.8396946564885497,1.1242603550295858,2.4378109452736316,2.4444444444444446,2.3006535947712417,2.2357142857142858,2.2279411764705883,2.2279411764705883,2.2279411764705883,2.2330827067669174,2.227272727272727,2.227272727272727,2.2290076335877864,2.2290076335877864,2.2290076335877864,2.2290076335877864,2.2635658914728682,2.2988505747126435,2.3260869565217392,2.3333333333333335,2.126315789473684,2.0813953488372094,2.0823529411764707,2.0823529411764707,2.0823529411764707,2.0833333333333335,2.0833333333333335,2.0833333333333335,2.0833333333333335,2.0843373493975905,2.0843373493975905,2.073170731707317,2.073170731707317,2.0655737704918034,2,2,2,2,2,2,2,2,2,2,2,2,2,2,2,2,2,2,2,2,2,2,2,2,2,2,2,2,2,2,2,2,2,2],"averageAntitoxinCountInFemales":[2.421875,2.421875,2.421875,2.421875,2.421875,2.421875,2.421875,2.421875,2.421875,2.421875,2.421875,2.421875,2.421875,2.421875,2.421875,2.3968253968253967,2.6618962432915922,2.633276740237691,2.551324503311258,2.551324503311258,2.551324503311258,2.551324503311258,2.551324503311258,2.551324503311258,2.551324503311258,2.551324503311258,2.551324503311258,2.551324503311258,2.551324503311258,2.551324503311258,2.551324503311258,2.5148026315789473,2.4249471458773786,2.3995983935742973,2.3451143451143452,2.346555323590814,2.346555323590814,2.346555323590814,2.346555323590814,2.348008385744235,2.348008385744235,2.349473684210526,2.349473684210526,2.349473684210526,2.349473684210526,2.349473684210526,2.350210970464135,2.216432865731463,1.83377308707124,1.7941176470588236,1.7701492537313432,1.798165137614679,1.798165137614679,1.798165137614679,1.798165137614679,1.7975460122699387,1.7969230769230768,1.7969230769230768,1.7969230769230768,1.7969230769230768,1.7969230769230768,1.7969230769230768,1.8024691358024691,1.2898876404494382,1.6334661354581674,1.7246963562753037,1.7944444444444445,1.8888888888888888,1.8862275449101797,1.8862275449101797,1.8862275449101797,1.8862275449101797,1.8862275449101797,1.8862275449101797,1.8862275449101797,1.8862275449101797,1.8862275449101797,1.8862275449101797,1.8862275449101797,1.2782608695652173,2.4885844748858448,2.5,2.412121212121212,2.326388888888889,2.316901408450704,2.316901408450704,2.316901408450704,2.316901408450704,2.316901408450704,2.316901408450704,2.316901408450704,2.316901408450704,2.316901408450704,2.316901408450704,2.3120567375886525,2.3115942028985508,2.3333333333333335,2.3379310344827586,2.1559633027522938,2.1030927835051547,2.09375,2.09375,2.09375,2.09375,2.09375,2.09375,2.09375,2.09375,2.09375,2.09375,2.09375,2.09375,2,2,2,2,2,2,2,2,2,2,2,2,2,2,2,2,2,2,2,2,2,2,2,2,2,2,2,2,2,2,2,2,2,null],