{"startTime":"2025-03-19T22:00:52.198Z","infectedMalesAtStart":16,"infectedFemalesAtStart":128,"toxinAntitoxinLength":3,"killRate":0.75,"rescueRate":0.5,"simulationLength":272,"infectionRatio":[0.06363234644277507,0.06363234644277507,0.06363234644277507,0.06363234644277507,0.06363234644277507,0.06363234644277507,0.06363234644277507,0.06363234644277507,0.06363234644277507,0.06363234644277507,0.06363234644277507,0.06363234644277507,0.06363234644277507,0.06363234644277507,0.06363234644277507,0.06977937403796819,0.1349190075866311,0.13320274240940255,0.1267864434463046,0.12697309233663204,0.12704649639816634,0.1271557904223506,0.12726527265272652,0.12728167685302924,0.12731301029828088,0.127313769751693,0.1273399014778325,0.12736604393348389,0.12739742905252782,0.12740266140956136,0.12742882964301852,0.12497689890962853,0.15230305989583334,0.1501289979114624,0.1412605801627085,0.14005359719645433,0.13958204014069936,0.13952523240371845,0.1394758735440932,0.13960565259077076,0.13957176843774782,0.13949699197860962,0.1395358561572235,0.13949108562819118,0.13945307592445244,0.13936727425099518,0.13923202545957036,0.13479594243925455,0.16080729166666666,0.15854057591623036,0.15509183338799606,0.15259940092733165,0.1522552526623083,0.15222675400650929,0.1521416192126764,0.15208858405982728,0.15205791106514996,0.15210731141839862,0.15196850393700786,0.1519548903354202,0.15181052718901655,0.15176534041405634,0.15178052627210095,0.14627684298596264,0.17122395833333334,0.1657257404680085,0.16062282319196886,0.16001971495461453,0.15979084321475626,0.15982338133949572,0.15987266413097403,0.15989070133311253,0.1598856479946967,0.1599502487562189,0.16,0.15995516439721022,0.1599119674445644,0.15986705442459492,0.15990522902984455,0.1529308269284193,0.18648274739583334,0.18346221513031383,0.17806139198949442,0.17253158826192533,0.17215346534653464,0.1720687944435257,0.1719753137555399,0.17184453938363267,0.17186397043557697,0.17166008726366092,0.17158656244802928,0.1715402853458675,0.17153679653679654,0.17153208678632406,0.17160478393132475,0.1642165984369185,0.16849772135416666,0.16341393560001635,0.15876271742697737,0.15585911784068465,0.1554391320490079,0.1552430196483971,0.15501368499626772,0.15486229385618744,0.1545915820994843,0.15448339022562652,0.154125,0.15415085685694033,0.15391355140186916,0.15366953327210486,0.15373689267660942,0.14889439483895095,0.16752115885416666,0.16686429243161466,0.162034759796688,0.15960550647215943,0.15935943353505413,0.15919208573784008,0.15901118402046965,0.15894532380047113,0.1589028628164819,0.15889049886151935,0.15881695041630423,0.15868213841690842,0.15860839276828662,0.15859980921571068,0.15845611122639552,0.15330800593031876,0.1358642578125,0.13057520134091002,0.12628084269202394,0.1191180093619118,0.11866150806717154,0.1185399051350794,0.11850475010326311,0.1183258199263824,0.11822925294020209,0.11819312059676751,0.11810076715737093,0.11789849358841349,0.11790592435753726,0.11782540078079574,0.11767146591427742,0.11458816974649456,0.11885579427083333,0.11873901132600073,0.11517509727626458,0.11486375574523966,0.11489431696685583,0.11489659718217023,0.11486096212558793,0.11489695618056416,0.11476290876018025,0.11479275254405559,0.11472560218524956,0.11469029479960252,0.1146182842467172,0.11457340571002361,0.11465417150439543,0.10944834317051634,0.09521484375,0.09484696170977892,0.0932644611158939,0.09311973711234339,0.09301177051609186,0.09298202210127,0.0930635838150289,0.0931338100946633,0.09309831181727905,0.09310701718070792,0.09310030646898038,0.09311187507766226,0.09312730436223539,0.09313887968180312,0.09316692926444979,0.08981759408912492,0.091796875,0.09156311314584696,0.09125179266543741,0.09117031320553344,0.09096519377931375,0.09093531108364236,0.09090534130748608,0.09080777644776489,0.0907251404030393,0.09065741085079129,0.09054450737999752,0.09052561928787065,0.09051795465828232,0.0904614111318022,0.0904874311508676,0.0868803320267466,0.09354654947916667,0.09326742380913473,0.09310047964580002,0.0923759083630989,0.09247674705737098,0.0925353447920531,0.09257883440647185,0.09246023548853542,0.09251374478111694,0.09254052265960966,0.09246235313585967,0.0924814830140274,0.09238028227308473,0.09239557892122366,0.09244149927521227,0.08997658079625293,0.0599365234375,0.059660019614253025,0.05940025433810559,0.05880661985134081,0.05867598684210526,0.05863943337176742,0.05864159346777187,0.05864872673242808,0.05868748193119399,0.05867768595041322,0.05861684097391592,0.0585900351457515,0.0585704831237591,0.05853638356844413,0.05854849387619993,0.05748707489446474,0.058349609375,0.05811434876782868,0.057902716879072245,0.05780109863081086,0.05767334866907657,0.057683604196667355,0.05773586459663139,0.05777393167676268,0.05772719775688603,0.057704999175053624,0.05770975992079862,0.05764390344543016,0.057575632506500475,0.05754385964912281,0.05752395110670631,0.057340209111983724,0.004353841145833333,0.004203738470328953,0.004090481449666626,0.004016722682187064,0.004023153659838252,0.0039861921591189285,0.003988978903647654,0.0039517556497756555,0.003954034350673421,0.003956152641556087,0.003957131079967024,0.003957457333663122,0.003957620480685988,0.003958110002473819,0.003960722831916825,0.004154470777074875,0.000040690104166666664,0.000040839663481172915,0.000040933278755628324,0.00004103742613263296,0.000041111659266568,0.000041155650670837104,0.00004119294776734223,0.00004122521334047904,0.000041240514681623226,0.00004126263668248401,0.0000412796697626419,0.00004128819157720892,0.00004129160128829796,0.00004129842240026431,0.00004134281461881925,0.000046798951703481845],