{"startTime":"2025-03-19T22:00:52.198Z","infectedMalesAtStart":16,"infectedFemalesAtStart":16,"toxinAntitoxinLength":3,"killRate":1,"rescueRate":0.5,"simulationLength":86,"infectionRatio":[0.013250517598343685,0.013250517598343685,0.013250517598343685,0.013250517598343685,0.013250517598343685,0.013250517598343685,0.013250517598343685,0.013250517598343685,0.013250517598343685,0.013250517598343685,0.013250517598343685,0.013250517598343685,0.013250517598343685,0.013250517598343685,0.013250517598343685,0.01282051282051282,0.01371264838313549,0.013437346838751838,0.01315144584218265,0.013048635824436536,0.012985417008028839,0.01299499877018939,0.013005661770739313,0.01297208538587849,0.012980611238908972,0.012983277866798143,0.012984344824752435,0.012985411958085063,0.012988080558980682,0.012988614410785483,0.012989682246064045,0.012825296147747411,0.0185546875,0.01806118687799484,0.01748638355379008,0.017247751632376494,0.017217233709531262,0.01718014371850995,0.017178574385296796,0.017122719734660032,0.017056065070340708,0.017071651090342678,0.01704285654902939,0.01700977334165107,0.017018266550160196,0.016981603263131608,0.0169872595553335,0.016403988420714055,0.0120849609375,0.01204276410109368,0.010884187354775591,0.01059969831627869,0.010449832639399135,0.01046735086069428,0.010482781212890546,0.01041538524623775,0.010424361815644751,0.010432496816856287,0.010437212360289284,0.010439786272092067,0.01044364952099009,0.010441932168550874,0.010447945374521822,0.009272054562474926,0.008341471354166666,0.008244897959183673,0.005290574637799121,0.004884800130261337,0.0032571963682260494,0.0032599837000814994,0.0032614456357780586,0.0032638407245726407,0.0032643734443220302,0.0032662393336871758,0.0032674399607907204,0.003268240869352071,0.0032693093583980384,0.0032701111837802484,0.00327158221895064,0.002909122487082628,0.000244140625,0.0002443991853360489,0.00016280678904310309,0.00016284655783088385,0.00008141664970486465,0.000040728220584042684],"averageToxinCountInMales":[2.6875,2.6875,2.6875,2.6875,2.6875,2.6875,2.6875,2.6875,2.6875,2.6875,2.6875,2.6875,2.6875,2.6875,2.6875,2.75,2.040462427745665,2.041176470588235,2.0421686746987953,1.9938650306748467,1.968944099378882,1.968944099378882,1.968944099378882,1.96875,1.96875,1.96875,1.96875,1.96875,1.96875,1.96875,1.96875,1.9603174603174602,2.2017167381974247,2.206422018348624,2.2259615384615383,2.2243902439024392,2.226600985221675,2.218905472636816,2.225,2.227272727272727,2.2346938775510203,2.2346938775510203,2.2256410256410257,2.2216494845360826,2.2216494845360826,2.2176165803108807,2.2176165803108807,2.212328767123288,1.3860759493670887,1.3806451612903226,1.3857142857142857,1.385185185185185,1.371212121212121,1.371212121212121,1.371212121212121,1.376923076923077,1.376923076923077,1.376923076923077,1.376923076923077,1.376923076923077,1.376923076923077,1.376923076923077,1.376923076923077,1.4534883720930232,1.3823529411764706,1.393939393939394,1.6551724137931034,1.7115384615384615,1.5833333333333333,1.5833333333333333,1.5833333333333333,1.5833333333333333,1.5833333333333333,1.5833333333333333,1.5833333333333333,1.5833333333333333,1.5833333333333333,1.5833333333333333,1.5833333333333333,1.6956521739130435,1.6666666666666667,1.6666666666666667,1.75,1.75,2,2],"averageAntitoxinCountInFemales":[2.0625,2.0625,2.0625,2.0625,2.0625,2.0625,2.0625,2.0625,2.0625,2.0625,2.0625,2.0625,2.0625,2.0625,2.0625,2.1333333333333333,1.882716049382716,1.8616352201257862,1.8525641025641026,1.8525641025641026,1.8525641025641026,1.8525641025641026,1.8525641025641026,1.8525641025641026,1.8525641025641026,1.8525641025641026,1.8525641025641026,1.8525641025641026,1.8525641025641026,1.8525641025641026,1.8525641025641026,1.8724832214765101,2.2690582959641254,2.2690582959641254,2.2831050228310503,2.269767441860465,2.269767441860465,2.269767441860465,2.269767441860465,2.269767441860465,2.269767441860465,2.269767441860465,2.269767441860465,2.269767441860465,2.269767441860465,2.269767441860465,2.269767441860465,2.265402843601896,1.2949640287769784,1.2949640287769784,1.3228346456692914,1.328,1.3225806451612903,1.3225806451612903,1.3225806451612903,1.3225806451612903,1.3225806451612903,1.3225806451612903,1.3225806451612903,1.3225806451612903,1.3225806451612903,1.3225806451612903,1.3225806451612903,1.319672131147541,1.5533980582524272,1.5533980582524272,1.7777777777777777,1.8235294117647058,1.7272727272727273,1.7272727272727273,1.7272727272727273,1.7272727272727273,1.7272727272727273,1.7272727272727273,1.7272727272727273,1.7272727272727273,1.7272727272727273,1.7272727272727273,1.7272727272727273,1.7272727272727273,null,null,null,null,null,null],"reproductiveSuccessOverTime":[0,0,0,0,0,0,0,0,0,0,0,0,0,0,0,0,0.001146131805157593,0.00016337199803953602,0.00016337199803953602,0.00004090481449666626,0.00004096346059315091,0.00004099368697220628,0.00004102732419791581,0.00004105090311986864,0.00004107788366743346,0.00004108632236328526,0.0000410896988125077,0.00004109307581672488,0.00004110152075626798,0.00004110321016071355,0.00004110658938627862,0.00013991232161178995,0,0,0,0,0.00008237910865804432,0.00004129842240026431,0.00004139415514529349,0.00004145936981757877,0.00004149894177698469,0.00004153686396677051,0.0000415679428025107,0,0,0,0,0.0002297477369847907,0,0,0,0,0.00004081965874765287,0.00008177617859917406,0.00008189672822570739,0.00008201090745069095,0.00008208158909956496,0.00008214564422721485,0.0000821827744904668,0.00008220304151253596,0.00008223346079519757,0.00008221993833504625,0.00004113364320677882,0.0003120402977755984,0,0,0,0,0,0,0,0,0.00004080466805402538,0.0000408279916710897,0.000040842999509884004,0.00004085301086690089,0,0,0,0.0007381355564239503,0,0,0.00004070169726077577,0,0.000040708324852432325,0.000040728220584042684]}