{"startTime":"2025-03-20T18:12:51.996Z","infectedMalesAtStart":8,"infectedFemalesAtStart":8,"toxinAntitoxinLength":3,"killRate":0.5,"rescueRate":1,"simulationLength":32,"infectionRatio":[0.0062329567588624854,0.0062329567588624854,0.0062329567588624854,0.0062329567588624854,0.0062329567588624854,0.0062329567588624854,0.0062329567588624854,0.0062329567588624854,0.0062329567588624854,0.0062329567588624854,0.0062329567588624854,0.0062329567588624854,0.0062329567588624854,0.0062329567588624854,0.0062329567588624854,0.006323396567299007,0.0033562540929927965,0.003349673202614379,0.004043622105134175,0.004050570762243771,0.004055216483021341,0.004058874174900578,0.0040622050798079685,0.004061871743322529,0.00406387258322729,0.004064539967976352,0.004065541456203031,0.004066710483075912,0.004067378800328677,0.004067545913965241,0.004067880182438263,0.004087961657738935],"averageToxinCountInMales":[2.25,2.25,2.25,2.25,2.25,2.25,2.25,2.25,2.25,2.25,2.25,2.25,2.25,2.25,2.25,2.3333333333333335,2.090909090909091,2.090909090909091,2.3529411764705883,2.3529411764705883,2.3529411764705883,2.3529411764705883,2.3529411764705883,2.3529411764705883,2.3529411764705883,2.3529411764705883,2.3529411764705883,2.3529411764705883,2.3529411764705883,2.3529411764705883,2.3529411764705883,2.5641025641025643],"averageAntitoxinCountInFemales":[2.5,2.5,2.5,2.5,2.5,2.5,2.5,2.5,2.5,2.5,2.5,2.5,2.5,2.5,2.5,2.5,1.9473684210526316,1.9473684210526316,2.375,2.375,2.375,2.375,2.375,2.375,2.375,2.375,2.375,2.375,2.375,2.375,2.375,2.375],"reproductiveSuccessOverTime":[0,0,0,0,0,0,0,0,0,0,0,0,0,0,0,0,0.0006226135850146576,0.00017204636883489028,0.000008646616390071234,0.000008661474942846611,0.000008671409047561299,0.000008679230416059777,0.000008686353004723401,0.000049714647728146474,0.000008689918684705636,0.000008691345776496039,0.000008693487293257526,0.000008695987063675402,0.000008697416149470584,0.000008697773494314228,0.00000869848827210067,0.00024488746870961913]}