{"startTime":"2025-03-20T20:01:01.828Z","infectedMalesAtStart":128,"infectedFemalesAtStart":16,"toxinAntitoxinLength":3,"killRate":1,"rescueRate":1,"simulationLength":145,"infectionRatio":[0.05778491171749599,0.05778491171749599,0.05778491171749599,0.05778491171749599,0.05778491171749599,0.05778491171749599,0.05778491171749599,0.05778491171749599,0.05778491171749599,0.05778491171749599,0.05778491171749599,0.05778491171749599,0.05778491171749599,0.05778491171749599,0.05778491171749599,0.054242002781641166,0.021157668102020535,0.019393439240767484,0.01878011614019192,0.01824847586093261,0.018066325688830227,0.01792573623559539,0.01777520565499566,0.01775001034382887,0.01771743180030633,0.017687751128785054,0.017694347754019558,0.017658031088082903,0.017625347323020776,0.01763119684712715,0.017637782204515274,0.017277806469787313,0.0238037109375,0.023848549418128175,0.02386536641566885,0.022531259026946724,0.022304986550796605,0.022256363409874184,0.022259205325566883,0.02230467772867506,0.022336339345357382,0.022314153190422466,0.02232534804966763,0.022334685683215526,0.022345901159141316,0.022354320160750167,0.02237398919009511,0.02157668597048384,0.019978841145833332,0.019594236028901497,0.01930075649151503,0.018948229997953755,0.018956957039103852,0.018948579884088948,0.01897431675996049,0.01900012364505626,0.018973766705164163,0.018981596104646364,0.018992568125516102,0.01900041305245766,0.01900590835846796,0.01900904996074218,0.019030282972033758,0.01770032930845225,0.013956705729166666,0.013577981651376147,0.011093437742159143,0.010894846370424777,0.010869565217391304,0.010764571054354945,0.010698475159862272,0.01062782109150595,0.010632620386715383,0.01059896475228001,0.010564827756310121,0.010571346304142158,0.010533678969674526,0.010497715203161664,0.010498147385755455,0.009400238315900967,0.008056640625,0.007985007740568728,0.0078698417876366,0.007833856950507976,0.007839934667211107,0.007848908511160166,0.007818896348452595,0.007823700487445214,0.0078297942116914,0.007832041661540985,0.007793592846302145,0.007753846153846154,0.00775480059084195,0.0077560735390676296,0.007747171667486473,0.007083621285418107,0.0078125,0.007780991567197621,0.007782259707452227,0.007748776508972268,0.007714285714285714,0.007720272864670561,0.00772626931567329,0.007730693717277487,0.007733857107782961,0.007736389684813753,0.007738607050730868,0.0077414598181371344,0.0077424112080619395,0.007747171667486473,0.0077348066298342545,0.00692979813196746,0.0078125,0.007492161732969583,0.007338851062094834,0.007358351729212656,0.007358953393295176,0.007366783989522796,0.0073752355978038186,0.0073818897637795275,0.00738643358365136,0.007389769274981525,0.007392804337111878,0.0073937153419593345,0.007396145786251387,0.007399490257337828,0.007395538025391347,0.00668994824757016,0.007853190104166666,0.0073263055069396395,0.007331676917437172,0.007343342036553525,0.0073475385745775165,0.007355044334572795,0.007358953393295176,0.007365578197888534,0.00736949846468782,0.00737312087822062,0.007375537799631223,0.007377956306103209,0.007379166154224573,0.007380981670562185,0.007397057614859866,0.006102086253813804,0.00008138020833333333],"averageToxinCountInMales":[2.53125,2.53125,2.53125,2.53125,2.53125,2.53125,2.53125,2.53125,2.53125,2.53125,2.53125,2.53125,2.53125,2.53125,2.53125,2.5247524752475248,1.8884892086330936,1.8623481781376519,1.798283261802575,1.7454545454545454,1.7302325581395348,1.7251184834123223,1.714975845410628,1.7135922330097086,1.7073170731707317,1.7009803921568627,1.7009803921568627,1.70935960591133,1.698019801980198,1.698019801980198,1.698019801980198,1.6862745098039216,1.303448275862069,1.2857142857142858,1.280701754385965,1.2284644194756553,1.2053231939163498,1.1961538461538461,1.193050193050193,1.193050193050193,1.193050193050193,1.186046511627907,1.186046511627907,1.186046511627907,1.186046511627907,1.186046511627907,1.186046511627907,1.1968911917098446,0.8252032520325203,0.7740585774058577,0.7692307692307693,0.7092511013215859,0.7079646017699115,0.6933333333333334,0.6933333333333334,0.6933333333333334,0.6830357142857143,0.6830357142857143,0.6830357142857143,0.6830357142857143,0.6830357142857143,0.6830357142857143,0.6830357142857143,0.6086956521739131,0.8793103448275862,0.8414634146341463,0.463768115942029,0.45185185185185184,0.44776119402985076,0.45454545454545453,0.45384615384615384,0.4496124031007752,0.4496124031007752,0.4496124031007752,0.4453125,0.4453125,0.4453125,0.4453125,0.4453125,0.35106382978723405,0,0,0,0,0,0,0,0,0,0,0,0,0,0,0,0,0,0,0,0,0,0,0,0,0,0,0,0,0,0,0,0,0,0,0,0,0,0,0,0,0,0,0,0,0,0,0,0,0,0,0,0,0,0,0,0,0,0,0,0,0,0,0,0,0],"averageAntitoxinCountInFemales":[2.3125,2.3125,2.3125,2.3125,2.3125,2.3125,2.3125,2.3125,2.3125,2.3125,2.3125,2.3125,2.3125,2.3125,2.3125,2.3125,1.815450643776824,1.811659192825112,1.811659192825112,1.811659192825112,1.811659192825112,1.811659192825112,1.811659192825112,1.811659192825112,1.811659192825112,1.811659192825112,1.811659192825112,1.811659192825112,1.811659192825112,1.811659192825112,1.811659192825112,1.8465116279069766,1.3016949152542372,1.3016949152542372,1.3016949152542372,1.1756272401433692,1.173913043478261,1.173913043478261,1.173913043478261,1.173913043478261,1.173913043478261,1.173913043478261,1.173913043478261,1.173913043478261,1.173913043478261,1.173913043478261,1.173913043478261,1.174721189591078,0.8122448979591836,0.7759336099585062,0.7478991596638656,0.7288135593220338,0.7288135593220338,0.7288135593220338,0.7288135593220338,0.7288135593220338,0.7288135593220338,0.7288135593220338,0.7288135593220338,0.7288135593220338,0.7288135593220338,0.7288135593220338,0.7288135593220338,0.7256637168141593,0.9171597633136095,0.9171597633136095,0.373134328358209,0.36363636363636365,0.36363636363636365,0.35877862595419846,0.35877862595419846,0.35384615384615387,0.35384615384615387,0.3488372093023256,0.3488372093023256,0.3488372093023256,0.34375,0.33858267716535434,0.33858267716535434,0.2857142857142857,0.021739130434782608,0.01098901098901099,0.01098901098901099,0.01098901098901099,0.01098901098901099,0.01098901098901099,0.01098901098901099,0.01098901098901099,0.01098901098901099,0.01098901098901099,0.01098901098901099,0.01098901098901099,0.01098901098901099,0.01098901098901099,0.01098901098901099,0.01098901098901099,0,0,0,0,0,0,0,0,0,0,0,0,0,0,0,0,0,0,0,0,0,0,0,0,0,0,0,0,0,0,0,0,0,0,0,0,0,0,0,0,0,0,0,0,0,0,0,0,null],