{"startTime":"2025-03-20T18:04:35.882Z","infectedMalesAtStart":128,"infectedFemalesAtStart":128,"toxinAntitoxinLength":3,"killRate":0.875,"rescueRate":1,"simulationLength":273,"infectionRatio":[0.10174880763116058,0.10174880763116058,0.10174880763116058,0.10174880763116058,0.10174880763116058,0.10174880763116058,0.10174880763116058,0.10174880763116058,0.10174880763116058,0.10174880763116058,0.10174880763116058,0.10174880763116058,0.10174880763116058,0.10174880763116058,0.10174880763116058,0.10511756569847856,0.09084541858932103,0.09341965090551503,0.09290873276428102,0.09248293445184637,0.09225381128965801,0.09223661414074746,0.09221176081929303,0.09211885770963342,0.09213083571103668,0.09217276187324176,0.09211288587271373,0.0921433893534233,0.09215101838052658,0.09206493829205666,0.09203495837302737,0.0930166270783848,0.0999755859375,0.10336361404370244,0.10335587071240106,0.10310347688988465,0.10259724017175971,0.10234639675436029,0.10219498887816343,0.10191297035947025,0.10160067396798653,0.10143338954468803,0.10139299282397636,0.10138988635883571,0.10133592627039824,0.10123529909467806,0.10125243293560125,0.10175472518973268,0.09619140625,0.10022481095442469,0.09912943495400789,0.09839448594659292,0.09758826454500248,0.09731975898607936,0.0969689399616954,0.09705257014216034,0.09691960931630353,0.09681597860605047,0.09664603546336567,0.09630838774485183,0.09628109556914315,0.096171567395493,0.0961659333752357,0.09567383701432472,0.10575358072916667,0.10708597100265468,0.10605192039963966,0.10584271509573506,0.10558852621167161,0.10553282922193298,0.10536993334161388,0.10523696977235975,0.10508840375197144,0.10493519441674976,0.10496778216586988,0.1049983366600133,0.10492157923201731,0.10486454995630644,0.1046167936388993,0.10425410148798168,0.10441080729166667,0.1010468634988141,0.0997204866820125,0.09874963892213098,0.09822833015978144,0.09773905828666252,0.09749407804513154,0.09720661088214479,0.09700404183507647,0.09662883845126836,0.09642529023636516,0.09619565217391304,0.09602108698380821,0.09587205894666331,0.09569478180752157,0.09469283033211384,0.07059733072916667,0.06866794814118032,0.06638476065358404,0.06562719135420533,0.06505984180229428,0.06452952412590317,0.06433234914958207,0.06399466711107407,0.06374369029243669,0.06345495533105118,0.06342176728640067,0.06321863109921813,0.06316934404283801,0.06304948505400654,0.06284828424184019,0.062253010367753034,0.03564453125,0.04107128276312566,0.040288241074353096,0.04011826058391163,0.040041152263374485,0.039937353171495694,0.039671400264200796,0.03967433979418936,0.03955480160536224,0.03945516270597003,0.03944152131582218,0.03946441155743481,0.03948569058481958,0.03941254563557916,0.039350794902660746,0.0385445858409519,0.0343017578125,0.03804081632653061,0.03773121623833688,0.03743337433374334,0.03737933867323886,0.03728548499938269,0.03716675594379661,0.03715923619416835,0.037102765167148166,0.03704774491987444,0.037032444719983466,0.03705388528183284,0.03702477971290283,0.03703090736066862,0.03701250310507576,0.03586225946045484,0.038004557291666664,0.03809096105168613,0.03753428021775613,0.03756715744576139,0.03732171482592791,0.03720011522159582,0.037021784787711565,0.03688744178378601,0.036754393201881036,0.03669459693730136,0.0365813377374071,0.03659191343493165,0.036561183177724534,0.03656420426375806,0.03651232910660444,0.03628995537747018,0.040283203125,0.03995266079007509,0.03967767006176627,0.03928805774278215,0.03919474116680362,0.039096259105312975,0.038818148102361234,0.03884856483008908,0.0388076954834448,0.038784023790838874,0.03879684336652481,0.038733413252862635,0.03874943137173814,0.03871448070480209,0.038748137108792845,0.036558160710220805,0.040364583333333336,0.04006534613028385,0.03970528039295947,0.03943049400951912,0.039266477529706835,0.039209225700164746,0.03921487773700054,0.039212448920625746,0.039149287631633285,0.03912899760350384,0.039102219650312076,0.039077037588388534,0.03900401207759441,0.038964262078093975,0.038939005213936936,0.03700787401574803,0.043538411458333336,0.0434232542953924,0.043120729861309985,0.04305749200360863,0.042993957828106374,0.04290007822471077,0.04290483452169971,0.042830616876418405,0.04282646402907409,0.04273610250051663,0.04271772392688777,0.04273186067676016,0.042704626334519574,0.04267560743408254,0.04271627444481273,0.041653212786567646,0.0489501953125,0.04870884836617305,0.04851829143674637,0.048444608385589574,0.04839173479028879,0.048381124778870285,0.04835852864851505,0.048335256304598645,0.048321926280201204,0.04831256704348544,0.04824995872544164,0.048226598951236634,0.04819724941147317,0.04820123084548346,0.048171386114092295,0.04610507668640157,0.054239908854166664,0.05392296718972896,0.053684425392937336,0.05363859362224039,0.053618973497726624,0.05368274278215223,0.05368356248717423,0.0536932051598061,0.05355528154541718,0.0535383856244089,0.05348033569195327,0.05349574091601169,0.05347219363602684,0.053400856389986824,0.05331139448786507,0.05116872465485032,0.058186848958333336,0.05770486451191642,0.056674702733624814,0.0565450599844409,0.05644201977111448,0.05637909087176118,0.05631371259454127,0.05623431650828911,0.056111316948664114,0.05612749135233075,0.05610479485912012,0.05611866501854141,0.056089017102823,0.05607746188710342,0.05609132871744148,0.052553829625318946,0.004801432291666667,0.003794524460402301,0.003591983346259031,0.0032694429686542154,0.002989597837660742,0.002951182522441284,0.002707470156294868,0.002463357556349304,0.002464673020046007,0.002301779768999959,0.0021795451741579964,0.0021391254267966596,0.0020981610235734564,0.002016460905349794,0.0020175402478692303,0.0021733224667209996,0.00008138020833333333],