{"startTime":"2025-03-20T18:12:51.996Z","infectedMalesAtStart":8,"infectedFemalesAtStart":8,"toxinAntitoxinLength":3,"killRate":0.5,"rescueRate":0.75,"simulationLength":38,"infectionRatio":[0.006568144499178982,0.006568144499178982,0.006568144499178982,0.006568144499178982,0.006568144499178982,0.006568144499178982,0.006568144499178982,0.006568144499178982,0.006568144499178982,0.006568144499178982,0.006568144499178982,0.006568144499178982,0.006568144499178982,0.006568144499178982,0.006568144499178982,0.005703422053231939,0.006496176301291012,0.006451086068920464,0.006402153080781308,0.006411041692188329,0.006419430020035164,0.006425472701972661,0.006429156429156429,0.0064304730698341184,0.006432053750665738,0.006433635208785805,0.006434689946309275,0.0064354812264305625,0.0064365365693670054,0.0064375922584877805,0.006438384252614312,0.005821415474880821,0.00020345052083333334,0.00020461614012113276,0.00012322352747884662,0.00008239607794668974,0.00008271298593879239,0.000041485169052063885],"averageToxinCountInMales":[2.625,2.625,2.625,2.625,2.625,2.625,2.625,2.625,2.625,2.625,2.625,2.625,2.625,2.625,2.625,3,1.7951807228915662,1.7951807228915662,1.7682926829268293,1.7682926829268293,1.7682926829268293,1.7682926829268293,1.7682926829268293,1.7682926829268293,1.7682926829268293,1.7682926829268293,1.7682926829268293,1.7682926829268293,1.7682926829268293,1.7682926829268293,1.7682926829268293,1.7818181818181817,1.4,1.4,1.6666666666666667,2,2,2],"averageAntitoxinCountInFemales":[2,2,2,2,2,2,2,2,2,2,2,2,2,2,2,2,1.76,1.76,1.76,1.76,1.76,1.76,1.76,1.76,1.76,1.76,1.76,1.76,1.76,1.76,1.76,1.7916666666666667,null,null,null,null,null,null],"reproductiveSuccessOverTime":[0,0,0,0,0,0,0,0,0,0,0,0,0,0,0,0,0.0010465025006014574,0.0003011640838929271,0.00013767119613039067,0.00009702767539326108,0.00009715462823345343,0.00009724608098164732,0.00009730183221562533,0.00009732175886567973,0.00009734568162176126,0.00009736961614168629,0.00009738557902805732,0.00009739755462803618,0.00009741352667700765,0.0000974295039652932,0.00009744149037135823,0.00038394347005434406,0.000007322464866199713,0.000048287645136344906,0.000048466150355365324,0.000003862316153751082,0.00004523366418527709,0.000045374403650694876]}