{"startTime":"2025-03-20T20:01:01.828Z","infectedMalesAtStart":64,"infectedFemalesAtStart":16,"toxinAntitoxinLength":3,"killRate":1,"rescueRate":1,"simulationLength":240,"infectionRatio":[0.03561887800534283,0.03561887800534283,0.03561887800534283,0.03561887800534283,0.03561887800534283,0.03561887800534283,0.03561887800534283,0.03561887800534283,0.03561887800534283,0.03561887800534283,0.03561887800534283,0.03561887800534283,0.03561887800534283,0.03561887800534283,0.03561887800534283,0.033092037228541885,0.021689639471832445,0.020118246017408442,0.019872976849006352,0.019664189827168603,0.019606231246660364,0.01946181698485846,0.01947062939941547,0.019481054365733115,0.019364673890651395,0.019371857225290577,0.01937664907651715,0.019383841299954633,0.0193886390825461,0.01939103886459279,0.019396640666914284,0.018609793173338246,0.0174560546875,0.01705686990036492,0.016553027191325065,0.01628731650997856,0.016139044072004966,0.0161437583001328,0.01597138460258703,0.015872354607565406,0.015849182515849183,0.015823973946808068,0.015789473684210527,0.01576086956521739,0.015688407312889594,0.015691689681144864,0.015695630336514315,0.014751695070551586,0.025146484375,0.024696405936950567,0.024239192847182348,0.024174649508695474,0.024113767518549052,0.02391968933322317,0.023838099573728427,0.023822347433401003,0.02385001451740014,0.023873780361220676,0.023884688875965773,0.023772910519097294,0.023778840157971316,0.023782794894183196,0.023696682464454975,0.022407693005533885,0.038492838541666664,0.03750818062827225,0.03662191567105966,0.03630526055816251,0.03602859149692187,0.035418392709196354,0.035052059567760405,0.03464318351748775,0.03447272122421823,0.034218632919823494,0.034037411990167896,0.033929390187987164,0.03377392319559688,0.033501606241395136,0.03345585164146688,0.031088780225202995,0.049112955729166664,0.04814058030241111,0.04770491803278688,0.047312004599778225,0.04684477009838225,0.04642150395778364,0.046062959596794184,0.04583815985437697,0.04551667011803686,0.04546019642783142,0.0453244868339208,0.04513773647527381,0.04499232142115967,0.044812692084060135,0.044770535417359494,0.041748790539329866,0.07246907552083333,0.07081921711090249,0.06975601768462421,0.06886215250687801,0.06811069016636469,0.0676952270945918,0.06693401686786836,0.06654519855894654,0.06623834196891192,0.06597236629185511,0.0657200979781625,0.06539532178320662,0.06523366040246133,0.06511976047904192,0.06511066733233484,0.06123822341857335,0.0859375,0.08303042679191341,0.08215866251434191,0.08110887179698104,0.08059258036561713,0.07972363576186339,0.07910119812611417,0.07862183478621834,0.0781698042638075,0.07771999167880175,0.07728824852169568,0.07693590064182712,0.07648677954791892,0.07631326407143155,0.07616820478556813,0.0729147737597674,0.09867350260416667,0.09641996979221945,0.09498281224422983,0.09394486380045947,0.09311990782651633,0.09227087030082945,0.09167597072323533,0.09105590062111801,0.09053975623911782,0.09016223393220198,0.08962538416812027,0.08919368246051537,0.0887039733721656,0.08822549754350903,0.088125,0.0860762980305743,0.1129150390625,0.10898614686772097,0.10738750564010009,0.10552121961269056,0.10434674717730262,0.10346686572115783,0.10250010399767046,0.1016129704497145,0.1008982661374556,0.10036817002761275,0.09998743350228291,0.09934163626451964,0.09909342734827499,0.09893755511695293,0.09873534725431704,0.09620324102180919,0.09309895833333333,0.08742789346643211,0.08491652274035694,0.08272415644488498,0.08090064687344502,0.07936111804342401,0.07835369667653559,0.07750804328751097,0.07665899099853464,0.07612659819744289,0.07556040634707413,0.07479189439165895,0.0740054725320985,0.07351392341070902,0.072992700729927,0.0708625138223369,0.058756510416666664,0.055585073772836883,0.05389221556886228,0.05269658295594895,0.051637955963151155,0.05104955906098621,0.05028628329599203,0.04979011678650098,0.04951112960266278,0.0489897937929598,0.048536402301726296,0.04792518994739918,0.04774236665135124,0.047439916405433644,0.047112970711297074,0.04638891438010462,0.025797526041666668,0.02197084167109078,0.021494370522006142,0.02105911330049261,0.02057782533541855,0.01993067590987868,0.019591634289493263,0.019317476732161325,0.019049196620838163,0.018693525656967587,0.01846319807484856,0.018347100576978956,0.018146333361016526,0.017864561695056087,0.01789355415921102,0.016255781579774576,0.0050048828125,0.004651542353517219,0.004458442408376963,0.004468861465294576,0.004313177785080512,0.004319387881031716,0.0042823025611463394,0.004203585411085926,0.004164948453608247,0.004166666666666667,0.0041274558362225525,0.004087699739873653,0.004087868527541498,0.0040885438176261665,0.004051930869097825,0.003686103832659768,0.0009358723958333334,0.0007751621720860022,0.0006134969325153375,0.0005739822065515969,0.0004928738653632891,0.000452228251932248,0.0003704923431582414,0.0003708129042890693,0.0003711187167539483,0.00037127181221896787,0.0003713790542213419,0.00037145569359032566,0.00033026462453040497,0.00033030553261767135,0.0003311121228425976,0.00035471999290560016],