{"startTime":"2025-03-20T20:01:01.828Z","infectedMalesAtStart":512,"infectedFemalesAtStart":16,"toxinAntitoxinLength":3,"killRate":1,"rescueRate":1,"simulationLength":238,"infectionRatio":[0.21187800963081863,0.21187800963081863,0.21187800963081863,0.21187800963081863,0.21187800963081863,0.21187800963081863,0.21187800963081863,0.21187800963081863,0.21187800963081863,0.21187800963081863,0.21187800963081863,0.21187800963081863,0.21187800963081863,0.21187800963081863,0.21187800963081863,0.1848030018761726,0.026464760826493065,0.023223849471538934,0.02085813610171913,0.019419333237671595,0.018105849582172703,0.017157453371246807,0.015856901136088952,0.015542536193289111,0.015131674668994616,0.014617327117327118,0.014337091757387248,0.014013234721681589,0.01397681893445018,0.013987718101179452,0.0138997268825595,0.013477993400816509,0.019734700520833332,0.019596541786743516,0.01927461139896373,0.01906708945260347,0.01907436907856125,0.018978286483756945,0.018904548907080765,0.018824027072758036,0.01881914127071589,0.01875901875901876,0.01873725356900068,0.018749202840015307,0.018764360479959153,0.01873536299765808,0.018743343982960597,0.018240078876016762,0.025309244791666668,0.025298780237381413,0.0252577533021407,0.025274816788807462,0.025254003428523644,0.025283018867924528,0.02533932848678405,0.02539268118078073,0.025377286906668916,0.025356509999156188,0.025373638436207043,0.02535496957403651,0.025368906177328655,0.02533305138507084,0.025298248582790422,0.02499633126253485,0.035074869791666664,0.034583316219657455,0.03444568498532027,0.03420297091499189,0.033916711916795454,0.03351791257655844,0.033444112574144966,0.03333614295347269,0.033267192975049605,0.033217817597836194,0.03321485994753322,0.03315689180605547,0.033134189229269945,0.03305645024580437,0.03307046553039939,0.032910894979860494,0.043212890625,0.04288178756263863,0.04271699987582268,0.042558507537269925,0.04210438203657975,0.04199386889514131,0.04188768207459796,0.04167545450710761,0.04153638130651568,0.041465685030041464,0.04140558848433531,0.04143365531265887,0.04142112180438377,0.041412084181941616,0.04135178738218562,0.041382357272593394,0.037272135416666664,0.036624923013754876,0.03623578076525336,0.03586585670300408,0.03562468640240843,0.03523785552479235,0.034977088325555974,0.03470935130581297,0.034597696299734186,0.0345775034873399,0.03456445403392985,0.03460105031339997,0.03440969573692686,0.03426342125349843,0.0342427971315823,0.03446424212838663,0.036946614583333336,0.03648526635475663,0.03636213379612413,0.03612956810631229,0.03579026404705293,0.03558271935699933,0.035535976505139504,0.03548454908555813,0.03528718207849082,0.035206813677952524,0.03511882149339412,0.03506252112200067,0.0349505536302933,0.03489109748361176,0.034904383144356066,0.03500731350560702,0.025309244791666668,0.02453659939994246,0.02424091999669066,0.0238748856168372,0.023350041771094402,0.02305306396177383,0.022946961418845085,0.0226535854141227,0.022479018177217324,0.02242966967981752,0.02235841081994928,0.022257013498074726,0.022188346883468834,0.022150692473846937,0.02211676976527413,0.021415998435360843,0.0274658203125,0.027214514407684097,0.026945489110220277,0.02657145229593955,0.026406764130117874,0.02621456643532068,0.026066549325287066,0.025996388223930116,0.025913928736695974,0.02578687902919985,0.0256831983805668,0.02561397586294202,0.025501372176483007,0.025512143611404435,0.0254394861392833,0.02507729302645139,0.035400390625,0.03486178328274957,0.03427061398075891,0.0340243446470857,0.03346128170894526,0.03329568745555695,0.032951829958495785,0.03288119934489565,0.032841343930028175,0.03270890338876026,0.03266045766783261,0.03252615592305096,0.0324650652256512,0.03244476363482743,0.032420322935159354,0.03298534529235897,0.043497721354166664,0.042763833545577785,0.041906259049352586,0.04130443825132066,0.040808654609247735,0.040444258172673934,0.04007561436672968,0.03977105340684314,0.039468690702087285,0.03934979945112941,0.039183362921633276,0.039118667004990275,0.03881152918271469,0.038541357841683964,0.03827730914331737,0.038828740157480314,0.0201416015625,0.018950137707074443,0.018298488925688264,0.01773448232796303,0.01722624074925785,0.01702448842670245,0.016731124936942995,0.016392751790981878,0.016210739614994935,0.015934065934065933,0.015742699957680913,0.015459551037695892,0.015258763192472343,0.014971583679701417,0.014640977762688847,0.01586210283357069,0.0035400390625,0.003199081289475843,0.0030125453945196432,0.0028602221853755595,0.002787949400798935,0.002671341514316721,0.002551340499393534,0.002430031841796548,0.0022657659547685983,0.0022254881377283225,0.0021850575678628455,0.002186803482064006,0.0019773654760402203,0.0019356196086682096,0.0018520857010565308,0.002138517618469016,0.0001220703125,0.00012306177701206005,0.00008248102936324645,0.0000827848834802765,0.00008304268393954493,0.00008325354868251259,0.00008342370901810294,0.0000835421888053467,0.000083629521220991,0.00008368200836820084,0.00008373806732540613,0.00004188832572362083,0.000041897100720630135,0.000041912904983444406],