{"startTime":"2025-03-20T18:12:51.996Z","infectedMalesAtStart":8,"infectedFemalesAtStart":8,"toxinAntitoxinLength":3,"killRate":0.5,"rescueRate":0.5,"simulationLength":178,"infectionRatio":[0.006361829025844931,0.006361829025844931,0.006361829025844931,0.006361829025844931,0.006361829025844931,0.006361829025844931,0.006361829025844931,0.006361829025844931,0.006361829025844931,0.006361829025844931,0.006361829025844931,0.006361829025844931,0.006361829025844931,0.006361829025844931,0.006361829025844931,0.006967022758941012,0.018283413451661942,0.01810471374979612,0.01810471374979612,0.018083847001673675,0.018102321019941157,0.018114904927417706,0.018127506342581225,0.01809399050270182,0.018100659322658585,0.018105849582172703,0.018110300745718268,0.0181132694041472,0.018114011720831113,0.018116239035986557,0.01811772421708477,0.017257121986851715,0.031046549479166668,0.030759803921568626,0.030478063168243825,0.030381409861641416,0.030390380497446877,0.030393128510075983,0.030420926286163653,0.030426131653125518,0.030412413907559537,0.030426300278112158,0.03041130037390943,0.030427734131437834,0.03043785604391035,0.03040891884021798,0.03034333693573863,0.02900521187400861,0.0211181640625,0.021077092421215703,0.020825676834497122,0.02023877667838744,0.01997952917093142,0.01992619926199262,0.01978166297299516,0.019724676392027945,0.019665117044472786,0.019634477648802173,0.019644180874722018,0.0196514645902855,0.01961996620089856,0.019628865979381443,0.019587671289247356,0.017921465735758438,0.017578125,0.017461547876463628,0.017117411553231474,0.01512921164540399,0.013464844069738888,0.013486923013855866,0.01346082816924529,0.013475760065735415,0.013484624239434303,0.01349017027227112,0.01349516560378523,0.013498497880571217,0.013501831803400156,0.013497942386831276,0.013464696223316914,0.012339055793991416,0.0135498046875,0.013457303645705897,0.013397051014989994,0.013330607237783685,0.01334971334971335,0.01324856439704676,0.013262163826729624,0.01318870947861457,0.013195757625585792,0.013158435790945352,0.01316330728095434,0.013164931912617764,0.013166556945358789,0.013170892327955219,0.013139525334647286,0.012215019623406976,0.011922200520833334,0.01174886794761963,0.011599411860807058,0.011618868387677454,0.011633146274525868,0.011605019273353563,0.011579206701157922,0.011585866885784717,0.01159253473649593,0.011599210266535044,0.011603983211258332,0.011604938271604939,0.011607804396147196,0.011613540894489745,0.01159587154077059,0.010646287052171225,0.011759440104166666,0.011417852628145007,0.011110203414753697,0.011082938000981514,0.011094280918655585,0.011108833777413405,0.011120686117608436,0.011130277640873994,0.011137138864915958,0.011141259661239928,0.011146300333155102,0.011147675853558206,0.011150427913100724,0.011151804452491667,0.01116144975288303,0.01060070671378092,0.009073893229166666,0.01231647634584013,0.011476882862277406,0.011494723063077803,0.011466481018878741,0.011474469305794608,0.011487179487179488,0.011454612637024264,0.011463083939356588,0.011466381719546276,0.011472511205230478,0.011475342409410604,0.011478175011313613,0.011481009011974816,0.011481953989876127,0.011284990081551685,0.010009765625,0.010968399592252803,0.009510592269072207,0.009477511336247395,0.009488752556237219,0.009501576770283,0.009508586417476126,0.00951599671862182,0.009523418578876073,0.009527720739219713,0.009531635168447001,0.00953320184089415,0.009533985370263828,0.009535552815454172,0.009541827753557622,0.008798543689320388,0.0011393229166666667,0.00387565274151436,0.002696959790781301,0.0025385906727265284,0.002543276724915908,0.0025466195678961637,0.0025490276692842167,0.0025508104994651525,0.0025528060279161693,0.002553857560654117,0.00255480468106148,0.0025554364850383315,0.0025562793765976748,0.00255691191026064,0.0025628306878306877,0.0026543368439078687,0.0014241536458333333,0.00016303904785196053],"averageToxinCountInMales":[2.625,2.625,2.625,2.625,2.625,2.625,2.625,2.625,2.625,2.625,2.625,2.625,2.625,2.625,2.625,2.4285714285714284,2.1422018348623855,2.142857142857143,2.142857142857143,2.138888888888889,2.138888888888889,2.138888888888889,2.138888888888889,2.130232558139535,2.130232558139535,2.130232558139535,2.130232558139535,2.130232558139535,2.130232558139535,2.130232558139535,2.130232558139535,2.1910828025477707,2.4895287958115184,2.5053763440860215,2.5054945054945055,2.5083333333333333,2.5027932960893855,2.508426966292135,2.5098591549295777,2.5112994350282487,2.5127478753541075,2.5127478753541075,2.5170454545454546,2.5170454545454546,2.5170454545454546,2.5185185185185186,2.5114285714285716,2.5413533834586466,2.7454545454545456,2.7372262773722627,2.7232472324723247,2.714828897338403,2.72972972972973,2.727626459143969,2.719367588932806,2.7171314741035855,2.7068273092369477,2.7096774193548385,2.7096774193548385,2.7096774193548385,2.7125506072874495,2.7125506072874495,2.7125506072874495,2.8603351955307263,2.608108108108108,2.614678899082569,2.624413145539906,2.6984126984126986,2.776470588235294,2.776470588235294,2.78698224852071,2.78698224852071,2.78698224852071,2.78698224852071,2.78698224852071,2.78698224852071,2.78698224852071,2.78698224852071,2.78698224852071,2.783333333333333,2.0787878787878786,2.049382716049383,2.031055900621118,2.018867924528302,2.018867924528302,2.0063694267515926,2.0063694267515926,1.9935483870967743,1.9935483870967743,1.974025974025974,1.974025974025974,1.974025974025974,1.974025974025974,1.974025974025974,1.974025974025974,2.017543859649123,1.7611940298507462,1.7131782945736433,1.688,1.688,1.688,1.6774193548387097,1.6829268292682926,1.6829268292682926,1.6829268292682926,1.6829268292682926,1.6829268292682926,1.6829268292682926,1.6829268292682926,1.6829268292682926,1.6829268292682926,1.696629213483146,1.6493506493506493,1.6081081081081081,1.5890410958904109,1.5793103448275863,1.5793103448275863,1.5793103448275863,1.5793103448275863,1.5793103448275863,1.5793103448275863,1.5793103448275863,1.5793103448275863,1.5793103448275863,1.5793103448275863,1.5793103448275863,1.5793103448275863,1.6610169491525424,1.12,1.7210884353741496,1.6474820143884892,1.6474820143884892,1.6521739130434783,1.6521739130434783,1.6521739130434783,1.6569343065693432,1.6569343065693432,1.6569343065693432,1.6569343065693432,1.6569343065693432,1.6569343065693432,1.6569343065693432,1.6569343065693432,1.7894736842105263,1.3666666666666667,1.5303030303030303,1.3448275862068966,1.3478260869565217,1.3478260869565217,1.3478260869565217,1.3478260869565217,1.3478260869565217,1.3478260869565217,1.3478260869565217,1.3478260869565217,1.3478260869565217,1.3478260869565217,1.3478260869565217,1.3478260869565217,1.449438202247191,3,3.019230769230769,3.026315789473684,3.0277777777777777,3.0277777777777777,3.0277777777777777,3.0277777777777777,3.0277777777777777,3.0277777777777777,3.0277777777777777,3.0277777777777777,3.0277777777777777,3.0277777777777777,3.0277777777777777,3.0277777777777777,3.0277777777777777,3.0588235294117645,3],