{"startTime":"2025-03-20T18:12:51.996Z","infectedMalesAtStart":8,"infectedFemalesAtStart":512,"toxinAntitoxinLength":3,"killRate":1,"rescueRate":0.75,"simulationLength":211,"infectionRatio":[0.21138211382113822,0.21138211382113822,0.21138211382113822,0.21138211382113822,0.21138211382113822,0.21138211382113822,0.21138211382113822,0.21138211382113822,0.21138211382113822,0.21138211382113822,0.21138211382113822,0.21138211382113822,0.21138211382113822,0.21138211382113822,0.21138211382113822,0.23545835272219637,0.37320397887756357,0.37811493127778456,0.3748063595597228,0.3776226630745367,0.3781011157886132,0.3783750613647521,0.3786030134294137,0.378773604227256,0.3789754098360656,0.3790120926419348,0.37905870777304035,0.37908979089790895,0.37910533437205296,0.3791208791208791,0.37916752101701867,0.3852393679373564,0.3618977864583333,0.3636475865190733,0.3419129720853859,0.35338314824753336,0.35225521635916873,0.35073594162787775,0.34977219034762064,0.34858498559566176,0.3474799931891708,0.34708167883523333,0.3467220485590716,0.34622981793198215,0.34598175873343656,0.3458173512045856,0.3451969592259848,0.3621813031161473,0.3525797526041667,0.35079548264776195,0.3129986498097459,0.31889038910028233,0.31711845525436316,0.3160716512198163,0.31472420858947014,0.3139700940860215,0.3134246575342466,0.3121509561685564,0.3117153036986766,0.3112689837069809,0.31074048797133597,0.3103610339671011,0.3090128755364807,0.3173690358522778,0.3179524739583333,0.30887000779871115,0.26713697345349263,0.2677078660848999,0.2639656230816452,0.26299757131684026,0.26184765528078735,0.26100302816609283,0.2602380556017979,0.2595792637114951,0.25904068307383227,0.25822423632091307,0.25771332492643967,0.25733653319860217,0.25651548485361314,0.2531163434903047,0.2723795572916667,0.26596135778767205,0.2229641693811075,0.2103549332464995,0.20733944954128442,0.20670893843321742,0.20600541471818853,0.20529692383615727,0.20491566662542784,0.20467691290695753,0.20418804833636814,0.20381954513442976,0.20352550808793032,0.20314770981271543,0.20266666666666666,0.19090642907934915,0.24918619791666666,0.23859462988655838,0.19338950624821916,0.1722636056498555,0.16622519255063367,0.1647467320261438,0.16408681408681408,0.16361696890128827,0.16351684470008218,0.1631561625802205,0.16295258887012398,0.1624809270485381,0.16228486524412894,0.1622202031882382,0.16099763848034138,0.1595557194967007,0.19734700520833334,0.18385558860682125,0.14825368395343158,0.11809485039690616,0.10980823256382069,0.10946673189823874,0.10885631456453392,0.10854900036796271,0.10834595391101469,0.10814577952691345,0.10763546798029557,0.10733070348454964,0.10722217652381344,0.10691202502984644,0.10578512396694215,0.1111156635391486,0.1182861328125,0.11399576133029019,0.07893022877147277,0.059666259666259665,0.051418800635101576,0.04923239809422975,0.04875066237313007,0.048406187502550914,0.048144515285270556,0.047835338407398315,0.047698984605306256,0.04734382685686178,0.047160139429977446,0.04687820697015722,0.04540043512171093,0.06571812956092789,0.0550537109375,0.05872537847957024,0.051920572916666664,0.034464518229166664,0.0238037109375,0.0228271484375,0.022594040058622374,0.0225272934658628,0.022494804189249765,0.022502140149198973,0.022470535459402145,0.02247603508056292,0.02244256742971396,0.022445315050603983,0.02172052650882269,0.03473156414332885,0.036458333333333336,0.034586588541666664,0.034830729166666664,0.025309244791666668,0.020100911458333332,0.018636067708333332,0.018598404688263064,0.018616587909401988,0.01862948921772451,0.018638606794730617,0.018646211595740342,0.018653061224489797,0.018656107119529718,0.01866448846232387,0.018258312229393024,0.02775403898587881,0.02294921875,0.021484375,0.015260651935050665,0.007161458333333333,0.005859375,0.005208333333333333,0.005208969193830627,0.0052146989326163126,0.005217674873634437,0.005221293085865796,0.005224489795918367,0.005226623111474071,0.005227476925590133,0.005229185390963314,0.0048161299538794335,0.01180877921654858,0.007161458333333333,0.0057373046875,0.0035400390625,0.0020345052083333335,0.0005289713541666666,0.0005289713541666666,0.0003255208333333333,0.00020351676978183002,0.00020368258106566727,0.0002038071169445237,0.00020387359836901122,0.0002039151712887439,0.00020396508117810232,0.00020400669141947857,0.00020389854008645298,0.0002441604948319362,0.00008138020833333333,0.00008138020833333333,0.00008138020833333333],"averageToxinCountInMales":[2,2,2,2,2,2,2,2,2,2,2,2,2,2,2,2,2.4934612031386223,2.53772173541355,2.5457087545708754,2.5393978219090325,2.5393978219090325,2.539513028620248,2.5398419141209145,2.5398419141209145,2.5398419141209145,2.5398419141209145,2.5398419141209145,2.5398419141209145,2.5398419141209145,2.5398419141209145,2.5398419141209145,2.5508152173913046,2.4866081476479858,2.4964161849710984,2.471192384769539,2.4311155082859264,2.423261694058154,2.4161298634372583,2.4114569709652107,2.41047341973023,2.403691813804173,2.4016129032258067,2.402373247033441,2.4000541711809316,2.4020086862106407,2.4023363216517253,2.4008726479410964,2.468058191018343,2.6224741251848203,2.6916411824668707,2.717410071942446,2.685552407932011,2.691504783995361,2.6984080188679247,2.6985316152232546,2.6943772672309554,2.700852099817407,2.703931203931204,2.703886489821098,2.7054815732424897,2.7062286953827086,2.706575682382134,2.7023884349465743,2.6933098591549296,2.7593656002187585,2.750936869414817,2.7145715238412804,2.663010967098704,2.651773533424284,2.6447823082239115,2.63922942206655,2.638477801268499,2.6351687388987566,2.6314285714285712,2.6316732353994983,2.6274721323265013,2.6255411255411256,2.6259486808818213,2.632251003283473,2.539722572509458,2.5713403335392218,2.584718670076726,2.5620184899845917,2.510446538303974,2.506069485140226,2.4991546914623837,2.4974380871050386,2.4937526928048257,2.4963219385547384,2.498480243161094,2.498476273400087,2.496943231441048,2.4973753280839897,2.496932515337423,2.505081749889527,2.4929133858267716,2.5240320427236314,2.6850477200424177,2.703301476976542,2.682261208576998,2.678680203045685,2.6802475502836516,2.6802295252999477,2.6799580272822667,2.6803149606299215,2.680168332456602,2.679155672823219,2.678476996298255,2.677795442501325,2.6770943796394486,2.6858836206896552,2.5799763033175354,2.496881496881497,2.681961313540261,2.671734234234234,2.7810271041369474,2.817901234567901,2.8170542635658915,2.813717848791894,2.80814408770556,2.8050314465408803,2.8042620363062354,2.8007936507936506,2.79585326953748,2.7963258785942493,2.7968,2.7964022894521667,2.5004262574595058,2.732334047109208,2.8228228228228227,2.579822616407982,2.4568835098335855,2.436036036036036,2.4045368620037806,2.400383141762452,2.388030888030888,2.37109375,2.3623762376237623,2.361111111111111,2.3572854291417165,2.3572854291417165,2.3547094188376754,2.3586497890295357,2.268188302425107,1.6037735849056605,1.6846715328467152,1.9252032520325204,1.3432835820895523,1.062730627306273,1.058139534883721,1.0627450980392157,1.0627450980392157,1.0627450980392157,1.0627450980392157,1.0627450980392157,1.0627450980392157,1.0627450980392157,1.0627450980392157,1.0942622950819672,1.5345744680851063,0.8817966903073287,0.6359338061465721,0.45977011494252873,0.5060240963855421,0.3371647509578544,0.3445378151260504,0.3459915611814346,0.3459915611814346,0.3459915611814346,0.3459915611814346,0.3459915611814346,0.3459915611814346,0.3459915611814346,0.3459915611814346,0.2925764192139738,0.963963963963964,1.2214285714285715,1.2401574803149606,1.1304347826086956,0.4482758620689655,0.22535211267605634,0,0,0,0,0,0,0,0,0,0,0.006896551724137931,0.010752688172043012,0.0136986301369863,0,0,0,0,0,0,0,0,0,0,0,0,0,0,0,0,0],