{"startTime":"2025-03-20T20:01:01.828Z","infectedMalesAtStart":128,"infectedFemalesAtStart":16,"toxinAntitoxinLength":3,"killRate":1,"rescueRate":1,"simulationLength":145,"infectionRatio":[0.057738572574178026,0.057738572574178026,0.057738572574178026,0.057738572574178026,0.057738572574178026,0.057738572574178026,0.057738572574178026,0.057738572574178026,0.057738572574178026,0.057738572574178026,0.057738572574178026,0.057738572574178026,0.057738572574178026,0.057738572574178026,0.057738572574178026,0.05285118219749652,0.017004148355033475,0.01591207349081365,0.015618577887381833,0.015405527865881287,0.015099009900990099,0.014870502705605353,0.014716825134353038,0.014686414032765183,0.014573155584996274,0.0145413870246085,0.014504164767311757,0.01450656940357276,0.014468720202313337,0.01443145060960438,0.014434443568791738,0.013846301264852433,0.022135416666666668,0.02540983606557377,0.025147380137692212,0.02510980359658573,0.02492302571357244,0.024718162839248433,0.0247854301863094,0.024661326175397392,0.0246955060898782,0.024676307381873215,0.024699150046284608,0.024709547061794915,0.02467784047839636,0.024686157216277697,0.024694479561736198,0.023689877961234746,0.025309244791666668,0.02950913475293252,0.02799524531704718,0.02745403808273145,0.027227111951961834,0.02704151036728637,0.026658400495970243,0.02649225929298783,0.02636160159164387,0.026350734500788446,0.02628300946686597,0.026214116571808402,0.026147322913202528,0.026037767240662174,0.025934559986678877,0.025888770745689058,0.010579427083333334,0.015948768151411323,0.015282772147760706,0.014862602588706055,0.014818453477424373,0.01476196334112437,0.01478318002628121,0.014799588900308325,0.014765763171965615,0.014734935791899901,0.014740396096677235,0.01471012402653591,0.014674361088211046,0.014679807018267288,0.01466093995209383,0.014448568398727466,0.0174560546875,0.021226319005907518,0.018960244648318043,0.018461914659493827,0.018237454100367197,0.018210771303744232,0.01818256108523331,0.018197431912979473,0.018168426221458384,0.018094731240021287,0.018102141950280544,0.01810659129081152,0.018110300745718268,0.018114011720831113,0.01811460258780037,0.017517103141749094,0.017740885416666668,0.024993893999837175,0.02323783167833306,0.022220413478756307,0.021250610649731314,0.021113556696828892,0.0204488981221231,0.020468909276248726,0.020398172323759792,0.020288198554925092,0.02026309338998284,0.020225545476832557,0.02015041281778795,0.020151236460249335,0.02017762861703434,0.01902793921391364,0.0081787109375,0.010502320280061874,0.009121263946575454,0.007778773315956667,0.007699515215708641,0.007549171631437199,0.00742402610646543,0.007430694484138326,0.007433425910798889,0.00743798275368834,0.007358953393295176,0.007319566550807606,0.007280759162303665,0.007199836367355287,0.0071662571662571665,0.007374131208679437,0.0032552083333333335,0.0032155649625529143,0.001262883448079195,0.00044828429374847175,0.0003670173721556154,0.00032654394056900283,0.00032673065141923627,0.00032693093583980383,0.0003271448433794062,0.0003273456360734891,0.0003274394237066143,0.00032751985589126343,0.000327560086803423,0.0003276137433965355,0.0003278419801655602,0.0003383808476440233,0.000040690104166666664],"averageToxinCountInMales":[2.515625,2.515625,2.515625,2.515625,2.515625,2.515625,2.515625,2.515625,2.515625,2.515625,2.515625,2.515625,2.515625,2.515625,2.515625,2.6530612244897958,3.4854771784232366,3.5209302325581397,3.5845410628019323,3.599009900990099,3.649484536082474,3.6808510638297873,3.7282608695652173,3.73224043715847,3.7333333333333334,3.7486033519553073,3.752808988764045,3.752808988764045,3.768361581920904,3.784090909090909,3.784090909090909,3.6639344262295084,3.8766666666666665,4.078313253012048,4.071428571428571,4.072327044025157,4.080385852090032,4.105263157894737,4.105263157894737,4.093333333333334,4.093333333333334,4.086956521739131,4.086956521739131,4.086956521739131,4.093959731543624,4.093959731543624,4.093959731543624,4.248847926267281,4.184375,4.519444444444445,4.53030303030303,4.537974683544304,4.52258064516129,4.527868852459016,4.538720538720539,4.539249146757679,4.537671232876712,4.537671232876712,4.536082474226804,4.531034482758621,4.529411764705882,4.538194444444445,4.538194444444445,4.672413793103448,4.580152671755725,5.1,5.0710382513661205,5.0685714285714285,5.080459770114943,5.075581395348837,5.075581395348837,5.075581395348837,5.087719298245614,5.087719298245614,5.087719298245614,5.087719298245614,5.087719298245614,5.087719298245614,5.087719298245614,5.1891891891891895,3.926470588235294,4.285714285714286,4.088372093023255,4.057971014492754,4.014925373134329,4.02,4.010050251256281,4.010050251256281,4,3.989847715736041,3.989847715736041,3.989847715736041,3.989847715736041,3.989847715736041,3.989847715736041,4.127272727272727,3.743801652892562,4.4324324324324325,4.328990228013029,4.332203389830508,4.360714285714286,4.348920863309353,4.315985130111524,4.315985130111524,4.309701492537314,4.296992481203008,4.296992481203008,4.296992481203008,4.30188679245283,4.30188679245283,4.30188679245283,4.5,4.807228915662651,5.619469026548672,5.863157894736842,5.987012987012987,6.026315789473684,6.026315789473684,6.026666666666666,6.026666666666666,6.026666666666666,6.026666666666666,6.027397260273973,6.027777777777778,6.027777777777778,6.027777777777778,6.027777777777778,6.028169014084507,6.0606060606060606,6,6,6,6,6,6,6,6,6,6,6,6,6,6,6,null],"averageAntitoxinCountInFemales":[3.0625,3.0625,3.0625,3.0625,3.0625,3.0625,3.0625,3.0625,3.0625,3.0625,3.0625,3.0625,3.0625,3.0625,3.0625,3.0625,3.815028901734104,3.815028901734104,3.815028901734104,3.8197674418604652,3.8197674418604652,3.8197674418604652,3.8197674418604652,3.8197674418604652,3.8197674418604652,3.8197674418604652,3.8197674418604652,3.8197674418604652,3.8197674418604652,3.8197674418604652,3.8197674418604652,3.8263473053892216,4.012295081967213,4.184027777777778,4.184027777777778,4.184027777777778,4.184027777777778,4.184027777777778,4.184027777777778,4.184027777777778,4.184027777777778,4.184027777777778,4.184027777777778,4.184027777777778,4.184027777777778,4.184027777777778,4.184027777777778,4.201438848920863,4.248344370860927,4.558011049723757,4.563739376770538,4.563739376770538,4.5625,4.561253561253562,4.554597701149425,4.561959654178675,4.555232558139535,4.559766763848397,4.555555555555555,4.551319648093842,4.5588235294117645,4.57396449704142,4.57910447761194,4.5823170731707314,4.984496124031008,5.36318407960199,5.329842931937173,5.322751322751323,5.324468085106383,5.324468085106383,5.324468085106383,5.324468085106383,5.324468085106383,5.320855614973262,5.320855614973262,5.338709677419355,5.34054054054054,5.34054054054054,5.342391304347826,5.374301675977653,4.066666666666666,4.423913043478261,4.26,4.2560975609756095,4.2560975609756095,4.2560975609756095,4.2560975609756095,4.2560975609756095,4.2560975609756095,4.248979591836735,4.248979591836735,4.248979591836735,4.248979591836735,4.248979591836735,4.241803278688525,4.253164556962025,3.9123711340206184,4.569395017793594,4.534090909090909,4.52988047808765,4.549586776859504,4.5625,4.532188841201717,4.532188841201717,4.525862068965517,4.51948051948052,4.526086956521739,4.5196506550218345,4.526315789473684,4.526315789473684,4.526315789473684,4.553571428571429,5.059322033898305,5.544827586206897,5.72093023255814,5.7368421052631575,5.734513274336283,5.752293577981652,5.775700934579439,5.775700934579439,5.775700934579439,5.775700934579439,5.775700934579439,5.775700934579439,5.80188679245283,5.826923076923077,5.825242718446602,5.825242718446602,6,6,6,6,6,6,6,6,6,6,6,6,6,6,6,6,6],