{"startTime":"2025-03-20T18:04:35.882Z","infectedMalesAtStart":128,"infectedFemalesAtStart":128,"toxinAntitoxinLength":3,"killRate":0.875,"rescueRate":1,"simulationLength":272,"infectionRatio":[0.10285255122539172,0.10285255122539172,0.10285255122539172,0.10285255122539172,0.10285255122539172,0.10285255122539172,0.10285255122539172,0.10285255122539172,0.10285255122539172,0.10285255122539172,0.10285255122539172,0.10285255122539172,0.10285255122539172,0.10285255122539172,0.10285255122539172,0.10340009315323707,0.11810475449445104,0.11956209766698102,0.11826322707854091,0.11799325047328998,0.1179064496187925,0.11794554455445544,0.11786805383535628,0.1178658511385709,0.11787323768966801,0.11780277961614824,0.11771277255989077,0.11773712961430227,0.11767871186721304,0.1177030719549557,0.11772744213010891,0.11685393258426967,0.09521484375,0.09652080934364204,0.09353501864898467,0.09310675963425327,0.0927791771620487,0.0925145410098626,0.09208967851099831,0.09201153324287653,0.0919867437117607,0.0918645221683261,0.0917454638384871,0.09168052535073132,0.09154538858776834,0.09152252829382874,0.09144908337250544,0.09154687729971055,0.08723958333333333,0.0890748031496063,0.08684884008916041,0.08629926491963952,0.08608387231379094,0.08594044477949492,0.08577309194774646,0.085614419270614,0.08552992282063178,0.08550076000675562,0.08548489330234524,0.0853421297471031,0.08528017606229897,0.08516495150976157,0.08519476115797059,0.08649624353595473,0.09521484375,0.0957752255947498,0.09531269324318753,0.0950842754793556,0.09503015179871076,0.0948905109489051,0.09472627660909205,0.09478137041380466,0.09488653047527161,0.09478991596638656,0.0946633584255015,0.09473507007280839,0.09467256264476732,0.09459801112422046,0.0945273631840796,0.09403658595759135,0.10445149739583333,0.10352748154224774,0.10253551370994383,0.1018291924177693,0.10162720046610346,0.1014813269351137,0.10124200225818593,0.10121542330259849,0.10113726971337446,0.10106695790977065,0.10099226370669358,0.10076149606630486,0.10053066037735849,0.10037503687160254,0.10035434067324728,0.09996638978249388,0.097900390625,0.09649878914747773,0.0955350873569865,0.09477571683472344,0.09434276899987493,0.09405070705380303,0.09347990266006545,0.09293523969722456,0.09285774446222522,0.09276437847866419,0.09259024699176695,0.09249165504711201,0.09235062793352784,0.09221328819297503,0.0920183019827148,0.09019777265745008,0.0885009765625,0.08777108186774894,0.08730420445177246,0.08691874896574549,0.08637363549578715,0.08621981681931723,0.0860300250208507,0.08585394385026739,0.08546686746987951,0.0853505318703409,0.08512511002137559,0.08495115099165583,0.08487518355359765,0.08467318752361362,0.08458275586913612,0.08253771243078098,0.07637532552083333,0.07533095618672897,0.07431207777228538,0.07373862696443341,0.07315352697095436,0.07264939493491912,0.07197064465015428,0.07178651966925582,0.07145545009825648,0.0712073007367716,0.07097071515354644,0.07088363514419853,0.07075451914608061,0.07057441362816264,0.07052896725440806,0.07091213789801293,0.06477864583333333,0.06402688965404164,0.06339274688181781,0.06294168698599,0.06241969577651594,0.06213140626297865,0.061631294215563875,0.061140285071267814,0.06087029079227335,0.06072756129140041,0.060593397409109906,0.060417276414266,0.060214243869779895,0.060074517519989955,0.05982404692082111,0.058151260504201684,0.044270833333333336,0.044358963866268364,0.04388379833175823,0.04355357584756248,0.04331457885156379,0.04320245449645508,0.04303397856608789,0.04275494925969057,0.042594828663030354,0.04254875812635439,0.042535446205170975,0.04247329773030708,0.042289387993654504,0.042298217044553006,0.04231588621078575,0.04191674268977769,0.033732096354166664,0.03481284516260994,0.03415855811471035,0.03283754274648758,0.032463241367916736,0.0323941913863721,0.032274102001077186,0.032149672280759975,0.03197807217907721,0.03190826374174249,0.03184633933397082,0.03181931619665585,0.031746692186069736,0.031750655403437224,0.03175594123277979,0.03147188639416619,0.0263671875,0.026177795985251946,0.0261655370712672,0.025857454605344422,0.025855670103092785,0.025705665991651857,0.02566437619008196,0.025612333706328483,0.025595287480295364,0.025579270824682334,0.025550477773161613,0.025561097256857856,0.025488565488565488,0.02549598635777565,0.02550235054291301,0.025062296338892082,0.019612630208333332,0.019497240956468424,0.019456530662507184,0.01938191843957039,0.019309320460453028,0.019268938140919616,0.019252266799155385,0.01919489241739563,0.01920046446047939,0.019213212714748112,0.019220391049856782,0.019226776296665422,0.019189234092041867,0.01911330867993518,0.01912443354259344,0.017916547856667617,0.013509114583333334,0.013463742019970535,0.01343522741279428,0.013380542632467372,0.013353666075918065,0.013290407792636618,0.013268300748150292,0.013240100955769787,0.01320910973084886,0.01317370230746924,0.013176977582563296,0.013140985781204659,0.01314534522081692,0.013147526025465555,0.013152981204099416,0.012743093528600638,0.0028889973958333335,0.0029034104849922303,0.0029154518950437317,0.0028805398954775525,0.0028864789080862647,0.0028912477799347405,0.002894834787643191,0.0028973509933774835,0.002857971254607961,0.002858563261247825,0.0028592739930382895,0.002860103626943005,0.0028606965174129352,0.0028609337424330378,0.002861764339927834,0.002956886684471576,0.00008138020833333333,0.00008173941474579042,0.00008205801501661675,0.00008223007976317738,0.00008236214635753408,0.00008247422680412371,0.00008256274768824307,0.00008263097008758883,0.00008268904783561417,0.00008274036074797286,0.00008277117907544593,0.00008280544859851778,0.00008282945415389712,0.00008283974651037568,0.00008284660950250611,0.00009541074324968991],