{"startTime":"2025-03-20T18:12:51.996Z","infectedMalesAtStart":8,"infectedFemalesAtStart":8,"toxinAntitoxinLength":3,"killRate":1,"rescueRate":1,"simulationLength":67,"infectionRatio":[0.00699912510936133,0.00699912510936133,0.00699912510936133,0.00699912510936133,0.00699912510936133,0.00699912510936133,0.00699912510936133,0.00699912510936133,0.00699912510936133,0.00699912510936133,0.00699912510936133,0.00699912510936133,0.00699912510936133,0.00699912510936133,0.00699912510936133,0.006097560975609756,0.004756827688017715,0.004447890312576512,0.004119422465127661,0.0030200383626494713,0.0030242347460051494,0.0030263373139211517,0.0030285667512482605,0.003029062627916496,0.0030306753491419914,0.0030320413013193476,0.0030334084853453577,0.0030336571967367687,0.0030339059489155836,0.003034030340303403,0.0030341547418918364,0.002912890697244313,0.005411783854166667,0.005373477172976742,0.00521282272298157,0.005184331797235023,0.0051986632008912,0.0052122114668652275,0.005185000829600133,0.005111582096995387,0.005119240854039206,0.005123078845432963,0.005126708902967656,0.005129060506234102,0.005089270815951944,0.005090757354475277,0.005093733038286502,0.0048210643426664194,0.0037841796875,0.0038035254181833056,0.003598298985933922,0.0027823240589198036,0.002785515320334262,0.002791232246941959,0.0027935255936241887,0.0027973178658110163,0.002800082355363393,0.002802274787768895,0.0028041237113402063,0.0028043549983503796,0.002804933382832158,0.0028051648034322016,0.002806785817476369,0.0026513279108434816,0.0001220703125,0.00012245397771337607,0.00004088307440719542],"averageToxinCountInMales":[2.75,2.75,2.75,2.75,2.75,2.75,2.75,2.75,2.75,2.75,2.75,2.75,2.75,2.75,2.75,2.8,2.2291666666666665,2.25,2.1951219512195124,2.28125,2.28125,2.28125,2.28125,2.28125,2.28125,2.28125,2.28125,2.28125,2.28125,2.28125,2.28125,2.4545454545454546,2.8607594936708862,2.8701298701298703,2.9315068493150687,2.9166666666666665,2.9166666666666665,2.9166666666666665,2.943661971830986,2.9565217391304346,2.9565217391304346,2.9565217391304346,2.9565217391304346,2.9565217391304346,2.985294117647059,2.985294117647059,2.985294117647059,2.843137254901961,4,4,4,4,4,4,4,4,4,4,4,4,4,4,4,4,4,4,4],"averageAntitoxinCountInFemales":[2,2,2,2,2,2,2,2,2,2,2,2,2,2,2,1.8571428571428572,2.1323529411764706,2.123076923076923,2.1333333333333333,2.261904761904762,2.261904761904762,2.261904761904762,2.261904761904762,2.261904761904762,2.261904761904762,2.261904761904762,2.261904761904762,2.261904761904762,2.261904761904762,2.261904761904762,2.261904761904762,2.292682926829268,2.962962962962963,2.962962962962963,2.962962962962963,2.962962962962963,2.962962962962963,2.962962962962963,2.962962962962963,2.962962962962963,2.962962962962963,2.962962962962963,2.962962962962963,2.962962962962963,2.962962962962963,2.962962962962963,2.962962962962963,2.981132075471698,4,4,4,4,4,4,4,4,4,4,4,4,4,4,4,4,4,4,null],"reproductiveSuccessOverTime":[0,0,0,0,0,0,0,0,0,0,0,0,0,0,0,0,0.001599278274419749,0.0005304823308577492,0.00004078636104086794,0.000040811329224992855,0.00004086803710817769,0.000040896450188123673,0.00004092657771957109,0.000040933278755628324,0,0,0,0,0,0,0,0.00023118180136859627,0,0.000041018909717379714,0.00004104584821245331,0.00008229098090849243,0.00004125923175310476,0.00004136675767353355,0.00004148000663680106,0,0,0,0,0,0,0,0,0.0006953458186538105,0,0,0,0,0,0,0.00004108125872976748,0.0000411370274383973,0.00004117768169652048,0.00004120992334954257,0,0,0,0,0,0.0004044398508066328,0,0,0]}