{"startTime":"2025-03-20T18:12:51.996Z","infectedMalesAtStart":8,"infectedFemalesAtStart":64,"toxinAntitoxinLength":3,"killRate":0.75,"rescueRate":0.75,"simulationLength":204,"infectionRatio":[0.030366933783213833,0.030366933783213833,0.030366933783213833,0.030366933783213833,0.030366933783213833,0.030366933783213833,0.030366933783213833,0.030366933783213833,0.030366933783213833,0.030366933783213833,0.030366933783213833,0.030366933783213833,0.030366933783213833,0.030366933783213833,0.030366933783213833,0.03228962818003914,0.0485825005098919,0.048614229152210295,0.048678720445062586,0.04873454009337374,0.04879448909299656,0.048813531488627965,0.04880453537096377,0.04883262084840513,0.04886475814412636,0.04887883151614894,0.0488909008601177,0.04890096320079032,0.04890700259355317,0.04890901605599012,0.0488698587838116,0.048656916164802604,0.051717122395833336,0.051041795093083465,0.051583523080107635,0.05128525600966546,0.05089143718088223,0.050720073896796405,0.05063344416852561,0.05052507275104382,0.0503843230002534,0.05031925239967863,0.050270819228165196,0.05021593699720552,0.050165240233878486,0.05015049387426343,0.05017176300945757,0.05078449582091011,0.042765299479166664,0.0426299393343171,0.04238126649076517,0.04218588283999172,0.04214241228980693,0.04194232929721633,0.041725719049604,0.041724037217841195,0.0417206097306327,0.04159177360698909,0.041576041492387486,0.04155507197857382,0.041528865073052285,0.041495687128381205,0.041464231864633945,0.042161376302398836,0.060221354166666664,0.059877049180327865,0.05993898919943936,0.059960274766200444,0.06001743244925912,0.06001746870190908,0.05982087065194751,0.059716430358632194,0.05967533280474064,0.05956060479492106,0.05947007689735874,0.05946307602241365,0.05947551131373123,0.0594510919588319,0.05942665829671479,0.0597526809003961,0.06306966145833333,0.06243342892257272,0.062250236888724095,0.06209690755746651,0.06181803095050409,0.061860387719444215,0.06180711844627824,0.061711899791231734,0.061567398119122256,0.06156677401815216,0.06161058094759752,0.061591318557003394,0.06162488471535172,0.061611374407582936,0.061587514683671754,0.061724188287981305,0.031331380208333336,0.030115545357698927,0.029679331494669246,0.028935185185185185,0.028438769587928032,0.02804553764334386,0.02791994341114301,0.027578736877187135,0.027438388724406824,0.02729207528272754,0.027142141306163353,0.02711510340505536,0.026958120872690797,0.02688464272274951,0.026850690087829362,0.027245842827362195,0.01953125,0.019450800915331808,0.019238657806218723,0.019127930892636775,0.01912771044603842,0.019152976141335754,0.019137767122721448,0.019116186693147963,0.019128058626257608,0.01910089082245701,0.019109600397943956,0.019115146991748558,0.01912069680630444,0.0191230762848965,0.019127043398888058,0.01960217694938111,0.019694010416666668,0.01972338161879041,0.01969005631602746,0.019669291987959258,0.01966373363076796,0.019615957622910116,0.019644411289319905,0.019616788321167884,0.019628184911610922,0.019593192195931922,0.019559800664451826,0.019567926879933528,0.01957361924947014,0.019580942878523324,0.01954018209786721,0.019886363636363636,0.0185546875,0.018383103884962622,0.01832192482682297,0.018249825311356816,0.018174325159695033,0.018124019486417307,0.01814274496838451,0.01815775323654713,0.018133642460876044,0.018102734051367024,0.018105734173019555,0.0181087352892425,0.0181139896373057,0.0180755358401393,0.018078533814321847,0.019074616826022198,0.010823567708333334,0.010684460455215327,0.010611606959239912,0.0106440034654895,0.010670857804615767,0.010692527663807037,0.01066301551738445,0.010632553889604187,0.010558257471837718,0.010562648147378052,0.010565284305977288,0.010568361487892152,0.010573200682679099,0.01057496148882135,0.010575401781996835,0.010394507832140786,0.0038655598958333335,0.0038398692810457514,0.0038516697398074166,0.0038619556285949055,0.003869586695208299,0.00387580917824599,0.0038798084860491994,0.0038817310868847045,0.0038847791048477083,0.003886063913349043,0.0038875103391232423,0.0038892796557573753,0.00388976247620624,0.003890406423309329,0.003891211657076624,0.00406135027951646,0.0004069010416666667,0.00028631027853899955,0.0002052208175997373,0.00020581213468346093,0.00020624510167883514,0.00016526876833450397,0.0001654601861427094,0.00012425447316103378,0.00008288094152749576,0.00008292905419413692,0.00008294969101240098,0.00008296689620841284],"averageToxinCountInMales":[2.25,2.25,2.25,2.25,2.25,2.25,2.25,2.25,2.25,2.25,2.25,2.25,2.25,2.25,2.25,2.5,2.6132404181184667,2.6132404181184667,2.6160558464223387,2.6160558464223387,2.6160558464223387,2.6188811188811187,2.61646234676007,2.61646234676007,2.61646234676007,2.61646234676007,2.61646234676007,2.61646234676007,2.61646234676007,2.61646234676007,2.61646234676007,2.632941176470588,2.3532041728763042,2.311627906976744,2.3302034428794993,2.3141025641025643,2.297208538587849,2.2928452579034944,2.2869127516778525,2.285472972972973,2.2725724020442932,2.2705479452054793,2.2697594501718212,2.270223752151463,2.2694300518134716,2.2716262975778547,2.2716262975778547,2.2383073496659245,2.678832116788321,2.6815642458100557,2.6641366223908918,2.66023166023166,2.649805447470817,2.6476377952755907,2.656686626746507,2.652,2.647294589178357,2.6484848484848484,2.6437246963562755,2.6437246963562755,2.6437246963562755,2.63894523326572,2.6341463414634148,2.62992125984252,2.462140992167102,2.445187165775401,2.4507422402159245,2.448369565217391,2.446111869031378,2.4487004103967167,2.452413793103448,2.445983379501385,2.4479889042995837,2.4478442280945756,2.4449093444909344,2.4449093444909344,2.4449093444909344,2.441340782122905,2.443356643356643,2.368131868131868,2.469259723964868,2.4261658031088085,2.412384716732543,2.396,2.3864864864864863,2.390773405698779,2.388283378746594,2.3816689466484267,2.3713892709766164,2.371900826446281,2.371900826446281,2.3646408839779007,2.3646408839779007,2.3646408839779007,2.3646408839779007,2.42057761732852,2.192612137203166,2.1070422535211266,2.0434782608695654,1.926605504587156,1.8662420382165605,1.8,1.7920792079207921,1.754208754208754,1.7457627118644068,1.7372013651877134,1.7147766323024054,1.703448275862069,1.7093425605536332,1.7093425605536332,1.7093425605536332,1.7777777777777777,1.2396694214876034,1.2436974789915967,1.2121212121212122,1.2158590308370043,1.2158590308370043,1.2158590308370043,1.2168141592920354,1.2177777777777778,1.2177777777777778,1.2177777777777778,1.2177777777777778,1.2177777777777778,1.2177777777777778,1.2177777777777778,1.2177777777777778,1.2126436781609196,1.2,1.2015503875968991,1.203921568627451,1.2055335968379446,1.2063492063492063,1.208,1.208,1.2048192771084338,1.2048192771084338,1.2056451612903225,1.2064777327935223,1.2064777327935223,1.2064777327935223,1.2064777327935223,1.2064777327935223,1.1865284974093264,1.1601941747572815,1.165,1.16751269035533,1.1649484536082475,1.1675392670157068,1.1693121693121693,1.1693121693121693,1.1693121693121693,1.1702127659574468,1.1711229946524064,1.1711229946524064,1.1711229946524064,1.1711229946524064,1.1720430107526882,1.1720430107526882,1.1554054054054055,1.0223880597014925,1.0155038759689923,1.0158730158730158,1.0158730158730158,1.0158730158730158,1.0158730158730158,1.016,1.0161290322580645,1,1,1,1,1,1,1,1,1,1,1,1,1,1,1,1,1,1,1,1,1,1,1,1,1,1,1,1,1,1,1,1,1,1,1,1],