{"startTime":"2025-03-20T20:01:01.828Z","infectedMalesAtStart":2,"infectedFemalesAtStart":16,"toxinAntitoxinLength":3,"killRate":1,"rescueRate":1,"simulationLength":111,"infectionRatio":[0.0072874493927125505,0.0072874493927125505,0.0072874493927125505,0.0072874493927125505,0.0072874493927125505,0.0072874493927125505,0.0072874493927125505,0.0072874493927125505,0.0072874493927125505,0.0072874493927125505,0.0072874493927125505,0.0072874493927125505,0.0072874493927125505,0.0072874493927125505,0.0072874493927125505,0.008022652194431336,0.01487791953695023,0.014881559098136748,0.014909521669866426,0.01493575579016286,0.01490764631199574,0.014921090387374462,0.014934558733024248,0.01489964290112055,0.014904537056045986,0.014908209782742618,0.014910046824940442,0.014911271771278344,0.014912496918905595,0.014913109568218232,0.014913722267871816,0.014881092535907699,0.011637369791666666,0.011338982357034672,0.011195719283803252,0.011116621208364328,0.01116321533800888,0.011197602297797943,0.011227045075125208,0.011245349274695874,0.011262770055267124,0.01127315396865309,0.011279771888627978,0.011242082302109989,0.011248688352570828,0.011251994290032749,0.011256247637448024,0.011111111111111112,0.012247721354166666,0.011389614630960157,0.011247443762781187,0.011247024053854363,0.011194797711651645,0.011214645007009152,0.011148732347840449,0.011162559947081197,0.011174571641420413,0.011138255144714504,0.011142868978087072,0.01114471558188673,0.011147486635448178,0.01115072127342066,0.01115488285299606,0.011022743128226594,0.0087890625,0.006541559344208676,0.005475421893515303,0.005195761567729002,0.005044705110327291,0.0048491822141859126,0.004854568642777801,0.004654036243822076,0.00465710517639301,0.004660754794803052,0.004621224624525499,0.004621796723476251,0.0046225597424573855,0.004582610849640822,0.004585261070720423,0.004496729651162791,0.00020345052083333334,0.0002039401231798344,0.00016293279022403258,0.00012222448563862294,0.00012241400416207614,0.000122644209149258,0.00012283503255128362,0.00012295585884667404,0.00012308197259374744,0.0001231425991297923,0.00012320328542094456,0.00012323365100230037,0.0001232690964375231,0.00012330963048214067,0.00012339077859581293,0.00013211203100228994,0.0001220703125,0.00012238903394255873,0.00012218963831867058,0.00004072656186364747,0.00004073485681697829,0.00004077305716382615,0.000040836327997386474,0.00004086803710817769,0.00004088808929958703,0.00004090816117815504,0.00004092322802422655,0.000040931603290900904,0.00004093998198640793,0.00004094501085042788,0.000040970173713536546],"averageToxinCountInMales":[4.5,4.5,4.5,4.5,4.5,4.5,4.5,4.5,4.5,4.5,4.5,4.5,4.5,4.5,4.5,4.5,2.867052023121387,2.867052023121387,2.867052023121387,2.867052023121387,2.867052023121387,2.867052023121387,2.867052023121387,2.86046511627907,2.86046511627907,2.86046511627907,2.86046511627907,2.86046511627907,2.86046511627907,2.86046511627907,2.86046511627907,2.8153846153846156,2.6821192052980134,2.6666666666666665,2.7050359712230216,2.7279411764705883,2.7279411764705883,2.7279411764705883,2.7279411764705883,2.7279411764705883,2.7279411764705883,2.7279411764705883,2.7279411764705883,2.7185185185185183,2.7185185185185183,2.7185185185185183,2.7185185185185183,2.7281553398058254,2.9602649006622515,2.872340425531915,2.8550724637681157,2.8613138686131387,2.859259259259259,2.859259259259259,2.8721804511278197,2.8721804511278197,2.8721804511278197,2.878787878787879,2.878787878787879,2.878787878787879,2.878787878787879,2.878787878787879,2.878787878787879,2.7941176470588234,2.6666666666666665,2.869565217391304,3.0684931506849313,3.1044776119402986,3.0952380952380953,3.0689655172413794,3.0689655172413794,3.111111111111111,3.111111111111111,3.111111111111111,3.0943396226415096,3.0943396226415096,3.0943396226415096,3.0943396226415096,3.0943396226415096,3.0930232558139537,1,1,1,null,null,null,null,null,null,null,null,null,null,null,null,null,null,null,null,null,null,null,null,null,null,null,null,null,null,null,null],"averageAntitoxinCountInFemales":[2.375,2.375,2.375,2.375,2.375,2.375,2.375,2.375,2.375,2.375,2.375,2.375,2.375,2.375,2.375,2.466666666666667,2.6510416666666665,2.6510416666666665,2.6510416666666665,2.6510416666666665,2.6596858638743455,2.6596858638743455,2.6596858638743455,2.6596858638743455,2.6596858638743455,2.6596858638743455,2.6596858638743455,2.6596858638743455,2.6596858638743455,2.6596858638743455,2.6596858638743455,2.661290322580645,2.962962962962963,2.9398496240601504,2.9398496240601504,2.9398496240601504,2.9398496240601504,2.9398496240601504,2.9398496240601504,2.9398496240601504,2.9398496240601504,2.9398496240601504,2.9398496240601504,2.9398496240601504,2.9398496240601504,2.9398496240601504,2.9398496240601504,2.9083969465648853,2.7866666666666666,2.681159420289855,2.6934306569343067,2.6934306569343067,2.6934306569343067,2.6934306569343067,2.6934306569343067,2.6934306569343067,2.6934306569343067,2.6934306569343067,2.6934306569343067,2.6934306569343067,2.6934306569343067,2.6934306569343067,2.6934306569343067,2.6666666666666665,2.4,2.6323529411764706,2.721311475409836,2.75,2.75,2.75,2.75,2.76271186440678,2.76271186440678,2.76271186440678,2.76271186440678,2.76271186440678,2.76271186440678,2.7413793103448274,2.7413793103448274,2.75,1.6666666666666667,1.6666666666666667,1.6666666666666667,1.6666666666666667,1.6666666666666667,1.6666666666666667,1.6666666666666667,1.6666666666666667,1.6666666666666667,1.6666666666666667,1.6666666666666667,1.6666666666666667,1.6666666666666667,1.6666666666666667,1.6666666666666667,1.6666666666666667,1.6666666666666667,1.6666666666666667,1.6666666666666667,2,2,2,2,2,2,2,2,2,2,2,2],"reproductiveSuccessOverTime":[0,0,0,0,0,0,0,0,0,0,0,0,0,0,0,0,0.0002038071169445237,0,0,0,0,0,0,0,0,0,0,0,0,0,0,0.00004709206498704968,0,0,0.000041160732661041366,0,0,0,0,0,0,0,0,0,0,0,0,0.0000949667616334283,0,0,0,0,0,0,0,0,0,0,0,0,0,0,0,0.00009301892935212315,0,0.00008176949180260845,0,0,0,0,0,0,0,0,0,0,0,0,0,0.0003633720930232558,0,0,0,0.00004074149521287431,0,0,0,0,0,0,0,0,0,0,0,0.0004403734366742998,0,0,0,0,0,0,0,0,0,0,0,0,0,0,0.00008194034742707309]}