{"startTime":"2025-03-20T18:12:51.996Z","infectedMalesAtStart":512,"infectedFemalesAtStart":8,"toxinAntitoxinLength":3,"killRate":0.75,"rescueRate":0.75,"simulationLength":80,"infectionRatio":[0.2101010101010101,0.2101010101010101,0.2101010101010101,0.2101010101010101,0.2101010101010101,0.2101010101010101,0.2101010101010101,0.2101010101010101,0.2101010101010101,0.2101010101010101,0.2101010101010101,0.2101010101010101,0.2101010101010101,0.2101010101010101,0.2101010101010101,0.1838544097060196,0.021650580005313027,0.018245273016434,0.015870216892964206,0.014677925637738185,0.013647807075659203,0.012976085031000886,0.012288718335477573,0.011861394935584186,0.011740116511762351,0.011488111140796153,0.011321091103583527,0.011239964317573596,0.010893343452832716,0.010899182561307902,0.010906490255676738,0.010259535781400783,0.010172526041666666,0.008558614162860552,0.00822008344004296,0.008104401313328622,0.00807794803464357,0.008061484482686605,0.008004022964421908,0.00802622179266294,0.008038720538720538,0.0080465096684501,0.008053295104777165,0.008058731699084427,0.008066219012627222,0.008068604258195337,0.008075427025198714,0.007640470766894457,0.004964192708333333,0.004466297889776685,0.004315127604487733,0.004003797416105998,0.003600844335913249,0.003318400530944085,0.003282230254684449,0.0032470235617350763,0.0032118127971969635,0.0032157026519106283,0.003218525330212339,0.003219871205151794,0.0032212182061579653,0.0032222966186809506,0.003222161777628991,0.0032091530626482487,0.00048828125,0.0002045073418135711,0.00020510296168676676,0.00020572745227123108,0.00020622808826562179,0.00016530291759649557,0.00016565204787344183,0.0001658787426391308,0.00016604400166044003,0.00016623031209741097,0.000166347833319471,0.00016641704110500916,0.00016648630650129028,0.00016652789342214822,0.00008312551953449709,0.00009230201218386561],"averageToxinCountInMales":[2.392578125,2.392578125,2.392578125,2.392578125,2.392578125,2.392578125,2.392578125,2.392578125,2.392578125,2.392578125,2.392578125,2.392578125,2.392578125,2.392578125,2.392578125,2.3471502590673574,2.7275280898876404,2.8107142857142855,2.854625550660793,2.8944723618090453,2.9431818181818183,2.9875,3.0625,3.08955223880597,3.1068702290076335,3.12,3.1074380165289255,3.1260504201680672,3.2162162162162162,3.2162162162162162,3.2162162162162162,3.3378378378378377,3.3740458015267176,3.104761904761905,3.0588235294117645,3.0306122448979593,3.020618556701031,3.0104166666666665,2.9574468085106385,2.9574468085106385,2.9574468085106385,2.9574468085106385,2.9574468085106385,2.9574468085106385,2.9574468085106385,2.9574468085106385,2.9574468085106385,2.91044776119403,1.4912280701754386,1.2448979591836735,1.1702127659574468,1.1951219512195121,1.1111111111111112,1.121212121212121,1,1,1,1,1,1,1,1,1,1,null,null,null,null,null,null,null,null,null,null,null,null,null,null,null,null],"averageAntitoxinCountInFemales":[3.25,3.25,3.25,3.25,3.25,3.25,3.25,3.25,3.25,3.25,3.25,3.25,3.25,3.25,3.25,3.25,3.43609022556391,3.43609022556391,3.43609022556391,3.43609022556391,3.43609022556391,3.43609022556391,3.43609022556391,3.43609022556391,3.43609022556391,3.43609022556391,3.43609022556391,3.43609022556391,3.43609022556391,3.43609022556391,3.43609022556391,3.40625,3.369747899159664,3.1359223300970873,3.020618556701031,3.020618556701031,3.020618556701031,3.020618556701031,3.020618556701031,3.020618556701031,3.020618556701031,3.020618556701031,3.020618556701031,3.020618556701031,3.020618556701031,3.020618556701031,3.020618556701031,2.9574468085106385,2.292307692307692,2.066666666666667,2.0344827586206895,2.0714285714285716,2.176470588235294,2.276595744680851,2.276595744680851,2.217391304347826,2.217391304347826,2.217391304347826,2.217391304347826,2.217391304347826,2.217391304347826,2.217391304347826,2.217391304347826,2.2444444444444445,5,5,5,5,5,5,5,5,5,5,5,5,5,5,5,5],"reproductiveSuccessOverTime":[0,0,0,0,0,0,0,0,0,0,0,0,0,0,0,0,0.007859415436553168,0.006539328661789978,0.005974922792852882,0.0052530789739636515,0.005031924471099794,0.0047424905623073945,0.004477899728079461,0.0042028782940279315,0.003980334153694513,0.0037821348232915802,0.0036144668232931726,0.0035648780869731284,0.0035484387572686,0.003343444912256733,0.0032646248705260742,0.00369976446798495,0.00015279275693970597,0.00013754847476459792,0.00010201939733951098,0.00010264692199793115,0.00017633217095678084,0.00009286576019483252,0.00009269845408239979,0.00009295554942926865,0.00009265256363198507,0.00009091067325384,0.0000909873361313151,0.00008828458816893879,0.00008574264397610643,0.00007347413224682996,0.00007353626156548955,0.0002657833184639621,0.0000010188152041730672,0.00004200116379667106,0.0000010289895392165906,0.0000010334916604514507,0.0000010363148237969164,0.0000010385931001226689,0.00004258749438937044,0.000042670818518764353,0.00004275625270950852,0.000042808035183034336,0.00004239615926624788,0.00004241388786007001,0.000042431631287052974,0.00004244583672102922,0.00004244406052164348,0.0005266643190460688,0,0,0.00004102059233735335,0.00012343647136273865,0.00008249123530624871,0.00008265145879824778,0.00004141301196836046,0.0000414696856597827,0.000041511000415110007,0.00004155757802435274,0.00004158695832986775,0.00004160426027625229,0,0,0,0.0001384530182757984]}