{"startTime":"2025-03-20T20:01:01.828Z","infectedMalesAtStart":8,"infectedFemalesAtStart":16,"toxinAntitoxinLength":3,"killRate":1,"rescueRate":1,"simulationLength":128,"infectionRatio":[0.01039411000433088,0.01039411000433088,0.01039411000433088,0.01039411000433088,0.01039411000433088,0.01039411000433088,0.01039411000433088,0.01039411000433088,0.01039411000433088,0.01039411000433088,0.01039411000433088,0.01039411000433088,0.01039411000433088,0.01039411000433088,0.01039411000433088,0.0105,0.014000082111918544,0.013886613141078159,0.01388092703300303,0.013896859883577929,0.013909974970251529,0.013878623634721195,0.013887747555263374,0.013894027212562174,0.013902599539322146,0.013865459781937872,0.013870025105980162,0.013875164690382082,0.013877450172953385,0.01387859319660654,0.013879736408566722,0.0136327185244587,0.01318359375,0.012929792052707433,0.012817870832131229,0.012718338357352274,0.012660322714108399,0.012657702523240371,0.012686660288673516,0.012712570856952318,0.0126444935942912,0.012655055757423882,0.012666694536181598,0.012638098426514898,0.012520413718018509,0.012523035684369242,0.0124916163648558,0.012180152960060428,0.01611328125,0.01590359470426692,0.015188111515945471,0.015053939866278355,0.01488864279561954,0.014835209994246734,0.014744038548659445,0.014765322114988039,0.014779952109652382,0.01474780022307597,0.014720476347998676,0.01468459152016546,0.014649892401920212,0.014653530921433894,0.01466567238379319,0.013782472684408577,0.020711263020833332,0.020474886591197027,0.019026620937448963,0.018080894657360923,0.017806820502348376,0.017733104519081475,0.01771250920395975,0.01769041769041769,0.017701290719114936,0.01766393442622951,0.017669003402615506,0.017674800082017633,0.017640301936330816,0.017645369116500473,0.0176678445229682,0.01628721541155867,0.0133056640625,0.013213703099510603,0.011638353479255145,0.009141364675155077,0.007513270722743977,0.007513270722743977,0.007436767049401381,0.007446808510638298,0.007453212662271182,0.007449246889325475,0.0074086201956530635,0.007411046963927446,0.00737221494102228,0.00737372496005899,0.007390072669047913,0.006895960937165374,0.0101318359375,0.009822301923703945,0.006770535932784077,0.003588760654133192,0.0029372169869049075,0.0028978409044528794,0.0028989057651478034,0.0029016306346806163,0.00286228328426562,0.002822663121292698,0.0028240494413293497,0.002825321431496192,0.0027857435477263415,0.002786085958946204,0.002784488759674051,0.0023359432452307823,0.004191080729166667,0.003706419028999674,0.0028530670470756064,0.0008153281695882593,0.0008154611432765229,0.0007340347443112308,0.0007339748817484913,0.0007343641630288442,0.0007347838510838062,0.000735023888276369,0.0007352040191153045,0.0007355946056395587,0.0007358050934063688,0.000736075897603664,0.0007361662099709623,0.0006826521034217937],"averageToxinCountInMales":[2.625,2.625,2.625,2.625,2.625,2.625,2.625,2.625,2.625,2.625,2.625,2.625,2.625,2.625,2.625,2.6666666666666665,2.439153439153439,2.427807486631016,2.427807486631016,2.427807486631016,2.427807486631016,2.427807486631016,2.427807486631016,2.427807486631016,2.427807486631016,2.4301075268817205,2.4301075268817205,2.4301075268817205,2.4301075268817205,2.4301075268817205,2.4301075268817205,2.5106382978723403,2.789156626506024,2.826923076923077,2.849673202614379,2.88,2.9121621621621623,2.925170068027211,2.925170068027211,2.925170068027211,2.9246575342465753,2.9246575342465753,2.9246575342465753,2.9448275862068964,2.93006993006993,2.93006993006993,2.943661971830986,2.8349514563106797,4.5607476635514015,4.669902912621359,4.7407407407407405,4.8108108108108105,4.895027624309392,4.910614525139665,4.948863636363637,4.948863636363637,4.948863636363637,4.942857142857143,4.9655172413793105,4.9655172413793105,4.9655172413793105,4.9655172413793105,4.9655172413793105,4.75968992248062,5.061302681992337,5.05511811023622,4.969957081545064,4.888888888888889,4.909952606635071,4.899521531100478,4.894230769230769,4.888888888888889,4.888888888888889,4.883495145631068,4.883495145631068,4.883495145631068,4.883495145631068,4.883495145631068,4.883495145631068,4.896103896103896,5.617647058823529,5.615384615384615,5.557823129251701,5.458333333333333,5.8979591836734695,5.8979591836734695,5.896907216494846,5.896907216494846,5.896907216494846,5.896907216494846,5.895833333333333,5.895833333333333,5.895833333333333,5.895833333333333,5.895833333333333,5.8734177215189876,6,6,6,6,6,6,6,6,6,6,6,6,6,6,6,6,6,6,6,6,6,6,6,6,6,6,6,6,6,6,6,6],"averageAntitoxinCountInFemales":[2.0625,2.0625,2.0625,2.0625,2.0625,2.0625,2.0625,2.0625,2.0625,2.0625,2.0625,2.0625,2.0625,2.0625,2.0625,2.066666666666667,2.2828947368421053,2.2828947368421053,2.2828947368421053,2.2828947368421053,2.2828947368421053,2.271523178807947,2.271523178807947,2.271523178807947,2.271523178807947,2.271523178807947,2.271523178807947,2.271523178807947,2.271523178807947,2.271523178807947,2.271523178807947,2.2162162162162162,3.1202531645569622,3.1202531645569622,3.1202531645569622,3.1202531645569622,3.1202531645569622,3.1202531645569622,3.1202531645569622,3.1202531645569622,3.1146496815286624,3.1146496815286624,3.1146496815286624,3.1146496815286624,3.108974358974359,3.108974358974359,3.108974358974359,3.1225806451612903,4.65934065934066,4.65934065934066,4.65934065934066,4.65934065934066,4.65934065934066,4.65934065934066,4.65934065934066,4.65934065934066,4.65934065934066,4.65934065934066,4.65934065934066,4.679558011049724,4.7,4.7,4.7,4.72,5.036290322580645,5.032388663967612,4.9742489270386265,4.947136563876652,4.937777777777778,4.937777777777778,4.937777777777778,4.937777777777778,4.937777777777778,4.937777777777778,4.937777777777778,4.937777777777778,4.933035714285714,4.933035714285714,4.933035714285714,4.926605504587156,5.713375796178344,5.709677419354839,5.673913043478261,5.5673076923076925,5.883720930232558,5.883720930232558,5.882352941176471,5.882352941176471,5.882352941176471,5.882352941176471,5.882352941176471,5.882352941176471,5.880952380952381,5.880952380952381,5.880952380952381,5.878048780487805,6,6,6,6,6,6,6,6,6,6,6,6,6,6,6,6,6,6,6,6,6,6,6,6,6,6,6,6,6,6,6,6],"reproductiveSuccessOverTime":[0,0,0,0,0,0,0,0,0,0,0,0,0,0,0,0,0.000821119185449768,0.0006554153694904145,0.00008189337482597658,0.00008198737394441256,0.00008206474908702966,0.000041061016670772766,0.00004108801051853069,0.00004110658938627862,0,0,0,0,0,0,0,0.00009434407283362423,0,0,0,0.000041293306355039846,0.00004137360364087712,0.00008300132802124833,0.00004159560750384759,0.00004168056018672891,0.00004173100196135709,0.00004176586058555736,0.00004180427239663894,0.000041848008034817545,0.00004187429337129936,0.000041883062489529236,0.00004191817572099262,0.00037767916155226133,0,0,0,0.000041018909717379714,0,0,0,0,0,0,0,0,0,0,0,0.00045337081198712427,0,0,0.0001224889759921607,0,0,0,0.000040906487768960155,0.00004095004095004095,0.00004097520999795124,0.00004098360655737705,0.000040995367523469845,0.000041008816895632564,0.000041023957991467015,0.000041035742131396446,0.00004108801051853069,0.00048161120840630475,0,0.00008156606851549755,0.0001633453119895459,0.00012242899118511264,0.00008166598611678236,0.00004083299305839118,0,0,0,0,0,0,0,0,0,0.0005568167216344713,0,0.000040756439517443756,0.00004078636104086794,0.000040781371069695365,0,0,0.00004082965866405357,0.00004086803710817769,0.00004088976120379457,0.00004090816117815504,0.000040928252772889126,0,0,0,0,0.00030280745771510143,0,0.00004072987943955686,0.00008151620134501732,0,0.00004077305716382615,0.0000815594160345812,0.00012232914695808187,0.00012239402717147404,0.00012246397518063436,0.00012250398137939484,0.00012253400318588408,0.00012259910093992643,0.00008175612148959653,0.00008178621084485155,0.00020449061388082287,0.0005973205904940695]}