{"startTime":"2025-03-20T20:01:01.828Z","infectedMalesAtStart":8,"infectedFemalesAtStart":16,"toxinAntitoxinLength":3,"killRate":1,"rescueRate":1,"simulationLength":144,"infectionRatio":[0.00955033824114604,0.00955033824114604,0.00955033824114604,0.00955033824114604,0.00955033824114604,0.00955033824114604,0.00955033824114604,0.00955033824114604,0.00955033824114604,0.00955033824114604,0.00955033824114604,0.00955033824114604,0.00955033824114604,0.00955033824114604,0.00955033824114604,0.011111111111111112,0.011824601740844145,0.011680620788237697,0.011649771092217135,0.011581273530856114,0.01159550930099156,0.011523950131233595,0.011531516743269863,0.011540041067761807,0.01154430795776673,0.011548578004274206,0.011510791366906475,0.011513631317077182,0.011515525395846186,0.01151599901291437,0.01151599901291437,0.011558800131030932,0.020955403645833332,0.021029284922167,0.01971052740093192,0.019728934388858956,0.01975298374017549,0.019776368491321764,0.019767636242059513,0.019769633507853403,0.01979782727234596,0.01977662075915351,0.019784928169369068,0.0197974023790509,0.01975869172236936,0.01972328525169267,0.019734073887065554,0.019032475667341234,0.022705078125,0.022645224811289794,0.021107962712003613,0.021183646554566435,0.021085707198081616,0.02113639189357205,0.021166217057480806,0.02118292075095531,0.021156324036743005,0.021088095832293485,0.02110213934903854,0.02110916812390707,0.021071919377004124,0.02107806381737899,0.021083333333333332,0.02157481821660926,0.022623697916666668,0.022319600294864444,0.021777540370629084,0.021367697311540205,0.021098265895953757,0.020973813759152773,0.020970616270877367,0.020667330677290836,0.020525178660462023,0.020463336522064633,0.020351256866988514,0.020313865878533073,0.020156588372480428,0.02011913191985671,0.020121646392267954,0.02044431676721249,0.018798828125,0.01805379293404839,0.017496303597831445,0.016910796576695194,0.01649688621272735,0.016234973354814723,0.015897987910905027,0.015591308674738763,0.015516740654690287,0.015404417870785584,0.015371832156211051,0.015336020946760318,0.015217662467257078,0.015180502412244218,0.015143950740555833,0.01533844614871624,0.005452473958333333,0.004864886962920568,0.004639704372818723,0.004152277585923368,0.0037487126673532442,0.0034263540290620873,0.0032658123191401404,0.0032268740691709418,0.0031046901519228383,0.0028582080278364607,0.0027354111405835544,0.00261237352794825,0.0025298606502986063,0.002323651452282158,0.0022416870770891276,0.0025789197191842974,0.0013834635416666667,0.001348700343305542,0.0012722124184347684,0.0012317293480045984,0.0011931701296029624,0.0011535926170072512,0.0010721649484536082,0.0010729170965212726,0.0009498637152060792,0.0008674459911603122,0.0008677327383165985,0.0008265829062654984,0.000744047619047619,0.0007028859670883983,0.0006618407445708376,0.0007067137809187279,0.000244140625,0.00020429009193054137,0.00020510296168676676,0.00020529665366454526,0.00016453457282711528,0.0001647378608788765,0.00016492805013812724,0.0001651118632873772,0.00016518004625041294,0.00016527559705809436,0.00016534391534391533,0.00016539177175935497,0.00016541913072246804,0.00016542597187758478,0.00016550810989738498,0.00018721332958906674],"averageToxinCountInMales":[2.25,2.25,2.25,2.25,2.25,2.25,2.25,2.25,2.25,2.25,2.25,2.25,2.25,2.25,2.25,2.25,2.761904761904762,2.7739726027397262,2.779310344827586,2.7552447552447554,2.7552447552447554,2.773049645390071,2.773049645390071,2.773049645390071,2.773049645390071,2.773049645390071,2.7785714285714285,2.7785714285714285,2.7785714285714285,2.7785714285714285,2.7785714285714285,2.743119266055046,2.1196911196911197,2.1015625,2.1181434599156117,2.123404255319149,2.123931623931624,2.111587982832618,2.1077586206896552,2.1082251082251084,2.1082251082251084,2.1130434782608694,2.1130434782608694,2.1130434782608694,2.11353711790393,2.1052631578947367,2.1052631578947367,2.169811320754717,1.649056603773585,1.6332046332046333,1.6058091286307055,1.6058091286307055,1.590717299578059,1.590717299578059,1.590717299578059,1.590717299578059,1.576271186440678,1.5617021276595744,1.5617021276595744,1.5617021276595744,1.564102564102564,1.564102564102564,1.564102564102564,1.580110497237569,1.7169811320754718,1.71875,1.7317073170731707,1.7280334728033473,1.7445887445887447,1.7444933920704846,1.747787610619469,1.7545454545454546,1.7638888888888888,1.7710280373831775,1.778301886792453,1.7819905213270142,1.7809523809523808,1.7809523809523808,1.7809523809523808,1.7898089171974523,1.969298245614035,1.9808612440191387,1.989795918367347,1.9891891891891893,1.9943502824858756,2,2,2,2,2,2,2,2,2,2,2,2,2,2,2,2,2,2,2,2,2,2,2,2,2,2,2,null,null,null,null,null,null,null,null,null,null,null,null,null,null,null,null,null,null,null,null,null,null,null,null,null,null,null,null,null,null,null,null],"averageAntitoxinCountInFemales":[2.125,2.125,2.125,2.125,2.125,2.125,2.125,2.125,2.125,2.125,2.125,2.125,2.125,2.125,2.125,2.125,2.6808510638297873,2.692857142857143,2.692857142857143,2.692857142857143,2.692857142857143,2.692857142857143,2.692857142857143,2.692857142857143,2.692857142857143,2.692857142857143,2.692857142857143,2.692857142857143,2.692857142857143,2.692857142857143,2.692857142857143,2.6884057971014492,2.109375,2.109375,2.116182572614108,2.116182572614108,2.116182572614108,2.116182572614108,2.116182572614108,2.116182572614108,2.116182572614108,2.116182572614108,2.116182572614108,2.116182572614108,2.116182572614108,2.116182572614108,2.116182572614108,2.1271186440677967,1.5631399317406143,1.5631399317406143,1.5494505494505495,1.5494505494505495,1.5494505494505495,1.5494505494505495,1.5494505494505495,1.5494505494505495,1.5494505494505495,1.5477941176470589,1.5477941176470589,1.5477941176470589,1.5477941176470589,1.5477941176470589,1.5477941176470589,1.5444444444444445,1.7972508591065293,1.8027681660899655,1.8028169014084507,1.8,1.8,1.8,1.8,1.8021582733812949,1.8021582733812949,1.8021582733812949,1.8050541516245486,1.8050541516245486,1.8102189781021898,1.8095238095238095,1.8095238095238095,1.8074074074074074,1.952991452991453,1.9525862068965518,1.9565217391304348,1.9601769911504425,1.968609865470852,1.9681818181818183,1.9724770642201834,1.9722222222222223,1.9766355140186915,1.9765258215962442,1.9764150943396226,1.9763033175355451,1.9759615384615385,1.9758454106280192,1.9758454106280192,1.9751243781094527,2,2,2,2,2,2,2,2,2,2,2,2,2,2,2,2,2,2,2,2,2,2,2,2,2,2,2,2,2,2,2,2,2,2,2,2,2,2,2,2,2,2,2,2,2,2,2,2],"reproductiveSuccessOverTime":[0,0,0,0,0,0,0,0,0,0,0,0,0,0,0,0,0.0008622105436032189,0.0004084133142740453,0,0,0,0,0,0,0,0,0,0,0,0,0,0.0007019514249613927,0,0.000041072822113607424,0.00008247082594532185,0,0.00004158522892668524,0.00004172229639519359,0.00004179204279505182,0.0000418848167539267,0.00004194454930581771,0.000041988579106483035,0.00004200621692010418,0.00004203270144172166,0.00004203976962206247,0.0000420539131166155,0.000042076916603551294,0.0002891008962127783,0,0,0.000041066075315182127,0,0,0,0,0,0,0,0,0,0,0,0,0.0002870264064293915,0,0,0,0,0.00004128819157720892,0.00004136846895296405,0,0,0,0,0,0,0,0,0,0.00038303169587283346,0,0,0.0001232134056185313,0,0,0,0,0,0,0,0,0,0,0,0,0.0002858095555661411,0,0,0,0,0.00004119464469618949,0.00004128137384412153,0,0,0,0,0,0,0,0,0,0,0,0,0,0,0,0,0,0,0,0,0,0,0,0,0,0.0002826855123674912,0,0,0,0,0,0,0,0,0,0,0,0,0,0,0.00008275405494869249,0.00018721332958906674]}