{"startTime":"2025-03-20T18:12:51.996Z","infectedMalesAtStart":512,"infectedFemalesAtStart":8,"toxinAntitoxinLength":3,"killRate":1,"rescueRate":0.75,"simulationLength":208,"infectionRatio":[0.2032838154808444,0.2032838154808444,0.2032838154808444,0.2032838154808444,0.2032838154808444,0.2032838154808444,0.2032838154808444,0.2032838154808444,0.2032838154808444,0.2032838154808444,0.2032838154808444,0.2032838154808444,0.2032838154808444,0.2032838154808444,0.2032838154808444,0.1755270394133822,0.014820011400008768,0.013175749616984023,0.010755497496189854,0.008877670916924148,0.008032479154843498,0.007262863143157158,0.0064878134315272664,0.006101843722563652,0.005714034547931959,0.005499340079190497,0.005152596115735236,0.00484923293951684,0.004764005293339215,0.00467970509028299,0.004681978798586573,0.005122223349224059,0.007609049479166667,0.007573263088574251,0.0075524939829031456,0.007557095737129974,0.0075617543270038645,0.007598784194528876,0.007620337834977351,0.007593433165061723,0.007565132389816822,0.007574468085106383,0.007583180675669919,0.007589647379866115,0.0075922371507784175,0.007553127933771444,0.007514302792246606,0.006948130277442702,0.00390625,0.003736245688947282,0.003587776815538785,0.0035243386682146114,0.0035372451102788183,0.0033807754914645855,0.003263188721081036,0.003185113783998994,0.0031479538300104933,0.003151790216843167,0.0030696774736133888,0.0030707104698607665,0.003071873421982831,0.003072907896952349,0.003075756298980366,0.0031791221826809016,0.003946940104166667,0.003930560104814936,0.003908017606647744,0.003923674211134974,0.003935703040848454,0.003945346567548486,0.0039528980984479675,0.003958168409649598,0.003962295628962296,0.003966100279714441,0.003968751305510298,0.003969912244045131,0.003970575942489342,0.003971239862887718,0.003968751305510298,0.0034754837497651702,0.003946940104166667,0.003929273084479371,0.0038649726573742856,0.0038732539453623966,0.0038417052214144085,0.0038095238095238095,0.003775463635232129,0.0037806398005816367,0.0037848854136339058,0.0037872482104211753,0.003789929615592853,0.003791034827528745,0.00379261482037176,0.003792140684252198,0.00378551520445942,0.0036798528058877645,0.0040283203125,0.004002123575774901,0.003971666052491504,0.003939754586120573,0.0038678352466773648,0.0038774079115621004,0.003883655594116675,0.003887188818129187,0.0038905674434005213,0.0038926619181712772,0.00389492002983343,0.0038960500683881127,0.0038965345713811972,0.0038971807628524046,0.0038887969551547243,0.003790473580855825,0.004069010416666667,0.00408730483119431,0.0040182049284513514,0.004029108251449246,0.00400330169211721,0.004012409513960704,0.004019559091662523,0.003984559830656207,0.003987870228056328,0.003991020204539786,0.003994341349754515,0.003996170336760604,0.003998500562289142,0.003998833673511892,0.003993510545363784,0.0038312407680945347,0.00439453125,0.004415552557340856,0.004427862736255176,0.0043558660365728375,0.004363396863293953,0.004371494556252062,0.004377632774428017,0.0043823383495948404,0.0043852391196425615,0.004389052213158875,0.004391597961635663,0.004393964516663903,0.004394875409428251,0.004397610355127779,0.00439852276028051,0.0044932601098352475,0.003946940104166667,0.0039206076941926,0.003936523557633165,0.003865290513590197,0.0038722966014418125,0.0037980431820996575,0.0038040107504651644,0.0038082622733670007,0.0038117335101093804,0.0038134715025906736,0.0038148946757339524,0.0038158440481128163,0.0038166355527898778,0.003817744211137854,0.003818695002490453,0.003921385556229868,0.00390625,0.003924133420536298,0.003937492309585333,0.003946881552440077,0.00395289467182739,0.0039587628865979385,0.003964812290918102,0.003968910203406648,0.003971865949524204,0.003973674407053272,0.003975155279503106,0.003976307832498032,0.003977296267141732,0.003977955496622882,0.003977955496622882,0.003701475963540462,0.003946940104166667,0.003960962064600433,0.003972479318535506,0.003941210279990147,0.003865608422091541,0.0038320491161564136,0.0038364753929293347,0.0038401189198117103,0.0038423401090728806,0.0038451997023071197,0.0038475859501054983,0.0038487005462671743,0.003849815788384319,0.0038510911424903724,0.0038522077706900837,0.0036886757654002213,0.0004475911458333333,0.0003676921191322466,0.00032753326509723645,0.0002463762164825689,0.00016466326362588507,0.00016490765171503957,0.0001651186790505676,0.00016525511258004544,0.000165371258475277,0.00016541913072246804,0.0001654944145635085,0.00012418246543588045,0.00012420817289777666,0.00012422360248447205,0.00008271982794275788,0.00009277728811986825],"averageToxinCountInMales":[2.431640625,2.431640625,2.431640625,2.431640625,2.431640625,2.431640625,2.431640625,2.431640625,2.431640625,2.431640625,2.431640625,2.431640625,2.431640625,2.431640625,2.431640625,2.44,2.449324324324324,2.493827160493827,2.4814814814814814,2.4178082191780823,2.4285714285714284,2.361111111111111,2.3555555555555556,2.3580246913580245,2.3055555555555554,2.2388059701492535,2.1666666666666665,2.2641509433962264,2.269230769230769,2.22,2.22,2.2888888888888888,2.488372093023256,2.4698795180722892,2.4814814814814814,2.4875,2.481012658227848,2.481012658227848,2.481012658227848,2.5,2.4935064935064934,2.4935064935064934,2.4935064935064934,2.4935064935064934,2.4935064935064934,2.513157894736842,2.506666666666667,2.510204081632653,2.6097560975609757,2.6666666666666665,2.7058823529411766,2.727272727272727,2.727272727272727,2.7666666666666666,2.888888888888889,2.923076923076923,2.92,2.92,3,3,3,3,3,3,3,3,3,3,3,3,3,3,3,3,3,3,3,3,3,3,3,3,3,3,3,3,3,3,3,3,3,3,3,3,3,3,3,3,3,3,3,3,3,3,3,3,3,3,3,3,3,3,3,3,3,3,3,3,3,3,3,3,3,3,3,3,3,3,3,3,3,3,3,3,3,3,3,3,3,3,3,3,3,3,3,3,3,3,3,3,3,3,3,3,3,3,3,3,3,3,3,3,3,3,3,3,3,3,3,3,3,3,3,3,3,3,3,3,3,3,3,3,3,3,3,3,3,3,3,3,3,3,3,3,3,3,null,null,null,null,null,null,null,null,null,null,null,null],"averageAntitoxinCountInFemales":[2.625,2.625,2.625,2.625,2.625,2.625,2.625,2.625,2.625,2.625,2.625,2.625,2.625,2.625,2.625,2.625,2.1666666666666665,2.3275862068965516,2.3275862068965516,2.3275862068965516,2.3275862068965516,2.3275862068965516,2.3275862068965516,2.3275862068965516,2.3275862068965516,2.3275862068965516,2.3333333333333335,2.3333333333333335,2.3214285714285716,2.3214285714285716,2.3214285714285716,2.3214285714285716,2.4455445544554455,2.4455445544554455,2.4455445544554455,2.4455445544554455,2.4455445544554455,2.4455445544554455,2.4455445544554455,2.4455445544554455,2.4455445544554455,2.4455445544554455,2.4455445544554455,2.4455445544554455,2.4455445544554455,2.4455445544554455,2.4455445544554455,2.4526315789473685,2.690909090909091,2.690909090909091,2.6792452830188678,2.6923076923076925,2.6923076923076925,2.7254901960784315,2.7254901960784315,2.76,2.76,2.76,2.7551020408163267,2.7551020408163267,2.7551020408163267,2.7551020408163267,2.7551020408163267,2.7551020408163267,3.024390243902439,3.024390243902439,3.024390243902439,3.024390243902439,3.024390243902439,3.024390243902439,3.024390243902439,3.024390243902439,3.024390243902439,3.024390243902439,3.024390243902439,3.024390243902439,3.024390243902439,3.024390243902439,3.024390243902439,3.025,3,3,3,3,3,3,3,3,3,3,3,3,3,3,3,3,3,3,3,3,3,3,3,3,3,3,3,3,3,3,3,3,3,3,3,3,3,3,3,3,3,3,3,3,3,3,3,3,3,3,3,3,3,3,3,3,3,3,3,3,3,3,3,3,3,3,3,3,3,3,3,3,3,3,3,3,3,3,3,3,3,3,3,3,3,3,3,3,3,3,3,3,3,3,3,3,3,3,3,3,3,3,3,3,3,3,3,3,3,3,3,3,3,3,3,3,3,3,3,3,3,3,3,3,3,3,3,3],