{"startTime":"2025-03-20T20:01:01.828Z","infectedMalesAtStart":16,"infectedFemalesAtStart":16,"toxinAntitoxinLength":3,"killRate":1,"rescueRate":1,"simulationLength":128,"infectionRatio":[0.01326150020721094,0.01326150020721094,0.01326150020721094,0.01326150020721094,0.01326150020721094,0.01326150020721094,0.01326150020721094,0.01326150020721094,0.01326150020721094,0.01326150020721094,0.01326150020721094,0.01326150020721094,0.01326150020721094,0.01326150020721094,0.01326150020721094,0.013546202225447508,0.013469805527123848,0.015452358625188567,0.01518429323645863,0.01513106776264671,0.015113040629095674,0.015131012424652479,0.015101153104353893,0.015067537053003243,0.01507124964067184,0.015078060805258833,0.015081778581408729,0.015082398389019027,0.015084878128981873,0.015088599268182378,0.01509170162019903,0.014908684308609765,0.0084228515625,0.0081913499344692,0.00809766524169681,0.00800660338423442,0.007906938234807087,0.007888399900357054,0.007825833576156184,0.0078001167931926255,0.007809237450931262,0.007733467101412926,0.007697134490692324,0.007703257138072511,0.007706160740461532,0.007667811950054471,0.0076716693217070515,0.00746407046824293,0.009847005208333334,0.009559995097438411,0.009348860095128753,0.00932927831662009,0.009229121173416835,0.009163330168819912,0.008970649028524184,0.008982903506230079,0.00899146432418994,0.008957080655193862,0.008920051445878107,0.008799601527478001,0.00872165462247695,0.008640385494122046,0.008586005226264052,0.00816382377086564,0.004842122395833333,0.004819473942166312,0.004831709114732618,0.0045992115637319315,0.0045703462757854,0.0044965141702075,0.004464101186293556,0.004429541314787217,0.004432844477587207,0.004394511007006343,0.004397610355127779,0.004399435544118868,0.0044001660440016604,0.004359921936635801,0.004361370716510903,0.004084040477378954,0.003946940104166667,0.003959345279399159,0.0039671179092879635,0.003975246916109995,0.003986355977479143,0.003992426736911425,0.003997362564905629,0.004000494906586382,0.004003466919806843,0.00400462389563207,0.004007270924564157,0.003967433979418936,0.003927242662257131,0.003928541890662476,0.003927405018810203,0.0035634743875278397,0.0037434895833333335,0.00363265306122449,0.003438536166032175,0.0033274452614714704,0.003170550934694886,0.0031353135313531354,0.003058356753182344,0.002979022715048202,0.002940445622463348,0.002942273424226099,0.0029439814238918604,0.002945447002696536,0.0029461803394331713,0.002946791732381506,0.002950710664117696,0.002680366316729953,0.000244140625,0.00020408163265306123,0.00016366612111292964,0.00008203108978302776,0.0000821827744904668,0.00008234858154568287,0.00008245722531436817,0.0000412660421738951,0.00004130012803039689,0.000041315485043794416,0.00004133768756975735,0.00004135136252739528,0.00004136504653567735,0.00004137018037398643,0.000041407867494824014,0.000044738725841088044],"averageToxinCountInMales":[2.6875,2.6875,2.6875,2.6875,2.6875,2.6875,2.6875,2.6875,2.6875,2.6875,2.6875,2.6875,2.6875,2.6875,2.6875,2.6923076923076925,2.7365269461077846,2.4742268041237114,2.4894736842105263,2.4627659574468086,2.46524064171123,2.46524064171123,2.456989247311828,2.4594594594594597,2.4594594594594597,2.4594594594594597,2.4594594594594597,2.4594594594594597,2.4594594594594597,2.4594594594594597,2.4594594594594597,2.4615384615384617,2,2.029126213592233,1.99,1.9896907216494846,2.0106382978723403,2.021505376344086,1.978021978021978,1.988888888888889,1.988888888888889,2.0113636363636362,2.0114942528735633,2.0114942528735633,2.0114942528735633,2.0232558139534884,2.0232558139534884,2,1.2881355932203389,1.2321428571428572,1.1666666666666667,1.1495327102803738,1.1346153846153846,1.0980392156862746,1.0612244897959184,1.0612244897959184,1.0612244897959184,1.0612244897959184,1.0612244897959184,1.0210526315789474,1.021505376344086,1,1,1,1,1,1,1,1,1,1,1,1,1,1,1,1,1,1,1,1,1,1,1,1,1,1,1,1,1,1,1,1,1,1,1,1,1,1,1,1,1,1,1,1,1,1,1,1,1,1,1,1,1,1,1,1,1,1,1,1,1,1,1,1,1,1,1],"averageAntitoxinCountInFemales":[2.875,2.875,2.875,2.875,2.875,2.875,2.875,2.875,2.875,2.875,2.875,2.875,2.875,2.875,2.875,2.8666666666666667,2.8703703703703702,2.637837837837838,2.6648351648351647,2.6648351648351647,2.6648351648351647,2.6648351648351647,2.6648351648351647,2.6648351648351647,2.6648351648351647,2.6648351648351647,2.6648351648351647,2.6648351648351647,2.6648351648351647,2.6648351648351647,2.6648351648351647,2.6666666666666665,1.865979381443299,1.865979381443299,1.865979381443299,1.865979381443299,1.865979381443299,1.865979381443299,1.865979381443299,1.865979381443299,1.865979381443299,1.865979381443299,1.865979381443299,1.865979381443299,1.865979381443299,1.865979381443299,1.865979381443299,1.881720430107527,1.2903225806451613,1.2622950819672132,1.2333333333333334,1.2333333333333334,1.2333333333333334,1.2333333333333334,1.218487394957983,1.218487394957983,1.218487394957983,1.2033898305084745,1.188034188034188,1.188034188034188,1.188034188034188,1.1724137931034482,1.1565217391304348,1.1592920353982301,1,1,1,1,1,1,1,1,1,1,1,1,1,1,1,1,1,1,1,1,1,1,1,1,1,1,1,1,1,1,1,1,1,1,1,1,1,1,1,1,1,1,1,1,1,1,1,1,null,null,null,null,null,null,null,null,null,null,null,null,null,null,null,null],"reproductiveSuccessOverTime":[0,0,0,0,0,0,0,0,0,0,0,0,0,0,0,0,0.0008597748208802456,0,0,0,0,0,0,0,0,0,0,0,0,0,0,0.00023294819232202757,0,0,0,0,0.00008279516476237788,0.00004151789421240555,0.000041626774341256295,0.00004171185450905147,0.00004176062807984632,0.0000418025248725023,0.000041832252666806106,0.00004186552792430713,0.000041881308372073544,0,0,0.0002781641168289291,0,0.00012256403971074888,0.00020501886173527966,0.0000821962847279303,0.00008240286761979316,0.00008255252404342263,0.00008267879288962381,0.00008279173738460902,0.00004143531946631308,0,0,0,0,0,0,0.00018243181610872936,0,0.00008168599901976801,0.00004094668741298829,0.00004106438896189225,0.000041174290772841436,0,0,0,0,0,0,0,0,0,0.00004153686396677051,0.0007714298679493579,0,0.000040817992571125354,0.000040898122776164575,0.00004098192697020614,0,0,0,0,0,0,0,0,0,0,0.00008268221092232006,0.00035634743875278396,0,0,0.00004093495435752589,0.00012323871338783222,0.00012352795849460594,0.00008250825082508251,0.00008265829062654984,0.00004137531548678059,0.00004141472707694856,0.00004144047076374788,0.00004146452709706846,0.000041485169052063885,0.00004149549773849537,0.000041504108906781774,0.00004155930512841825,0.0003127094036184945,0,0,0.00004091653027823241,0.00004101554489151388,0.0000821827744904668,0.000041174290772841436,0,0,0,0,0,0,0,0,0,0.0007605583392984968]}