{"startTime":"2025-03-24T20:33:26.773Z","infectedMalesAtStart":1024,"infectedFemalesAtStart":1024,"toxinAntitoxinLength":3,"killRate":0.7112147486099324,"rescueRate":0.5828216620965389,"simulationLength":230,"infectionRatio":[0.1766278568348426,0.1766278568348426,0.17660890011321084,0.17169474344741034,0.1677759176840472,0.16593424479166666,0.17032877604166666,0.1751708984375,0.17525227864583334,0.185302734375,0.18147786458333334,0.18123372395833334,0.186279296875,0.1842041015625,0.18815104166666666,0.19189453125,0.19427036705461057,0.19409609120521173,0.1843004801823065,0.16434733072916666,0.14070638020833334,0.12263997395833333,0.12662760416666666,0.1207275390625,0.11538931173429932,0.12459309895833333,0.13118489583333334,0.1340713907769954,0.1329345703125,0.13180061037639879,0.12825520833333334,0.1281383519837233,0.127685546875,0.12756598240469208,0.126444733843399,0.13297526041666666,0.11421712239583333,0.09261067708333333,0.08687337239583333,0.09745279947916667,0.09956868489583333,0.10042317708333333,0.09757486979166667,0.1008830830586416,0.09684244791666667,0.09647623697916667,0.093505859375,0.09464518229166667,0.0924072265625,0.09476725260416667,0.09273652085452695,0.10697428385416667,0.091796875,0.07210286458333333,0.06254069010416667,0.06864420572916667,0.07906087239583333,0.07552083333333333,0.07271617497456764,0.07341092211280215,0.06416829427083333,0.07564598168870804,0.0799560546875,0.08585611979166667,0.08342489724494363,0.08626302083333333,0.0841064453125,0.09663899739583333,0.08247884114583333,0.0648193359375,0.0557861328125,0.06424967447916667,0.07649071358748778,0.07763671875,0.07450358072916667,0.07967122395833333,0.067138671875,0.06730143229166667,0.06363932291666667,0.0682373046875,0.06673177083333333,0.0676297049847406,0.06734212239583333,0.060017903645833336,0.056559244791666664,0.051554361979166664,0.044840494791666664,0.061075846354166664,0.07535724463624151,0.07845371312309257,0.07523600260416667,0.07467241800276715,0.060546875,0.05998697704704542,0.054117838541666664,0.055826822916666664,0.051432291666666664,0.053633922031415315,0.058186848958333336,0.046956380208333336,0.045694986979166664,0.038289388020833336,0.029500325520833332,0.054854724505575,0.06572521569265831,0.06766764322916667,0.066330267762676,0.06958290946083417,0.052571614583333336,0.05017702356244659,0.045735677083333336,0.044108072916666664,0.041300455729166664,0.0406494140625,0.054694176535221586,0.047200520833333336,0.041178385416666664,0.032877604166666664,0.027058919270833332,0.041910807291666664,0.054158528645833336,0.05286074713111419,0.055788402848423194,0.0521240234375,0.043009440104166664,0.04041514041514042,0.038289388020833336,0.045084635416666664,0.038533528645833336,0.03707471919257692,0.04661862302023533,0.044108072916666664,0.0322265625,0.023478190104166668,0.018473307291666668,0.025716145833333332,0.034805617748829634,0.035406153345271044,0.036916439415523625,0.034955644176772195,0.03475642017011925,0.03776348986733946,0.032918294270833336,0.0465087890625,0.0447998046875,0.04236184585334093,0.04969272719873021,0.043863932291666664,0.0318603515625,0.02356244658771823,0.017496744791666668,0.016927083333333332,0.020753642060714575,0.0211691906855561,0.021338111332817527,0.02125926529282398,0.021258399511301162,0.021006350757205666,0.018798828125,0.027589013224821973,0.029541015625,0.02958772536730292,0.027514347348284424,0.023193359375,0.0194091796875,0.01582973874827053,0.01025390625,0.009724934895833334,0.009726122166605624,0.009735234215885947,0.009737217355876961,0.009734441186054089,0.00973761408083442,0.009649837133550488,0.0076904296875,0.037516276041666664,0.040283203125,0.037849497374954216,0.03916459715832757,0.032878942014242116,0.031209309895833332,0.023899678351858637,0.016357421875,0.0152587890625,0.015137950679580044,0.01509910056570754,0.015104633173194366,0.015026265423300891,0.01503238684971687,0.014489804224836176,0.010539165818921668,0.022380467955239063,0.021443684895833332,0.021728515625,0.019677340503544364,0.015177408854166666,0.013142903645833334,0.007649739583333333,0.006551106770833333,0.006103515625,0.005942689677629437,0.0056573056573056574,0.005661914460285133,0.005663298565840939,0.005665837851057759,0.005669766682982542,0.0034227039361095267,0.007493992587463853,0.006919570172582221,0.006881948120698782,0.006643841199967392,0.00537109375,0.0040283203125,0.003133520530663737,0.0030924479166666665,0.0030924479166666665,0.0023600260416666665,0.002197802197802198,0.0021177812169096686,0.0019963332654308412,0.0019973097460563322,0.001998205692847239,0.0015090953585121135,0.0025287543845338117,0.0030172062301231347,0.00301573070339881,0.0025272082501120938,0.0021158854166666665,0.0002848307291666667,0.0001220703125],"averageToxinCountInMales":[2.5888671875,2.5888671875,2.5734126984126986,2.225517627308338,2.382800982800983,2.3971871968962173,2.308090310442145,2.290172333488589,2.335700757575758,2.4089907448215073,2.3760180995475113,2.41500904159132,2.4472406181015454,2.452042628774423,2.376992675570875,2.4752433347439697,2.5136929460580912,2.5135135135135136,2.525732031943212,2.32275390625,2.345163136805953,2.640053226879574,2.6216568819308543,2.5071186440677966,2.5527065527065527,2.736910994764398,2.7093963907902925,2.6664626682986534,2.501847290640394,2.5667915106117354,2.7069408740359897,2.6941715782580222,2.693062827225131,2.6887287024901703,2.7064643799472297,2.412883435582822,2.44119743406985,2.3513513513513513,2.2893023255813953,2.0857378400659523,1.9729950900163666,2.210950080515298,2.1559633027522938,2.136180499597099,2.0176174496644297,2.044142614601019,2.0446030330062444,2.134941912421805,2.152233363719234,2.1480176211453745,2.1666666666666665,1.8233024691358024,1.6753130590339893,1.7855504587155964,1.8709677419354838,1.5838359469240049,1.1278586278586278,1.0971302428256071,1.0914285714285714,1.0757918552036199,1.0408432147562583,1.6861081654294803,1.593812375249501,1.7873510540788267,1.6912181303116147,1.8555758683729433,2.0103383458646618,1.908353609083536,1.87981220657277,2.0298329355608593,2.0879432624113474,1.6124523506988564,1.2764140875133405,1.1682539682539683,1.1712403951701427,1.0416666666666667,1.0604938271604938,1.3965728274173808,1.6119205298013246,1.4019728729963008,1.4716267339218159,1.630188679245283,1.8887515451174288,1.7475317348377997,1.5950920245398772,1.6965174129353233,1.8388349514563107,1.1409214092140922,0.8690869086908691,0.8154825026511134,0.813953488372093,0.8204545454545454,0.827972027972028,1.018361581920904,0.9394904458598726,0.749611197511664,0.6773109243697479,0.887987012987013,1.3994211287988423,1.5266903914590748,1.6101083032490975,1.7301927194860813,2.032258064516129,0.929745889387145,0.7246558197747184,0.6576687116564417,0.6,0.5985576923076923,0.6850393700787402,0.8187808896210873,0.691470054446461,0.5388888888888889,0.49290060851926976,0.3869653767820774,1.0861027190332326,1.1491228070175439,1.080550098231827,1.1253012048192772,1.2882882882882882,0.5445736434108527,0.40923076923076923,0.3181818181818182,0.2791728212703102,0.2823343848580442,0.24007561436672967,0.1951219512195122,0.23333333333333334,0.09176029962546817,0.08185840707964602,0.06960556844547564,0.03571428571428571,0.03207547169811321,0.04404145077720207,0.058394160583941604,0.05092592592592592,0.01929260450160772,0.002352941176470588,0.0023094688221709007,0.0022271714922048997,0.002320185614849188,0.00234192037470726,0.002136752136752137,0,0,0,0,0,0,0,0,0,0,0,0,0,0,0,0,0,0,0,0,0,0,0,0,0,0,0,0,0,0,0,0,0,0,0,0,0.002008032128514056,0.002380952380952381,0,0,0,0,0,0,0,0,0,0,0,0,0,0,0,0,0,0,0,0,0,0,0,0,0,0,0,0,0,0,0,0,0,0,0,0,0,0,0,0,0,0,0,0,0,0,0,0,0,0],