{"startTime":"2025-03-24T20:43:41.882Z","infectedMalesAtStart":1024,"infectedFemalesAtStart":1024,"toxinAntitoxinLength":3,"killRate":0.37316104457707866,"rescueRate":0.858666051456542,"simulationLength":278,"infectionRatio":[0.08333333333333333,0.08333333333333333,0.0828949531481177,0.08003743489583333,0.09053548177083333,0.08837890625,0.08711751302083333,0.09525553385416667,0.08809407552083333,0.08516438802083333,0.0880126953125,0.0877685546875,0.0845947265625,0.08553059895833333,0.08199055989583333,0.0870361328125,0.08858235677083333,0.08850350105845954,0.08940343452429397,0.08492024739583333,0.07063802083333333,0.07527669270833333,0.0628662109375,0.0616455078125,0.055419921875,0.057291666666666664,0.060750325520833336,0.06783040364583333,0.06471043099588947,0.06522623697916667,0.0660400390625,0.06486530479368438,0.069580078125,0.07085588702128526,0.07596842447916667,0.0850830078125,0.0694580078125,0.060384114583333336,0.0509033203125,0.048990885416666664,0.045206705729166664,0.049967447916666664,0.05517578125,0.061930338541666664,0.059407552083333336,0.061116536458333336,0.05859375,0.057454427083333336,0.07548014322916667,0.07518215492327106,0.07779947916666667,0.08199055989583333,0.06783040364583333,0.06502278645833333,0.056070963541666664,0.050740559895833336,0.049072265625,0.060262044270833336,0.059122721354166664,0.062744140625,0.0693359375,0.064697265625,0.06363932291666667,0.05806950435419549,0.0822380467955239,0.08771572777596874,0.10047613234037359,0.1011962890625,0.08878580729166667,0.07731119791666667,0.06351725260416667,0.053263346354166664,0.049072265625,0.057576497395833336,0.059000651041666664,0.059208919996744526,0.06258647350858632,0.05424432326849516,0.062052408854166664,0.05912993936434298,0.09285481770833333,0.0943603515625,0.09769694010416667,0.113037109375,0.09183756510416667,0.07808430989583333,0.06612141927083333,0.057413736979166664,0.0499267578125,0.0572509765625,0.059417222855282434,0.058797200520833336,0.056477864583333336,0.050746754568021815,0.056358087487283826,0.055379231770833336,0.08577473958333333,0.0897216796875,0.08573404947916667,0.09761555989583333,0.08500162760416667,0.07454427083333333,0.062215169270833336,0.052530924479166664,0.04020509481565883,0.03857735818344592,0.036342178088881655,0.03495991209148997,0.032430013020833336,0.028645833333333332,0.02685546875,0.024170905391658188,0.048583984375,0.06644694010416667,0.06705729166666667,0.0822380467955239,0.06795247395833333,0.058919270833333336,0.047086114276412176,0.0390625,0.031129196337741607,0.025270611215105397,0.022258392675483216,0.021367521367521368,0.0195791101884642,0.017171223958333332,0.013468424479166666,0.011515299479166666,0.021077473958333332,0.024879876211417868,0.028157552083333332,0.038413021363173955,0.031903637991372996,0.028483072916666668,0.021525065104166668,0.017496744791666668,0.012167331325791488,0.009684244791666666,0.007894843934399544,0.009278853980139997,0.012132068558400847,0.010296691221358512,0.008382843655896475,0.007406201676568731,0.009116809116809116,0.008516707416462918,0.007936507936507936,0.01953760989905568,0.013103813128230172,0.012491861979166666,0.010335286458333334,0.008097330729166666,0.00659206510681587,0.006105006105006105,0.00602262553918776,0.005901986323673071,0.005903668417409714,0.0057787001994058515,0.00577822990844354,0.005777994791666667,0.0057787001994058515,0.005777994791666667,0.005045983559860015,0.019857578840284842,0.007531653299678378,0.005983393031585803,0.005818684895833333,0.005208969193830627,0.0042724609375,0.004028484231943031,0.0038251810857003335,0.0038278291322229913,0.003833605220228385,0.0037877245143159697,0.003786028334147533,0.003785874211276206,0.0037861824695680493,0.003786028334147533,0.0034194992876043153,0.01792406713377872,0.007330184069066623,0.005172694688823721,0.004720052083333333,0.0043552588733311625,0.0038655598958333335,0.0038655598958333335,0.003866189158391665,0.0038665038665038664,0.003870757446114982,0.0038720195638883227,0.0038748623404168537,0.003876601648575859,0.0038783425188814043,0.00387565274151436,0.0034642973589827193,0.02106936180617817,0.017853503444340276,0.01566951566951567,0.013468424479166666,0.009726122166605624,0.0079345703125,0.007283528645833333,0.007284417856997518,0.007285900358189515,0.007288867171593778,0.007293321924785071,0.007295105351102417,0.007296592206098158,0.0072959973913752346,0.007294213528932355,0.005743848786051817,0.02891939228544662,0.02034741477736095,0.017051929024906397,0.012858072916666666,0.01001139508383526,0.0091552734375,0.008829752604166666,0.008830111902339776,0.008834785440925006,0.008841264667535854,0.008846310640032613,0.008849557522123894,0.00885389040760537,0.008856781355863026,0.008856781355863026,0.007223900089788589,0.020139426800929512,0.028302655155562795,0.021484375,0.017293294270833332,0.0087890625,0.007080078125,0.006754557291666667,0.006754557291666667,0.00676060926936548,0.0067661204858563626,0.006770812089570502,0.006775233663932084,0.0067777233382328925,0.006779937918640745,0.006782708180109504,0.006334028033182134,0.008128420880647006,0.010403067885117493,0.011190689346463742,0.006429036458333333,0.0029298067141403867,0.0028895852834642465,0.0028889973958333335,0.0028893500997029258,0.0028928818807806705,0.002895713528284188,0.0028991425071457737,0.0028992608926456777,0.0029010378360709325,0.0029019864301479603,0.0029025796165324394,0.0029045982654230078,0.0026993865030674846,0.006037612695304532,0.007949773737209018,0.0023193359375,0.0016276041666666667,0.00146484375,0.001465082207390526,0.00146484375,0.0014652014652014652,0.0014657383657017222,0.0014665743268016459,0.001467770212418967,0.0014685485844823365,0.0014687283260576883,0.0014691478942213516,0.0014696276943174395,0.001388548558359879,0.0030642261807484884,0.0008561294793917403],