{"startTime":"2025-03-24T21:01:06.836Z","infectedMalesAtStart":2056,"infectedFemalesAtStart":1024,"toxinAntitoxinLength":3,"killRate":0.5,"rescueRate":0.5,"simulationLength":102,"infectionRatio":[0.12532552083333334,0.12532552083333334,0.12520004924289055,0.10856119791666667,0.10042317708333333,0.090576171875,0.09517415364583333,0.08430989583333333,0.078125,0.07694498697916667,0.0723876953125,0.07975260416666667,0.07316080729166667,0.07112630208333333,0.07365208545269583,0.06953938802083333,0.06624348958333333,0.06612647094751414,0.07177734375,0.06925455729166667,0.066162109375,0.06294759114583333,0.060628255208333336,0.056437174479166664,0.055704752604166664,0.0526123046875,0.0444354018311292,0.0614013671875,0.055623372395833336,0.050089518229166664,0.047566731770833336,0.046590169270833336,0.0455322265625,0.04549709030236438,0.0439453125,0.035319010416666664,0.033528645833333336,0.0284423828125,0.031168619791666668,0.027872721354166668,0.023518880208333332,0.0233154296875,0.018147786458333332,0.034138997395833336,0.0322265625,0.030314127604166668,0.028157552083333332,0.026285807291666668,0.027099609375,0.026661782065372248,0.027872721354166668,0.023681640625,0.0242919921875,0.019124348958333332,0.0169677734375,0.011027018229166666,0.008219401041666666,0.010050455729166666,0.007161458333333333,0.011433919270833334,0.0093994140625,0.010457356770833334,0.00927734375,0.008382161458333334,0.007568667344862666,0.007163790296320417,0.007202734597542118,0.0062255859375,0.003987630208333333,0.0025634765625,0.0023197134950349993,0.0020756175979813603,0.0014652611013879278,0.00618539920240905,0.006103515625,0.006103515625,0.006062825520833333,0.0035400390625,0.0035400390625,0.0034587995930824007,0.003418107833163784,0.004761129649222756,0.005861044405551711,0.004638671875,0.003987630208333333,0.0015869140625,0.0011393229166666667,0.00024417043096081065,0.0002441505595116989,0.00024418036789842097,0.000244140625,0.000244140625,0.000244140625,0.000244140625,0.000244140625,0.000244140625,0.00024417043096081065,0.00016279353709657725,0.0037034022464593848,0.0037027994791666665,0.0035400390625,0.00146484375],"averageToxinCountInMales":[2.519455252918288,2.519455252918288,2.5207100591715976,2.513258691809075,2.513310580204778,2.5179127725856696,2.6676970633693973,2.6335740072202167,2.604878048780488,2.5671641791044775,2.5927505330490406,2.480750246791708,2.4268558951965065,2.3772935779816513,2.413984461709212,2.3879716981132075,2.359550561797753,2.3638644918444167,2.196261682242991,2.2753623188405796,1.979539641943734,2.141347424042272,2.1869806094182827,2.209985315712188,2.0555555555555554,2.0528,2.134980988593156,1.9198423127463864,1.9684361549497849,1.8238095238095238,1.7973421926910298,1.777027027027027,1.76,1.801047120418848,1.7116451016635859,1.7587006960556844,1.7043269230769231,1.6819484240687679,1.967828418230563,2.0182370820668694,2.0842105263157893,2.148936170212766,2.3155339805825244,2.536764705882353,2.8617021276595747,2.8983050847457625,2.884498480243161,2.9269102990033224,2.7556270096463025,2.7941176470588234,2.56656346749226,2.6766917293233083,2.6389891696750905,2.710280373831776,2.742574257425743,2.8661417322834644,3.2083333333333335,3.2288135593220337,3.1184210526315788,4.083969465648855,4.038461538461538,3.456896551724138,3.355769230769231,3.25,3.0602409638554215,3.0384615384615383,2.7532467532467533,2.6666666666666665,3.3777777777777778,2.8214285714285716,2.56,2.782608695652174,3.0714285714285716,2.987012987012987,2.960526315789474,2.960526315789474,2.96,2.923076923076923,2.923076923076923,2.918918918918919,2.918918918918919,3,2.3076923076923075,2.150943396226415,2,2.0625,1.6363636363636365,0,0,0,0,0,0,0,0,0,0,0,0,0,0,0],"averageAntitoxinCountInFemales":[2.4990234375,2.4990234375,2.5004887585532747,2.48918640576725,2.4626121635094718,2.4639065817409764,2.615311004784689,2.5622406639004147,2.588826815642458,2.536117381489842,2.5707491082045184,2.416050686378036,2.3469387755102042,2.345890410958904,2.374037403740374,2.3333333333333335,2.311970979443773,2.311970979443773,2.1696035242290748,2.1899313501144166,1.9632701421800949,2.0949367088607596,2.1783854166666665,2.254957507082153,2.1920341394025606,2.2350299401197606,2.234982332155477,2.053475935828877,2.0865671641791046,1.9667221297836939,1.9188712522045854,1.9113924050632911,1.9025735294117647,1.924770642201835,1.725417439703154,1.7894736842105263,1.786764705882353,1.7914285714285714,2.208651399491094,2.247191011235955,2.467576791808874,2.470790378006873,2.4458333333333333,2.5614849187935036,2.7548076923076925,2.739130434782609,2.7796143250688705,2.8086956521739133,2.6985915492957746,2.713467048710602,2.527624309392265,2.661392405063291,2.684375,2.5703125,2.6697674418604653,2.8680555555555554,3.349056603773585,3.441860465116279,3.59,4.2,4.181102362204724,3.5815602836879434,3.3870967741935485,3.280701754385965,3.0970873786407767,3.061224489795918,2.88,2.689655172413793,3.490566037735849,2.8285714285714287,2.75,2.7142857142857144,2.9545454545454546,2.986666666666667,2.9594594594594597,2.9594594594594597,2.9594594594594597,2.9375,2.9375,2.9375,2.9361702127659575,2.9545454545454546,2.430379746835443,2.262295081967213,2.150943396226415,1.6956521739130435,1.2352941176470589,0,0,0,0,0,0,0,0,0,0,0,0,0,0,0],"reproductiveSuccessOverTime":[0,0,0,0.000023499646907729963,0.00001604099755407602,0.000032247729502640856,0.000012095471079846078,0.000058196495342531346,0.00003115634030381131,0.000019704330911947464,0.000011635019189341284,0,0.000016530354817708332,0.000020468106833837368,0.00005340793489318413,0.000016471667167467948,0.000024497219916272817,0.00001623249505899451,8.138020833333334e-7,0,0.00005153315009529031,0.000013040443022088353,0.000012225240329177217,0.000015070408950617283,0,0,0,0,0,0,0.000018407428075396824,0.00005909753224206349,0,0.00012208521548040532,0,0,0,0,0.000002564587210504549,0.000004229150361508647,0,0,0.000040690104166666664,0.000060578375523991096,0,0.000040690104166666664,0,0,0,0,0,0,0,0,0,0,0,0.0000018780048076923078,0,0.00004513725170703168,0.0000032845731356031124,0,0.000040690104166666664,0.000040690104166666664,0,0,0,0,0,0,0,0,0.00008140339452155154,0,0,0,0,0,0.000040690104166666664,0.00004069175991861648,0.00004069175991861648,0,0.00004070169726077577,0,0,0,0,0.00012208521548040532,0.00008138351983723296,0.00012209018394921048,0,0,0,0,0,0,0,0,0,0,0,0]}