{"startTime":"2025-03-24T20:43:41.882Z","infectedMalesAtStart":1024,"infectedFemalesAtStart":1024,"toxinAntitoxinLength":3,"killRate":0.18988532376533052,"rescueRate":0.858666051456542,"simulationLength":243,"infectionRatio":[0.08333333333333333,0.08333333333333333,0.08323395155652424,0.0841064453125,0.08357747395833333,0.09651692708333333,0.097412109375,0.0899658203125,0.0849609375,0.0860595703125,0.08577473958333333,0.08504231770833333,0.08443196614583333,0.08170572916666667,0.0821533203125,0.08170572916666667,0.07926432291666667,0.07920550286946966,0.08146158854166667,0.09065755208333333,0.08308919270833333,0.08597819010416667,0.08585611979166667,0.08394368489583333,0.0770263671875,0.08194986979166667,0.07108561197916667,0.07230631510416667,0.0670166015625,0.07645670572916667,0.07763671875,0.0797119140625,0.075927734375,0.07694498697916667,0.07178026449643947,0.072509765625,0.062459309895833336,0.0584716796875,0.054850260416666664,0.06571451822916667,0.05879959308240081,0.059244791666666664,0.0623779296875,0.06884765625,0.061726888020833336,0.063720703125,0.06632756866734486,0.07576497395833333,0.0711669921875,0.06966429298067141,0.06246439326117034,0.06514485677083333,0.060999430292178726,0.0546875,0.04980671414038657,0.060139973958333336,0.05773145509323345,0.07047526041666667,0.07014973958333333,0.06404622395833333,0.05908203125,0.0594482421875,0.058878580729166664,0.057535807291666664,0.0562744140625,0.05688939529584113,0.048746744791666664,0.0640869140625,0.08113606770833333,0.07845052083333333,0.07617497456765004,0.08699544270833333,0.09035384176880167,0.10294596354166667,0.10441080729166667,0.09977213541666667,0.0906982421875,0.08744303385416667,0.08634440104166667,0.08296712239583333,0.08015950520833333,0.0802001953125,0.069580078125,0.10355631510416667,0.1141357421875,0.1158447265625,0.11539713541666667,0.11991373697916667,0.13330078125,0.13810221354166666,0.14664713541666666,0.13252766927083334,0.12105305989583333,0.1167853509664293,0.11592610677083333,0.11275227864583333,0.10860188802083333,0.10364613005615692,0.08872247771763461,0.1234130859375,0.13590494791666666,0.13480631510416666,0.134033203125,0.13724772135416666,0.16315810904352784,0.15116373697916666,0.16215006510416666,0.14469401041666666,0.13057454427083334,0.12308756510416667,0.12015787760416667,0.11678059895833333,0.11079915364583333,0.10218116708716529,0.088623046875,0.10799153645833333,0.12141927083333333,0.128662109375,0.13326009114583334,0.13326551373346898,0.1457781760417091,0.124267578125,0.12757905017702356,0.13248697916666666,0.11307779947916667,0.10463128764447338,0.10701497395833333,0.1068115234375,0.10367838541666667,0.09510825329643496,0.08231608072916667,0.09200032552083333,0.11653645833333333,0.12760416666666666,0.12581380208333334,0.12980143229166666,0.14878892733564014,0.12353515625,0.11282051282051282,0.11271158854166667,0.09212239583333333,0.08235677083333333,0.07902018229166667,0.07752726680774866,0.07454427083333333,0.06800423245971024,0.054280598958333336,0.052408854166666664,0.061075846354166664,0.07914225260416667,0.08570730913234575,0.09070193285859614,0.10926626785496277,0.098876953125,0.0928112024749654,0.0855712890625,0.06953938802083333,0.056355794270833336,0.05327201692983884,0.051524154491066704,0.046346028645833336,0.035481770833333336,0.0272216796875,0.023600260416666668,0.035237630208333336,0.044474283854166664,0.04533062054933876,0.04578568230841236,0.062479648323021816,0.053385416666666664,0.041829427083333336,0.036580403645833336,0.033772786458333336,0.030029296875,0.031054131054131053,0.02925737538148525,0.02600732600732601,0.021158854166666668,0.0167236328125,0.012411491820623424,0.0206298828125,0.0244140625,0.024468691474635616,0.025356125356125355,0.039835611979166664,0.035237630208333336,0.031697591145833336,0.026163736979166668,0.021647135416666668,0.017578125,0.01664292980671414,0.015870432164075854,0.014200846354166666,0.012898763020833334,0.0103759765625,0.008951822916666666,0.015055338541666666,0.014689127604166666,0.014367699133053849,0.013350156701534454,0.020683196938235414,0.024576822916666668,0.018072289156626505,0.012125651041666666,0.009806315104166666,0.0079345703125,0.006876627604166667,0.006307222787385555,0.004801432291666667,0.0037027994791666665,0.0030517578125,0.0027262369791666665,0.004597981770833333,0.004435221354166667,0.004191251271617498,0.0039472613331163016,0.0033476219636660543,0.0037434895833333335,0.0034623217922606924,0.0033365885416666665,0.0026041666666666665,0.0016682942708333333,0.00146484375,0.0013835761373809717,0.001180061037639878,0.0010986328125,0.0008951822916666666,0.000732421875,0.0010986328125,0.0010987222267437129,0.001098945826040946,0.001058588819673466,0.0011037076401095532,0.0005289713541666666,0.0004883209896638724,0.00048828125,0.0004883011190233978,0.000244140625,0.0002441505595116989,0.0002441604948319362,0.00008139676854828863,0.00004069175991861648,0.000040690104166666664],