{"startTime":"2025-03-24T20:33:55.228Z","infectedMalesAtStart":16,"infectedFemalesAtStart":32,"toxinAntitoxinLength":3,"killRate":0.013055076489070672,"rescueRate":0.8459915163146887,"simulationLength":90,"infectionRatio":[0.0037896731406916154,0.0037896731406916154,0.003749800542524334,0.0059841290490438405,0.006307222787385555,0.004842122395833333,0.0032145182291666665,0.0034993489583333335,0.0031331380208333335,0.005045572916666667,0.004231770833333333,0.0048828125,0.004679361979166667,0.0045166015625,0.004313151041666667,0.004150390625,0.003987630208333333,0.00398909105710913,0.0036220087904932446,0.0019938151041666665,0.0032552083333333335,0.0028483072916666665,0.0026041666666666665,0.00244140625,0.0021160576218767803,0.001953125,0.0017903645833333333,0.004557291666666667,0.004313151041666667,0.0042724609375,0.004231770833333333,0.004150390625,0.004150559511698881,0.004110202254506979,0.0040283203125,0.0034993489583333335,0.0076904296875,0.0050048828125,0.0028079599560493222,0.0023600260416666665,0.0018717447916666667,0.0018717447916666667,0.0016276041666666667,0.0017496744791666667,0.0029296875,0.0028889973958333335,0.0036214192708333335,0.0029296875,0.002930045171529728,0.0029299259379832344,0.0029299259379832344,0.0025634765625,0.004638671875,0.004191080729166667,0.0028076171875,0.0028076171875,0.0026041666666666665,0.0024007161458333335,0.002400813835198372,0.0023600260416666665,0.0022379557291666665,0.0020345052083333335,0.0019938151041666665,0.0019124348958333333,0.0018310546875,0.001546538602417484,0.0014242115971515768,0.0011393229166666667,0.010294596354166666,0.008097330729166666,0.007242838541666667,0.00537109375,0.0052490234375,0.004638671875,0.004598917422978308,0.004597981770833333,0.004191080729166667,0.0037434895833333335,0.0034586588541666665,0.0031331380208333335,0.0030924479166666665,0.0026856561546286877,0.0020752797558494405,0.0015462239583333333,0.0035807291666666665,0.0027262369791666665,0.0022379557291666665,0.0010986328125,0.0009358723958333334,0.00020345052083333334],"averageToxinCountInMales":[2.125,2.125,2.1333333333333333,2.8333333333333335,2.671641791044776,2.792452830188679,2.838709677419355,2.6216216216216215,2.6470588235294117,2.85,3.02,3.19672131147541,3.2,3.206896551724138,3.456140350877193,3.314814814814815,3.3207547169811322,3.3207547169811322,3.2291666666666665,3.3870967741935485,3.1914893617021276,3.225,3.111111111111111,3.125,3.1481481481481484,3.1538461538461537,2.9565217391304346,2.3137254901960786,2.2857142857142856,2.2916666666666665,2.2916666666666665,2.2916666666666665,2.2916666666666665,2.2916666666666665,2.282608695652174,2.7954545454545454,2.9347826086956523,2.8813559322033897,3.212121212121212,2.7083333333333335,2.75,2.75,3,2.923076923076923,2.2962962962962963,2.2962962962962963,2.189189189189189,2.259259259259259,2.259259259259259,2.259259259259259,2.259259259259259,2.1666666666666665,2.6346153846153846,2.6808510638297873,2.9696969696969697,2.9696969696969697,3,3,3,3,3,3,3,3,3,3,3,3,3,3,3,3,3,3,3,3,3,3,3,3,3,3,3,3,3,3,3,3,3,3],"averageAntitoxinCountInFemales":[2.75,2.75,2.75,2.923076923076923,2.875,2.9696969696969697,2.8333333333333335,2.7142857142857144,2.7674418604651163,2.828125,2.9444444444444446,3.2203389830508473,3.272727272727273,3.2830188679245285,3.306122448979592,3.3125,3.3333333333333335,3.3333333333333335,3.292682926829268,3.388888888888889,3.272727272727273,3.3,3.1785714285714284,3.1785714285714284,3.16,3.1818181818181817,3.1904761904761907,2.360655737704918,2.280701754385965,2.280701754385965,2.267857142857143,2.2777777777777777,2.2777777777777777,2.2830188679245285,2.2830188679245285,2.4523809523809526,2.783505154639175,2.671875,2.888888888888889,2.735294117647059,2.7,2.7,2.75,2.7,2.466666666666667,2.477272727272727,2.4038461538461537,2.466666666666667,2.466666666666667,2.466666666666667,2.466666666666667,2.41025641025641,2.629032258064516,2.625,2.9722222222222223,2.9722222222222223,3,3,3,3,3,3,3,3,3,3,3,3,3,3,3,3,3,3,3,3,3,3,3,3,3,3,3,3,3,3,3,3,3,3],"reproductiveSuccessOverTime":[0,0,0,0.006200945318936733,0.00004069175991861648,0,0,0,0,0,0,0,0,0,0,0,0.00008138020833333333,0.000040705010786827856,0,0,0,0,0,0,0,0,0,0,0,0.000040690104166666664,0,0,0,0.00004069507182680177,0,0,0,0,0,0,0,0,0,0,0,0,0,0,0,0,0.0000813868316106454,0,0,0,0,0,0,0.000040690104166666664,0,0,0,0,0,0,0,0,0,0,0,0,0,0,0,0.00008138020833333333,0,0,0,0,0,0,0,0,0,0,0,0,0,0,0,0]}