{"startTime":"2025-03-24T20:33:55.229Z","infectedMalesAtStart":16,"infectedFemalesAtStart":32,"toxinAntitoxinLength":3,"killRate":0.860557565166468,"rescueRate":0.8460005940063737,"simulationLength":70,"infectionRatio":[0.0038415366146458585,0.0038415366146458585,0.003875030273674013,0.0019098548510313217,0.004475911458333333,0.0062255859375,0.006917317708333333,0.005859375,0.0054931640625,0.0054931640625,0.006022135416666667,0.0052490234375,0.0076904296875,0.007609049479166667,0.007568359375,0.007527669270833333,0.007486979166666667,0.007449320198648538,0.007405900305188199,0.005655924479166667,0.0048828125,0.005859375,0.008748372395833334,0.010050455729166666,0.009278098803613575,0.007649739583333333,0.006836215666327568,0.0059814453125,0.007649739583333333,0.007527669270833333,0.006306966145833333,0.006062825520833333,0.005737538148524924,0.005615462868769074,0.0048836073579684195,0.0037434895833333335,0.0029296875,0.0045166015625,0.004597981770833333,0.006389646331040657,0.006063072227873855,0.005208545269582909,0.004761323403735807,0.004598168870803662,0.004475911458333333,0.004475911458333333,0.004353841145833333,0.004313151041666667,0.004150559511698881,0.003987630208333333,0.00390625,0.0027262369791666665,0.0018717447916666667,0.004150390625,0.0035400390625,0.00341796875,0.003418107833163784,0.0026041666666666665,0.0023600260416666665,0.0019127462152042976,0.0016276041666666667,0.0015869140625,0.0013834635416666667,0.0010579427083333333,0.0010172526041666667,0.0010172526041666667,0.0009785134749459778,0.00048828125,0.00020345052083333334,0.0001220703125],"averageToxinCountInMales":[2.25,2.25,2.25,2.2666666666666666,3.108695652173913,4.285714285714286,3.825,3.8507462686567164,3.921875,3.536231884057971,3.4155844155844157,3.3676470588235294,3.772277227722772,3.808080808080808,3.808080808080808,3.808080808080808,3.836734693877551,3.8556701030927836,3.8645833333333335,3.9594594594594597,3.8870967741935485,4.625,4.811320754716981,3.9767441860465116,4.136752136752137,4.763440860215054,4.771084337349397,4.943661971830986,4.65934065934066,4.696629213483146,4.826666666666667,4.8493150684931505,5,4.954545454545454,4.982758620689655,5.020833333333333,5.027777777777778,5.6938775510204085,3.392857142857143,4.116883116883117,4.068493150684931,4.2153846153846155,4.129032258064516,4.066666666666666,4.067796610169491,4.067796610169491,4.0344827586206895,4,3.888888888888889,3.9622641509433962,3.923076923076923,4.0588235294117645,3.6923076923076925,5.23404255319149,6,6,6,6,6,6,6,6,6,6,6,6,6,6,6,6],"averageAntitoxinCountInFemales":[2.3125,2.3125,2.3125,2.3,2.640625,4.033333333333333,4.1,4.311688311688312,4.464788732394366,4.46969696969697,4.338028169014085,4.459016393442623,4.5,4.5,4.517241379310345,4.558139534883721,4.558139534883721,4.558139534883721,4.558139534883721,4.6923076923076925,4.706896551724138,5.152777777777778,5.027522935779817,4.5423728813559325,4.54054054054054,4.88421052631579,4.823529411764706,4.973684210526316,4.804123711340206,4.8125,4.975,4.947368421052632,5.027777777777778,5.027777777777778,5.112903225806452,5.068181818181818,5.166666666666667,5.67741935483871,4.0701754385964914,4.65,4.618421052631579,5.095238095238095,4.963636363636364,4.9245283018867925,4.901960784313726,4.901960784313726,4.857142857142857,4.857142857142857,4.833333333333333,4.822222222222222,4.795454545454546,5.090909090909091,4.8,5.781818181818182,5.877551020408164,6,6,6,6,6,6,6,6,6,6,6,6,6,6,6],"reproductiveSuccessOverTime":[0,0,0,0.004753416518122401,0,0,0,0,0,0,0,0,0,0,0,0,0,0,0,0,0,0,0,0.000040690104166666664,0,0,0,0,0,0,0,0,0,0.00004069175991861648,0,0,0,0,0,0,0,0.00004069175991861648,0,0.00004069175991861648,0,0,0,0,0,0.00008138020833333333,0,0,0,0,0,0,0,0,0,0,0,0,0,0,0.000040690104166666664,0.0001220703125,0,0,0.000040690104166666664,0.000040690104166666664]}