{"startTime":"2025-03-24T21:01:06.836Z","infectedMalesAtStart":4096,"infectedFemalesAtStart":4096,"toxinAntitoxinLength":3,"killRate":1,"rescueRate":0.5,"simulationLength":343,"infectionRatio":[0.3333333333333333,0.3333333333333333,0.332936100267105,0.3224283854166667,0.3258056640625,0.3365071614583333,0.3399658203125,0.3480224609375,0.3620198567708333,0.3595784505208333,0.3494873046875,0.36083984375,0.37158203125,0.3744710286458333,0.3755289713541667,0.3731841302136317,0.3730061848958333,0.3726753670473083,0.37181059862610405,0.365966796875,0.3494466145833333,0.34423828125,0.3194986979166667,0.32557477110885047,0.3339574260246652,0.3210564870584405,0.3064089521871821,0.3053068533289923,0.31851308985790483,0.3031229615133725,0.2892777212614446,0.2796906796906797,0.27995930824008136,0.27664343644292294,0.27354570637119113,0.2655843098958333,0.25732421875,0.2748209635416667,0.2730712890625,0.2580973307291667,0.23562446587718228,0.22957356770833334,0.2209515282243295,0.21891418563922943,0.22712843887351458,0.21725681725681725,0.20393880208333334,0.18940812505088334,0.194580078125,0.19165479340525138,0.19365996581753073,0.20247395833333334,0.211669921875,0.20340983072916666,0.2064208984375,0.20052083333333334,0.18241373697916666,0.17519941396711705,0.17425105828720286,0.17641313636918568,0.17565422652720686,0.17319277108433734,0.16585286458333334,0.15560528992878941,0.16923014322916666,0.17049153645833334,0.16919633774160733,0.17232259114583334,0.17244466145833334,0.1588134765625,0.1824951171875,0.19051106770833334,0.17708333333333334,0.16537804183283145,0.16573079427083334,0.16890462239583334,0.16033205827297142,0.15662258392675482,0.15055338541666666,0.14314778645833334,0.14982096354166666,0.15287894201424213,0.14815266927083334,0.14497884114583334,0.1810302734375,0.1502685546875,0.18009440104166666,0.18058268229166666,0.17464192708333334,0.1678466796875,0.16324869791666666,0.161376953125,0.15576171875,0.15438453713123093,0.1506002034587996,0.14453125,0.15364583333333334,0.17342828077314343,0.17167154947916666,0.16288911495422176,0.18815104166666666,0.1534423828125,0.19730631510416666,0.19514973958333334,0.2000732421875,0.20255533854166666,0.19632975260416666,0.19582468563057015,0.19278040045580336,0.1876220703125,0.18672688802083334,0.1832017579555628,0.18747456661512168,0.21268717447916666,0.199462890625,0.20052920822308162,0.23368326822916666,0.17862955729166666,0.22408040364583334,0.21671549479166666,0.2170940170940171,0.23462868769074263,0.223388671875,0.22207749918593292,0.21969388585850363,0.21679830632684635,0.2157245757538762,0.20956450956450956,0.20882161458333334,0.2056561546286877,0.19425455729166666,0.19576719576719576,0.21836975542261833,0.16377766927083334,0.20878092447916666,0.18994140625,0.17333984375,0.19169108072916666,0.192138671875,0.19482899022801303,0.192401661373076,0.19274459508977648,0.19945466384502686,0.1958087487283825,0.1949462890625,0.19551595052083334,0.19462759462759463,0.20188978943509958,0.2027587890625,0.13863118489583334,0.17305501302083334,0.16402180989583334,0.156005859375,0.176513671875,0.18408203125,0.18426728523175842,0.18401661034889874,0.1838921253106286,0.184820228836679,0.1876093947164896,0.1864165378041833,0.1827392578125,0.1826171875,0.19085089900925511,0.18266178266178265,0.12443033854166667,0.15299479166666666,0.1551513671875,0.14982096354166666,0.16463886063072228,0.17476597476597477,0.17432911186219816,0.17413097518236276,0.17414355628058728,0.17340238978834469,0.17261904761904762,0.17202021849013532,0.17005500101853738,0.16803712448098998,0.17240816992131763,0.16743996743996745,0.12158203125,0.128662109375,0.12369791666666667,0.10958736876373402,0.11543782552083333,0.11977047045417548,0.11948866180841103,0.11926979340695164,0.11919908653454041,0.11913504691962465,0.11913313198922537,0.11914580866440733,0.11315982703761115,0.1116051397103814,0.11582681017612524,0.11109299196869012,0.06591796875,0.084228515625,0.056681315104166664,0.046590169270833336,0.048828125,0.050423245971023926,0.05041332410310706,0.05042188073207517,0.05040577464214347,0.0504325118328709,0.05044280292209117,0.05032447655197747,0.05024079666965962,0.04923917921103088,0.053235653235653234,0.04637433329261838,0.023763020833333332,0.0478515625,0.038248697916666664,0.034261067708333336,0.034586588541666664,0.034510825329643495,0.03443784091834243,0.03447573250743714,0.03449681944217909,0.03447291122715405,0.034492611641766674,0.03450247029521049,0.03450951564159111,0.03435036555977617,0.0349510603588907,0.02997230819351686,0.017781575520833332,0.046590169270833336,0.0301513671875,0.024210611979166668,0.019452244333211247,0.01741749074187116,0.017383162351408566,0.01738599348534202,0.01739236690969818,0.01739874500855676,0.017407256420709335,0.017410095408953764,0.01741790740363043,0.017258261933904527,0.019388212292778297,0.018722780739956858,0.008829752604166666,0.029581705729166668,0.019816080729166668,0.017415364583333332,0.016483516483516484,0.016484187390614188,0.016491570974835085,0.016497617010876205,0.01650434003015608,0.016510395434162252,0.016519823788546256,0.016527239338910427,0.01653196179279941,0.016457712255482503,0.019406765811407094,0.01644013998535037,0.008219401041666666,0.0185546875,0.011922200520833334,0.017862955729166668,0.017578125,0.017578840284842318,0.017584564659909634,0.017592441765759897,0.017600325931961702,0.017609652698516224,0.017616115483423726,0.01762042664273769,0.017626178138642947,0.01758896506692785,0.018265026764189108,0.015186059767119942,0.010868680289831475,0.016520182291666668,0.012736002604166666,0.0181884765625,0.017985757884028484,0.017420326427612032,0.01743593921864179,0.01744802282918875,0.01745086846611759,0.017461547876463628,0.01747010082044165,0.01748008985092914,0.017483660130718955,0.0174335524435553,0.017435688035933036,0.014706481443760949,0.007043400374562332,0.008015950520833334,0.0033365885416666665,0.002767039674465921,0.0022384111350779376,0.0021160576218767803,0.001994789122292786,0.0019965772960638907,0.0019973097460563322,0.0019985316910025286,0.0019991024438007427,0.0019998367480205696,0.002000489915897771,0.0020013069759843164,0.001994464343861934,0.001915240423797881,0.001547609350818604,0.007975260416666666,0.0029296875,0.0027669270833333335,0.0027671522747619434,0.0021565755208333335,0.0019541586939706064,0.0019557511306686226,0.0019568673814668353,0.0019577453299616607,0.0019583044347435846,0.0019587839216486432,0.0019593436198873378,0.001961826133158949,0.0019537609899055682,0.0018347875723721764,0.0010986328125,0.0028483072916666665,0.0025227864583333335,0.0015869140625,0.001017293997965412,0.0010172526041666667,0.0010173353951330674,0.0010178738650706404,0.001018537380321858,0.0010191186661774898,0.0010194927004322648,0.001019700615899172,0.0010198254058905116,0.0010203665156524224,0.0010181225819588678,0.0010182055146010672,0.000732421875,0.0017903645833333333],