{"startTime":"2025-03-24T21:01:06.836Z","infectedMalesAtStart":4096,"infectedFemalesAtStart":1024,"toxinAntitoxinLength":3,"killRate":1,"rescueRate":1,"simulationLength":98,"infectionRatio":[0.20833333333333334,0.20833333333333334,0.20724899433544045,0.16825358072916666,0.14090983072916666,0.1339111328125,0.12703450520833334,0.1141357421875,0.11604817708333333,0.11173502604166667,0.10343424479166667,0.09737141927083333,0.09102376302083333,0.09049479166666667,0.087646484375,0.08382161458333333,0.08430989583333333,0.08369343660823482,0.08527542372881355,0.07145182291666667,0.067138671875,0.06884765625,0.07527669270833333,0.065673828125,0.07222493489583333,0.0657958984375,0.060994466145833336,0.06103515625,0.062418619791666664,0.061403865717192266,0.05973793440221372,0.057820638020833336,0.05639877924720244,0.05568672148497924,0.054504009443562505,0.048665364583333336,0.040974934895833336,0.053385416666666664,0.04883607357968419,0.051228841145833336,0.04595034595034595,0.039388020833333336,0.0361328125,0.032999674479166664,0.029337565104166668,0.027506510416666668,0.027791341145833332,0.028605143229166668,0.028523763020833332,0.028205128205128206,0.02934353506165805,0.024495442708333332,0.019978841145833332,0.033162434895833336,0.027104020836724727,0.027506510416666668,0.02718209562563581,0.022989908854166668,0.019206510681586977,0.016805013020833332,0.014485677083333334,0.013346354166666666,0.012859642697269361,0.013550356052899289,0.012899287894201424,0.012981199641897942,0.016853246488906983,0.013142903645833334,0.0125732421875,0.015950520833333332,0.013714797330294645,0.015340169270833334,0.015299479166666666,0.0118408203125,0.0096435546875,0.008504231770833334,0.007365208545269583,0.006754557291666667,0.006551906564115086,0.006309276671958318,0.00577822990844354,0.0054942818770094826,0.007081807081807082,0.007080078125,0.005533854166666667,0.0034586588541666665,0.0030121707982252617,0.0019938151041666665,0.0011800130208333333,0.0003662109375,0.0003662109375,0.0003662109375,0.0003662109375,0.0003662109375,0.0003662109375,0.00036622583926754833,0.0003255340793489318,0.0002441505595116989],"averageToxinCountInMales":[2.482421875,2.482421875,2.4807549043953316,2.470737108509965,2.5191020086648286,2.5141342756183747,2.4187314172447967,2.449771689497717,2.465486725663717,2.4131812420785805,2.3180535966149507,2.329277566539924,2.312086092715232,2.272804054054054,2.318739054290718,2.3169601482854496,2.292250233426704,2.297528517110266,2.2395833333333335,2.556442417331813,2.68944099378882,2.7289719626168223,2.586979722518677,2.672794117647059,2.45704845814978,2.4014778325123154,2.423592493297587,2.486631016042781,2.2753623188405796,2.205921938088829,2.1819444444444445,2.096402877697842,2.056851311953353,2.0415430267062313,1.8860569715142428,2.1630252100840335,2.4475806451612905,2.682769726247987,2.751322751322751,2.268292682926829,1.8349705304518664,1.7013888888888888,1.7506297229219143,1.7422096317280453,1.6688311688311688,1.7142857142857142,1.5916955017301038,1.5264900662251655,1.5245901639344261,1.5198675496688743,1.3107692307692307,1.3581560283687943,1.3125,2.210526315789474,2.1617161716171616,1.679245283018868,2.108359133126935,2.255639097744361,2.1964285714285716,2.2447916666666665,2.3705882352941177,2.298136645962733,2.193548387096774,1.9024390243902438,1.8562091503267975,1.7959183673469388,1.1421052631578947,1.2377622377622377,1.0078125,1.9734042553191489,2.2916666666666665,2.590909090909091,2.0677083333333335,2.34640522875817,1.8934426229508197,1.644859813084112,1.4673913043478262,1.4382022471910112,1.4761904761904763,1.4814814814814814,1.4383561643835616,1.4,0.9340659340659341,0.8021978021978022,0.5285714285714286,0.225,0.20588235294117646,0.3684210526315789,0.5833333333333334,1.75,1.75,1.75,1.75,1.75,1.75,1.75,1.75,3.5],"averageAntitoxinCountInFemales":[2.5400390625,2.5400390625,2.5420743639921723,2.513347022587269,2.6655844155844157,2.5647517039922105,2.3505434782608696,2.466286799620133,2.4062229904926533,2.3732876712328768,2.2597864768683276,2.301484230055659,2.2964042759961125,2.2394230769230767,2.2796442687747036,2.305810397553517,2.2917082917082916,2.2917082917082916,2.2777242044358728,2.5017064846416384,2.6023668639053255,2.674641148325359,2.619934282584885,2.6854636591478696,2.6528258362168398,2.581366459627329,2.645418326693227,2.6422872340425534,2.4038709677419354,2.343342036553525,2.3302139037433154,2.2741046831955924,2.2385714285714284,2.2478386167146973,2.1860119047619047,2.2562396006655576,2.5420743639921723,2.646888567293777,2.7140600315955767,2.2525547445255474,1.9161290322580644,1.8526119402985075,1.8635437881873727,1.8406113537117903,1.757869249394673,1.8020565552699228,1.6624365482233503,1.625935162094763,1.621212121212121,1.6163682864450128,1.4747474747474747,1.425,1.3857677902621723,1.993103448275862,2.041322314049587,1.7849162011173185,2.092753623188406,2.2073578595317724,2.282258064516129,2.4434389140271495,2.4623655913978495,2.305389221556886,2.3229813664596275,2.035502958579882,2.067073170731707,1.8546511627906976,1.34375,1.3555555555555556,1.292817679558011,1.8137254901960784,2.0177514792899407,2.329608938547486,1.8695652173913044,2.181159420289855,1.6608695652173913,1.4509803921568627,1.3595505617977528,0.948051948051948,0.948051948051948,0.9054054054054054,0.9420289855072463,0.7692307692307693,0.42168674698795183,0.3614457831325301,0.3181818181818182,0.3111111111111111,0.35,0.4666666666666667,0.4117647058823529,1.4,1.4,1.4,1.4,1.4,1.4,1.4,0,0],"reproductiveSuccessOverTime":[0,0,0,0,0,0,0,0,0,0.000040690104166666664,0.000040690104166666664,0,0,0,0,0.000040690104166666664,0.00008138020833333333,0.00008153281695882592,0.00004074315514993481,0,0,0,0,0,0,0,0,0,0,0,0.0000813868316106454,0,0,0,0,0,0,0,0,0,0,0,0,0,0,0.000040690104166666664,0,0,0,0,0.00008139676854828863,0,0,0,0,0,0,0,0,0,0,0,0,0,0.00004069175991861648,0,0,0,0,0,0,0,0,0,0,0,0.00008138351983723296,0,0,0,0,0,0,0,0,0,0.000040705010786827856,0,0,0,0,0,0,0,0,0,0,0.00004069175991861648]}