{"startTime":"2025-03-24T20:33:55.229Z","infectedMalesAtStart":16,"infectedFemalesAtStart":32,"toxinAntitoxinLength":3,"killRate":0.08534495669114994,"rescueRate":0.5485390086966543,"simulationLength":100,"infectionRatio":[0.003840614498319731,0.003840614498319731,0.003882866850024268,0.004774694121157864,0.005696614583333333,0.005208333333333333,0.007609049479166667,0.009765625,0.011474609375,0.011393229166666666,0.01171875,0.010945638020833334,0.010538736979166666,0.011881510416666666,0.011800130208333334,0.011271158854166666,0.011067708333333334,0.011073115127829344,0.01103195603500916,0.008260091145833334,0.009236653645833334,0.0159912109375,0.017130533854166668,0.017862955729166668,0.021769205729166668,0.021036783854166668,0.018229166666666668,0.0172119140625,0.013712565104166666,0.012939453125,0.012899287894201424,0.011800130208333334,0.011759440104166666,0.011679960931141136,0.0106201171875,0.007486979166666667,0.011759440104166666,0.012736002604166666,0.011678059895833334,0.009806315104166666,0.019006145456025397,0.021402994791666668,0.019938151041666668,0.018310546875,0.01611328125,0.014933268229166666,0.014689127604166666,0.012288411458333334,0.011922200520833334,0.011149088541666666,0.00988970737861707,0.007731119791666667,0.011149088541666666,0.012939453125,0.010904947916666666,0.009602864583333334,0.0111083984375,0.0103759765625,0.0091552734375,0.0091552734375,0.009074262461851475,0.0087890625,0.008504231770833334,0.0084228515625,0.008302132508546313,0.008341471354166666,0.0074462890625,0.0054931640625,0.010701497395833334,0.009114583333333334,0.007771809895833333,0.007649739583333333,0.00724342801334744,0.0069580078125,0.005533854166666667,0.007242838541666667,0.007161458333333333,0.006266531027466938,0.005982175558539861,0.005859375,0.005574544270833333,0.005167643229166667,0.004638671875,0.0032552083333333335,0.005289713541666667,0.008544921875,0.006795247395833333,0.00646998982706002,0.005289713541666667,0.0045166015625,0.0029296875,0.0029298067141403867,0.0026448567708333335,0.0021158854166666665,0.0020753642060714578,0.0020751953125,0.0020753642060714578,0.0020753642060714578,0.001708984375,0.0002034919213707216],"averageToxinCountInMales":[3,3,3,2.608695652173913,2.9206349206349205,2.847457627118644,2.345679012345679,2.3944954128440368,2.291970802919708,2.291970802919708,2.3586206896551722,2.3656716417910446,2.390625,2.5454545454545454,2.5454545454545454,2.536764705882353,2.5413533834586466,2.5413533834586466,2.511278195488722,2.4285714285714284,2.8018018018018016,2.925925925925926,2.3636363636363638,2.472972972972973,2.6217228464419478,2.3346303501945527,2.26431718061674,2.2660550458715596,2.4685714285714284,2.4242424242424243,2.4146341463414633,2.490322580645161,2.4805194805194803,2.4836601307189543,2.5942028985507246,2.1789473684210527,3.2816901408450705,3.5950920245398774,3.2661870503597124,3.52212389380531,3.2815126050420167,2.7830882352941178,2.80078125,2.805084745762712,2.8476190476190477,2.8274111675126905,2.8195876288659796,2.92258064516129,3.0134228187919465,3.0714285714285716,3.1129032258064515,2.9278350515463916,3.4306569343065694,3.738562091503268,3.712,3.723809523809524,3.5078125,3.547008547008547,3.6262626262626263,3.6262626262626263,3.663265306122449,3.6923076923076925,3.7126436781609193,3.7058823529411766,3.7023809523809526,3.7701149425287355,3.7532467532467533,3.74468085106383,3.9473684210526314,3.9391304347826086,3.9278350515463916,3.9368421052631577,3.8777777777777778,3.8705882352941177,3.8405797101449277,3.561224489795918,3.556701030927835,3.5057471264367814,3.488095238095238,3.4819277108433737,3.4556962025316458,3.4571428571428573,3.467741935483871,3.261904761904762,3.609375,3.7777777777777777,3.7142857142857144,3.7,3.6307692307692307,3.625,4,4,4,4,4,4,4,4,4,4],"averageAntitoxinCountInFemales":[2.59375,2.59375,2.59375,3,3.207792207792208,3.217391304347826,2.3962264150943398,2.3587786259541983,2.3586206896551722,2.3286713286713288,2.3566433566433567,2.362962962962963,2.3740458015267176,2.5838926174496644,2.6054421768707483,2.5886524822695036,2.6043165467625897,2.6043165467625897,2.6449275362318843,2.657142857142857,2.913793103448276,2.8137254901960786,2.6218905472636815,2.5668202764976957,2.6865671641791047,2.519230769230769,2.493212669683258,2.44390243902439,2.654320987654321,2.627450980392157,2.627450980392157,2.762962962962963,2.762962962962963,2.753731343283582,2.8048780487804876,2.707865168539326,3.4081632653061225,3.6666666666666665,3.2635135135135136,3.46875,3.2532751091703056,2.8622047244094486,2.893162393162393,2.9345794392523366,3.0161290322580645,2.9941176470588236,2.9880239520958085,3.0816326530612246,3.1180555555555554,3.1641791044776117,3.2184873949579833,3.086021505376344,3.664233576642336,3.824242424242424,3.825174825174825,3.885496183206107,3.703448275862069,3.739130434782609,3.746031746031746,3.746031746031746,3.744,3.744,3.7540983606557377,3.7540983606557377,3.75,3.788135593220339,3.7735849056603774,3.784090909090909,3.923076923076923,3.908256880733945,3.893617021276596,3.903225806451613,3.875,3.872093023255814,3.8358208955223883,3.6625,3.6582278481012658,3.5970149253731343,3.5714285714285716,3.557377049180328,3.5517241379310347,3.543859649122807,3.5384615384615383,3.3684210526315788,3.772727272727273,3.8627450980392157,3.8313253012048194,3.8227848101265822,3.7846153846153845,3.7818181818181817,4,4,4,4,4,4,4,4,4,4],"reproductiveSuccessOverTime":[0,0,0,0.005968367651447329,0,0,0,0,0.00008138020833333333,0,0,0,0.000040690104166666664,0,0,0,0,0,0,0,0,0,0,0,0,0,0.000040690104166666664,0,0,0,0,0,0,0,0,0,0,0,0,0,0,0,0,0.000040690104166666664,0,0,0,0,0,0,0.000040698384274144313,0,0,0,0,0,0,0,0.000040690104166666664,0,0,0,0,0,0,0.000040690104166666664,0,0,0,0,0,0,0,0,0,0,0,0,0,0,0,0,0,0,0,0,0,0,0,0,0,0,0,0,0,0,0,0,0,0]}