{"startTime":"2025-03-24T20:43:41.882Z","infectedMalesAtStart":1024,"infectedFemalesAtStart":1024,"toxinAntitoxinLength":3,"killRate":0.8663055042335296,"rescueRate":0.43977620874286294,"simulationLength":149,"infectionRatio":[0.08333333333333333,0.08333333333333333,0.08347718865598028,0.08748372395833333,0.0875244140625,0.08565266927083333,0.08768717447916667,0.08833821614583333,0.08333333333333333,0.08622233072916667,0.095947265625,0.097412109375,0.09110514322916667,0.09370930989583333,0.09672037760416667,0.09366861979166667,0.09627670396744659,0.09618830428408535,0.09285859613428281,0.0814208984375,0.074951171875,0.07051595052083333,0.07552083333333333,0.0706437698380402,0.07161458333333333,0.07206217447916667,0.0750732421875,0.06974283854166667,0.0662841796875,0.0633544921875,0.062296549479166664,0.058675130208333336,0.057047526041666664,0.05941480486713059,0.06153345271040209,0.0599365234375,0.0672607421875,0.05712890625,0.060791015625,0.060221354166666664,0.05452695829094608,0.053426106770833336,0.049479166666666664,0.0479736328125,0.04296875,0.047444661458333336,0.046671549479166664,0.044026692708333336,0.04280773143438454,0.043543726854677896,0.04798339505921615,0.048177083333333336,0.047892252604166664,0.0413818359375,0.044596354166666664,0.044026692708333336,0.0380859375,0.034708658854166664,0.034912109375,0.032267252604166664,0.027750651041666668,0.02490234375,0.03007121057985758,0.02925856596402702,0.0286865234375,0.028281923984699274,0.03271617497456765,0.037353515625,0.042521158854166664,0.0364990234375,0.039957682291666664,0.0360528992878942,0.03698880976602238,0.033040364583333336,0.027669270833333332,0.026814778645833332,0.021119023397761953,0.0198974609375,0.022257486979166668,0.02229908443540183,0.020630722278738554,0.02050948156588264,0.019612630208333332,0.021931966145833332,0.021280924479166668,0.017781575520833332,0.017659505208333332,0.0155029296875,0.017255412664821747,0.017171922685656156,0.012898763020833334,0.010416666666666666,0.008992513020833334,0.007527975584944049,0.007284121429152763,0.007649739583333333,0.009562174479166666,0.0091552734375,0.0089111328125,0.008544921875,0.011515299479166666,0.009765625,0.010091145833333334,0.010904947916666666,0.017952371259922655,0.018189956864979245,0.0150146484375,0.01212713140438693,0.009806714140386572,0.0093994140625,0.0091552734375,0.008953280156275436,0.008789777813949703,0.008626302083333334,0.008463541666666666,0.006673177083333333,0.0074462890625,0.006062825520833333,0.004679361979166667,0.005615234375,0.009444715844325028,0.011395083835259645,0.009318033854166666,0.006591796875,0.0052490234375,0.005045572916666667,0.0040283203125,0.004028812110853376,0.0040286481647269475,0.003581166320758556,0.003419638495359062,0.0025634765625,0.0023193359375,0.00341796875,0.0019124348958333333,0.0037841796875,0.0031342858305857453,0.0020752797558494405,0.0006103763987792472,0.000244140625,0.00024418036789842097,0.000244140625,0.0002441604948319362,0.00024424000651306684,0.0002442698367463258,0.00016279353709657725,0.00016284655783088385,0.0001220703125,0.00008139345596614032],"averageToxinCountInMales":[2.5,2.5,2.501984126984127,2.3260672116257948,2.4276729559748427,2.3227848101265822,2.198919891989199,2.3327433628318586,2.2740384615384617,2.329222011385199,2.240067624683009,2.2456575682382134,2.192920353982301,2.3212121212121213,2.25752508361204,2.2641509433962264,2.245378151260504,2.244107744107744,2.227471566054243,2.1624015748031495,2.182795698924731,2.0764705882352943,1.984375,2.0603864734299515,2.1225961538461537,2.094899169632266,1.9451287793952967,1.8313253012048192,1.8199233716475096,1.8654891304347827,2.0413793103448277,2.0527859237536656,2.0484848484848484,1.9956772334293948,1.8755129958960328,1.8143459915611815,1.8653113087674713,1.7373887240356083,1.719562243502052,1.6179310344827587,1.5960061443932412,1.6246153846153846,1.76214405360134,1.679930795847751,1.6,1.6785079928952042,1.4909420289855073,1.467557251908397,1.478515625,1.4521072796934866,1.5035211267605635,1.257679180887372,1.3101694915254238,1.2567287784679089,1.4885496183206106,1.5386100386100385,1.6191536748329622,1.6512195121951219,1.7067307692307692,1.75,1.6283987915407856,1.6450511945392492,1.2564102564102564,1.2323529411764707,1.2208955223880598,1.2145015105740182,1.195250659630607,1.2036613272311212,1.3263358778625953,1.243956043956044,1.432048681541582,1.4793577981651376,1.4537444933920705,1.457002457002457,1.4896755162241888,1.5277777777777777,1.4961832061068703,1.5406504065040652,1.347985347985348,1.2544802867383513,1.2895752895752897,1.2705882352941176,1.3416666666666666,1.2322097378277153,1.304,1.2425742574257426,1.3596059113300492,1.3563218390804597,1.3054187192118227,1.2955665024630543,1.3870967741935485,1.4462809917355373,1.4134615384615385,1.2954545454545454,1.3058823529411765,1.1839080459770115,0.9099099099099099,0.8888888888888888,0.8846153846153846,0.5531914893617021,0.6737588652482269,0.6229508196721312,0.688,0.7591240875912408,0.8536585365853658,0.8743961352657005,0.8764705882352941,0.8905109489051095,0.8818181818181818,0.9047619047619048,0.93,0.9375,0.9473684210526315,0.946236559139785,0.945054945054945,0.9736842105263158,1,1,1,1,1,1,1,1,1,1,1,1,1,1,1,1,1,1,1,1,1,1,1,1,1,1,1,1,1,1,1,1,1],"averageAntitoxinCountInFemales":[2.548828125,2.548828125,2.5483870967741935,2.417540514775977,2.4441233140655108,2.4364364364364364,2.260536398467433,2.3179634966378484,2.3253968253968256,2.312676056338028,2.274042553191489,2.2776371308016876,2.230838593327322,2.3719512195121952,2.3344623200677392,2.359154929577465,2.3520408163265305,2.3543441226575808,2.3257243195785775,2.2203045685279186,2.2708333333333335,2.130237825594564,2.066666666666667,2.1145374449339207,2.1433189655172415,2.084051724137931,1.9338235294117647,1.8201357466063348,1.8356973995271868,1.8428745432399514,2.021091811414392,2.031578947368421,2.033692722371968,2.0078328981723237,1.9090909090909092,1.8805774278215224,1.920323325635104,1.7547945205479452,1.6788990825688073,1.6119205298013246,1.586357039187228,1.55052790346908,1.6720516962843295,1.5973377703826954,1.52014652014652,1.6633499170812605,1.5025210084033613,1.5232974910394266,1.5537037037037038,1.5456204379562044,1.5957446808510638,1.3093645484949832,1.3679727427597956,1.357677902621723,1.5664335664335665,1.6028368794326242,1.6283367556468173,1.6501128668171559,1.7307692307692308,1.745679012345679,1.6467236467236468,1.6206896551724137,1.2577319587628866,1.237467018469657,1.2243243243243243,1.2142857142857142,1.2682352941176471,1.264033264033264,1.3358925143953935,1.246606334841629,1.425357873210634,1.5333333333333334,1.5054945054945055,1.5160493827160493,1.5425219941348973,1.5791044776119403,1.5252918287937742,1.51440329218107,1.2956204379562044,1.2230483271375465,1.2903225806451613,1.2570281124497993,1.2975206611570247,1.2352941176470589,1.3333333333333333,1.2340425531914894,1.3506493506493507,1.328502415458937,1.3122171945701357,1.3013698630136987,1.4012345679012346,1.4592592592592593,1.452991452991453,1.3608247422680413,1.372340425531915,1.198019801980198,0.9435483870967742,0.8888888888888888,0.8782608695652174,0.6120689655172413,0.6901408450704225,0.652542372881356,0.7317073170731707,0.8244274809160306,0.9067796610169492,0.9166666666666666,0.9246231155778895,0.9627329192546584,0.9770992366412213,0.9920634920634921,1,1,0.9917355371900827,0.9915966386554622,0.9914529914529915,1,1.0101010101010102,1.011764705882353,1.015625,1.0136986301369864,1.008695652173913,1.0074074074074073,1.009009009009009,1,1,1,1,1,1,1,1,1,1,1,1,1,1,1,1,1,1,1,1,1,1,1,1,1,1],