{"startTime":"2025-03-24T20:33:55.229Z","infectedMalesAtStart":16,"infectedFemalesAtStart":32,"toxinAntitoxinLength":3,"killRate":0.08534495669114994,"rescueRate":0.9115629132559072,"simulationLength":57,"infectionRatio":[0.003955500618046972,0.003955500618046972,0.003997668026984259,0.0044747785210630985,0.0033782408726443893,0.001708984375,0.0032958984375,0.005940755208333333,0.006022135416666667,0.004923502604166667,0.006062825520833333,0.007771809895833333,0.013916015625,0.013753255208333334,0.0133056640625,0.012044270833333334,0.011881510416666666,0.01188634698363592,0.0123707984048181,0.0091552734375,0.007242838541666667,0.005574544270833333,0.007527669270833333,0.007364908854166667,0.007242838541666667,0.006388346354166667,0.0048828125,0.0062255859375,0.0054931640625,0.005045572916666667,0.004720052083333333,0.0045166015625,0.0045166015625,0.004477004477004477,0.004353841145833333,0.004150390625,0.0028483072916666665,0.002197265625,0.001709053916581892,0.0020345052083333335,0.0017903645833333333,0.0010986328125,0.0008544921875,0.0013020833333333333,0.001220703125,0.0009765625,0.0008138020833333334,0.0008138020833333334,0.0007731119791666666,0.0005696846388606307,0.0004069010416666667,0.0004069010416666667,0.000040690104166666664,0.000040690104166666664,0.00004069175991861648,0.000040690104166666664,0.000040690104166666664],"averageToxinCountInMales":[2.4375,2.4375,2.4375,1.6,1.5,1.6666666666666667,1.2,0.9012345679012346,1.0357142857142858,0.8115942028985508,1.7386363636363635,2.0636363636363635,1.9473684210526316,1.914438502673797,1.9382022471910112,1.8518518518518519,1.8375,1.8375,1.9,1.6818181818181819,1.8653846153846154,2.0632911392405062,1.7227722772277227,1.5392156862745099,1.57,1.6153846153846154,1.2575757575757576,2.1666666666666665,2.1285714285714286,2.0307692307692307,2.0338983050847457,2,2,1.981818181818182,1.962962962962963,2.142857142857143,2.4857142857142858,3.12,3.6842105263157894,2.5652173913043477,2.4285714285714284,1.6428571428571428,1,2.857142857142857,2.857142857142857,2.95,2.764705882352941,2.764705882352941,2.764705882352941,2.75,2.3333333333333335,2.3333333333333335,1,1,1,1,1],"averageAntitoxinCountInFemales":[2.375,2.375,2.375,1.8135593220338984,1.8235294117647058,2.066666666666667,1.565217391304348,1.3384615384615384,1.421875,1.3269230769230769,1.819672131147541,1.9876543209876543,1.986842105263158,1.9933774834437086,2.053691275167785,2.037313432835821,2.0454545454545454,2.0454545454545454,2.029850746268657,1.935483870967742,2.054054054054054,2.0517241379310347,1.6666666666666667,1.4683544303797469,1.4871794871794872,1.5,1.3148148148148149,2.3466666666666667,2.3384615384615386,2.169491525423729,2.245614035087719,2.1818181818181817,2.1818181818181817,2.1818181818181817,2.2641509433962264,2.2641509433962264,2.942857142857143,3.413793103448276,3.391304347826087,2.5185185185185186,2.4347826086956523,1.9230769230769231,1.5454545454545454,2.6363636363636362,3,4,4,4,4,4,4,4,null,null,null,null,null],"reproductiveSuccessOverTime":[0,0,0,0.007516975029630968,0.00020350848630387887,0,0,0,0,0,0,0,0,0,0,0,0.000040690104166666664,0.000040706667752177804,0,0,0,0,0,0,0,0,0,0.00008138020833333333,0.00008138020833333333,0.000040690104166666664,0,0,0,0,0,0,0,0,0,0,0,0,0,0,0,0,0,0,0,0,0,0,0,0,0,0,0]}