{"startTime":"2025-03-24T20:10:07.200Z","infectedMalesAtStart":1024,"infectedFemalesAtStart":1024,"toxinAntitoxinLength":3,"killRate":1,"rescueRate":0.25,"simulationLength":135,"infectionRatio":[0.17220213571008156,0.17220213571008156,0.17261551504874947,0.17007242031459016,0.1691701551342034,0.1645012829389484,0.1639404296875,0.15006510416666666,0.144775390625,0.15491353001017294,0.15120442708333334,0.14604272634791454,0.14599609375,0.14644368489583334,0.1419677734375,0.1385147507629705,0.13932291666666666,0.13891152028678508,0.1374496316496398,0.12089029947916667,0.12821451822916666,0.11470540364583333,0.10518391927083333,0.10274251302083333,0.099853515625,0.10978190104166667,0.10225839267548321,0.09916178385416667,0.1021728515625,0.09684638860630722,0.09335829399316295,0.08837890625,0.0872802734375,0.08776357567369535,0.0881227613155324,0.076904296875,0.083740234375,0.08732096354166667,0.08060709635416667,0.07368977864583333,0.07088216145833333,0.06974567650050864,0.06351983723296033,0.05892406608610727,0.056884765625,0.05478002523299825,0.05087712157596972,0.045166015625,0.042928059895833336,0.042238046795523905,0.03983885407341092,0.033243815104166664,0.047200520833333336,0.06490071614583333,0.06555442522889116,0.059122721354166664,0.054280598958333336,0.052042643229166664,0.047607421875,0.040974934895833336,0.043172200520833336,0.04085951489500244,0.039957682291666664,0.0333251953125,0.031656901041666664,0.031168619791666668,0.028607471311141858,0.022989908854166668,0.0262451171875,0.035359700520833336,0.035359700520833336,0.030598958333333332,0.027180989583333332,0.0255126953125,0.024698893229166668,0.02156751037682103,0.0245361328125,0.023600260416666668,0.022623697916666668,0.019449869791666668,0.015584309895833334,0.015177408854166666,0.01237130183534774,0.0106201171875,0.023396809895833332,0.030965169270833332,0.0333251953125,0.031168619791666668,0.025919596354166668,0.024169921875,0.021443684895833332,0.0189208984375,0.01627736632212908,0.015667602653318683,0.014607747395833334,0.011312309257375381,0.0101318359375,0.009928789420142421,0.009155645981688708,0.005900065104166667,0.010294596354166666,0.011393229166666666,0.0107421875,0.007771809895833333,0.0062255859375,0.0048828125,0.004109700520833333,0.0023193359375,0.0021158854166666665,0.0016682942708333333,0.0016279353709657727,0.0011800130208333333,0.0010579427083333333,0.0010579427083333333,0.0008547008547008547,0.0005289713541666666,0.0031331380208333335,0.0030517578125,0.0035400390625,0.0031331380208333335,0.0031331380208333335,0.0030517578125,0.0025227864583333335,0.0020751953125,0.0020751953125,0.0019124348958333333,0.0018311291963377416,0.0014241536458333333,0.0012613932291666667,0.0010579427083333333,0.0010579427083333333,0.0005696614583333334,0.0005696614583333334,0.0003255340793489318,0.0002848307291666667],"averageToxinCountInMales":[2.5546875,2.5546875,2.551282051282051,2.3747252747252747,2.5227161700048852,2.4380205781479667,2.4358974358974357,2.4339622641509435,2.4468325791855206,2.503419253024724,2.461081081081081,2.430563301728946,2.4772344013490724,2.516835016835017,2.5464576074332173,2.562685680332739,2.5514792899408283,2.5524433849821215,2.541334966319657,2.531417112299465,2.5555555555555554,2.689727463312369,2.6017830609212482,2.769522365428355,2.7517899761336517,2.788031723143475,2.805877803557618,2.813450760608487,2.7100313479623823,2.7429752066115705,2.6632124352331608,2.7206290471785386,2.7752808988764044,2.7628384687208216,2.686802973977695,2.8434125269978403,3.1577350859453994,3.3632923368022705,3.2327935222672064,3.4807256235827664,3.3838028169014085,3.4732360097323602,3.5013550135501355,3.451564828614009,3.3674418604651164,3.365539452495974,3.342512908777969,3.4288499025341133,3.5228215767634854,3.5324947589098534,3.478165938864629,3.3440860215053765,3.6358490566037736,3.8109137055837565,3.6807692307692306,3.67816091954023,3.7996794871794872,3.7616666666666667,3.6746323529411766,3.7312775330396475,3.380855397148676,3.3491379310344827,3.3406113537117905,3.402088772845953,3.412568306010929,3.401114206128134,3.4281345565749235,3.480769230769231,3.8850174216027873,3.8805194805194807,3.8807106598984773,3.7947976878612715,3.8688524590163933,3.7796610169491527,3.807017543859649,3.757936507936508,3.4753521126760565,3.433333333333333,3.4427480916030535,3.427947598253275,3.217142857142857,3.218390804597701,3.1739130434782608,3.0695652173913044,4.424812030075188,3.7406340057636887,3.828042328042328,3.830945558739255,3.9375,3.6857142857142855,3.5806451612903225,3.55045871559633,3.752688172043011,3.7845303867403315,3.736842105263158,3.7786259541984735,3.84297520661157,3.847457627118644,3.8,3.6285714285714286,4.666666666666667,3.9473684210526314,3.9523809523809526,3.528735632183908,3.2777777777777777,3.2142857142857144,3.1739130434782608,5,5,5,5,5,5,5,5,5,5,5,5,5,5,5,5,5,5,5,5,5,5,5,5,5,5,5,5],"averageAntitoxinCountInFemales":[2.4619140625,2.4619140625,2.4628180039138945,2.3690412426352436,2.4857831325301203,2.4494494494494496,2.446276861569215,2.4539007092198584,2.445810055865922,2.5157397691500525,2.5316184351554125,2.492761692650334,2.527363184079602,2.536048431480462,2.5715902659875494,2.5926786751888438,2.5755478662053055,2.571593533487298,2.5579128440366974,2.5342372881355932,2.662987012987013,2.7463976945244957,2.6529459241323647,2.7819237147595355,2.7493734335839597,2.7627765064836005,2.759016393442623,2.7542087542087543,2.642914979757085,2.674358974358974,2.5933098591549295,2.611365719523373,2.6480965645311048,2.648847926267281,2.632690541781451,2.787344398340249,3.206735266604303,3.3434343434343434,3.2628398791540785,3.3928955866523145,3.2932584269662923,3.3789237668161434,3.4155528554070473,3.3835263835263834,3.3771580345285526,3.3986206896551723,3.3647234678624813,3.4355108877721943,3.474694589877836,3.483065953654189,3.470249520153551,3.406741573033708,3.7825396825396824,3.8971499380421313,3.7749699157641396,3.7556142668428003,3.8140845070422533,3.776141384388807,3.691693290734824,3.725135623869801,3.5350877192982457,3.5166666666666666,3.5267175572519083,3.555045871559633,3.5533980582524274,3.542997542997543,3.601063829787234,3.619672131147541,4.053072625698324,3.9442148760330578,3.9010526315789473,3.7955665024630543,3.8595041322314048,3.7650602409638556,3.801242236024845,3.679856115107914,3.4639498432601883,3.4193548387096775,3.4149659863945576,3.357429718875502,3.3028846153846154,3.321608040201005,3.325301204819277,3.3698630136986303,4.407766990291262,3.582125603864734,3.7006802721088436,3.6498800959232613,3.891117478510029,3.7229299363057327,3.6057347670250897,3.619433198380567,3.7476635514018692,3.764705882352941,3.723404255319149,3.6666666666666665,3.75,3.761904761904762,3.643478260869565,3.8266666666666667,4.518796992481203,4.108843537414966,4.050724637681159,3.7403846153846154,3.580246913580247,3.703125,3.9272727272727272,5,5,5,5,5,5,5,5,5,5,5,5,5,5,5,5,5,5,5,5,5,5,5,5,5,5,5,5],"reproductiveSuccessOverTime":[0,0,0,0.008072328059412335,0.0013953870146926044,0.00016291288233617074,0,0,0,0,0,0,0,0.00008138020833333333,0,0,0,0,0.00012210509178232733,0,0,0,0,0,0,0,0,0,0,0,0,0,0,0,0.00004070335395636601,0,0,0,0,0,0,0,0,0,0,0,0.00004070169726077577,0.000040690104166666664,0.00008138020833333333,0,0,0,0,0,0,0,0,0,0,0,0,0,0,0,0,0,0,0,0,0,0,0,0,0,0,0,0,0,0,0,0,0.000040690104166666664,0,0,0,0,0,0,0,0,0,0,0,0,0,0,0,0.00004069175991861648,0,0,0,0,0.000040690104166666664,0.000040690104166666664,0,0,0,0,0,0.000040690104166666664,0,0.000040690104166666664,0.000040690104166666664,0.00008138020833333333,0.0000407000407000407,0,0,0,0,0,0,0,0,0,0,0,0,0.000040690104166666664,0.000040690104166666664,0,0,0,0,0,0]}