{"startTime":"2025-03-24T20:43:41.881Z","infectedMalesAtStart":1024,"infectedFemalesAtStart":1024,"toxinAntitoxinLength":3,"killRate":0.37316104457707866,"rescueRate":0.6532275710262173,"simulationLength":112,"infectionRatio":[0.08333333333333333,0.08333333333333333,0.08353202334950259,0.09110514322916667,0.08878580729166667,0.0892333984375,0.09598795572916667,0.09724934895833333,0.09375,0.08784993489583333,0.082763671875,0.0760498046875,0.07661946614583333,0.07735188802083333,0.08011881510416667,0.081787109375,0.0810546875,0.08103595716089099,0.08598518759664686,0.07499186197916667,0.07100423177083333,0.06522623697916667,0.08809407552083333,0.08186848958333333,0.09175618489583333,0.08955891927083333,0.08842319430315361,0.08553756002278831,0.08837890625,0.086669921875,0.07682291666666667,0.081787109375,0.08024088541666667,0.08343847938459034,0.07938962360122075,0.07161458333333333,0.0628662109375,0.054443359375,0.061848958333333336,0.0672607421875,0.07391127391127392,0.07010904947916667,0.06742350260416667,0.06018556197607227,0.057413736979166664,0.060221354166666664,0.056681315104166664,0.053995768229166664,0.052775065104166664,0.05286289830301551,0.05290574637799121,0.0458984375,0.037760416666666664,0.027669270833333332,0.031697591145833336,0.0330810546875,0.038004557291666664,0.035196940104166664,0.034098307291666664,0.029094608341810782,0.028483072916666668,0.026692708333333332,0.023722330729166668,0.022257486979166668,0.021730284040042323,0.021484375,0.023478190104166668,0.018798828125,0.014811197916666666,0.011189778645833334,0.010294596354166666,0.008015950520833334,0.013834635416666666,0.0115966796875,0.010823567708333334,0.009807113209082771,0.0086669921875,0.008463541666666666,0.007649739583333333,0.007283528645833333,0.007121347765931472,0.007080366225839268,0.008831549387489316,0.006958290946083418,0.004964192708333333,0.0038655598958333335,0.004109700520833333,0.0026448567708333335,0.0068359375,0.006593138252411379,0.006186154409669936,0.005211514189161679,0.005045572916666667,0.004597981770833333,0.003987630208333333,0.0036214192708333335,0.0022786458333333335,0.001953125,0.001708984375,0.0016682942708333333,0.0015057176575916657,0.0009765625,0.0008138020833333334,0.0004069010416666667,0.0002848307291666667,0.00008138020833333333,0.00008138020833333333,0.0005290574637799121,0.0005289928789420143,0.0005289713541666666,0.0005289713541666666,0.0005289713541666666],"averageToxinCountInMales":[2.552734375,2.552734375,2.5550049554013876,2.3892921960072595,2.342057761732852,2.348713398402839,2.4841402337228713,2.56006628003314,2.6989708404802744,2.6691244239631335,2.6420118343195265,2.673015873015873,2.6966773847802785,2.676470588235294,2.633973710819009,2.6235059760956174,2.6093117408906883,2.6048632218844983,2.5811068702290076,2.4834801762114536,2.436848203939745,2.3333333333333335,2.905368516833485,2.967446592065107,2.8617305976806424,2.938793879387939,2.9292196007259528,2.8860640301318266,2.943830570902394,2.8839622641509433,2.852248394004283,2.8418932527693856,2.861997940267765,2.8852621167161225,2.920997920997921,2.762979683972912,2.4721141374837874,2.188650306748466,2.61744966442953,2.5936352509179925,2.767857142857143,2.7606936416184973,2.6793145654834762,2.6977715877437327,2.682471264367816,2.5124309392265194,2.595307917888563,2.7589285714285716,2.7838660578386607,2.78907435508346,2.9026946107784433,2.9006968641114983,2.9533898305084745,2.5074626865671643,2.8302872062663185,2.738219895287958,2.606407322654462,2.645320197044335,2.6189258312020463,2.705357142857143,2.697885196374622,2.8006644518272426,2.7761194029850746,2.7782101167315174,2.8203125,2.7440944881889764,3.1363636363636362,3.3728070175438596,3.611111111111111,3.427480916030534,3.124031007751938,3.52,3.8,3.904109589041096,3.9130434782608696,3.834710743801653,4.036363636363636,4.018518518518518,3.7395833333333335,3.9,3.909090909090909,3.9404761904761907,4.31858407079646,4.222222222222222,4.119402985074627,4.153846153846154,4.142857142857143,3.9375,4.060975609756097,4.064102564102564,4.027397260273973,4.016129032258065,4.033898305084746,4.115384615384615,4.022222222222222,3.975609756097561,4,3.933333333333333,4,4.125,4,4,4,4,4,null,null,4,4,4,4,4],"averageAntitoxinCountInFemales":[2.52734375,2.52734375,2.525904203323558,2.3869832893579597,2.330540037243948,2.3358348968105065,2.5099052540913007,2.5714285714285716,2.646748681898067,2.621973929236499,2.566666666666667,2.5995670995670994,2.6315789473684212,2.6564805057955745,2.6010204081632655,2.6540755467196817,2.637450199203187,2.6350947158524427,2.602816901408451,2.518716577540107,2.429705215419501,2.4111801242236024,2.904315196998124,2.9611273080660836,2.8015873015873014,2.877981651376147,2.835667600373483,2.7990384615384616,2.9051565377532227,2.8485981308411215,2.8249475890985325,2.8171091445427727,2.825174825174825,2.846968238691049,2.8432760364004044,2.708237986270023,2.41343669250646,2.3294460641399417,2.68,2.6196172248803826,2.768478260869565,2.7482517482517483,2.611904761904762,2.6386333771353483,2.6251748251748253,2.484126984126984,2.518987341772152,2.667175572519084,2.6984375,2.7140625,2.8876582278481013,2.9007220216606497,2.892543859649123,2.5652173913043477,2.6262626262626263,2.6194895591647334,2.454728370221328,2.52723311546841,2.5659955257270695,2.704485488126649,2.7181571815718155,2.72112676056338,2.657142857142857,2.731034482758621,2.7805755395683454,2.7846715328467155,3.06872852233677,3.2264957264957266,3.467391304347826,3.3194444444444446,2.9596774193548385,3.2061855670103094,3.696969696969697,3.805755395683453,3.8203125,3.75,4.203883495145631,4.28,4.0978260869565215,4.168539325842697,4.183908045977011,4.144444444444445,4.336538461538462,4.320987654320987,4.290909090909091,4.4186046511627906,4.4,4.303030303030303,4.0813953488372094,4.059523809523809,4.063291139240507,4.0606060606060606,4.076923076923077,4.081967213114754,4.018867924528302,4,4,3.9696969696969697,4.107142857142857,4,4,4,4,4,4,4,4,4,4,4,4,4],"reproductiveSuccessOverTime":[0,0,0,0,0.000021616617838541668,0.00004998480623013884,0.000017262468434343434,0,0.000018350439133986927,0.00002852296517565359,0.000005498662725225226,0.000011311534749034748,0,0.000040690104166666664,0,0,0.000040690104166666664,0.00004072158651301055,0,0.000014361213235294119,0,0.000023823548516628875,0.00003006267729749466,0,0,0,0.0000023033071652047064,0,0,0,0,0.000016754748774509802,0.00003155115028966132,0.0001129635341087841,0,0.000024044152462121214,0.000008138020833333333,0.000011722625248015872,0.000044851329192541466,0.000010172526041666666,0.00001425934524526074,0.0000435648674784417,0.000048364213098099814,0.000016184881286207892,0.00001212128581976373,0,0,0,0,0,0,0,0,0,0.00001382758951118326,0.0000058128720238095235,0.000052781478789836345,0,0.00001807314608900087,0.000004607838842458963,0,0,0,0,0,0.00004412179969879518,0.000048704821654040406,0,0,0,0.0000036651012944240197,0.0000012715657552083333,0,0,0,0.0000406934158053227,0.0000152587890625,0.000040690104166666664,0,0,0,0,0,0.00004069175991861648,0.000040690104166666664,0,0,0,0,0,0,0.00008142990920565123,0,0,0,0,0.0001220703125,0,0,0,0,0,0,0,0,0,0,0.00012209018394921048,0,0,0,0]}