{"startTime":"2025-03-24T20:43:41.882Z","infectedMalesAtStart":1024,"infectedFemalesAtStart":1024,"toxinAntitoxinLength":3,"killRate":0.8408391744235656,"rescueRate":0.5659368310602344,"simulationLength":133,"infectionRatio":[0.08333333333333333,0.08333333333333333,0.08311443112789361,0.08723958333333333,0.09989420572916667,0.0948486328125,0.099365234375,0.09566243489583333,0.09623209635416667,0.09138997395833333,0.09391276041666667,0.09086100260416667,0.08943684895833333,0.08841959635416667,0.10005696614583333,0.09883626302083333,0.09663899739583333,0.0966244553931349,0.09649837133550489,0.107666015625,0.1253662109375,0.11661783854166667,0.11348470052083333,0.09493001302083333,0.08797558494404883,0.08353678385416667,0.0828857421875,0.07870426891303463,0.07621876780336942,0.07499186197916667,0.07584944048830113,0.0758056640625,0.0738525390625,0.07344862665310274,0.06938110749185668,0.08601888020833333,0.09769694010416667,0.08658854166666667,0.083251953125,0.06937662760416667,0.06475640034189425,0.06290690104166667,0.061442057291666664,0.06425490355660454,0.06270855375600227,0.05917063443616978,0.055422177009155645,0.05225885225885226,0.055013020833333336,0.05591047812817904,0.06152029640486951,0.055704752604166664,0.06331380208333333,0.051597151576805694,0.046549479166666664,0.03829250427280866,0.030264765784114054,0.038126627604166664,0.035481770833333336,0.034342447916666664,0.033614129328938265,0.03255738238645613,0.035813120625101745,0.033040364583333336,0.035319010416666664,0.033243815104166664,0.033310229542952666,0.0263671875,0.025594075520833332,0.028564453125,0.026408952187182096,0.023641912512716176,0.017509569183158238,0.024169921875,0.020792643229166668,0.01859764782484841,0.017293294270833332,0.015666327568667347,0.015016481504089855,0.016117872115267207,0.016398111979166668,0.015380859375,0.01461463096015676,0.012776692708333334,0.01025390625,0.00992919345649874,0.010091556459816887,0.0084228515625,0.006879146822973908,0.008912220730069588,0.009073893229166666,0.008585611979166666,0.007039388020833333,0.006103515625,0.005371530886302597,0.006103515625,0.005900065104166667,0.005086263020833333,0.003836264947149329,0.0032958984375,0.0024007161458333335,0.006510416666666667,0.005533854166666667,0.002930045171529728,0.0028501628664495114,0.0029703776041666665,0.002197265625,0.0020755331271365782,0.0018717447916666667,0.0017496744791666667,0.001465022585764864,0.001465022585764864,0.001465022585764864,0.002116832892326481,0.0013441955193482689,0.0010986328125,0.0007731119791666666,0.003173828125,0.0029703776041666665,0.0021158854166666665,0.001994058519513287,0.001953125,0.0018310546875,0.0015055951169888097,0.0010579427083333333,0.0009765625,0.0008953280156275436,0.0008953280156275436,0.0008953644540311749,0.000773615635179153,0.000651174148386309,0.0006103515625,0.000244140625],"averageToxinCountInMales":[2.509765625,2.509765625,2.5129740518962076,2.581308411214953,2.264559068219634,2.267129228100607,2.50974025974026,2.56480686695279,2.5344234079173837,2.508211678832117,2.5262697022767076,2.5449640287769784,2.5851648351648353,2.5899347623485554,2.718775847808106,2.702020202020202,2.6901893287435454,2.6913793103448276,2.6269565217391304,2.765940902021773,2.4115734720416127,2.4556254367575123,2.797987059669303,2.7681660899653977,2.736346516007533,2.716699801192843,2.723593287265548,2.7690677966101696,2.819290465631929,2.7741573033707865,2.8338833883388337,2.8536312849162013,2.9281641961231473,2.918577981651376,2.8742138364779874,3.037962037962038,2.671334431630972,2.6282527881040894,2.997078870496592,3.0620608899297426,3.1152416356877324,3.030456852791878,2.9855832241153344,2.9975093399750934,3.0218228498074455,2.9643347050754456,2.8846153846153846,2.879173290937997,2.8706240487062407,2.8720238095238093,2.5879194630872484,2.73374613003096,2.2950819672131146,2.196078431372549,2.0818505338078293,1.9932279909706547,1.9525222551928783,1.9092920353982301,1.849056603773585,1.8426150121065374,1.853960396039604,1.8205128205128205,1.5893271461716938,1.621212121212121,1.9618138424821003,1.9234693877551021,1.8155844155844156,1.9026845637583893,1.8469055374592833,1.588235294117647,1.6144578313253013,1.5522875816993464,1.490909090909091,1.6881028938906752,1.7083333333333333,1.7468354430379747,1.7387387387387387,1.6414141414141414,1.6436170212765957,1.7025641025641025,1.82,1.8263157894736841,1.8296703296703296,1.85,1.7540983606557377,1.4841269841269842,1.449612403100775,1.4035087719298245,1.288659793814433,1.4516129032258065,1.5275590551181102,1.5447154471544715,1.54,1.5,1.4929577464788732,1.6493506493506493,1.64,1.6290322580645162,1.56,1.5813953488372092,1.696969696969697,1.2531645569620253,1.25,1.3823529411764706,1.3636363636363635,1.25,1.2307692307692308,1.2083333333333333,1.1,1.1111111111111112,1,1,1,1.3636363636363635,1,1,1,1,1,1,1,1,1,1,1,1,1,1,1,1,1,1,1],"averageAntitoxinCountInFemales":[2.5244140625,2.5244140625,2.5219941348973607,2.52048417132216,2.1731843575418996,2.2139219015280136,2.468595041322314,2.5497470489038787,2.491271820448878,2.46,2.5102915951972555,2.529884032114184,2.580470162748644,2.610909090909091,2.7104,2.6655922643029815,2.6586974443528444,2.6586974443528444,2.601639344262295,2.775735294117647,2.4964355152300715,2.5142857142857142,2.8226037195994276,2.7757009345794392,2.7745454545454544,2.7287488061127028,2.787109375,2.815151515151515,2.877445932028836,2.856243441762854,2.8471204188481676,2.8636363636363638,2.917910447761194,2.909967845659164,2.855885588558856,3.008984725965858,2.666385846672283,2.590304182509506,2.973503434739941,3.011750881316099,3.1122448979591835,2.9973614775725594,2.9464524765729583,2.9561855670103094,2.968503937007874,2.893793103448276,2.8542274052478134,2.8763358778625956,2.9093525179856115,2.8960113960113962,2.6762402088772848,2.710926694329184,2.399737876802097,2.341463414634146,2.1993127147766325,2.1586345381526106,2.1502463054187193,1.9793814432989691,1.8549107142857142,1.8375870069605569,1.8436018957345972,1.8097560975609757,1.6124721603563474,1.6346153846153846,2.002227171492205,1.9576470588235295,1.8587962962962963,1.8942857142857144,1.8819875776397517,1.6,1.608832807570978,1.5563636363636364,1.5476190476190477,1.7208480565371025,1.7732793522267207,1.8136363636363637,1.7684729064039408,1.7112299465240641,1.6519337016574585,1.7313432835820894,1.8669950738916257,1.851063829787234,1.8579545454545454,1.896103896103896,1.6846153846153846,1.5593220338983051,1.5210084033613445,1.6129032258064515,1.2916666666666667,1.4947368421052631,1.5729166666666667,1.6022727272727273,1.5616438356164384,1.5454545454545454,1.5737704918032787,1.6849315068493151,1.6857142857142857,1.6666666666666667,1.5227272727272727,1.5263157894736843,1.5384615384615385,1.1604938271604939,1.1527777777777777,1.2894736842105263,1.2702702702702702,1.2162162162162162,1.1071428571428572,1.0740740740740742,1.0769230769230769,1.08,1.0909090909090908,1.0909090909090908,1.0909090909090908,1.3333333333333333,1.0526315789473684,1.0625,1,1,1,1,1,1,1,1,1,1,1,1,1,1,1,1,1],