{"startTime":"2025-03-24T20:33:26.773Z","infectedMalesAtStart":1024,"infectedFemalesAtStart":1024,"toxinAntitoxinLength":3,"killRate":0.6064770335283373,"rescueRate":0.2668731152160565,"simulationLength":203,"infectionRatio":[0.16840720335498727,0.16840720335498727,0.1688667496886675,0.16438483315542768,0.1718622822725053,0.17753092447916666,0.17805989583333334,0.18343098958333334,0.1842041015625,0.1854248046875,0.18339029947916666,0.18661241098677517,0.18473307291666666,0.18684895833333334,0.18990071614583334,0.18754069010416666,0.18876139322916666,0.18870383190129086,0.18313929821704794,0.17525227864583334,0.1773681640625,0.1632080078125,0.14009602864583334,0.14302571614583334,0.14628092447916666,0.14164225260416666,0.12674967447916666,0.13106282552083334,0.12548828125,0.1171875,0.10575358072916667,0.10221354166666667,0.09928789420142421,0.10083041602214443,0.10426926051035774,0.09391276041666667,0.1048583984375,0.10371907552083333,0.09749348958333333,0.11722819010416667,0.11551920572916667,0.1114501953125,0.1014404296875,0.10066731770833333,0.09859154929577464,0.09187825520833333,0.08183112919633774,0.077392578125,0.075927734375,0.0780029296875,0.07484737484737485,0.06978352864583333,0.08329264322916667,0.06892903645833333,0.06343587239583333,0.080810546875,0.08162767039674466,0.08061037639877924,0.07356770833333333,0.07137044270833333,0.06776556776556776,0.06486002604166667,0.05725330620549339,0.0523681640625,0.047688802083333336,0.046512574265483844,0.04628536535721555,0.041748046875,0.048990885416666664,0.046061197916666664,0.043904622395833336,0.049967447916666664,0.0648193359375,0.065185546875,0.0615234375,0.059244791666666664,0.05778465044355823,0.05709983313662448,0.05443146195497293,0.050211588541666664,0.041748046875,0.040730794270833336,0.039591471354166664,0.039794921875,0.045450846354166664,0.0391845703125,0.031901041666666664,0.0474853515625,0.052408854166666664,0.06339518229166667,0.06368001302083333,0.053426106770833336,0.04923702950152594,0.046630859375,0.045003255208333336,0.0408935546875,0.0361328125,0.0340576171875,0.031005859375,0.029500325520833332,0.0303955078125,0.026285807291666668,0.020060221354166668,0.0321898018150002,0.04358264832750061,0.06836215666327569,0.054158528645833336,0.04984740590030519,0.047566731770833336,0.047200520833333336,0.04612628750559785,0.04480162767039674,0.0394287109375,0.038533528645833336,0.0347900390625,0.029093424479166668,0.025838216145833332,0.024007161458333332,0.021036783854166668,0.025431315104166668,0.030885045778229907,0.057047526041666664,0.054524739583333336,0.0565185546875,0.052164713541666664,0.051798502604166664,0.050641156116425806,0.048746744791666664,0.041300455729166664,0.035037031008382846,0.03173828125,0.02734375,0.021240234375,0.019206510681586977,0.0147705078125,0.013997395833333334,0.015586846817515872,0.029012044270833332,0.033732096354166664,0.032755533854166664,0.03157809066493041,0.0315095261358085,0.03280358598207009,0.031047812817904374,0.024332682291666668,0.021769205729166668,0.019205729166666668,0.016194661458333332,0.0142822265625,0.011189778645833334,0.0096435546875,0.008870442708333334,0.0076907426246185144,0.007568667344862666,0.008463541666666666,0.01611328125,0.015747711088504576,0.015632633121641426,0.018911758712044018,0.015543619791666666,0.011433919270833334,0.009765625,0.009521484375,0.009236653645833334,0.008219401041666666,0.0064697265625,0.005330403645833333,0.0045166015625,0.004475911458333333,0.00830078125,0.008504231770833334,0.010660807291666666,0.009806315104166666,0.009523809523809525,0.010388658029821559,0.009765625,0.00732421875,0.0046795523906408955,0.003907203907203907,0.0031331380208333335,0.0028889973958333335,0.00244140625,0.0016682942708333333,0.0013834635416666667,0.0010986328125,0.0034587995930824007,0.0019938151041666665,0.0015869140625,0.0015055951169888097,0.0014659174199853407,0.001996414602346806,0.0018717447916666667,0.001708984375,0.0013835761373809717,0.0011393229166666667,0.0011393229166666667,0.000732421875,0.00048828125,0.0004069010416666667,0.00036622583926754833,0.0002848539106372589,0.000244140625,0.000040690104166666664],"averageToxinCountInMales":[2.533203125,2.533203125,2.5252225519287834,2.458884416331225,2.4632603406326035,2.4655570966250577,2.511992619926199,2.6286995515695066,2.757181328545781,2.6417375727720556,2.6450022411474676,2.6190897039328327,2.6663685152057246,2.7234513274336285,2.7453603798014674,2.684394071490846,2.6877710320901995,2.68693009118541,2.7525022747952685,2.500707881075979,2.455399061032864,2.5164723770907247,2.573397243858598,2.766317016317016,2.9545454545454546,2.925751325869181,2.838943894389439,2.6601016518424396,2.7054930509596296,2.703835227272727,2.709347996857816,2.6879084967320264,2.691659646166807,2.736625514403292,2.837795275590551,2.9124548736462095,2.6693227091633465,2.8313349320543564,2.8415672913117547,2.710526315789474,2.790797987059669,2.905770635500365,2.960388035569927,2.764127764127764,2.6459044368600684,2.616788321167883,2.6666666666666665,2.5802197802197804,2.5930493273542603,2.575192096597146,2.5222857142857142,2.450617283950617,2.264965652600589,2.3,2.4285714285714284,2.31640625,2.2866795366795367,2.231671554252199,2.1682743837084675,1.983221476510067,1.9316037735849056,1.9419753086419753,1.925,1.9557926829268293,1.9983193277310924,1.967241379310345,1.9771929824561403,1.7836257309941521,1.8375209380234505,1.755877034358047,1.7807692307692307,1.9495934959349595,2.007662835249042,1.9334186939820743,2.1189488243430152,2.012784090909091,1.9941176470588236,2.048744460856721,2.1442006269592477,2.134125636672326,2.1693548387096775,2.1010309278350516,2.119148936170213,2.0377358490566038,2.44954128440367,2.448421052631579,2.415549597855228,2.484848484848485,2.377952755905512,2.2703751617076326,2.1518661518661517,2.159126365054602,2.1020408163265305,2.0875,2.0687732342007434,2.078028747433265,2.0639810426540284,2.18796992481203,2.207182320441989,2.084985835694051,2.086021505376344,2.0254777070063694,2.0170212765957447,2.113110539845758,2.034548944337812,1.8142340168878166,1.8444108761329305,1.8441127694859039,1.8321799307958477,1.82404181184669,1.8163992869875223,1.8121546961325967,1.803680981595092,1.8081023454157783,1.8071428571428572,1.772079772079772,1.7648902821316614,1.7508417508417509,1.7114624505928853,1.7598684210526316,1.8743169398907105,1.688365650969529,1.6772247360482655,1.7817919075144508,1.7872670807453417,1.7862714508580344,1.781150159744409,1.7808896210873146,1.7692307692307692,1.7800925925925926,1.7577319587628866,1.7492537313432837,1.745019920318725,1.7316017316017316,1.676300578034682,1.675,1.7857142857142858,1.617737003058104,1.608695652173913,1.7222222222222223,1.7440633245382586,1.742705570291777,1.7538461538461538,1.752717391304348,1.7813620071684588,1.788,1.8133333333333332,1.8936170212765957,1.9047619047619047,1.9029850746268657,1.8859649122807018,1.875,1.8571428571428572,1.8875,1.9278350515463918,1.82,1.816326530612245,1.8134715025906736,1.85,1.8208955223880596,1.75,1.73109243697479,1.7241379310344827,1.7207207207207207,1.7216494845360826,1.6582278481012658,1.608695652173913,1.543859649122807,1.5357142857142858,1.7864077669902914,1.8137254901960784,1.7661290322580645,1.7477477477477477,1.7619047619047619,1.8,1.81651376146789,1.7625,2,2,2,2,2,2,2,2,2,2,2,2,2,2,2,2,2,2,2,2,2,2,2,2,2,null],