{"startTime":"2025-03-24T20:43:41.882Z","infectedMalesAtStart":1024,"infectedFemalesAtStart":1024,"toxinAntitoxinLength":3,"killRate":0.9910283024073979,"rescueRate":0.8611141892475841,"simulationLength":128,"infectionRatio":[0.08333333333333333,0.08333333333333333,0.08336416327537305,0.07564290364583333,0.0670166015625,0.06892903645833333,0.06888834635416667,0.07405598958333333,0.07564290364583333,0.0726318359375,0.07499186197916667,0.089111328125,0.08626302083333333,0.08467610677083333,0.08146158854166667,0.07706705729166667,0.07584635416666667,0.07759322585898062,0.0758087487283825,0.07198079427083333,0.07051595052083333,0.07206217447916667,0.07548014322916667,0.06966145833333333,0.06941731770833333,0.06103515625,0.05770561185040492,0.05677886767878221,0.0509033203125,0.046671549479166664,0.050093594856352244,0.047566731770833336,0.046101888020833336,0.04742133756665445,0.045254761517174016,0.043131510416666664,0.035847981770833336,0.04052734375,0.041666666666666664,0.03955078125,0.035847981770833336,0.0316162109375,0.028605143229166668,0.027791341145833332,0.024700903393830877,0.020711263020833332,0.024415055951169887,0.022908528645833332,0.021525065104166668,0.021608203792626353,0.020349192137072158,0.018636067708333332,0.01998128026695967,0.036214192708333336,0.034830729166666664,0.028279622395833332,0.02620655977862782,0.025675455729166668,0.024088541666666668,0.023275686673448627,0.020182291666666668,0.017415364583333332,0.021163159822555046,0.019816080729166668,0.019287109375,0.019003051881993895,0.020263671875,0.020670572916666668,0.01538273715053107,0.019816080729166668,0.021240234375,0.018513997395833332,0.015950520833333332,0.014689127604166666,0.0133056640625,0.0106201171875,0.009236653645833334,0.006673177083333333,0.008504577822990845,0.008382161458333334,0.008301456824285831,0.008220069992675185,0.00732421875,0.005411783854166667,0.004070169726077578,0.0098876953125,0.008585611979166666,0.007853190104166666,0.007161458333333333,0.00439453125,0.00390625,0.0030517578125,0.0029296875,0.0028483072916666665,0.0028076171875,0.0028079599560493222,0.002687187003786491,0.00260459059091649,0.0024009115325140393,0.0023193359375,0.0017497456765005086,0.0042724609375,0.0042724609375,0.004191421827948238,0.004109700520833333,0.004557291666666667,0.003987792472024415,0.0028078456905672664,0.002685546875,0.0025227864583333335,0.0021565755208333335,0.0021566632756866736,0.002157716891259211,0.002157541217178913,0.0017496744791666667,0.0016682942708333333,0.0006917317708333334,0.00048828125,0.0003255208333333333,0.000244140625,0.000244140625,0.000244140625,0.00016276041666666666,0.00016276041666666666,0.0001220703125,0.000040690104166666664,0.000040690104166666664,0.000040706667752177804],"averageToxinCountInMales":[2.53515625,2.53515625,2.539761431411531,2.7225806451612904,2.7016908212560384,2.738479262672811,2.6597462514417534,2.6782608695652175,2.6994708994708994,2.75599128540305,2.8303477344573236,3.001763668430335,2.984503190519599,2.972795497185741,2.836872586872587,2.8161389172625126,2.8331595411887385,2.7857142857142856,2.821205821205821,3.058434399117971,2.8859447004608296,3.0774410774410774,2.9559286463798533,2.9873708381171067,2.9593967517401394,2.9601063829787235,2.962910128388017,2.8554913294797686,2.8807631160572336,2.8406304728546408,2.5400981996726677,2.5814751286449398,2.5506216696269983,2.462478184991274,2.398907103825137,2.5478927203065136,2.219679633867277,2.496828752642706,2.586206896551724,2.6710239651416123,2.5671296296296298,2.5564304461942258,2.5901162790697674,2.4054054054054053,2.31023102310231,2.4183266932270917,1.8823529411764706,1.9381443298969072,1.9776951672862453,1.9409594095940959,1.8306451612903225,1.8794642857142858,1.7685589519650655,2.636165577342048,3.1822222222222223,3.2568306010928962,3.383480825958702,3.3873873873873874,3.385113268608414,3.395348837209302,3.2222222222222223,3.2600896860986546,2.417293233082707,2.50597609561753,2.458677685950413,2.087136929460581,1.889763779527559,1.804,1.6627906976744187,1.7800829875518671,2.4488188976377954,2.44954128440367,2.715025906735751,2.73224043715847,2.6037735849056602,2.6850393700787403,2.4464285714285716,2.7023809523809526,2.1142857142857143,2.1553398058252426,2.176470588235294,2.1782178217821784,2.1739130434782608,2.782608695652174,3.18,2.6031746031746033,2.8,2.574468085106383,2.5542168674698793,2.5849056603773586,2.595744680851064,2.5428571428571427,2.5588235294117645,2.5454545454545454,2.5454545454545454,2.5454545454545454,2.59375,2.5806451612903225,2.5555555555555554,2.433333333333333,2.227272727272727,2.857142857142857,2.857142857142857,2.893617021276596,2.9130434782608696,2.9622641509433962,2.9782608695652173,3,3,3,3,3,3,3,3,3,3,3,3,3,3,3,null,null,null,null,null,null],"averageAntitoxinCountInFemales":[2.599609375,2.599609375,2.598825831702544,2.7567276641550054,2.768009768009768,2.780871670702179,2.6573849878934626,2.651111111111111,2.6805251641137855,2.6955017301038064,2.771812080536913,2.941287878787879,2.9130009775171066,2.9014778325123154,2.718426501035197,2.6939890710382515,2.721546961325967,2.6825053995680346,2.7380688124306327,3.0533642691415315,2.909826589595376,3.1420454545454546,3.0288248337028825,2.9821640903686086,2.924170616113744,3.0106951871657754,3.0432357043235703,2.8990042674253202,2.940514469453376,2.8559027777777777,2.509677419354839,2.54778156996587,2.549122807017544,2.489864864864865,2.403197158081705,2.503717472118959,2.175675675675676,2.5124282982791586,2.634651600753296,2.6998050682261208,2.7483296213808464,2.742424242424242,2.818941504178273,2.6228571428571428,2.5427631578947367,2.5813953488372094,2.098639455782313,2.235294117647059,2.1961538461538463,2.1346153846153846,2.0952380952380953,2.0854700854700856,1.9732824427480915,2.593967517401392,3.041871921182266,3.082066869300912,3.222950819672131,3.2315436241610738,3.23321554770318,3.2214022140221403,3.097872340425532,3.1219512195121952,2.374015748031496,2.48728813559322,2.4741379310344827,2.1150442477876106,1.8811475409836065,1.8914728682170543,1.8058252427184467,1.8089430894308942,2.3358208955223883,2.4641350210970465,2.7839195979899496,2.747191011235955,2.755952380952381,2.8955223880597014,2.6782608695652175,2.9375,2.0288461538461537,2.0485436893203883,2.0686274509803924,2.0693069306930694,2.2045454545454546,2.65625,2.9,2.7264957264957266,2.858490566037736,2.686868686868687,2.6989247311827955,2.6363636363636362,2.63265306122449,2.575,2.5789473684210527,2.5675675675675675,2.5833333333333335,2.5833333333333335,2.676470588235294,2.6666666666666665,2.65625,2.6666666666666665,2.619047619047619,2.9642857142857144,2.9642857142857144,2.9642857142857144,2.963636363636364,2.983050847457627,2.980769230769231,3,3,3,3,3,3,3,3,3,3,3,3,3,3,3,3,3,3,3,3,3],"reproductiveSuccessOverTime":[0,0,0,0,0,7.677378144654087e-7,0,0,0,0,0,0.000040690104166666664,0,0,0,0,0,0,0.00004069175991861648,8.138020833333334e-7,0,0,0,0,0,0,0,0,0,0,0.0000406934158053227,0.000040690104166666664,0.000040690104166666664,0.000040705010786827856,0.00004069672798307016,0,0,0,0,0,0,0,0,0,0,0,0,0,0,0.0000406934158053227,0,0,0,0,0,0,0,0,0,0,0,0,0,0.000040690104166666664,0.000040690104166666664,0.00004069175991861648,0,0,0,0,0,0,0,0,0,0,0,0.000040690104166666664,0.00008138351983723296,0.000040690104166666664,0.0000406934158053227,0.0000406934158053227,0.000040690104166666664,0,0,0,0,0,0,0,0,0,0,0,0,0,0,0,0,0,0.00004069175991861648,0,0,0,0,0,0,0,0,0,0,0.00008138351983723296,0.00008142327891544193,0,0,0,0,0,0,0,0,0,0,0.00008138020833333333,0.000040690104166666664,0.000040690104166666664,0.000040690104166666664,0.000040706667752177804]}