{"startTime":"2025-03-24T21:01:06.836Z","infectedMalesAtStart":2056,"infectedFemalesAtStart":2056,"toxinAntitoxinLength":3,"killRate":0.5,"rescueRate":1,"simulationLength":223,"infectionRatio":[0.16731770833333334,0.16731770833333334,0.16733755031627373,0.17085774739583334,0.1781005859375,0.17862955729166666,0.17838541666666666,0.17293294270833334,0.17317708333333334,0.1705322265625,0.1697998046875,0.1668701171875,0.17215983072916666,0.17415364583333334,0.17236328125,0.16971842447916666,0.17549641927083334,0.17601791530944624,0.17689427850573777,0.19156901041666666,0.19889322916666666,0.180419921875,0.1832424513713681,0.18326822916666666,0.1771240234375,0.17521158854166666,0.1724853515625,0.1703763987792472,0.15966796875,0.1610107421875,0.15768056968463887,0.15079752604166666,0.15300724342801333,0.1595636422843652,0.15723296032553408,0.15474446614583334,0.171875,0.15779622395833334,0.15958658854166666,0.15234375,0.149169921875,0.14725748697916666,0.14322344322344321,0.14010172939979654,0.12528483072916666,0.12223307291666667,0.1251220703125,0.11983235677083333,0.11532514039228453,0.11759918616480163,0.12162272135416667,0.1204833984375,0.15409342447916666,0.14815266927083334,0.15165201822916666,0.14021809895833334,0.1492919921875,0.14746693794506613,0.1512006512006512,0.1513671875,0.12898763020833334,0.12320963541666667,0.12613932291666666,0.10831705729166667,0.10481770833333333,0.1025474078294132,0.09957273652085452,0.09651692708333333,0.1318359375,0.12386067708333333,0.1273919061965638,0.120361328125,0.13936360677083334,0.13924153645833334,0.1384095718704216,0.13289388020833334,0.11112467447916667,0.1025390625,0.10465494791666667,0.09558494404883011,0.0960693359375,0.08972533062054934,0.09236653645833333,0.08964029947916667,0.110107421875,0.11897786458333333,0.1279325513196481,0.114501953125,0.116943359375,0.11385091145833333,0.11458799593082401,0.10957845052083333,0.09175618489583333,0.08313664849027427,0.09855143229166667,0.08296712239583333,0.079833984375,0.07762129599478997,0.0750732421875,0.0882568359375,0.09769694010416667,0.10518391927083333,0.10441930495645804,0.09903971354166667,0.10319010416666667,0.10152180989583333,0.10843912760416667,0.1025390625,0.091064453125,0.08042328042328042,0.09940592447916667,0.08105798575788403,0.079833984375,0.07279459635416667,0.07198079427083333,0.08646647135416667,0.09684244791666667,0.09623209635416667,0.09871419270833333,0.09134928385416667,0.098876953125,0.09871419270833333,0.1097412109375,0.10469563802083333,0.0958251953125,0.08771572777596874,0.09326171875,0.08085123697916667,0.07532351265565232,0.06551373346897253,0.0657958984375,0.08082041264802832,0.08683268229166667,0.07938639322916667,0.08457468457468457,0.07670084635416667,0.0718994140625,0.06632486979166667,0.07976234078053147,0.08011881510416667,0.07242838541666667,0.06516249898183596,0.07515462239583333,0.0626220703125,0.05660684491108127,0.04622960159524681,0.04521222479957677,0.04932443431548104,0.050577799479166664,0.0426025390625,0.04196344987585982,0.036580403645833336,0.0341796875,0.031005859375,0.037353515625,0.0435791015625,0.044392903645833336,0.03856648340460191,0.039754231770833336,0.029093424479166668,0.027913411458333332,0.020670572916666668,0.014933268229166666,0.014322916666666666,0.017049847405900306,0.026204427083333332,0.025798575788402847,0.020426432291666668,0.0166015625,0.0159912109375,0.015462239583333334,0.014730417090539166,0.014200846354166666,0.01346004812986907,0.0185546875,0.014607747395833334,0.013999674426176136,0.010701932858596134,0.009236653645833334,0.008626653102746695,0.007123956849175657,0.008791924454575058,0.008510118490166538,0.007165248544558889,0.006388866281435664,0.005534079348931842,0.004313151041666667,0.004069010416666667,0.0039065679173109795,0.0032598508618230716,0.0081787109375,0.0032145182291666665,0.0026044845969153134,0.0024820963541666665,0.0023194303153611395,0.0022786458333333335,0.0022786458333333335,0.0022792950466034435,0.0022392313329533424,0.004150897326333781,0.003946940104166667,0.0033365885416666665,0.003173828125,0.0031331380208333335,0.0030924479166666665,0.0023624292289519777,0.0045166015625,0.0030110677083333335,0.0025634765625,0.0022379557291666665,0.0017496744791666667,0.0017496744791666667,0.0017496744791666667,0.001750529229767139,0.00175109952761036,0.0016699930756384669,0.001669449081803005,0.0016693131387158504,0.0016690413189497252,0.0016689054422599423,0.0016685658473058766,0.0014709487619514587,0.0036214192708333335],