{"startTime":"2025-03-24T18:23:05.935Z","infectedMalesAtStart":1024,"infectedFemalesAtStart":1024,"toxinAntitoxinLength":3,"killRate":0.125,"rescueRate":0.375,"simulationLength":168,"infectionRatio":[0.1650814122198936,0.1650814122198936,0.16518837985190007,0.1513317191283293,0.1500244140625,0.15336100260416666,0.15535481770833334,0.15645345052083334,0.15897623697916666,0.16023763020833334,0.16178385416666666,0.1597900390625,0.16328938802083334,0.15987141927083334,0.15397135416666666,0.15816243489583334,0.15787760416666666,0.1579204494564996,0.16361490885416666,0.1617431640625,0.15620930989583334,0.1597900390625,0.164794921875,0.17317708333333334,0.16634114583333334,0.16573079427083334,0.18115234375,0.17936197916666666,0.17118326822916666,0.1731027466937945,0.16512044270833334,0.16011555989583334,0.15938962360122075,0.1560159557147509,0.14750162760416666,0.1385498046875,0.1224365234375,0.12813313802083334,0.14811197916666666,0.14188639322916666,0.13106282552083334,0.11777633078300505,0.132568359375,0.13126627604166666,0.12947591145833334,0.12382502543234995,0.12109375,0.11771647135416667,0.11829575974607308,0.1148681640625,0.10648600260416667,0.0960693359375,0.08870442708333333,0.09183756510416667,0.12027994791666667,0.1204883011190234,0.11669921875,0.10917154947916667,0.11763509114583333,0.11881510416666667,0.11979166666666667,0.11519368489583333,0.10835774739583333,0.10625915676379619,0.10381312823017133,0.09896236012207528,0.09326551373346897,0.0804443359375,0.06388346354166667,0.0654296875,0.07938639322916667,0.083984375,0.07674153645833333,0.07735188802083333,0.07474772135416667,0.0709228515625,0.07731119791666667,0.07487588508179377,0.07271321614583333,0.06861747588620731,0.06692721055202736,0.0637189039534221,0.058878580729166664,0.051350911458333336,0.036539713541666664,0.0615234375,0.06709798177083333,0.07503255208333333,0.08032553407934893,0.08744303385416667,0.08923702950152594,0.082763671875,0.07972164570870467,0.08171237893708798,0.07471007121057986,0.06864420572916667,0.06419180201082754,0.061037639877924724,0.057169596354166664,0.044677734375,0.0343017578125,0.041178385416666664,0.0458984375,0.0565185546875,0.072265625,0.0792236328125,0.07666015625,0.0771484375,0.07377416073245167,0.0721435546875,0.06640625,0.062744140625,0.0601806640625,0.05696022148935304,0.05224609375,0.038655598958333336,0.0302734375,0.027872721354166668,0.028483072916666668,0.026652018229166668,0.04818100431350208,0.06560045578480446,0.061319986979166664,0.059855143229166664,0.06156913811345324,0.060139973958333336,0.05778465044355823,0.055989583333333336,0.054773337673964355,0.05241491746484614,0.043660481770833336,0.036580403645833336,0.0257568359375,0.019571940104166668,0.014811197916666666,0.010457356770833334,0.015462239583333334,0.015302592487078263,0.012491861979166666,0.0125732421875,0.011354849212486265,0.01102836446506328,0.01098677517802645,0.01025390625,0.009115696089203597,0.0073784191431250255,0.006429036458333333,0.0037434895833333335,0.0023600260416666665,0.00146484375,0.0008138020833333334,0.0004069010416666667,0.004069010416666667,0.003784795702425525,0.0037437942540896885,0.0037434895833333335,0.0037434895833333335,0.003744251353221277,0.0037038544507305956,0.0036237785016286646,0.003622303622303622,0.003541624262161612,0.0034993489583333335,0.0020751953125,0.0005289713541666666,0.0004476093591047813,0.0004475911458333333,0.0004069010416666667],"averageToxinCountInMales":[2.5537109375,2.5537109375,2.545094152626363,2.481764705882353,2.5557404326123128,2.5420054200542004,2.45996775926921,2.4874129619710765,2.4678270042194095,2.4454308093994777,2.499482401656315,2.473298429319372,2.551368094992256,2.5171503957783643,2.5428571428571427,2.4788135593220337,2.456336528221512,2.457645178476292,2.4871663244353184,2.2368552829243864,2.3785488958990535,2.391237113402062,2.3306733167082294,2.3992395437262357,2.287143571785893,2.2233935742971886,2.1685288640595903,2.2120357310766336,2.230807086614173,2.3209279845335913,2.40824534942182,2.436763952892985,2.441312147616607,2.4550236717517095,2.4918217710095885,2.5250596658711215,2.860576923076923,2.6664438502673797,2.3926760563380283,2.458968347010551,2.3354271356783918,2.3659574468085105,2.269230769230769,2.213604577240941,2.1430404105195637,2.112306657700067,2.0726525017135025,2.0557122708039492,2.070077084793273,2.045977011494253,2.050038491147036,2.013745704467354,2.1966759002770084,2.289027653880464,2.132126089872569,2.0714285714285716,1.995162404975812,2.014925373134328,1.7943213296398892,1.9004120879120878,1.9155799588194922,1.8921428571428571,1.9039334341906202,1.9064914992272024,1.9160063391442155,1.9036544850498338,1.9376623376623376,1.8985074626865672,1.8454545454545455,2.326996197718631,2.145854145854146,2.080382775119617,2.1225806451612903,2.031678986272439,1.9786324786324787,1.994343891402715,2.1418067226890756,2.1688172043010754,2.193832599118943,2.153121319199058,2.138387484957882,2.141772151898734,2.0718157181571817,2.0875,2.004494382022472,3.0710594315245476,2.974087161366313,2.6200440528634363,2.3975026014568157,2.1578947368421053,2.082166199813259,2.088088088088088,2.0850840336134455,2.1494370522006143,2.0869565217391304,1.963768115942029,1.8617571059431524,1.873469387755102,1.8388969521044993,1.801498127340824,1.5561097256857854,2.469184890656064,2.1630434782608696,1.8530734632683659,1.5588235294117647,1.4953173777315296,1.4839400428265526,1.4053763440860214,1.420158550396376,1.3838150289017341,1.3387703889585947,1.3055555555555556,1.2843406593406594,1.2943722943722944,1.30622009569378,1.232258064516129,1.1735537190082646,1.489795918367347,1.2965116279069768,1.2112211221122111,1.0324232081911262,1.1347087378640777,1.110091743119266,1.1133603238866396,1.1099476439790577,1.1118508655126498,1.0909090909090908,1.0681818181818181,1.0309278350515463,1.0322085889570551,1.0277777777777777,1.0265486725663717,1,1,1,1,1,1.0053475935828877,1.0063694267515924,1.0064935064935066,1.0072463768115942,1.0074074074074073,1.0074074074074073,1.0077519379844961,1.008849557522124,1.0113636363636365,1.013157894736842,1,1,1,1,1,1,1,1,1,1,1,1,1,1,1,1,1,1,1,1,1],