{"startTime":"2025-03-24T20:33:26.773Z","infectedMalesAtStart":1024,"infectedFemalesAtStart":1024,"toxinAntitoxinLength":3,"killRate":0.6231184375877467,"rescueRate":0.2668731152160565,"simulationLength":194,"infectionRatio":[0.17276868567572126,0.17276868567572126,0.1729867916489135,0.15020849562388305,0.15654300856094577,0.1533203125,0.15519205729166666,0.15974934895833334,0.1650390625,0.1702880859375,0.17362467447916666,0.16971842447916666,0.16971842447916666,0.1739501953125,0.17545572916666666,0.17363173957273653,0.17606608072916666,0.17591725373620556,0.17205176202490438,0.151611328125,0.1629638671875,0.13826497395833334,0.14828077314343846,0.14400227864583334,0.14058430989583334,0.1364839011682338,0.13334147135416666,0.13338216145833334,0.12394205729166667,0.126708984375,0.121826171875,0.1249237029501526,0.127197265625,0.12573777832051125,0.13118489583333334,0.08866373697916667,0.08899287894201424,0.09375,0.10310872395833333,0.1051025390625,0.11088053385416667,0.112060546875,0.11124674479166667,0.10257975260416667,0.099609375,0.0972900390625,0.09253682754130382,0.09765625,0.0973872700634869,0.09914126409181555,0.10502115885416667,0.08101399739583333,0.0841912512716175,0.09415690104166667,0.11165364583333333,0.1173095703125,0.12053389761536583,0.12415055951169889,0.12162272135416667,0.10948310948310948,0.09993489583333333,0.09737141927083333,0.09513346354166667,0.094970703125,0.09281790437436419,0.09724934895833333,0.09818522135416667,0.07320149739583333,0.06962076822916667,0.08565266927083333,0.09274029462033043,0.10457356770833333,0.1070556640625,0.11527506510416667,0.10770670572916667,0.09833530058203427,0.08984375,0.0924072265625,0.09171549479166667,0.0908203125,0.08984375,0.0869140625,0.07515462239583333,0.057088216145833336,0.052001953125,0.056803385416666664,0.07113209082770408,0.071088504577823,0.07041393626114209,0.0758056640625,0.06966145833333333,0.06065046607237351,0.053466796875,0.04944048830111902,0.04891149542217701,0.049888097660223805,0.051432291666666664,0.046101888020833336,0.0517578125,0.032552083333333336,0.027180989583333332,0.0306396484375,0.039469401041666664,0.040568033854166664,0.04263029315960912,0.049723307291666664,0.040934244791666664,0.0357666015625,0.032023111979166664,0.030072434280133474,0.028889973958333332,0.02816213576428455,0.027140299479166668,0.0279541015625,0.029256184895833332,0.028767903645833332,0.028849283854166668,0.027547200520833332,0.040288121108533755,0.04713448388147183,0.04628913406342874,0.04923702950152594,0.044514973958333336,0.038899739583333336,0.032185872395833336,0.028238932291666668,0.02535096642929807,0.023080680615484815,0.021280924479166668,0.018229908443540183,0.021891276041666668,0.016805696846388607,0.0147705078125,0.010091145833333334,0.015503560528992879,0.016934663138611847,0.016081752300301278,0.015424059905583591,0.013590494791666666,0.009033203125,0.006144205729166667,0.005940755208333333,0.005167853509664293,0.004964394710071211,0.004109700520833333,0.0037027994791666665,0.007731119791666667,0.004761323403735807,0.0030924479166666665,0.0026041666666666665,0.0091552734375,0.009157136461682472,0.009850211657440574,0.009604427804004558,0.008870442708333334,0.007893880208333334,0.00732421875,0.004842122395833333,0.0045576625701961426,0.0033787909627518826,0.0030110677083333335,0.0026041666666666665,0.006876627604166667,0.00866734486266531,0.0038655598958333335,0.003173828125,0.0031331380208333335,0.0030118030118030117,0.0028905264014981885,0.0025251496762106465,0.0023193359375,0.0022786458333333335,0.0020751953125,0.0018717447916666667,0.0018717447916666667,0.0018719733040328816,0.0017903645833333333,0.0013020833333333333,0.0033365885416666665,0.003051881993896236,0.0030517578125,0.0013427734375,0.0013024543123448247,0.0013025603451784914,0.0012212000325653343,0.0011827562298625555,0.0008138020833333334,0.0006510681586978636,0.0006510416666666666,0.00036622583926754833,0.0003255208333333333,0.00032564008629462285,0.0002441604948319362,0.0002034587995930824],"averageToxinCountInMales":[2.5625,2.5625,2.554563492063492,2.4331288343558284,2.617110067814293,2.5722635494155153,2.4500792393026942,2.554162487462387,2.5353486104339344,2.4292497625830958,2.3840074384007437,2.4737093690248564,2.469377990430622,2.423452768729642,2.475371747211896,2.5241670577193807,2.5680036883356387,2.5658198614318706,2.536141694590713,2.6049046321525884,2.7162977867203217,2.768255884127942,2.6065848214285716,2.5774811375507833,2.5510799766491536,2.4357099329677028,2.427424336009883,2.338107098381071,2.370869858395145,2.2422442244224423,2.1933471933471935,2.140136054421769,2.211371237458194,2.2123056118999322,2.172207446808511,2.1046859421734796,2.5493230174081236,2.564738292011019,2.4559543230016314,2.4202429149797573,2.7071483474250577,2.598950524737631,2.684131736526946,2.6403861625100564,2.628688524590164,2.466666666666667,2.4924174843889384,2.3310980720871752,2.2836700336700337,2.2979966611018363,2.377462568951931,2.4531568228105907,2.6786757546251216,2.935908691834943,2.6350364963503647,2.579679888656924,2.6403508771929824,2.679738562091503,2.719946272666219,2.6810408921933084,2.6314496314496316,2.6378876781223806,2.652360515021459,2.5562130177514795,2.538994800693241,2.5165289256198347,2.4420113544201136,2.467811158798283,2.2759381898454745,2.974766355140187,2.6053310404127257,2.5158850226928897,2.6346586646661665,2.604878048780488,2.5044576523031203,2.4643734643734643,2.5300448430493274,2.4598976109215016,2.5124037639007697,2.485344827586207,2.4811898512685913,2.529572338489536,2.598101265822785,2.579608938547486,2.4184952978056424,3.18271954674221,2.7932636469221834,2.6298850574712644,2.44367816091954,2.632911392405063,2.406643757159221,2.2403204272363153,2.1893939393939394,2.070723684210526,2.0548172757475083,2.2565359477124183,2.261290322580645,2.18018018018018,2.3052147239263805,2.269230769230769,2.053892215568862,2.749295774647887,2.1953781512605044,1.9617021276595745,1.9671457905544147,2.3833049403747872,1.9352226720647774,2.119331742243437,1.9597855227882037,1.9088319088319088,1.8862973760932944,1.907185628742515,1.865625,1.780564263322884,1.8908554572271385,2.0272727272727273,1.6772151898734178,2.081699346405229,1.613733905579399,1.332730560578662,1.2830540037243947,1.656140350877193,1.871647509578544,1.9628008752735229,1.8563829787234043,1.7058823529411764,1.713355048859935,1.832167832167832,1.8237547892720307,1.937219730941704,2.319298245614035,2.265765765765766,2.304812834224599,2.5078125,2.005649717514124,1.65,1.5513513513513513,1.563953488372093,2.0326797385620914,1.7378640776699028,1.8484848484848484,1.9365079365079365,2.259259259259259,2.30188679245283,2.391304347826087,2.317073170731707,2.8617021276595747,2.8214285714285716,2.888888888888889,3.074074074074074,0.6186440677966102,0.6186440677966102,0.512,0.5245901639344263,0.5304347826086957,0.5192307692307693,0.5869565217391305,0.9,0.9473684210526315,1.35,1.2972972972972974,1,2.4482758620689653,2.5675675675675675,2.892857142857143,2.877551020408163,2.877551020408163,3,3,3,3,3,3,3,3,3,3,3,3,3,3,3,3,3,3,3,3,3,3,3,3,3,3,3],