{"startTime":"2025-03-24T20:43:41.882Z","infectedMalesAtStart":1024,"infectedFemalesAtStart":1024,"toxinAntitoxinLength":3,"killRate":0.8663055042335296,"rescueRate":0.3509822309631796,"simulationLength":154,"infectionRatio":[0.08333333333333333,0.08333333333333333,0.08334017908485994,0.07491048177083333,0.07523600260416667,0.07918294270833333,0.07014973958333333,0.072265625,0.0704345703125,0.07234700520833333,0.06669108072916667,0.0623779296875,0.060750325520833336,0.060017903645833336,0.059366861979166664,0.058720599007080654,0.057088216145833336,0.05692414186245368,0.06056166056166056,0.054036458333333336,0.0484619140625,0.037109375,0.038370768229166664,0.04166836215666327,0.037353515625,0.035481770833333336,0.03564453125,0.037150065104166664,0.036336263020833336,0.037109375,0.0386962890625,0.0361328125,0.035890132248219735,0.03549043549043549,0.03447293447293447,0.035237630208333336,0.034952799479166664,0.028361002604166668,0.033040364583333336,0.031941731770833336,0.031005859375,0.029378255208333332,0.026123046875,0.023518880208333332,0.021158854166666668,0.0206298828125,0.022298177083333332,0.021321614583333332,0.02034670790266135,0.02303434803841771,0.021860370445756158,0.0316162109375,0.029825846354166668,0.0211181640625,0.0172119140625,0.013509114583333334,0.021647135416666668,0.026570638020833332,0.025838216145833332,0.0240478515625,0.023111979166666668,0.0233154296875,0.024943033854166668,0.024788342559426895,0.0245361328125,0.024495442708333332,0.02274669379450661,0.0301513671875,0.022908528645833332,0.014851888020833334,0.014404296875,0.0113525390625,0.016276041666666668,0.025431315104166668,0.0262451171875,0.022379557291666668,0.021158854166666668,0.020792643229166668,0.021199544270833332,0.020914713541666668,0.020263671875,0.02103763987792472,0.021565755208333332,0.021687825520833332,0.014729817708333334,0.010213216145833334,0.00984940984940985,0.008585611979166666,0.015665690104166668,0.019449869791666668,0.020345052083333332,0.018310546875,0.017985026041666668,0.017995277257552317,0.0179443359375,0.0179443359375,0.0179443359375,0.020263671875,0.025435454989418852,0.023356119791666668,0.014241536458333334,0.007771809895833333,0.007731434384537131,0.0035808748728382504,0.005655924479166667,0.0054931640625,0.005411783854166667,0.005086263020833333,0.004720052083333333,0.004720244150559512,0.004720244150559512,0.004720244150559512,0.004679361979166667,0.005575224840271843,0.012087912087912088,0.010661241098677518,0.004964192708333333,0.0020751953125,0.0010986775178026449,0.0004475911458333333,0.0011800130208333333,0.0011800130208333333,0.0010579427083333333,0.0008138020833333334,0.00016276041666666666,0.00016276041666666666,0.0001627670396744659,0.0001627802873072071,0.00016276041666666666,0.00016298590171950127,0.0001628531878511522,0.0001627736632212908,0.00008138020833333333,0.00008138020833333333,0.00008138020833333333,0.000040690104166666664,0.000040690104166666664,0.00004069672798307016,0.0015463498006022625,0.0002848655027876124,0.00028484231943031536,0.0002441505595116989,0.00024417043096081065,0.0002442002442002442,0.00016276041666666666,0.00016286644951140066,0.0001221349183731629,0.00012219959266802444,0.0001220703125,0.0001220703125,0.00012207527975584945,0.0001220703125,0.000040690104166666664,0.000040690104166666664],"averageToxinCountInMales":[2.5107421875,2.5107421875,2.5114427860696518,2.431438127090301,2.552486187845304,2.5681818181818183,2.4931034482758623,2.4146892655367234,2.383720930232558,2.428251121076233,2.3070388349514563,2.3540856031128405,2.4815303430079156,2.579155672823219,2.6226666666666665,2.6590604026845637,2.6837725381414703,2.6778242677824267,2.7255689424364125,2.898959881129272,2.5074626865671643,2.5486725663716814,2.7932489451476794,2.682170542635659,2.7065217391304346,2.8509174311926606,2.7986425339366514,2.602247191011236,2.74364896073903,2.8411633109619685,2.7615062761506275,2.8755555555555556,2.8390022675736963,2.841743119266055,2.7929411764705883,2.5736607142857144,2.1651785714285716,2.112947658402204,2.727722772277228,2.4010282776349614,2.0641025641025643,2.122615803814714,2.0526315789473686,1.8779661016949152,1.7803030303030303,1.6434108527131783,1.5229681978798586,1.4721189591078068,1.4705882352941178,1.6550522648083623,1.6162361623616237,2.1796875,1.9636871508379887,2.0756972111553784,2.1822660098522166,2.1184210526315788,1.2738095238095237,1.019047619047619,1.0258899676375404,0.996551724137931,0.992831541218638,0.9644128113879004,1.070469798657718,1.0606060606060606,1.0542372881355933,1.0510204081632653,0.9589552238805971,1.966573816155989,1.6480836236933798,1.839572192513369,1.4598930481283423,1.6808510638297873,1.198952879581152,0.6655737704918033,0.6464968152866242,0.6996336996336996,0.6941176470588235,0.642570281124498,0.6328125,0.6299212598425197,0.6194331983805668,0.5891472868217055,0.36220472440944884,1.1887550200803212,0.5988023952095808,0.4297520661157025,0.3103448275862069,0.3711340206185567,0.16580310880829016,0.08298755186721991,0.01593625498007968,0.01834862385321101,0,0,0,0,0,0,0,0,0,0,0,0,0,0,0,0,0,0,0,0,0,0,0,0,0,0,0,0,0,0,0,0,null,null,null,null,null,null,null,null,null,null,null,null,null,null,0,0,0,0,0,0,0,0,0,0,0,0,0,0,0,0],"averageAntitoxinCountInFemales":[2.5087890625,2.5087890625,2.5087890625,2.3527542372881354,2.4533898305084745,2.496932515337423,2.4754098360655736,2.3636363636363638,2.289322617680827,2.2663656884875847,2.2171779141104295,2.2440944881889764,2.363265306122449,2.4797768479776847,2.605077574047955,2.6318051575931234,2.6480938416422286,2.647577092511013,2.620782726045884,2.737404580152672,2.564625850340136,2.632608695652174,2.795309168443497,2.6692913385826773,2.646288209606987,2.8211009174311927,2.73963133640553,2.58974358974359,2.7043478260869565,2.827956989247312,2.7230443974630023,2.7831050228310503,2.7732426303854876,2.786697247706422,2.808056872037915,2.5789473684210527,2.18978102189781,2.2574850299401197,2.825980392156863,2.4545454545454546,2.25,2.191549295774648,2.1786833855799372,2.056537102473498,2.01171875,1.9116465863453815,1.739622641509434,1.6862745098039216,1.7224489795918367,1.906810035842294,1.9248120300751879,2.524173027989822,2.2266666666666666,2.3917910447761193,2.422727272727273,2.361111111111111,1.4964285714285714,1.1775147928994083,1.165644171779141,1.1528239202657806,1.166089965397924,1.1232876712328768,1.1936507936507936,1.1923076923076923,1.1948051948051948,1.1948051948051948,1.1924398625429553,2.054973821989529,1.644927536231884,1.8258426966292134,1.5029940119760479,1.6159420289855073,1.0239234449760766,0.63125,0.6072507552870091,0.5776173285198556,0.5433962264150943,0.549618320610687,0.5471698113207547,0.5269230769230769,0.5099601593625498,0.4942084942084942,0.391304347826087,1.1690140845070423,0.5743589743589743,0.5538461538461539,0.4444444444444444,0.45614035087719296,0.22916666666666666,0.08438818565400844,0.0321285140562249,0.034482758620689655,0,0,0,0,0,0,0,0,0,0,0,0,0,0,0,0,0,0,0,0,0,0,0,0,0,0,0,0,0,0,0,0,0,0,0,0,0,0,0,0,0,0,0,0,0,0,0,0,0,0,0,0,0,0,null,null,null,null,null,null,null,null],