{"startTime":"2025-03-24T20:33:26.773Z","infectedMalesAtStart":1024,"infectedFemalesAtStart":1024,"toxinAntitoxinLength":3,"killRate":0.7159007708692693,"rescueRate":0.959316441810315,"simulationLength":183,"infectionRatio":[0.15890751086281812,0.15890751086281812,0.15841429019116265,0.14088246063712925,0.15660438932854695,0.161376953125,0.149658203125,0.14591471354166666,0.15226236979166666,0.15315755208333334,0.1549072265625,0.15059407552083334,0.15128580729166666,0.14961751302083334,0.153564453125,0.15323893229166666,0.15116373697916666,0.151064782768028,0.15047200520833334,0.12027994791666667,0.11661783854166667,0.10782877604166667,0.1019287109375,0.11422177009155646,0.11617024739583333,0.11429850260416667,0.11564127604166667,0.10885849210226348,0.10795084635416667,0.10819498697916667,0.1036376953125,0.098876953125,0.09537760416666667,0.09979243824020187,0.10498046875,0.09464518229166667,0.09106815869786368,0.08341471354166667,0.07889811197916667,0.10824889105929272,0.11240483654276757,0.11905924479166667,0.1234130859375,0.11820475260416667,0.11592610677083333,0.114990234375,0.10942459510051274,0.10648600260416667,0.10135904947916667,0.09998372263367787,0.10358306188925082,0.10030110677083333,0.08341471354166667,0.07649739583333333,0.06803385416666667,0.0963134765625,0.11024294957880601,0.13116555428943513,0.13993326822916666,0.13736979166666666,0.13130696614583334,0.13920084635416666,0.13715355500386633,0.12841796875,0.12516276041666666,0.12227376302083333,0.11618915839166531,0.0999755859375,0.08378092447916667,0.07076009114583333,0.059244791666666664,0.08951822916666667,0.10359700520833333,0.13277721261444558,0.13448626653102747,0.1430780499715146,0.13826497395833334,0.14006103763987793,0.13118489583333334,0.12833658854166666,0.1251322536013673,0.12293480914787987,0.11067708333333333,0.10323079427083333,0.081787109375,0.069091796875,0.05517578125,0.0784912109375,0.09423828125,0.1074800586032883,0.10075279755849441,0.10571719226856562,0.1053466796875,0.11126938260551056,0.10652669270833333,0.10132660535525352,0.0931396484375,0.08894856770833333,0.07706705729166667,0.06551106770833333,0.052937825520833336,0.046630859375,0.040120442708333336,0.05774395702775291,0.074059003051882,0.08033861055716088,0.07342287342287342,0.07706085894565438,0.07643467643467644,0.08217616158325529,0.0853271484375,0.08431675754862863,0.07661946614583333,0.07984048181004313,0.07173665364583333,0.055948893229166664,0.046630859375,0.0379638671875,0.02763307830050464,0.0450439453125,0.059943840800879014,0.06394236639667875,0.06014731616001302,0.062706002034588,0.0614013671875,0.06377519853390348,0.059651692708333336,0.059122721354166664,0.05587433361819884,0.056844075520833336,0.045247395833333336,0.040364583333333336,0.032796223958333336,0.027140299479166668,0.02185147507629705,0.0350341796875,0.048136393229166664,0.054728190104166664,0.05155645981688708,0.052130387010133075,0.04927772126144456,0.04821043202084775,0.04454216033549123,0.049763997395833336,0.047770182291666664,0.044921875,0.039347330729166664,0.030517578125,0.022623697916666668,0.017496744791666668,0.014567057291666666,0.014851888020833334,0.0181884765625,0.01688708036622584,0.015706380208333332,0.015666327568667347,0.014121764610125346,0.011884895600146526,0.011966786063171605,0.016031901041666668,0.0142822265625,0.011515299479166666,0.0106201171875,0.00732421875,0.005940755208333333,0.005045572916666667,0.0040283203125,0.0030110677083333335,0.004801432291666667,0.004720052083333333,0.004720628331909006,0.0046818385376379106,0.004681457358029717,0.004685653750560241,0.004232631964511009,0.005045572916666667,0.004720052083333333,0.004109700520833333,0.004028484231943031,0.002767039674465921,0.0012613932291666667,0.0004475911458333333,0.000040690104166666664],"averageToxinCountInMales":[2.46875,2.46875,2.4825174825174825,2.610347085789129,2.3755968169761275,2.3058151609553477,2.2678270634475015,2.226986849628359,2.305908337934843,2.249054565099946,2.289459884635553,2.24087982832618,2.3299356223175964,2.3714902807775378,2.405491024287223,2.4623089088033736,2.4722814498933903,2.471688034188034,2.427027027027027,2.3838315217391304,2.5238429172510517,2.51787072243346,2.3866231647634586,2.1060931899641577,2.287226534932957,2.186599423631124,2.351048951048951,2.3157498116051243,2.3265151515151516,2.3270392749244713,2.36600790513834,2.3316790736145574,2.3083548664944016,2.2770105605199027,2.2072699149265276,2.291522491349481,2.238263950398583,2.098153547133139,2.2205726405090136,1.6653574234092694,1.7061469265367317,1.5152158527954707,1.5873655913978495,1.553370786516854,1.512005649717514,1.488205861329521,1.5364387678437266,1.5227447956823439,1.3820408163265305,1.3751030502885409,1.3654458598726114,1.5450081833060556,1.562135922330097,1.604989604989605,1.6838323353293414,1.293103448275862,1.2935361216730037,1.0197830248883217,1.0224453632604844,1.01985559566787,1.0044303797468355,1.0245950809838031,1.044930176077717,1.0058670143415906,0.9792503346720214,0.967764060356653,0.9765910753474762,1.1260504201680672,1.106060606060606,1.125598086124402,1.1892697466467959,1.0749765698219307,1.331738437001595,1.1092964824120604,1.080814312152992,1.087514585764294,1.1178266178266179,1.1154539987973542,1.134107027724049,1.1394580304031725,1.1317934782608696,1.1405817174515236,1.135975135975136,1.2504132231404959,1.1311134235171696,1.25181598062954,1.1920122887864824,1.1228070175438596,1.3659388646288209,1.1937452326468345,1.207258064516129,1.243076923076923,1.295807453416149,1.259941089837997,1.2799079754601228,1.2455429497568882,1.2535087719298246,1.2415679124886052,1.1837381203801478,1.0953545232273838,1.1003086419753085,1.5625,1.7648305084745763,1.534918276374443,1.449142857142857,1.3586723768736617,1.3202380952380952,1.314709236031927,1.4855824682814303,1.4531085353003161,1.4242728184553661,1.4300100704934542,1.4700665188470066,1.5180084745762712,1.6472642607683352,1.507267441860465,1.4061962134251291,1.4770833333333333,1.5060975609756098,1.2627599243856333,1.081043956043956,1.0039267015706805,1.008230452674897,1.0026178010471205,1.0053404539385848,1.0141935483870967,1.034013605442177,1.0344827586206897,1.0318840579710145,1.1164483260553129,1.0907407407407408,1.0993914807302232,1.1102756892230576,1.5718562874251496,1.7596899224806202,1.4864864864864864,1.334453781512605,1.28928046989721,1.3014128728414442,1.2981366459627328,1.3047775947281712,1.3097643097643097,1.332116788321168,1.2937399678972712,1.300509337860781,1.3441441441441442,1.3649484536082475,1.193717277486911,1.096774193548387,1.0497737556561086,1.0621468926553672,1.0355329949238579,1.0300429184549356,1.0046728971962617,1,1,1,1,1,1,1,1,1,1,1,1,1,1,1,1,1,1,1,1,1,1,1,1,1,1,1,1,1],