{"startTime":"2025-03-24T20:43:41.882Z","infectedMalesAtStart":1024,"infectedFemalesAtStart":1024,"toxinAntitoxinLength":3,"killRate":0.9910283024073979,"rescueRate":0.858666051456542,"simulationLength":101,"infectionRatio":[0.08333333333333333,0.08333333333333333,0.08286430302781315,0.08284505208333333,0.08915201822916667,0.09195963541666667,0.08992513020833333,0.0985107421875,0.09370930989583333,0.09651692708333333,0.09273274739583333,0.09159342447916667,0.09537760416666667,0.09513346354166667,0.09086100260416667,0.09493001302083333,0.09208170572916667,0.09188660801564028,0.09635416666666667,0.08988444010416667,0.08573404947916667,0.07999674479166667,0.06685384114583333,0.07963053385416667,0.07515462239583333,0.07389322916666667,0.06925455729166667,0.06693522135416667,0.06211079001994383,0.06278483072916667,0.05749745676500509,0.0555419921875,0.05416293643688451,0.05318455774556117,0.051676432291666664,0.045939127604166664,0.0457763671875,0.04313326551373347,0.03715913715913716,0.039876302083333336,0.03772433158344524,0.04296875,0.040288121108533755,0.0390233977619532,0.0365412004069176,0.03564888292027835,0.034016927083333336,0.034749348958333336,0.033203125,0.0323499491353001,0.030965169270833332,0.034464518229166664,0.030598958333333332,0.037923177083333336,0.031209309895833332,0.0286865234375,0.02099780255554651,0.0185546875,0.020222981770833332,0.018555442522889116,0.018648967791848204,0.018311291963377416,0.017863682604272634,0.0166015625,0.0152587890625,0.0146484375,0.0152587890625,0.0155029296875,0.0152587890625,0.018269856770833332,0.01509848608171903,0.012939453125,0.0091552734375,0.005208333333333333,0.004150390625,0.003662109375,0.0031337755891091123,0.0029708611427641217,0.0031331380208333335,0.0031331380208333335,0.0028076171875,0.0025227864583333335,0.0027272357227174663,0.0028483072916666665,0.0030924479166666665,0.0024007161458333335,0.001749816879628876,0.0016276041666666667,0.001220703125,0.0006917317708333334,0.0006510416666666666,0.0004069010416666667,0.0003662407422479043,0.0003662109375,0.0003255208333333333,0.0003255340793489318,0.000244140625,0.00024417043096081065,0.0001220703125,0.0001220703125,0.00008138020833333333],"averageToxinCountInMales":[2.4873046875,2.4873046875,2.4844533600802405,2.1953125,2.139784946236559,2.2943201376936315,2.2043478260869565,2.2522303325223034,2.308154506437768,2.234804329725229,2.1919720767888307,2.2865961199294533,2.330204778156997,2.2305055698371894,2.203770197486535,2.3339055793991417,2.3430851063829787,2.343137254901961,2.5235243798118048,2.369146005509642,2.224929709465792,2.165137614678899,2.100997506234414,1.9182389937106918,1.778888888888889,1.847380410022779,1.9053398058252426,1.9422110552763818,1.935528120713306,1.798140770252324,1.8107714701601165,1.8190045248868778,1.7921875,1.7415730337078652,1.9225589225589226,1.9250936329588015,1.7490196078431373,1.509765625,1.493212669683258,1.1978947368421053,1.1208053691275168,1.1359223300970873,1.1642411642411643,1.1627408993576016,1.1454965357967668,1.1583924349881796,1.251231527093596,1.39568345323741,1.3790523690773067,1.3704663212435233,1.7255434782608696,1.3645320197044335,1.37292817679558,1.2084210526315788,1.2046035805626598,1.2277777777777779,1.2167300380228137,1.5084033613445378,1.476923076923077,1.4125,1.384297520661157,1.3739495798319328,1.2882096069868996,1.2857142857142858,1.2421052631578948,1.1292134831460674,1.5767195767195767,1.3494623655913978,1.7005649717514124,1.2968036529680365,1.1789473684210525,1.14375,1.1282051282051282,1.0158730158730158,1.0204081632653061,1.0434782608695652,1.0789473684210527,1.1081081081081081,1.1025641025641026,1.1025641025641026,1.0285714285714285,0.7096774193548387,0.8787878787878788,0.6060606060606061,0.3684210526315789,0.18518518518518517,0.25,0.2777777777777778,0.15384615384615385,0,0,0,0,0,0,0,0,0,0,0,0],"averageAntitoxinCountInFemales":[2.4736328125,2.4736328125,2.4754901960784315,2.283596837944664,2.132093023255814,2.2304189435336976,2.142452830188679,2.1776094276094278,2.228471001757469,2.233134073441503,2.1694616063548104,2.2766338406445836,2.35580204778157,2.263877028181042,2.258266309204647,2.391267123287671,2.3876651982378854,2.388888888888889,2.4670558798999167,2.282142857142857,2.206730769230769,2.1289340101522845,2.074910820451843,1.8823529411764706,1.8373812038014783,1.8454157782515992,1.9088838268792712,1.9752650176678446,1.9510664993726474,1.759493670886076,1.7355371900826446,1.7806267806267806,1.7858176555716354,1.787701317715959,1.955621301775148,2.0100840336134453,1.8048780487804879,1.614963503649635,1.59447983014862,1.306930693069307,1.2854166666666667,1.268022181146026,1.2789783889980353,1.2642276422764227,1.260215053763441,1.2825607064017661,1.3325581395348838,1.437070938215103,1.4457831325301205,1.4621026894865525,1.6768447837150127,1.401360544217687,1.3358974358974358,1.1641137855579868,1.1436170212765957,1.1304347826086956,1.1304347826086956,1.4311926605504588,1.3839662447257384,1.3796296296296295,1.3148148148148149,1.320754716981132,1.3333333333333333,1.297979797979798,1.3027027027027027,1.2857142857142858,1.586021505376344,1.3435897435897435,1.7525252525252526,1.391304347826087,1.3535911602209945,1.3544303797468353,1.4537037037037037,1.2153846153846153,1.0943396226415094,1.1818181818181819,1.1282051282051282,1.0555555555555556,1,1,0.8823529411764706,0.9032258064516129,0.9117647058823529,0.7027027027027027,0.6578947368421053,0.375,0.43478260869565216,0.45454545454545453,0.47058823529411764,0.3333333333333333,0.375,0.5,0.6,0.6,0.75,0.75,1,1,0,0,0],"reproductiveSuccessOverTime":[0,0,0,0,0,0,0,0,0,0,0,0.000040690104166666664,0.00008138020833333333,0.000040690104166666664,0.000040690104166666664,0.0001220703125,0,0,0,0,0,0,0.0000011625744047619047,0.000041852678571428565,0,0,0.000040690104166666664,0,0,0,0,0,0,0.00016289297931259162,0,0,0,0,0,0,0,0,0,0,0,0.00008139014365360354,0,0,0,0.00004069175991861648,0,0,0,0,0.00004359654017857143,0,0,0,0,0,0,0,0,0,0,0,0,0,0,0,0,0,0,0,0,0,0,0.00004069672798307016,0,0,0,0,0,0,0,0,0,0,0,0,0,0,0,0,0,0,0,0,0,0,0]}