{"startTime":"2025-03-24T20:33:55.229Z","infectedMalesAtStart":16,"infectedFemalesAtStart":32,"toxinAntitoxinLength":3,"killRate":0.8711660358087097,"rescueRate":0.05942219180203834,"simulationLength":82,"infectionRatio":[0.00399800099950025,0.00399800099950025,0.004038364462392731,0.0020964360587002098,0.001507312502546136,0.001708984375,0.001953125,0.0018717447916666667,0.0036214192708333335,0.004557291666666667,0.004557291666666667,0.004475911458333333,0.0067138671875,0.006510416666666667,0.006306966145833333,0.006266276041666667,0.009073893229166666,0.009078326005536557,0.00879837067209776,0.00830078125,0.007609049479166667,0.006551106770833333,0.0057373046875,0.004597981770833333,0.005086263020833333,0.0047607421875,0.0047607421875,0.004191080729166667,0.007242838541666667,0.007120768229166667,0.0069580078125,0.0067138671875,0.006388346354166667,0.007650362171400667,0.007328393453301848,0.005574544270833333,0.005045572916666667,0.004597981770833333,0.004476093591047813,0.004109700520833333,0.0035400390625,0.0041098677517802645,0.0040283203125,0.0035807291666666665,0.00537109375,0.00508646998982706,0.005005086469989827,0.004964192708333333,0.004720244150559512,0.0066330267762676,0.008057296329453895,0.009521484375,0.008260091145833334,0.0079345703125,0.0072021484375,0.006510416666666667,0.005940755208333333,0.0087890625,0.007893880208333334,0.006022135416666667,0.0069989827060020346,0.006510681586978637,0.006388346354166667,0.005574544270833333,0.005533854166666667,0.009278476376510804,0.006673720192072923,0.0034993489583333335,0.0021565755208333335,0.0010172526041666667,0.0006103515625,0.0004069010416666667,0.0003662109375,0.00008139014365360354,0.00008138351983723296,0.000040690104166666664,0.00004070335395636601,0.000040690104166666664,0.000040690104166666664,0.000040690104166666664,0.000040690104166666664,0.00004071495460282562],"averageToxinCountInMales":[2,2,2,2,2.076923076923077,1.8,2.625,2.25,2.125,1.6346153846153846,1.6346153846153846,1.6346153846153846,1.4177215189873418,1.4102564102564104,1.3866666666666667,1.3866666666666667,2.3423423423423424,2.3423423423423424,2.4074074074074074,2.343137254901961,2.350515463917526,2.4698795180722892,2.4473684210526314,2.5344827586206895,2.5689655172413794,2.473684210526316,2.559322033898305,2.74,1.9775280898876404,1.9775280898876404,1.9886363636363635,1.558139534883721,1.5,1.934065934065934,1.8837209302325582,1.5846153846153845,1.5357142857142858,1.5660377358490567,1.5769230769230769,1.608695652173913,1.5609756097560976,1.6326530612244898,1.6326530612244898,1.6829268292682926,1.4745762711864407,1.5384615384615385,1.5490196078431373,1.54,1.391304347826087,2.175675675675676,1.5934065934065933,1.18348623853211,1.2083333333333333,1.1720430107526882,1.188235294117647,1.2077922077922079,1.2,1.5535714285714286,1.4848484848484849,1.4722222222222223,1.3820224719101124,1.4146341463414633,1.425,1.4246575342465753,1.4246575342465753,1.2695652173913043,1.3205128205128205,1.1224489795918366,1,1,1,1,1,1,1,1,1,1,1,1,1,1],"averageAntitoxinCountInFemales":[2.25,2.25,2.25,2.25,2.125,2.227272727272727,2.40625,2.2333333333333334,2.183673469387755,1.7833333333333334,1.7833333333333334,1.7241379310344827,1.4767441860465116,1.451219512195122,1.4625,1.4556962025316456,2.232142857142857,2.232142857142857,2.2037037037037037,2.215686274509804,2.2111111111111112,2.3461538461538463,2.3692307692307693,2.327272727272727,2.2686567164179103,2.3,2.3793103448275863,2.4339622641509435,1.8426966292134832,1.8604651162790697,1.891566265060241,1.7088607594936709,1.6753246753246753,2.2061855670103094,2.1382978723404253,1.7222222222222223,1.7058823529411764,1.7666666666666666,1.793103448275862,1.8363636363636364,1.7173913043478262,1.6730769230769231,1.62,1.6595744680851063,1.4246575342465753,1.4246575342465753,1.4305555555555556,1.4305555555555556,1.4285714285714286,2.044943820224719,1.5420560747663552,1.2,1.233644859813084,1.2058823529411764,1.2282608695652173,1.2530120481927711,1.263157894736842,1.5,1.4631578947368422,1.4605263157894737,1.4216867469879517,1.4487179487179487,1.4545454545454546,1.484375,1.492063492063492,1.247787610619469,1.2093023255813953,1.2432432432432432,1.0740740740740742,1,1,1,1,null,null,null,null,null,null,null,null,null],"reproductiveSuccessOverTime":[0,0,0,0.006563841469501846,0.00028516723021143115,0,0,0,0,0.00008138020833333333,0,0,0,0,0.000040690104166666664,0,0,0.000040709982087607885,0.00008146639511201629,0,0,0,0,0,0,0,0,0.000043083639705882356,0,0,0,0,5.73100058685446e-7,0,0,0,0,0,0,0,0,0.00012207527975584945,0.000040690104166666664,0,0,0.00004069175991861648,0.00004069175991861648,0,0,0.0000406934158053227,0,0,0,0.000040690104166666664,0,0,0,0.000002017116274928775,0.000002017116274928775,0,0,0,0,0,0,0.00008139014365360354,0,0,0,0,0,0,0,0,0,0,0,0,0.000040690104166666664,0,0,0]}