{"startTime":"2025-03-24T20:33:55.229Z","infectedMalesAtStart":16,"infectedFemalesAtStart":32,"toxinAntitoxinLength":3,"killRate":0.3694216197287058,"rescueRate":0.4408720361461895,"simulationLength":52,"infectionRatio":[0.0038901045465596887,0.0038901045465596887,0.003929916489274603,0.0019430051813471502,0.0032145182291666665,0.0021565755208333335,0.004069010416666667,0.0028483072916666665,0.0023193359375,0.0025634765625,0.0028889973958333335,0.0022379557291666665,0.0017903645833333333,0.0027669270833333335,0.0027262369791666665,0.002685546875,0.002685546875,0.0026458257011438106,0.002604378611540653,0.00146484375,0.0005289713541666666,0.0004475911458333333,0.0018310546875,0.00146484375,0.001220703125,0.0010579427083333333,0.0009358723958333334,0.0009358723958333334,0.0009358723958333334,0.0009358723958333334,0.0009358723958333334,0.0009358723958333334,0.0032145182291666665,0.003215434083601286,0.004191080729166667,0.0029703776041666665,0.0024007161458333335,0.0022379557291666665,0.002197265625,0.002197265625,0.0008138020833333334,0.0005289713541666666,0.0004475911458333333,0.0004475911458333333,0.0004475911458333333,0.0004476093591047813,0.0004475911458333333,0.0003662109375,0.0005696614583333334,0.0030924479166666665,0.001220802474159681,0.0003255208333333333],"averageToxinCountInMales":[2.125,2.125,2.125,2.125,2.25,2,1.7142857142857142,1.8571428571428572,2.185185185185185,2.3076923076923075,2.413793103448276,2.3125,2.3076923076923075,2.225806451612903,2.2,2.2,2.2,2.2,2.1724137931034484,2,3,2,1.2857142857142858,1.0625,1.3333333333333333,1.2,1.2222222222222223,1.2222222222222223,1.2222222222222223,1.2222222222222223,1.2222222222222223,1.2222222222222223,2.515151515151515,2.515151515151515,3.5652173913043477,3.323529411764706,2.92,2.9130434782608696,3,3,3,3,3,3,3,3,3,3,3,3,3,3],"averageAntitoxinCountInFemales":[2.0625,2.0625,2.0625,2,2.0425531914893615,2.0833333333333335,1.6551724137931034,1.9714285714285715,2,2.3513513513513513,2.4285714285714284,2.5128205128205128,2.4838709677419355,2.5135135135135136,2.5135135135135136,2.5833333333333335,2.5833333333333335,2.5428571428571427,2.5428571428571427,2.391304347826087,2.3,2.3,1.25,1.1,1.0555555555555556,1.1875,1.2142857142857142,1.2142857142857142,1.2142857142857142,1.2142857142857142,1.2142857142857142,1.2142857142857142,2.4565217391304346,2.4565217391304346,3.263157894736842,3.2051282051282053,3.0588235294117645,3.0625,3.0625,3.0625,3.1666666666666665,3.2,3,3,3,3,3,3,3,3,3,3],"reproductiveSuccessOverTime":[0,0,0,0.0068652849740932645,0,0,0,0.000040690104166666664,0,0,0,0,0,0.000040690104166666664,0,0,0,0,0,0,0,0,0,0,0,0,0,0,0,0.000040690104166666664,0,0,0,0.00004070169726077577,0,0,0.000040690104166666664,0,0,0,0,0,0,0,0,0.00008138351983723296,0,0.00008138020833333333,0.000040690104166666664,0,0,0]}