{"startTime":"2025-03-24T20:33:55.228Z","infectedMalesAtStart":16,"infectedFemalesAtStart":32,"toxinAntitoxinLength":3,"killRate":0.03914184661412512,"rescueRate":0.8459915163146887,"simulationLength":78,"infectionRatio":[0.004014049172102358,0.004014049172102358,0.003959561920808761,0.0019684138246738384,0.0013027194268034523,0.0021158854166666665,0.0028076171875,0.0032145182291666665,0.0030924479166666665,0.0030517578125,0.0017496744791666667,0.001708984375,0.0034586588541666665,0.0034586588541666665,0.0033772786458333335,0.0033772786458333335,0.0033772786458333335,0.003378653423430758,0.004923502604166667,0.004720052083333333,0.004313151041666667,0.0034586588541666665,0.004069010416666667,0.0059814453125,0.004597981770833333,0.004231770833333333,0.0038655598958333335,0.0037841796875,0.0036627055184763144,0.0036215666327568665,0.0035400390625,0.0032145182291666665,0.0026450720273459754,0.002482399381434908,0.005411783854166667,0.006306966145833333,0.004638671875,0.003987630208333333,0.0029703776041666665,0.0022379557291666665,0.0021565755208333335,0.0020345052083333335,0.0015869140625,0.0015462868769074262,0.0015463498006022625,0.0015466015466015467,0.00146484375,0.0013427734375,0.0013021893057703264,0.000732511292882432,0.0028889973958333335,0.007649739583333333,0.0067138671875,0.005655924479166667,0.00439453125,0.0030110677083333335,0.0030110677083333335,0.0025635808748728384,0.0025635808748728384,0.0025634765625,0.0025634765625,0.0024820963541666665,0.0024007161458333335,0.0024007161458333335,0.002400813835198372,0.0022380467955239063,0.0014241536458333333,0.004435221354166667,0.003987630208333333,0.0033365885416666665,0.0029703776041666665,0.0017903645833333333,0.0006103515625,0.00020345052083333334,0.0001627670396744659,0.000040690104166666664,0.000040690104166666664,0.000040690104166666664],"averageToxinCountInMales":[2.625,2.625,2.7333333333333334,2.75,2.5555555555555554,1.380952380952381,1.9655172413793103,1.9166666666666667,1.9142857142857144,1.8235294117647058,2.2941176470588234,2.2941176470588234,2.7435897435897436,2.7435897435897436,2.7435897435897436,2.7435897435897436,2.7435897435897436,2.7435897435897436,2.6315789473684212,2.690909090909091,2.6862745098039214,1.9743589743589745,2.4423076923076925,2.4864864864864864,2.3275862068965516,2.3207547169811322,2.3877551020408165,2.3877551020408165,2.4468085106382977,2.4468085106382977,2.4347826086956523,2.4523809523809526,2.6363636363636362,2.6333333333333333,1.4852941176470589,1.3611111111111112,1.3725490196078431,1.0238095238095237,1.1724137931034482,1.12,1.0869565217391304,1.0909090909090908,0.9444444444444444,0.8235294117647058,0.8235294117647058,0.8235294117647058,0.875,0.7857142857142857,0.7857142857142857,1,1.9393939393939394,2.0707070707070705,2.130952380952381,2.2739726027397262,2.1864406779661016,2.0952380952380953,2.0952380952380953,1.8571428571428572,1.8571428571428572,1.8571428571428572,1.8571428571428572,1.9090909090909092,1.9090909090909092,1.9090909090909092,1.9090909090909092,1.903225806451613,2,3.018867924528302,3.127659574468085,3.0833333333333335,3.4838709677419355,3.5294117647058822,3.1666666666666665,5,null,null,null,null],"averageAntitoxinCountInFemales":[2.5,2.5,2.5,2.5483870967741935,2.5217391304347827,1.8064516129032258,2.025,2.0232558139534884,1.951219512195122,1.951219512195122,2.0384615384615383,2.12,2.5217391304347827,2.5217391304347827,2.590909090909091,2.590909090909091,2.590909090909091,2.590909090909091,2.265625,2.3278688524590163,2.418181818181818,2.108695652173913,2.375,2.164383561643836,2,1.9411764705882353,2,2.0454545454545454,2.046511627906977,2.0238095238095237,2.024390243902439,2.054054054054054,2.125,2.129032258064516,1.5384615384615385,1.783132530120482,1.619047619047619,1.4821428571428572,1.7045454545454546,1.4,1.4,1.3928571428571428,1.3333333333333333,1.3333333333333333,1.3333333333333333,1.3333333333333333,1.35,1.368421052631579,1.4444444444444444,1.7692307692307692,2.1052631578947367,1.9325842696629214,1.8888888888888888,2.0303030303030303,1.9795918367346939,2,2,1.9642857142857142,1.9642857142857142,1.9642857142857142,1.9642857142857142,1.9642857142857142,2,2,2,2,2.176470588235294,3.2857142857142856,3.5098039215686274,3.369565217391304,3.5714285714285716,3.5555555555555554,3.111111111111111,2.5,2.5,5,5,5],"reproductiveSuccessOverTime":[0,0,0,0.007732974560233128,0.0002035499104380394,0,0,0,0,0,0,0,0,0,0,0.000040690104166666664,0,0,0,0,0,0,0,0,0,0.000040690104166666664,0,0,0,0,0,0,0,0,0,0,0,0,0,0,0,0,0,0,0,0,0,0,0.0000406934158053227,0,0.000040690104166666664,0,0,0,0,0,0,0.0001627670396744659,0.00004069175991861648,0,0,0,0,0,0,0,0,0,0,0,0,0,0,0,0,0,0,0]}