{"startTime":"2025-03-24T20:33:55.229Z","infectedMalesAtStart":16,"infectedFemalesAtStart":32,"toxinAntitoxinLength":3,"killRate":0.08534495669114994,"rescueRate":0.21846305747320338,"simulationLength":132,"infectionRatio":[0.004077125626433364,0.004077125626433364,0.004122294744074201,0.0021480804387568556,0.004599104599104599,0.0038248697916666665,0.0062255859375,0.004353841145833333,0.0033365885416666665,0.0022379557291666665,0.004720052083333333,0.006429036458333333,0.005533854166666667,0.004801432291666667,0.004557291666666667,0.006551106770833333,0.006510416666666667,0.006515984524536754,0.0087890625,0.006917317708333333,0.0052490234375,0.0048828125,0.006673177083333333,0.006144205729166667,0.0059814453125,0.00537109375,0.009847005208333334,0.015096028645833334,0.018147786458333332,0.015380859375,0.015096028645833334,0.013753255208333334,0.01220802474159681,0.011965811965811967,0.012658227848101266,0.009928385416666666,0.0074462890625,0.006184895833333333,0.005289713541666667,0.004842122395833333,0.004557291666666667,0.0033371316946117532,0.010213216145833334,0.015869140625,0.022664388020833332,0.024820963541666668,0.02856561546286877,0.024617513020833332,0.024658203125,0.022624618514750762,0.02353803551066949,0.021565755208333332,0.018798828125,0.0159912109375,0.014363606770833334,0.013264973958333334,0.011678059895833334,0.008789420142421159,0.017537434895833332,0.026652018229166668,0.042236328125,0.052166836215666326,0.055419921875,0.054768880208333336,0.053548177083333336,0.0526123046875,0.05144275772251842,0.042521158854166664,0.038004557291666664,0.029500325520833332,0.025472005208333332,0.022379557291666668,0.020100911458333332,0.016237333658893908,0.024332682291666668,0.026082356770833332,0.042765299479166664,0.0452880859375,0.053995768229166664,0.057291666666666664,0.0596182802262646,0.06042972247090421,0.05920704127786154,0.048909505208333336,0.042154947916666664,0.038777669270833336,0.02978515625,0.022502543234994912,0.019124348958333332,0.01318359375,0.022379557291666668,0.023681640625,0.027913411458333332,0.028035481770833332,0.03475076297049847,0.03698880976602238,0.037365678931943994,0.03757225433526012,0.03881241345605604,0.030924479166666668,0.024576822916666668,0.016204551931924598,0.009521484375,0.006388346354166667,0.005533854166666667,0.004475911458333333,0.003987630208333333,0.006998697916666667,0.006795800439488891,0.006592333360462277,0.010172526041666666,0.010135135135135136,0.010138849301681664,0.010096486585514798,0.010218621503887962,0.008992513020833334,0.006266276041666667,0.0037043067654481806,0.0020345052083333335,0.0019938962360122074,0.0019938151041666665,0.0019938151041666665,0.001953125,0.0018310546875,0.001832172957127153,0.0015875600423349344,0.0035427780266319175,0.0034203347041817664,0.0034203347041817664,0.0033387622149837134,0.004236770277426977,0.0005289713541666666],"averageToxinCountInMales":[2.5,2.5,2.5,2.466666666666667,2.3518518518518516,2.3877551020408165,1.3924050632911393,1.0727272727272728,0.875,1,1.4814814814814814,2.449275362318841,2.5689655172413794,2.326923076923077,2.2083333333333335,1.4133333333333333,1.4324324324324325,1.4324324324324325,1.3235294117647058,1.308641975308642,1.4406779661016949,1.4444444444444444,0.927536231884058,0.9047619047619048,0.9047619047619048,0.75,1.4455445544554455,1.6853932584269662,1.7906976744186047,1.7555555555555555,1.768361581920904,1.7228915662650603,1.6827586206896552,1.673758865248227,1.5906040268456376,1.725,1.8181818181818181,1.7837837837837838,1.8125,1.7966101694915255,1.7777777777777777,1.8611111111111112,1.9758064516129032,2.0364583333333335,2.0181159420289854,2.0033222591362128,2.0085714285714285,2.0067114093959733,2.006666666666667,2.0072202166064983,1.9477351916376306,1.9386973180076628,1.9313304721030042,1.9183673469387754,1.9085714285714286,1.937888198757764,1.9784172661870503,1.9803921568627452,2.0145631067961167,2.0550161812297736,2.0126315789473685,2.009950248756219,2.0077760497667185,2.007898894154818,2.0081037277147487,2.0082918739635156,2.008503401360544,2.0103092783505154,2.0069284064665127,2.005899705014749,2,2,2,2,2,2.023489932885906,2.0135135135135136,2.0129390018484288,2.006153846153846,2.0057553956834533,2.005509641873278,2.0055020632737275,2.005714285714286,2.003401360544218,2.00196463654224,2.002132196162047,2.002659574468085,2.0034602076124566,2.0040983606557377,2.0060240963855422,2.0070671378091873,2.006872852233677,2.0318840579710145,2.017191977077364,2.0113636363636362,2.0105485232067513,2.010482180293501,2.0103092783505154,2.007936507936508,2.0024038461538463,2.003086419753086,2.0045871559633026,2.007751937984496,2,2,2,2,2,2,2,2,2,2,2,2,2,2,2,2,2,2,2,2,2,2,2,2,2,2,2,2,2],"averageAntitoxinCountInFemales":[2.53125,2.53125,2.53125,2.53125,2.5254237288135593,2.577777777777778,1.3918918918918919,1.0192307692307692,0.8571428571428571,1.1851851851851851,1.6290322580645162,2.696629213483146,2.628205128205128,2.212121212121212,2.1875,1.4186046511627908,1.4186046511627908,1.4186046511627908,1.3245614035087718,1.2808988764044944,1.3857142857142857,1.3636363636363635,0.8526315789473684,0.8409090909090909,0.8333333333333334,0.825,1.3546099290780143,1.5336787564766838,1.6623376623376624,1.6565656565656566,1.6649484536082475,1.6104651162790697,1.5677419354838709,1.5620915032679739,1.5123456790123457,1.7258064516129032,1.7789473684210526,1.7307692307692308,1.8181818181818181,1.8,1.793103448275862,1.9130434782608696,1.9921259842519685,2.025252525252525,2.00711743772242,2.0064724919093853,2.0056818181818183,2.006514657980456,2.0065359477124183,2.003584229390681,1.9415807560137457,1.936802973977695,1.925764192139738,1.9086294416243654,1.8932584269662922,1.9212121212121211,1.9527027027027026,1.9473684210526316,1.991111111111111,2.0433526011560694,2.0124333925399647,2.0103092783505154,2.0097357440890127,2.0112201963534364,2.0128755364806867,2.0115942028985505,2.0118343195266273,2.0142857142857142,2.0139720558882237,2.0155440414507773,2.005970149253731,2.006666666666667,2.0074626865671643,2.0093896713615025,2.006309148264984,2.0291545189504374,2.026266416510319,2.0244755244755246,2.0118168389955686,2.0112201963534364,2.010825439783491,2.0105540897097627,2.01062416998672,2.004885993485342,2.0037950664136623,2.0041322314049586,2.00561797752809,2.007575757575758,2.0088495575221237,2.0063291139240507,2.00749063670412,2.0171821305841924,2.0498533724340176,2.0205882352941176,2.0144927536231885,2.013793103448276,2.0136054421768708,2.0136986301369864,2.0133630289532296,2.011627906976744,2.0142857142857142,2.0055555555555555,2.0095238095238095,2.013333333333333,2.0153846153846153,2.018181818181818,2,2,2,2,2,2,2,2,2,2,2,2,2,2,2,2,2,2,2,2,2,2,2,2,2,2],"reproductiveSuccessOverTime":[0,0,0,0.009159176315254926,0.0002035002035002035,0,0,0,0,0,0,0,0,0,0,0,0,0,0,0,0,0,0,0,0,0,0,0,0,0,0,0,0,0,0,0,0,0,0,0,0,0,0,0,0,0,0,0,0,0,0,0,0,0,0,0,0,0.00008138351983723296,0,0,0.0001220703125,0.00006103763987792473,0.00010172526041666667,0.000040690104166666664,0.000040690104166666664,0.00008138020833333333,0.000040698384274144313,0,0,0,0,0,0,0,0,0.000040690104166666664,0,0,0.000040690104166666664,0,0,0,0,0,0,0.000040690104166666664,0,0,0,0,0,0,0,0,0,0,0,0,0,0,0,0,0,0,0,0,0,0,0.0000406934158053227,0.0000406934158053227,0.000040690104166666664,0.00012211006186909801,0.0001221548108636345,0.0002035581972886048,0.00004071163945772096,0,0.000040690104166666664,0,0,0,0,0,0,0,0,0.000040706667752177804,0,0,0,0.000040716612377850165,0,0]}