{"startTime":"2025-03-24T20:33:55.228Z","infectedMalesAtStart":16,"infectedFemalesAtStart":32,"toxinAntitoxinLength":3,"killRate":0.43565460147428803,"rescueRate":0.45856776630460105,"simulationLength":72,"infectionRatio":[0.003905614320585842,0.003905614320585842,0.003946070371588293,0.001905834452289167,0.0013427734375,0.0032145182291666665,0.0032145182291666665,0.006591796875,0.005777994791666667,0.005615234375,0.005777994791666667,0.00537109375,0.006673177083333333,0.006184895833333333,0.006103515625,0.005533854166666667,0.007527975584944049,0.007530733534152894,0.008626302083333334,0.006551106770833333,0.006144205729166667,0.004923502604166667,0.004313151041666667,0.004313151041666667,0.007853829250427281,0.006144205729166667,0.0096435546875,0.008707682291666666,0.011678059895833334,0.009684244791666666,0.0079345703125,0.007568359375,0.010823567708333334,0.010783755188410515,0.010701497395833334,0.007609049479166667,0.006306966145833333,0.003946940104166667,0.0024007161458333335,0.0019532044760935913,0.004557291666666667,0.004475911458333333,0.0025227864583333335,0.00244140625,0.0023194303153611395,0.0021164021164021165,0.001953125,0.0016276041666666667,0.004883209896638724,0.004843304843304843,0.004638671875,0.004475911458333333,0.004191080729166667,0.0025634765625,0.0018310546875,0.0015869140625,0.0009766419793277449,0.0009358723958333334,0.0008544921875,0.0008544921875,0.0008138020833333334,0.0004477186698685335,0.0004475911458333333,0.0004475911458333333,0.0003662109375,0.0018717447916666667,0.0017903645833333333,0.0008544921875,0.0003662109375,0.00020345052083333334,0.00008138020833333333,0.000040690104166666664],"averageToxinCountInMales":[3,3,3,3.2142857142857144,2.7142857142857144,3.764705882352941,3.8823529411764706,3.643835616438356,3.859375,3.9047619047619047,2.9444444444444446,2.970149253731343,2.2954545454545454,2.261904761904762,2.2560975609756095,2.168831168831169,2.6272727272727274,2.6272727272727274,2.4552845528455283,2.4838709677419355,2.413793103448276,2.4133333333333336,2.375,2.375,1.6160714285714286,1.5238095238095237,1.7014925373134329,1.6859504132231404,0.9363057324840764,1.0820895522388059,1.1238938053097345,1.0566037735849056,0.9492753623188406,0.9259259259259259,0.9111111111111111,0.79,1,1.0212765957446808,1.1,1.1904761904761905,0.38333333333333336,0.3389830508474576,0.5588235294117647,0.5757575757575758,0.59375,0.5806451612903226,0.6206896551724138,0.2857142857142857,0.7321428571428571,0.7090909090909091,0.6981132075471698,0.7368421052631579,0.7222222222222222,0.5483870967741935,0.9565217391304348,1,1,1,1,1,1,1,1,1,1,1,1,1,1,1,1,null],"averageAntitoxinCountInFemales":[2.5625,2.5625,2.5625,2.533333333333333,2.423076923076923,3.311111111111111,3.3333333333333335,3.191011235955056,3.2435897435897436,3.2533333333333334,2.7285714285714286,2.7384615384615385,2.1842105263157894,2.235294117647059,2.235294117647059,2.016949152542373,2.493333333333333,2.493333333333333,2.258426966292135,2.3823529411764706,2.34375,2.239130434782609,2.142857142857143,2.142857142857143,1.1481481481481481,1.0597014925373134,1.4951456310679612,1.2365591397849462,0.6846153846153846,0.8557692307692307,0.8658536585365854,0.875,1.03125,1.1153846153846154,1.1953125,1.1149425287356323,1.2763157894736843,1.44,1.4827586206896552,1.4444444444444444,0.6923076923076923,0.6078431372549019,1.0357142857142858,1.037037037037037,1.04,0.7142857142857143,0.7894736842105263,0.7894736842105263,0.9375,0.9375,0.8524590163934426,0.8301886792452831,0.8367346938775511,0.8125,0.9545454545454546,1,1,1,1,1,1,1,1,1,1,1,1,1,1,1,1,1],"reproductiveSuccessOverTime":[0,0,0,0.007341794083250314,0,0,0,0,0,0,0,0,0,0,0,0.000040690104166666664,0,0.000040706667752177804,0,0,0,0,0,0,0,0,0,0.00008138020833333333,0.00008138020833333333,0,0,0,0,0.00010794115190166767,0,0,0,0,0,0,0.000040690104166666664,0.000040690104166666664,0,0,0,0.0000407000407000407,0,0,0,0.0001221001221001221,0.00001992984693877551,0,0,0,0,0,0.0000406934158053227,0.000040690104166666664,0.000040690104166666664,0,0,0,0,0.000040690104166666664,0.000040690104166666664,0,0,0,0,0,0,0]}