{"startTime":"2025-03-24T20:33:55.229Z","infectedMalesAtStart":16,"infectedFemalesAtStart":32,"toxinAntitoxinLength":3,"killRate":0.5852442116142499,"rescueRate":0.8460005940063737,"simulationLength":23,"infectionRatio":[0.0038970528537793296,0.0038970528537793296,0.0039360393603936035,0.0031312905390293,0.003299254612846727,0.0024007161458333335,0.0029703776041666665,0.0031331380208333335,0.0033365885416666665,0.0027262369791666665,0.0038248697916666665,0.0032958984375,0.0030924479166666665,0.0038655598958333335,0.0023600260416666665,0.0020751953125,0.00244140625,0.0024438923058123906,0.0019146162620172723,0.0007731119791666666,0.0006917599186164802,0.000244140625,0.0005696614583333334],"averageToxinCountInMales":[2.625,2.625,2.625,3.2222222222222223,2.923076923076923,3.730769230769231,4.117647058823529,3.8,3.0476190476190474,3.3714285714285714,3.4693877551020407,3.3846153846153846,3.2972972972972974,3.26,3.121212121212121,2.888888888888889,2.3421052631578947,2.3421052631578947,2.1818181818181817,1.3333333333333333,1.3846153846153846,3,1],"averageAntitoxinCountInFemales":[2.65625,2.65625,2.65625,2.558139534883721,2.642857142857143,2.9696969696969697,3,3.054054054054054,2.7,2.65625,3.022222222222222,3.0476190476190474,3.1025641025641026,3.088888888888889,3.04,3,3.227272727272727,3.227272727272727,3.142857142857143,2.75,2.75,2.75,2.2222222222222223],"reproductiveSuccessOverTime":[0,0,0,0.006441511966003131,0.0009775569223249563,0,0,0,0,0,0,0,0,0,0,0.00008138020833333333,0.000040690104166666664,0.00004073153843020651,0.000040736516213133455,0,0,0,0]}