{"startTime":"2025-03-24T18:23:05.935Z","infectedMalesAtStart":1024,"infectedFemalesAtStart":1024,"toxinAntitoxinLength":3,"killRate":0.75,"rescueRate":0.875,"simulationLength":140,"infectionRatio":[0.16081664703572832,0.16081664703572832,0.16070153162447426,0.1799712417087991,0.17703739996733628,0.169677734375,0.18631998697916666,0.19185384114583334,0.18570963541666666,0.18208821614583334,0.1768798828125,0.16951497395833334,0.17191569010416666,0.16756184895833334,0.16239420572916666,0.17032877604166666,0.1696439471007121,0.16910926559192313,0.17318413021363174,0.16239420572916666,0.1636962890625,0.15079752604166666,0.15128580729166666,0.1602913648571661,0.17041800643086816,0.16015625,0.15580240885416666,0.14922275575811833,0.145263671875,0.13716634114583334,0.13570149739583334,0.13785807291666666,0.13184666720924554,0.1301286225985021,0.13077799479166666,0.12202962239583333,0.12325032552083333,0.11067708333333333,0.10457356770833333,0.10555013020833333,0.10835774739583333,0.0992431640625,0.0906982421875,0.08501892474868748,0.08443196614583333,0.08414713541666667,0.07950846354166667,0.07756165052494507,0.07544252288911496,0.07294634861190263,0.07491048177083333,0.08500162760416667,0.08784993489583333,0.08955891927083333,0.07950846354166667,0.07344563802083333,0.08056640625,0.07539876302083333,0.06734212239583333,0.0594482421875,0.05461056401074306,0.042683919270833336,0.039998372395833336,0.039225260416666664,0.03853980139996744,0.03507915191470313,0.03967446592065107,0.046679146996581475,0.04638671875,0.037801106770833336,0.030721028645833332,0.028524923702950154,0.025065104166666668,0.0267333984375,0.023234049479166668,0.019695613249776187,0.025146484375,0.01953125,0.020589192708333332,0.01965412004069176,0.019371642519941397,0.018229166666666668,0.01721401538273715,0.01725611493223719,0.0201416015625,0.016805013020833332,0.014119466145833334,0.010908942890869865,0.009521484375,0.013264973958333334,0.011027466937945067,0.009765625,0.010945638020833334,0.013468424479166666,0.012858072916666666,0.012410481770833334,0.012085944494180842,0.01192365604525292,0.012207527975584944,0.01103105792323035,0.01171875,0.01123046875,0.009602864583333334,0.008748372395833334,0.007162041181736795,0.004964192708333333,0.0037841796875,0.0028889973958333335,0.006023115741494384,0.007527669270833333,0.006306966145833333,0.005818921668362157,0.005819395271232653,0.005655924479166667,0.005126953125,0.004560074915516469,0.0035807291666666665,0.0028483072916666665,0.0025227864583333335,0.0022786458333333335,0.002034836399153508,0.0015462239583333333,0.001220703125,0.0009358723958333334,0.0018315018315018315,0.0015055338541666667,0.0015462239583333333,0.0014242115971515768,0.0014249073810202336,0.0014247333713262233,0.000813868316106454,0.0006514392736452099,0.0006103515625,0.0006103515625,0.000244140625,0.00016276041666666666,0.0001220703125,0.00008138020833333333,0.000040690104166666664,0.000040690104166666664],"averageToxinCountInMales":[2.572265625,2.572265625,2.5692921236291126,2.4520833333333334,2.5358592692828146,2.4777251184834124,2.58992180712424,2.5703324808184145,2.508647450110865,2.45773381294964,2.4955916473317865,2.54126213592233,2.5517405817835,2.5978473581213306,2.6054905948144382,2.644909887968826,2.6519823788546257,2.6561731431382194,2.629110251450677,2.612603305785124,2.6496424923391215,2.524834437086093,2.612040133779264,2.54362771020624,2.555282555282555,2.548704663212435,2.622151563328034,2.633646928610957,2.633219954648526,2.6343373493975903,2.628588882101405,2.5673076923076925,2.593552465233881,2.599224305106658,2.584036340038936,2.4805102763997167,2.7189451769604442,2.5657587548638134,2.770478507704785,2.7804295942720763,2.8,2.6959114139693354,2.8196872125114996,2.858674463937622,2.716699801192843,2.599799398194584,2.6106951871657755,2.6125137211855103,2.6373873873873874,2.6435185185185186,2.668903803131991,2.016765285996055,2.1724137931034484,2.110586011342155,1.9575821845174974,2.026651216685979,2.0153846153846153,1.948051948051948,1.9021739130434783,1.8948824343015214,1.9004594180704442,1.9357976653696498,1.889121338912134,1.9147121535181237,1.9086956521739131,1.9297820823244551,1.5534188034188035,1.3954305799648505,1.2359154929577465,1.5583864118895967,1.5353535353535352,1.565459610027855,1.4664536741214058,1.415929203539823,1.2675585284280937,1.2045454545454546,1.1560509554140128,1.3280632411067195,1.3014705882352942,1.313953488372093,1.3031496062992125,1.251063829787234,1.0933333333333333,1.0234741784037558,0.7751937984496124,0.6543778801843319,0.6648351648351648,0.7622377622377622,1.3513513513513513,1.6013513513513513,1.6030534351145038,1.6929824561403508,1.5419847328244274,1.2760736196319018,1.2,1.205298013245033,1.2123287671232876,1.232394366197183,1.1095890410958904,1.062015503875969,1.0571428571428572,1.0212765957446808,0.9745762711864406,0.9363636363636364,0.9885057471264368,1.1333333333333333,1.1590909090909092,1.2,1.0106382978723405,1.036697247706422,1.0449438202247192,1.0253164556962024,1.0253164556962024,1.0256410256410255,1.0142857142857142,1.015625,1.0188679245283019,1,1,1,1,1,1,1,1,1,1,1,1,1,1,1,1,1,1,1,1,1,1,1],"averageAntitoxinCountInFemales":[2.5400390625,2.5400390625,2.535225048923679,2.35765306122449,2.4596507786691837,2.404854368932039,2.523495827843654,2.526382439848037,2.4885231702035515,2.4411372723234117,2.4986313868613137,2.5417853751187085,2.5845864661654137,2.605593056894889,2.6101778656126484,2.6122831692451944,2.620413922859831,2.6204620462046204,2.623857404021938,2.594647201946472,2.6857142857142855,2.595036958817318,2.6346153846153846,2.5986328125,2.575743494423792,2.59222333000997,2.642636457260556,2.650537634408602,2.668881506090808,2.680888369374635,2.684334511189635,2.6299303944315544,2.6453558504221952,2.6575757575757577,2.6270173341303047,2.513853904282116,2.765743073047859,2.6696864111498257,2.7658937920718025,2.8713537771129394,2.863073561544064,2.7462450592885377,2.8038528896672505,2.834430856067733,2.666043030869972,2.5368814192343603,2.5466143277723257,2.5618090452261306,2.591097308488613,2.6023706896551726,2.6156282998944036,2.085581395348837,2.208968609865471,2.21084864391951,2.070227497527201,2.1772823779193207,2.198009950248756,2.1356297093649084,2.0435308343409915,2.0189701897018972,2.015965166908563,2.0429906542056075,2.003960396039604,2.0202020202020203,2.0143737166324436,1.9844097995545658,1.7613412228796843,1.5847750865051904,1.4265734265734267,1.5851528384279476,1.615598885793872,1.713450292397661,1.6765676567656767,1.6352201257861636,1.4338235294117647,1.3272727272727274,1.2203947368421053,1.3876651982378854,1.3547008547008548,1.3688888888888888,1.3738738738738738,1.300469483568075,1.095959595959596,0.985781990521327,0.7848101265822784,0.6683673469387755,0.6424242424242425,0.776,1.7317073170731707,1.8595505617977528,1.792857142857143,1.880952380952381,1.7681159420289856,1.494047619047619,1.453416149068323,1.4545454545454546,1.4635761589403973,1.4635761589403973,1.3831168831168832,1.3380281690140845,1.3310810810810811,1.1703703703703703,1.076271186440678,0.9904761904761905,1.0561797752808988,1.1129032258064515,1.0816326530612246,1.0833333333333333,0.9814814814814815,1.0263157894736843,1.0303030303030303,1.03125,1.03125,1.0327868852459017,1.0178571428571428,1.0208333333333333,1.0285714285714285,1,1,1,1,1,1,1,1,1,1,1,1,1,1,1,1,1,1,1,1,1,null,null],