{"startTime":"2025-03-24T21:01:06.836Z","infectedMalesAtStart":4096,"infectedFemalesAtStart":2056,"toxinAntitoxinLength":3,"killRate":1,"rescueRate":0.5,"simulationLength":294,"infectionRatio":[0.2503255208333333,0.2503255208333333,0.24932204782644424,0.22456868489583334,0.199462890625,0.18892415364583334,0.17777506510416666,0.16943359375,0.1611328125,0.16569010416666666,0.16068522135416666,0.1599593082400814,0.15897623697916666,0.16312662760416666,0.16878255208333334,0.16574428257507937,0.1732177734375,0.17261201027355375,0.16936437395523302,0.150146484375,0.14872233072916666,0.13700358072916666,0.12223307291666667,0.11793431815407154,0.11942545572916667,0.1180419921875,0.11014811197916667,0.10636393229166667,0.1026611328125,0.10258392675483215,0.10384114583333333,0.0975818270639961,0.10188802083333333,0.10145694286179391,0.09646943844932199,0.09269205729166667,0.09720865885416667,0.08390299479166667,0.0799560546875,0.07296032553407934,0.08125813802083333,0.07447198144304724,0.06967279830701611,0.06490071614583333,0.061403865717192266,0.06644694010416667,0.06681315104166667,0.06400553385416667,0.07430013020833333,0.07548014322916667,0.07018115204559332,0.07080078125,0.08756510416666667,0.074462890625,0.0584716796875,0.051798502604166664,0.060465494791666664,0.05700915564598169,0.055989583333333336,0.052693684895833336,0.050130208333333336,0.0506591796875,0.051841302136317394,0.04927972654024579,0.0548095703125,0.055745442708333336,0.05217108208195988,0.046061197916666664,0.07108561197916667,0.056193033854166664,0.044637044270833336,0.04256704513083465,0.052897135416666664,0.05078125,0.057413736979166664,0.054646809895833336,0.050740559895833336,0.052571614583333336,0.05351619729773726,0.053713123092573756,0.057169596354166664,0.058553059895833336,0.05697773798380204,0.047932942708333336,0.08675130208333333,0.0775146484375,0.06905110677083333,0.06229908443540183,0.0706787109375,0.0736083984375,0.08266178266178266,0.078369140625,0.07230631510416667,0.0670166015625,0.066162109375,0.06409995523177729,0.06290690104166667,0.06376917755259838,0.06199120807554542,0.0504150390625,0.10245768229166667,0.10026041666666667,0.08504231770833333,0.0792236328125,0.08809407552083333,0.09090169270833333,0.10145694286179391,0.09427897135416667,0.08334011556930089,0.07743326822916667,0.07470703125,0.07364908854166667,0.0709228515625,0.07686360677083333,0.0766756250508999,0.0621337890625,0.10843912760416667,0.11490885416666667,0.09261067708333333,0.08573404947916667,0.0980224609375,0.10017903645833333,0.10514322916666667,0.09676106770833333,0.0828857421875,0.07637532552083333,0.07364908854166667,0.07206217447916667,0.0704345703125,0.0684814453125,0.06699226699226699,0.0555419921875,0.1229248046875,0.11555989583333333,0.10359700520833333,0.093505859375,0.0938720703125,0.09903971354166667,0.1029585317218085,0.10078938802083333,0.09130859375,0.0859375,0.08179376576869862,0.07975909497843249,0.07804997151460893,0.07721111970369164,0.0733791868462822,0.055623372395833336,0.119140625,0.12325032552083333,0.1217041015625,0.11189778645833333,0.105712890625,0.10974070908128791,0.10917012786057496,0.1067969067969068,0.09689102303247335,0.08821614583333333,0.08410986775178027,0.08367928367928368,0.08364539238033214,0.0828111011638317,0.07930950248351111,0.06355794270833333,0.13777669270833334,0.116943359375,0.12662760416666666,0.117431640625,0.10697428385416667,0.10311711565068772,0.10189708516528252,0.09279986975456876,0.08659911284743417,0.08146158854166667,0.0797558494404883,0.07975909497843249,0.07965646369260827,0.07874496398486143,0.07413287738153396,0.05946760013025073,0.11100260416666667,0.10481770833333333,0.1016845703125,0.10795084635416667,0.10571719226856562,0.09896236012207528,0.09651550924041358,0.09124577754263155,0.08663980791926097,0.0819158460161146,0.08158697863682604,0.08151886370111107,0.08156201645085105,0.08024113070750682,0.07872349086172507,0.06311114732724903,0.11775716145833333,0.107421875,0.10074869791666667,0.09903971354166667,0.09735449735449736,0.09468587239583333,0.08826401888174494,0.08365885416666667,0.07987467447916667,0.07832845052083333,0.07731434384537131,0.07731434384537131,0.07734896596645498,0.07614357805632427,0.07323232323232323,0.05691023814370039,0.086181640625,0.07588704427083333,0.06791178385416667,0.06477864583333333,0.06323756816147147,0.05888576893338217,0.05771735591012699,0.055474155474155476,0.054698628464449964,0.05436861596060717,0.05383958002685875,0.05384177112160182,0.05340497415231815,0.05156905042940291,0.05066177967827326,0.03463432501729681,0.0504150390625,0.0472412109375,0.04150390625,0.042561848958333336,0.03920052104534723,0.03711692645801962,0.03522417233375412,0.031952132855747314,0.029998371865841745,0.02950632859875463,0.02926928556889884,0.02919143392231903,0.02919618861470804,0.028866902813403362,0.0279691768255392,0.02302322733395926,0.057576497395833336,0.05155645981688708,0.042439778645833336,0.039835611979166664,0.037558494404883014,0.03733257338273012,0.035946914183357756,0.029866536458333332,0.029256184895833332,0.029259756643470476,0.029281205457137038,0.02915428152612077,0.029159030747301976,0.029164969450101833,0.027558092132083163,0.02186594868029209,0.03759765625,0.035970052083333336,0.027140299479166668,0.023478190104166668,0.02140822140822141,0.021414322354761227,0.020189685350266617,0.0177888138077017,0.016771147113897256,0.01648485835232823,0.016498289066319047,0.016498961176518515,0.016502322549099502,0.016458223000774024,0.01601205997392438,0.011940786783348327,0.009562174479166666,0.0054931640625,0.0030517578125,0.0029296875,0.0028892325221779114,0.0027286796448643806,0.00224050839172234,0.002198876129978011,0.0019136807817589576,0.0018730404332423958,0.0018732692620948036,0.0018738034135810013,0.0018742615002240964,0.0015882712278558339,0.0015077424612876937,0.00152401351017382,0.001261547226630855,0.0001220703125],