{"startTime":"2025-03-24T20:33:55.228Z","infectedMalesAtStart":16,"infectedFemalesAtStart":32,"toxinAntitoxinLength":3,"killRate":0.6686469150128361,"rescueRate":0.21846305747320338,"simulationLength":84,"infectionRatio":[0.004064352243861135,0.004064352243861135,0.0041032655154727305,0.006673627820402234,0.006486883440088124,0.006062825520833333,0.004720052083333333,0.004150390625,0.006754557291666667,0.008097330729166666,0.0079345703125,0.007771809895833333,0.007609049479166667,0.007975260416666666,0.007853190104166666,0.0074888074888074885,0.007080078125,0.0070838252656434475,0.006754557291666667,0.0062255859375,0.009073893229166666,0.006795247395833333,0.006226092618214373,0.0035400390625,0.0034993489583333335,0.009724934895833334,0.00948118006103764,0.009073893229166666,0.012045741260733326,0.011637369791666666,0.011433919270833334,0.011435780563242716,0.011393229166666666,0.011393692777212614,0.010050455729166666,0.007893880208333334,0.006144205729166667,0.004842122395833333,0.0046795523906408955,0.0036214192708333335,0.00341796875,0.012247721354166666,0.011881993896236013,0.011637369791666666,0.011678059895833334,0.012451678535096643,0.012369791666666666,0.0120849609375,0.0120849609375,0.01200406917599186,0.01123046875,0.011962890625,0.010009765625,0.0074462890625,0.00634765625,0.005208545269582909,0.0037434895833333335,0.006917317708333333,0.007080942497863509,0.0069580078125,0.006795247395833333,0.006673448626653103,0.006673448626653103,0.006632486979166667,0.006551373346897253,0.00634765625,0.005818684895833333,0.006306966145833333,0.00390625,0.0033365885416666665,0.0016682942708333333,0.0011393692777212615,0.0004069010416666667,0.0003255208333333333,0.0000814265939255761,0.00008138020833333333,0.00008138020833333333,0.00008138020833333333,0.00008138020833333333,0.00008138020833333333,0.00008138020833333333,0.00008138351983723296,0.00008138020833333333,0.00008138020833333333],"averageToxinCountInMales":[1.6875,1.6875,1.6875,2.0163934426229506,2.380281690140845,2.5,2.6458333333333335,2.7209302325581395,2.7777777777777777,2.272727272727273,2.2758620689655173,2.2738095238095237,2.253012048192771,2.2093023255813953,2.2093023255813953,2.2048192771084336,2.2337662337662336,2.2337662337662336,2.0657894736842106,1.9848484848484849,2.6875,2.638888888888889,2.582089552238806,2.2,1.8571428571428572,1.4311926605504588,1.4433962264150944,1.49,2.125,2.143939393939394,2.146153846153846,2.146153846153846,2.146153846153846,2.146153846153846,2.1875,1.875,1.911764705882353,1.8846153846153846,1.78,1.368421052631579,1.4242424242424243,0.24324324324324326,0.24161073825503357,0.15172413793103448,0.2482758620689655,0.21019108280254778,0.21019108280254778,0.17419354838709677,0.17419354838709677,0.17532467532467533,0.014084507042253521,0.47019867549668876,0.5634920634920635,0.6632653061224489,0.7380952380952381,0.7424242424242424,1.0888888888888888,0.5833333333333334,0.39285714285714285,0.39759036144578314,0.4074074074074074,0.4125,0.4125,0.4177215189873418,0.4230769230769231,0.39473684210526316,0.17647058823529413,0.8625,0.7647058823529411,0.9285714285714286,0,0,0,0,0,0,0,0,0,0,0,0,0,0],"averageAntitoxinCountInFemales":[2.40625,2.40625,2.40625,2.2790697674418605,2.5454545454545454,2.5542168674698793,2.6323529411764706,2.6440677966101696,2.648936170212766,2.1621621621621623,2.1481481481481484,2.1401869158878504,2.125,2.090909090909091,2.0654205607476634,2.0594059405940595,2.0412371134020617,2.0412371134020617,1.9222222222222223,1.8620689655172413,2.7559055118110236,2.705263157894737,2.6627906976744184,2.2127659574468086,1.9019607843137254,1.6,1.6377952755905512,1.6829268292682926,2.2125,2.25974025974026,2.2649006622516556,2.2649006622516556,2.2733333333333334,2.2733333333333334,2.259259259259259,2.2264150943396226,2.1927710843373496,2.208955223880597,2.2,1.607843137254902,1.607843137254902,0.39215686274509803,0.4195804195804196,0.425531914893617,0.5,0.48322147651006714,0.4489795918367347,0.4295774647887324,0.4295774647887324,0.4326241134751773,0.291044776119403,0.7832167832167832,0.925,1.0941176470588236,1.25,1.403225806451613,1.7872340425531914,0.7906976744186046,0.5,0.5113636363636364,0.4883720930232558,0.4642857142857143,0.4642857142857143,0.4642857142857143,0.46987951807228917,0.4125,0.36,0.72,0.4,0.45,0.2608695652173913,0,0,0,null,null,null,null,null,null,null,null,null,null],"reproductiveSuccessOverTime":[0,0,0,0.007036818450083988,0.0008159601811431602,0,0,0,0,0,0,0.000040690104166666664,0,0,0,0.0000814000814000814,0,0,0,0,0,0,0,0,0,0,0,0,0,0,0,0.00004069672798307016,0.000040690104166666664,0.00012207527975584945,0,0,0,0,0,0,0,0,0,0,0.000011374517444268941,0.00005329982384591591,0.0000126075509038649,0.00005329765507053156,0.000053297655070531566,0.000012608063927299442,0.0000012330334595959597,0,0,0,0,0,0,0,0.00004069507182680177,0,0,0.00008138351983723296,0,0,0,0,0,0,0,0,0,0,0,0,0.00004071329696278805,0,0,0,0,0,0,0,0,0]}