{"startTime":"2025-03-24T20:33:55.228Z","infectedMalesAtStart":16,"infectedFemalesAtStart":32,"toxinAntitoxinLength":3,"killRate":0.5852442116142499,"rescueRate":0.21846305747320338,"simulationLength":190,"infectionRatio":[0.004107830551989731,0.004107830551989731,0.004144719799671876,0.002004008016032064,0.004597981770833333,0.005533854166666667,0.005574544270833333,0.007975260416666666,0.007771809895833333,0.0076904296875,0.007568359375,0.007120768229166667,0.007120768229166667,0.006917317708333333,0.0067138671875,0.006551106770833333,0.0067141403865717195,0.006714960117206577,0.006512801725892458,0.00439453125,0.006429036458333333,0.010538736979166666,0.009724934895833334,0.0106201171875,0.009318033854166666,0.008219401041666666,0.008016276703967446,0.0064697265625,0.006144205729166667,0.006103515625,0.005696614583333333,0.005249237029501526,0.005126953125,0.005129248931406472,0.004679933260082204,0.0032958984375,0.001953125,0.006103515625,0.006266276041666667,0.006184895833333333,0.005900065104166667,0.005859375,0.005859613428280773,0.005777994791666667,0.005777994791666667,0.0057373046875,0.0057373046875,0.0054526958290946085,0.005452473958333333,0.005454471445434933,0.0037027994791666665,0.0021565755208333335,0.0013834635416666667,0.009602864583333334,0.010782877604166666,0.0107421875,0.009969075520833334,0.009969075520833334,0.00993121413162929,0.009724934895833334,0.009643947100712105,0.0096435546875,0.0096435546875,0.009240413579744361,0.009033203125,0.008831189972326224,0.007935216082037927,0.007161458333333333,0.004842122395833333,0.020792643229166668,0.021160576218767803,0.020345052083333332,0.018880208333333332,0.018513997395833332,0.020025235052301683,0.018717447916666668,0.0179443359375,0.017252604166666668,0.0172133148856515,0.017094712849525826,0.01688776755920892,0.017013309455004275,0.0150146484375,0.012613932291666666,0.008260091145833334,0.021931966145833332,0.0208740234375,0.019775390625,0.018310546875,0.0159912109375,0.01766597468148329,0.017252604166666668,0.015178644095385366,0.013224283854166666,0.01277877258668403,0.012536122756318938,0.012410481770833334,0.012169807480971956,0.010538736979166666,0.007853190104166666,0.004475911458333333,0.0286865234375,0.02880859375,0.0263671875,0.025431315104166668,0.024658203125,0.02430089143973623,0.022177009155645983,0.02091556459816887,0.020061037639877925,0.019938151041666668,0.0198974609375,0.019856770833333332,0.01977619532044761,0.017252604166666668,0.014323499491353002,0.008219401041666666,0.030029296875,0.025187174479166668,0.0240478515625,0.0233154296875,0.021769205729166668,0.021251475796930343,0.019827375620877778,0.018880208333333332,0.017295405526390754,0.01701054002360314,0.017016772512620095,0.016973298599804624,0.016736572056847334,0.01566951566951567,0.0130615234375,0.003987792472024415,0.015584309895833334,0.013753255208333334,0.013672987710588426,0.013468424479166666,0.013468424479166666,0.015141647671768154,0.012742743150266661,0.011515299479166666,0.0107421875,0.010457782299084435,0.010464169381107492,0.010176666938044452,0.010173767956700443,0.008382161458333334,0.005542423995435651,0.0024421018356465467,0.010172526041666666,0.010009765625,0.007364908854166667,0.007364908854166667,0.007364908854166667,0.007326603712145881,0.007365808000651121,0.005900065104166667,0.0047607421875,0.0040283203125,0.004031272904959687,0.004032258064516129,0.0040286481647269475,0.0038248697916666665,0.003259054059559213,0.0005292082230816202,0.0033365885416666665,0.0031331380208333335,0.0029296875,0.0028892325221779114,0.0028484231943031535,0.004803191272845687,0.00549607132679233,0.0036214192708333335,0.0022379557291666665,0.0018717447916666667,0.001873116703314602,0.001507496740547588,0.0015071283095723013,0.0011394620111504496,0.0009359485635224221,0.0005291651402287621,0.0004069010416666667,0.0003662109375,0.0014241536458333333,0.0017092625752889467,0.0016682942708333333,0.0018319491939423546,0.0018312037112395215,0.0003662109375,0.0003255208333333333],"averageToxinCountInMales":[2.5,2.5,2.5,2.533333333333333,1.803921568627451,2.0793650793650795,2.1129032258064515,1.7340425531914894,1.7340425531914894,1.7204301075268817,1.7173913043478262,1.7613636363636365,1.7613636363636365,1.7176470588235293,1.7349397590361446,1.7349397590361446,1.8275862068965518,1.8275862068965518,1.8313253012048192,1.8771929824561404,1.641025641025641,2.225806451612903,2.2522522522522523,1.874015748031496,2.043859649122807,2.257425742574257,2.295918367346939,2.341463414634146,2.3164556962025316,2.3205128205128207,2.3972602739726026,2.3333333333333335,2.3230769230769233,2.3230769230769233,2.3870967741935485,2.4615384615384617,1.95,2.9125,2.951219512195122,2.95,2.948717948717949,2.987012987012987,2.987012987012987,2.986842105263158,2.986842105263158,2.986666666666667,2.986666666666667,2.9855072463768115,2.9855072463768115,2.9855072463768115,2.9761904761904763,3,3,2.7803030303030303,2.8013698630136985,2.8,2.9015151515151514,2.9015151515151514,2.900763358778626,2.921875,2.921875,2.921875,2.921875,2.95,2.9491525423728815,2.9478260869565216,2.9615384615384617,2.9680851063829787,2.9565217391304346,2.8984375,2.9,2.9126984126984126,2.9361702127659575,2.9393939393939394,2.9490196078431374,2.9453781512605044,2.942982456140351,2.944700460829493,2.9444444444444446,2.94392523364486,2.957345971563981,2.9627906976744187,2.9585492227979273,2.95679012345679,2.9479166666666665,2.9669117647058822,2.9846153846153847,2.987551867219917,2.986607142857143,2.994871794871795,2.9953917050691246,2.9952380952380953,2.9946524064171123,2.9938650306748467,2.9936305732484074,2.9934210526315788,2.993333333333333,2.993333333333333,2.992424242424242,2.9896907216494846,3,2.994134897360704,2.994047619047619,2.9934210526315788,2.993220338983051,2.993150684931507,2.992957746478873,2.9923664122137406,2.9919678714859437,2.9916666666666667,2.9916666666666667,2.99163179916318,2.991596638655462,2.9915611814345993,2.990566037735849,2.989010989010989,2.9767441860465116,2.994029850746269,2.9930555555555554,2.9927007299270074,2.9923954372623576,2.9917695473251027,2.9914529914529915,2.990867579908676,2.9902912621359223,2.9889502762430937,2.988826815642458,2.988826815642458,2.988826815642458,2.9886363636363638,2.988095238095238,2.992857142857143,3,2.9945945945945946,2.993827160493827,2.993827160493827,2.993710691823899,2.993710691823899,2.9945054945054945,2.9934210526315788,2.9927007299270074,2.992424242424242,2.9921875,2.9921875,2.9919354838709675,2.9919354838709675,2.98989898989899,2.984848484848485,2.9523809523809526,3,3,3,3,3,3,3,3,3,3,3,3,3,3,3,3,3,3,3,3,3,3,3,3,3,3,3,3,3,3,3,3,3,3,3,3,3,3,3,3,3],