{"startTime":"2025-03-24T20:43:41.882Z","infectedMalesAtStart":1024,"infectedFemalesAtStart":1024,"toxinAntitoxinLength":3,"killRate":0.2588474289675051,"rescueRate":0.858666051456542,"simulationLength":180,"infectionRatio":[0.08333333333333333,0.08333333333333333,0.08343270693696286,0.08736165364583333,0.0880126953125,0.0975341796875,0.08939615885416667,0.09122721354166667,0.0943603515625,0.0985107421875,0.09366861979166667,0.09326171875,0.09334309895833333,0.09322102864583333,0.09562174479166667,0.0955810546875,0.0926513671875,0.09267478317521072,0.09281412760416667,0.09415690104166667,0.08256022135416667,0.07503255208333333,0.07840983072916667,0.06941731770833333,0.06978352864583333,0.07157389322916667,0.07889811197916667,0.07401529947916667,0.08182779947916667,0.08414713541666667,0.08611077198551255,0.08400146514183388,0.0821973550356053,0.0816168688431165,0.08150559511698881,0.084228515625,0.07796223958333333,0.06770833333333333,0.060872395833333336,0.052205403645833336,0.045654296875,0.04443359375,0.056193033854166664,0.0546875,0.06282552083333333,0.06103515625,0.06356311548791406,0.06632756866734486,0.06770833333333333,0.06746419270833333,0.06621088186220649,0.0733642578125,0.07405598958333333,0.0628662109375,0.06918162210556301,0.056925455729166664,0.046671549479166664,0.044759114583333336,0.056070963541666664,0.054210247853160226,0.058553059895833336,0.059366861979166664,0.062337239583333336,0.06255596255596256,0.062093098958333336,0.05688939529584113,0.05803117242501933,0.08101399739583333,0.0733642578125,0.060994466145833336,0.054259779378841536,0.047159830729166664,0.04549338758901322,0.03715157680569685,0.0369873046875,0.03857735818344592,0.051961263020833336,0.04573753814852492,0.04703967446592065,0.04660534028003908,0.046787197654532126,0.043467643467643466,0.04248046875,0.06298828125,0.05712890625,0.04871200097668173,0.044660668485119896,0.035563151041666664,0.037394205729166664,0.027018229166666668,0.022786458333333332,0.022989908854166668,0.028451644415499838,0.024861653645833332,0.024088541666666668,0.023931623931623933,0.026226837711260435,0.02587890625,0.02494709425362201,0.029052734375,0.037516276041666664,0.033614129328938265,0.03137990056239302,0.025675455729166668,0.0286865234375,0.0206298828125,0.014973958333333334,0.015096028645833334,0.016078479260797005,0.015218718209562564,0.014731016521526818,0.013918847421757356,0.014333414773189999,0.014614288622023203,0.01505778935373596,0.020263671875,0.027425130208333332,0.02596873982416151,0.026620937448962927,0.0179443359375,0.025553385416666668,0.0194091796875,0.015584309895833334,0.011881510416666666,0.01131276959387971,0.011189778645833334,0.010986328125,0.010993037742762916,0.010996171703184817,0.010989458260409458,0.013346354166666666,0.0155029296875,0.023722330729166668,0.03154895176063505,0.02942258183155572,0.022705078125,0.022664388020833332,0.022258392675483216,0.016845703125,0.013020833333333334,0.012573753814852493,0.009769997964583757,0.00956801433166402,0.009576202118989406,0.009573471299955187,0.009497024537376702,0.014535830618892508,0.013429920234413154,0.01204525107837552,0.021988761299780113,0.022679906828490866,0.017496744791666668,0.02063408082699117,0.011761354387107277,0.008301456824285831,0.0058605673354767815,0.005862714762641478,0.005576132524726281,0.005579084541456263,0.0055811300769951526,0.005583177113049148,0.00558659217877095,0.005711255252315098,0.0057082280029356605,0.004845474164257502,0.00501038738848833,0.005755806833489815,0.00256368519573533,0.0031739572736520856,0.00008139014365360354,0.000040698384274144313,0.000040698384274144313,0.00004070169726077577,0.0000407000407000407,0.00004071163945772096,0.00004074149521287431,0.00004076308495026904,0.00004077638231936063,0.00004080300310102824,0.00004079634464751958],"averageToxinCountInMales":[2.48828125,2.48828125,2.500990099009901,2.5170506912442394,2.481447124304267,2.57943143812709,2.7767527675276753,2.713888888888889,2.6657894736842107,2.7880299251870326,2.7578397212543555,2.7058823529411766,2.69244135534318,2.717277486910995,2.818337617823479,2.809238665526091,2.829955947136564,2.829955947136564,2.76544315129812,3.0816326530612246,3.0884422110552765,2.9655172413793105,2.9484752891692954,3.008293838862559,3.1050724637681157,3.378034682080925,3.1376050420168067,3.395296752519597,2.91353001017294,2.6549019607843136,2.6890995260663506,2.6653734238603297,2.700199203187251,2.6646586345381524,2.616533864541833,2.9895437262357416,2.8266666666666667,2.704572098475967,2.83984375,2.8912071535022354,2.8432708688245314,2.9702797202797204,3.1092669432918396,3.2911931818181817,2.759897828863346,2.5992010652463384,2.670076726342711,2.6822660098522166,2.6002400960384153,2.610640870616687,2.433333333333333,2.6673984632272227,2.851528384279476,2.5609756097560976,2.426056338028169,2.6294706723891275,2.5989672977624787,2.900900900900901,2.584285714285714,2.5271084337349397,2.2153846153846155,2.066290550070522,2.1255006675567425,2.1,2.0934579439252334,2.1584302325581395,1.9145299145299146,2.7549407114624507,2.7119565217391304,2.7822685788787482,2.7215743440233235,2.704507512520868,2.900505902192243,2.9261603375527425,2.7489626556016598,2.6559356136820926,1.9581464872944694,1.9579124579124578,2.18312101910828,2.1887096774193546,2.1766612641815235,2.189236111111111,1.8795620437956204,2.4181141439205955,2.6684782608695654,2.6043956043956045,2.642372881355932,2.8574468085106384,3.193548387096774,2.9971988795518207,3.3796610169491523,3.4505119453924915,2.74792243767313,2.691588785046729,2.6785714285714284,2.696078431372549,2.5775075987841944,2.5864197530864197,2.3741721854304636,2.572700296735905,3.345814977973568,3.2457420924574207,3.449350649350649,3.498360655737705,3.5889212827988337,3.6047430830039526,3.510989010989011,3.727272727272727,3.4623115577889445,3.4427083333333335,3.456989247311828,3.44,3.398876404494382,3.3370165745856353,3.1712707182320443,2.764,2.58187134502924,2.6112852664576804,2.901840490797546,2.6018099547511313,3.2651757188498403,2.991304347826087,2.7883597883597884,2.8943661971830985,2.859259259259259,2.8507462686567164,2.8372093023255816,2.8372093023255816,2.8372093023255816,2.8372093023255816,2.5,2.226519337016575,1.7419354838709677,1.8617021276595744,1.9627507163323783,2.030888030888031,2.299638989169675,2.8380281690140845,2.7122641509433962,2.7116564417177913,2.7468354430379747,2.4224137931034484,2.408695652173913,2.408695652173913,2.408695652173913,2.433628318584071,2.059880239520958,1.9657534246575343,2.0076335877862594,1.6724137931034482,1.8395904436860069,1.6652173913043478,2.175373134328358,1.972972972972973,2.2660550458715596,2.5405405405405403,2.5405405405405403,2.6056338028169015,2.6056338028169015,2.6056338028169015,2.6056338028169015,2.6056338028169015,2.5,2.5,2.819672131147541,2.918032786885246,3.26027397260274,4,4,4,4,4,4,4,4,4,4,4,4,4],