{"startTime":"2025-03-24T20:33:55.228Z","infectedMalesAtStart":16,"infectedFemalesAtStart":32,"toxinAntitoxinLength":3,"killRate":0.8711660358087097,"rescueRate":0.5485390086966543,"simulationLength":31,"infectionRatio":[0.003837850803550012,0.003837850803550012,0.003880355699272433,0.003315592007678213,0.004278554256142782,0.0035400390625,0.005330403645833333,0.0040283203125,0.003662258392675483,0.0034586588541666665,0.0031331380208333335,0.0023193359375,0.0030110677083333335,0.004191080729166667,0.0037841796875,0.003662109375,0.0035400390625,0.00354205683576256,0.003622303622303622,0.0030110677083333335,0.0018310546875,0.0013427734375,0.000732421875,0.0006510416666666666,0.00036622583926754833,0.000244140625,0.00020345052083333334,0.00016276041666666666,0.00016276041666666666,0.00012207527975584945,0.00008138020833333333],"averageToxinCountInMales":[2.25,2.25,2.25,2.6333333333333333,3.38,3.3,2.338235294117647,2.693877551020408,2.717391304347826,3.3260869565217392,3.3636363636363638,3.4285714285714284,2.883720930232558,2.087719298245614,2.111111111111111,2.173076923076923,2.142857142857143,2.142857142857143,2.061224489795918,1.794871794871795,1.9047619047619047,2.0625,3.111111111111111,3.5,3.5,3.5,3.5,3.5,3.5,2,2],"averageAntitoxinCountInFemales":[2.5,2.5,2.5,2.891304347826087,3.272727272727273,3.3617021276595747,2.746031746031746,2.9,2.840909090909091,2.9743589743589745,2.9696969696969697,3.090909090909091,2.5161290322580645,1.6956521739130435,1.8717948717948718,1.8157894736842106,1.8157894736842106,1.8157894736842106,1.7,1.3142857142857143,1.3333333333333333,1.5294117647058822,2.5555555555555554,2.125,1.6,1.75,1.3333333333333333,1.5,1.5,1.5,3],"reproductiveSuccessOverTime":[0,0,0,0.006543931594101736,0.00016299254309115358,0,0,0,0,0,0,0.000040690104166666664,0.000040690104166666664,0,0,0,0,0,0,0,0,0,0,0,0,0,0,0,0,0,0]}