{"startTime":"2025-03-24T20:43:41.881Z","infectedMalesAtStart":1024,"infectedFemalesAtStart":1024,"toxinAntitoxinLength":3,"killRate":0.5735031613552578,"rescueRate":0.43977620874286294,"simulationLength":206,"infectionRatio":[0.08333333333333333,0.08333333333333333,0.08355595742057458,0.07893880208333333,0.07572428385416667,0.08113606770833333,0.07743326822916667,0.08284505208333333,0.07991536458333333,0.0794677734375,0.08052571614583333,0.0855712890625,0.08662923177083333,0.08443196614583333,0.08768717447916667,0.08830111902339777,0.086669921875,0.08671579204494564,0.090576171875,0.0855712890625,0.06998697916666667,0.06982421875,0.06697591145833333,0.06453450520833333,0.061279296875,0.060099283854166664,0.060343424479166664,0.058919270833333336,0.060872395833333336,0.05908203125,0.059122721354166664,0.05933100024416049,0.057657877604166664,0.05546738289993082,0.054931640625,0.049560546875,0.041300455729166664,0.0401611328125,0.036539713541666664,0.046349800602262556,0.0491943359375,0.048421223958333336,0.044474283854166664,0.046590169270833336,0.044230143229166664,0.042683919270833336,0.040201822916666664,0.040079752604166664,0.040242513020833336,0.039601139601139604,0.037068684895833336,0.0333251953125,0.031901041666666664,0.028361002604166668,0.035807291666666664,0.033772786458333336,0.034708658854166664,0.032389322916666664,0.0321044921875,0.03825025432349949,0.034912109375,0.03414038657171923,0.0330810546875,0.03279755849440488,0.031941731770833336,0.032755533854166664,0.030721028645833332,0.024454752604166668,0.022379557291666668,0.018269856770833332,0.021931966145833332,0.021484375,0.02335802067225523,0.021484375,0.026652018229166668,0.03108976967526654,0.0294189453125,0.030640895218718208,0.029988606770833332,0.030436197916666668,0.030029296875,0.033409294376169935,0.0303955078125,0.024210611979166668,0.021728515625,0.01676500508646999,0.016194661458333332,0.0166015625,0.021325085463128765,0.019938151041666668,0.024576822916666668,0.024660209978025555,0.023681640625,0.022911325438489397,0.022705078125,0.022623697916666668,0.022461851475076296,0.022216796875,0.020426432291666668,0.0181884765625,0.014607747395833334,0.009114583333333334,0.005818921668362157,0.0087890625,0.011232296923327365,0.01220703125,0.011881510416666666,0.011678059895833334,0.011475076297049847,0.010749185667752443,0.0118408203125,0.01171875,0.010988116555428943,0.010743936187530523,0.008992513020833334,0.0081787109375,0.007527669270833333,0.006306966145833333,0.005127161749745677,0.002197265625,0.00659206510681587,0.006673448626653103,0.008504577822990845,0.008504577822990845,0.008506308506308506,0.008463541666666666,0.0084228515625,0.0084228515625,0.008341810783316379,0.007568359375,0.007486979166666667,0.006998697916666667,0.004557477110885046,0.00146484375,0.0005696846388606307,0.000366330185607294,0.0038655598958333335,0.0038660318235461686,0.0038660318235461686,0.0038655598958333335,0.007204200415157312,0.006266276041666667,0.005900065104166667,0.005900065104166667,0.005900065104166667,0.005901025557545173,0.005859375,0.005818684895833333,0.004313151041666667,0.0038655598958333335,0.0038658745015056565,0.00333794675567858,0.004679361979166667,0.004679361979166667,0.004964394710071211,0.005086263020833333,0.010050455729166666,0.0098876953125,0.00927734375,0.009114583333333334,0.009033203125,0.00903761602344895,0.0089111328125,0.0068359375,0.0034586588541666665,0.0024820963541666665,0.002400813835198372,0.001955910517093843,0.001953125,0.001953125,0.001953125,0.0019532044760935913,0.0027263479145473043,0.007080078125,0.005208333333333333,0.004923502604166667,0.004923502604166667,0.0048444878684253375,0.005777994791666667,0.004801432291666667,0.003173828125,0.0024820963541666665,0.002320185614849188,0.001833965032400049,0.0018310546875,0.0018310546875,0.0018312037112395215,0.0018313527592381572,0.0016279353709657727,0.0060640592568475035,0.004720628331909006,0.004150559511698881,0.00341796875,0.0034186642790281227,0.002645179668742115,0.0024015956364228435,0.0016683621566632757,0.0007731119791666666,0.0005700093644395586,0.00028515561349193416,0.0002848307291666667,0.0002848307291666667,0.0002034670790266135,0.0002034587995930824,0.00020345052083333334,0.00004069175991861648],"averageToxinCountInMales":[2.5986328125,2.5986328125,2.605550049554014,2.4943589743589745,2.3705263157894736,2.317412935323383,2.409853249475891,2.3681102362204722,2.263902932254803,2.2431052093973443,2.4186746987951806,2.5480225988700567,2.4868173258003767,2.4220532319391634,2.437670609645132,2.4206708975521307,2.4314627414903405,2.4314627414903405,2.4255506607929513,2.2783985102420856,2.2466216216216215,2.0433255269320845,2.1721212121212123,1.9924050632911392,1.8304172274562585,1.8581267217630855,1.9434229137199435,1.8288159771754635,1.7257844474761255,1.7422096317280453,1.7966339410939691,1.8008356545961002,1.8022922636103151,1.8059701492537314,1.8254931714719271,1.6704545454545454,1.8607350096711799,1.4785992217898833,1.6863157894736842,1.4382402707275803,1.5902439024390245,1.571900826446281,1.6419529837251357,1.6407599309153713,1.6587591240875912,1.6767485822306238,1.7235772357723578,1.7383367139959431,1.7364185110663983,1.6843177189409368,1.6806167400881058,1.5234567901234568,1.5374331550802138,1.4680851063829787,1.4506024096385541,1.3107049608355092,1.4187192118226601,1.4323607427055702,1.411764705882353,1.5,1.5560859188544154,1.5509708737864079,1.5827160493827162,1.5935162094763091,1.6809045226130652,1.6348039215686274,1.646112600536193,1.7508305647840532,1.5985663082437276,1.6820276497695852,1.532,1.396,1.5177304964539007,1.5155038759689923,1.5909090909090908,1.6269035532994924,1.6243386243386244,1.6632911392405063,1.673521850899743,1.6768447837150127,1.693298969072165,1.6258823529411766,1.5707070707070707,1.5245901639344261,1.5350553505535056,1.5125628140703518,1.2446808510638299,1.296875,1.1022727272727273,1.1065573770491803,1.3186440677966103,1.3378839590443685,1.325,1.3321033210332103,1.3345724907063197,1.3333333333333333,1.3358490566037735,1.3358778625954197,1.2041666666666666,1.2165898617511521,1.1294117647058823,1.203883495145631,1.123076923076923,1.053763440860215,1.056,1.013986013986014,1.0285714285714285,1.0287769784172662,1.0294117647058822,1,1.1538461538461537,1.1549295774647887,1.1654135338345866,1.1692307692307693,1.055045871559633,1,1,1,1,1,1,1,1,1,1,1,1,1,1,1,1,1,1,1,1,1,1,1,1,1,1,1,1,1,1,1,1,1,1,1,1,1,1,1,1,1,1,1,1,1,1,1,1,1,1,1,1,1,1,1,1,1,1,1,1,1,1,1,1,1,1,1,1,1,1,1,1,1,1,1,1,1,1,1,1,1,1,1,1,1,1,1,1,1,1,null],