{"startTime":"2025-03-24T20:33:55.229Z","infectedMalesAtStart":16,"infectedFemalesAtStart":32,"toxinAntitoxinLength":3,"killRate":0.09783595079706431,"rescueRate":0.05942219180203834,"simulationLength":40,"infectionRatio":[0.0039656311962987445,0.0039656311962987445,0.0040013337779259755,0.0025577665062643602,0.0025318523358379614,0.0017496744791666667,0.0016276041666666667,0.0040283203125,0.003946940104166667,0.0037841796875,0.0037841796875,0.006022135416666667,0.006022135416666667,0.006022135416666667,0.0059814453125,0.005330403645833333,0.005086263020833333,0.0050468050468050465,0.005005493834696618,0.0032958984375,0.003987630208333333,0.0029296875,0.0021565755208333335,0.011271158854166666,0.008992513020833334,0.0081787109375,0.006918725326604534,0.006104012370798405,0.005940755208333333,0.005859375,0.005616377029831916,0.0042728086595588835,0.004272982541814186,0.004273330348785153,0.003948225333767503,0.0024820963541666665,0.0017496744791666667,0.00008138020833333333,0.0000406934158053227,0.000040690104166666664],"averageToxinCountInMales":[2.25,2.25,2.25,1.9444444444444444,2.9545454545454546,1.25,1.25,2.765957446808511,2.760869565217391,2.772727272727273,2.772727272727273,2.41025641025641,2.41025641025641,2.41025641025641,2.3896103896103895,2.5428571428571427,2.4705882352941178,2.4705882352941178,2.4705882352941178,2.6818181818181817,2.3653846153846154,2.425,2.769230769230769,3.3767123287671232,3.0265486725663715,2.9904761904761905,3,3,3.013333333333333,2.958904109589041,2.9305555555555554,2.909090909090909,2.909090909090909,2.909090909090909,2.98,3.0689655172413794,2.1176470588235294,3,3,3],"averageAntitoxinCountInFemales":[2.1875,2.1875,2.1875,1.8780487804878048,2.475,1.8888888888888888,1.7916666666666667,2.519230769230769,2.4705882352941178,2.4489795918367347,2.4489795918367347,2.2857142857142856,2.2857142857142856,2.2857142857142856,2.2857142857142856,2.442622950819672,2.3684210526315788,2.357142857142857,2.381818181818182,2.3783783783783785,2.0652173913043477,2.28125,2.4444444444444446,3.0610687022900764,2.861111111111111,2.8125,2.6626506024096384,2.7260273972602738,2.732394366197183,2.732394366197183,2.6818181818181817,2.68,2.68,2.68,2.7872340425531914,2.625,2.076923076923077,3,null,null],"reproductiveSuccessOverTime":[0,0,0,0.005679108683400529,0.0005717085919634107,0,0,0,0,0,0,0,0,0,0,0,0.00008138020833333333,0.0000407000407000407,0,0,0,0,0,0,0,0,0,0,0,0.000040690104166666664,0,0,0,0,0,0,0,0,0,0]}