{"startTime":"2025-03-24T20:43:41.882Z","infectedMalesAtStart":1024,"infectedFemalesAtStart":1024,"toxinAntitoxinLength":3,"killRate":0.19396323697334727,"rescueRate":0.8611141892475841,"simulationLength":169,"infectionRatio":[0.08333333333333333,0.08333333333333333,0.0832101199277148,0.08732096354166667,0.08390299479166667,0.09452311197916667,0.09521484375,0.0869140625,0.08793131510416667,0.09810384114583333,0.09366861979166667,0.09318033854166667,0.09041341145833333,0.092529296875,0.09224446614583333,0.0892333984375,0.08692467342204858,0.08695120957888736,0.08333333333333333,0.08455403645833333,0.0736083984375,0.084716796875,0.07958984375,0.07658189216683621,0.07641912512716174,0.07203614016523543,0.07149251302083333,0.07930501302083333,0.07405598958333333,0.07564598168870804,0.07581183364531618,0.07731119791666667,0.07560221354166667,0.07509157509157509,0.07076009114583333,0.0792236328125,0.0611572265625,0.06656901041666667,0.0728759765625,0.07564598168870804,0.07401529947916667,0.0748291015625,0.07515462239583333,0.07735188802083333,0.07267252604166667,0.07446592065106816,0.07283528645833333,0.07271321614583333,0.07092573753814853,0.06929806714140387,0.06486002604166667,0.07014973958333333,0.055623372395833336,0.0615234375,0.061808268229166664,0.06982421875,0.06591796875,0.06722005208333333,0.06591796875,0.06526692708333333,0.06294759114583333,0.06486002604166667,0.06331380208333333,0.060628255208333336,0.0599365234375,0.058553059895833336,0.05302352079433548,0.045654296875,0.036580403645833336,0.0341796875,0.04838250254323499,0.066162109375,0.061726888020833336,0.059005452917717915,0.055582682291666664,0.049112955729166664,0.047444661458333336,0.049196337741607324,0.049723307291666664,0.049159646766776546,0.048502604166666664,0.046349800602262556,0.04639426990069998,0.043375651041666664,0.035359700520833336,0.036092122395833336,0.050944010416666664,0.0693359375,0.06551639944656955,0.06103515625,0.0511474609375,0.047892252604166664,0.048095703125,0.051961263020833336,0.051961263020833336,0.05126953125,0.05078125,0.04903756155129614,0.0478515625,0.043212890625,0.030517578125,0.0247802734375,0.041056315104166664,0.0556640625,0.054361979166666664,0.054117838541666664,0.048746744791666664,0.043131510416666664,0.04374364191251272,0.043131510416666664,0.043131510416666664,0.042236328125,0.04134451045820786,0.04126144455747711,0.043050130208333336,0.03458799593082401,0.026407877604166668,0.023844401041666668,0.025919596354166668,0.025065104166666668,0.026611328125,0.020589192708333332,0.01940996948118006,0.016682942708333332,0.015625,0.015056563847969398,0.014444986979166666,0.014200846354166666,0.014204314204314204,0.013958409636593009,0.015100944317811787,0.013590494791666666,0.011189778645833334,0.009237405387808253,0.008829752604166666,0.007405598958333333,0.006184895833333333,0.005371312309257375,0.00634765625,0.007080078125,0.006754557291666667,0.006591796875,0.006144205729166667,0.006022135416666667,0.006023606023606023,0.006024341596450523,0.006025077348965967,0.004965202881445607,0.004150559511698881,0.0027274577651129656,0.004109700520833333,0.003825025432349949,0.0014241536458333333,0.0013427734375,0.0010172526041666667,0.0006510416666666666,0.0006510416666666666,0.0005698237616508609,0.0005289713541666666,0.00048828125,0.0004883011190233978,0.0004884601294419343,0.0004476275738585497,0.0003255208333333333,0.0021158854166666665,0.0008139014365360355,0.000244140625,0.000244140625,0.000244140625],"averageToxinCountInMales":[2.48828125,2.48828125,2.49402390438247,2.5095541401273884,2.3444553483807655,2.5868625756266206,2.6573670444638187,2.601525262154433,2.7300380228136882,2.7449324324324325,2.736196319018405,2.6748898678414097,2.675090252707581,2.651368049426302,2.642857142857143,2.65466297322253,2.63430725730443,2.6358490566037736,2.6376237623762377,2.785370548604427,2.6753688989784337,2.9666348903717825,3.0785123966942147,3.0451612903225804,2.8172866520787747,2.8342989571263035,2.917441860465116,2.58298755186722,2.5563063063063063,2.6323851203501096,2.614639397201292,2.616279069767442,2.5785482123510293,2.572052401746725,2.5217903415783276,2.5343915343915344,2.367461430575035,2.3255208333333335,2.6470588235294117,2.628696604600219,2.6144444444444446,2.462800875273523,2.5120087336244543,2.4066736183524506,2.67,2.7976190476190474,2.7160087719298245,2.6883977900552485,2.690909090909091,2.718604651162791,2.736180904522613,2.851981351981352,2.7973372781065087,2.7924773022049285,2.9489528795811517,3.030716723549488,3.054678007290401,2.844951923076923,2.6978155339805827,2.5524390243902437,2.7264631043257,2.925925925925926,2.9302915082382763,2.9708994708994707,2.9745649263721554,3.0068212824010914,2.9436834094368343,2.9777015437392795,2.8546637744034706,3.7290167865707433,3.8386023294509153,3.611111111111111,3.6744487678339817,3.4952380952380953,3.4553440702781844,3.6565143824027073,3.690017513134851,3.702054794520548,3.697478991596639,3.692176870748299,3.689655172413793,3.70863309352518,3.7313167259786475,3.7873563218390807,3.7236533957845435,4.781774580335731,4.251207729468599,4.178447276940904,4.168511685116851,3.9670619235836626,4.019386106623586,4.180887372013652,4.5033670033670035,4.401244167962675,4.464285714285714,4.458135860979463,4.458730158730159,4.5041322314049586,4.510924369747899,4.551330798479087,4.287671232876712,4.822299651567945,4.133333333333334,3.880851063829787,3.822094691535151,3.7542857142857144,3.7251184834123223,3.7587412587412588,4.1460869565217395,4.1553571428571425,4.163669064748201,4.168498168498169,4.185873605947956,4.181308411214953,4.536101083032491,4.6591928251121075,4.730769230769231,4.475409836065574,4.264984227129338,4.302721088435374,4.909375,5.00398406374502,4.965957446808511,4.865671641791045,5.2030456852791875,5.268421052631579,5.342391304347826,5.407821229050279,5.407821229050279,5.393258426966292,5.661616161616162,5.4944444444444445,5.2312925170068025,5.362068965517241,4.3173076923076925,4.380952380952381,4.054794520547945,4.061538461538461,4.064102564102564,4.01123595505618,4.011904761904762,4.012195121951219,4.012820512820513,4.012987012987013,4.012987012987013,4.012987012987013,4.012987012987013,4,4,4,4,4,4,4,4,4,4,4,4,4,4,4,4,4,4,4,4,4,4],