{"startTime":"2025-03-24T20:33:55.229Z","infectedMalesAtStart":16,"infectedFemalesAtStart":32,"toxinAntitoxinLength":3,"killRate":0.03914184661412512,"rescueRate":0.5558352754804061,"simulationLength":122,"infectionRatio":[0.0037217957664573155,0.0037217957664573155,0.0037573385518591,0.00258086717136958,0.0015869140625,0.003173828125,0.0016276041666666667,0.0032552083333333335,0.0030517578125,0.004191080729166667,0.003987630208333333,0.004475911458333333,0.004435221354166667,0.004435221354166667,0.004191080729166667,0.007568359375,0.007568359375,0.007571748422552412,0.007527669270833333,0.004109700520833333,0.0030924479166666665,0.0028076171875,0.0021565755208333335,0.0021158854166666665,0.0019938151041666665,0.005411783854166667,0.005411783854166667,0.005412664821748331,0.005411783854166667,0.005411783854166667,0.005126953125,0.007080078125,0.007365508260763409,0.00773237831678333,0.007161458333333333,0.006429036458333333,0.003987630208333333,0.00341796875,0.0021565755208333335,0.0021158854166666665,0.0020345052083333335,0.0019938151041666665,0.0018717447916666667,0.0018718209562563581,0.0018717447916666667,0.0018717447916666667,0.0015055338541666667,0.006266531027466938,0.007813135834621959,0.0078125,0.006551906564115086,0.00732421875,0.006673177083333333,0.006306966145833333,0.004923502604166667,0.0043947100712105796,0.003745318352059925,0.0035400390625,0.0026041666666666665,0.00244140625,0.0020752797558494405,0.0018717447916666667,0.0013427734375,0.011311848958333334,0.011637369791666666,0.012373819602735266,0.01167853509664293,0.010457356770833334,0.009195963541666666,0.009318033854166666,0.008748372395833334,0.007893880208333334,0.0069580078125,0.0064697265625,0.005615234375,0.005249664265657429,0.003949511400651466,0.0035807291666666665,0.0028483072916666665,0.008301119023397762,0.007976883317732286,0.0076531650722572765,0.0076105978592649875,0.005615234375,0.004964192708333333,0.008341471354166666,0.010660807291666666,0.007893880208333334,0.0068359375,0.005859613428280773,0.00439453125,0.003662109375,0.0035807291666666665,0.003500061047576411,0.0032552083333333335,0.0032552083333333335,0.0031739572736520856,0.003051881993896236,0.0026867494402605333,0.0025227864583333335,0.0016682942708333333,0.0034993489583333335,0.004475911458333333,0.0039879547489216245,0.0025227864583333335,0.002360122075279756,0.0022786458333333335,0.0019124348958333333,0.001261547226630855,0.0012617012617012616,0.0009359866520164408,0.0006510416666666666,0.0006513862313235354,0.0005697078212745178,0.000407000407000407,0.0004069010416666667,0.00008138020833333333,0.0010579427083333333,0.0006510416666666666,0.0006512536633018561,0.0006510416666666666,0.0006510416666666666],"averageToxinCountInMales":[2.625,2.625,2.625,1.4074074074074074,2.2,2.8684210526315788,2.7058823529411766,2.238095238095238,2.238095238095238,2.9423076923076925,2.98,2.6363636363636362,2.6481481481481484,2.6481481481481484,2.82,3.134020618556701,3.134020618556701,3.134020618556701,3.1458333333333335,3.269230769230769,3.236842105263158,3.323529411764706,3.357142857142857,3.357142857142857,3.3461538461538463,2.626865671641791,2.626865671641791,2.626865671641791,2.626865671641791,2.626865671641791,2.566666666666667,2.8,2.8068181818181817,2.924731182795699,2.9204545454545454,2.217948717948718,2.1702127659574466,1.9743589743589745,2.769230769230769,2.769230769230769,2.8,2.8,2.9166666666666665,2.9166666666666665,2.9166666666666665,2.9166666666666665,2.4,2.4415584415584415,2.4183673469387754,2.4183673469387754,2.5402298850574714,2.0294117647058822,2.0631578947368423,2.066666666666667,2.0579710144927534,2.169491525423729,2.4313725490196076,2.5306122448979593,3.138888888888889,3.1142857142857143,3.375,3.3,3.263157894736842,2.75,2.6950354609929077,2.5723684210526314,2.6223776223776225,2.5354330708661417,2.324324324324324,2.0625,1.9439252336448598,2,1.8888888888888888,1.7407407407407407,1.492537313432836,1.492063492063492,1.6511627906976745,1.3421052631578947,0.9285714285714286,2.6161616161616164,2.663157894736842,2.78021978021978,2.8,2.8615384615384616,3.0535714285714284,0.7714285714285715,0.6076923076923076,0.3404255319148936,0.2911392405063291,0.05555555555555555,0.018867924528301886,0.022727272727272728,0.023809523809523808,0.023809523809523808,0,0,0,0,0,0,0,0,0,0,0,0,0,0,0,0,0,0,0,0,0,0,0,0,0,0,0,0],"averageAntitoxinCountInFemales":[2.125,2.125,2.125,2.0303030303030303,2.375,2.8,2.6956521739130435,2.1842105263157894,2.1818181818181817,2.764705882352941,2.8125,2.4545454545454546,2.4545454545454546,2.4545454545454546,2.547169811320755,3,3,3,3,2.9183673469387754,2.8157894736842106,2.8857142857142857,2.8,2.9166666666666665,2.9130434782608696,2.590909090909091,2.590909090909091,2.590909090909091,2.590909090909091,2.590909090909091,2.590909090909091,2.550561797752809,2.5698924731182795,2.670103092783505,2.647727272727273,1.7125,1.411764705882353,1.3333333333333333,2.2222222222222223,2.230769230769231,2.24,2.25,2.4545454545454546,2.4545454545454546,2.4545454545454546,2.4545454545454546,2.4545454545454546,2.038961038961039,2.276595744680851,2.276595744680851,2.581081081081081,2.2435897435897436,2.217391304347826,2.169230769230769,1.9423076923076923,1.8979591836734695,1.9268292682926829,1.9736842105263157,2.357142857142857,2.32,2.0526315789473686,1.9375,2,2.891304347826087,2.8413793103448275,2.7434210526315788,2.7777777777777777,2.6,2.608695652173913,2.034188034188034,1.8611111111111112,1.8125,1.4938271604938271,1.5256410256410255,1.4225352112676057,1.3484848484848484,1.3703703703703705,1.26,1.2857142857142858,2.857142857142857,2.9504950495049505,3.0721649484536084,3.0721649484536084,3.041095890410959,3.090909090909091,1.29,0.9621212121212122,0.78,0.7078651685393258,0.08333333333333333,0.05454545454545454,0.06521739130434782,0.06521739130434782,0.06818181818181818,0,0,0,0,0,0,0,0,0,0,0,0,0,0,0,0,0,0,0,0,0,0,0,0,0,0,0,0],"reproductiveSuccessOverTime":[0,0,0,0.007140399174122505,0,0,0,0.000040690104166666664,0,0,0,0,0,0,0,0,0.000040690104166666664,0.000040708324852432325,0,0,0,0,0,0,0,0,0,0,0,0,0,0,0,0,0.000040690104166666664,0,0,0,0,0,0,0,0,0,0,0.000040690104166666664,0,0,0.0000406934158053227,0.000040690104166666664,0,0,0,0,0,0,0,0,0.000040690104166666664,0.000040690104166666664,0.00004069175991861648,0,0,0,0,0.00004070335395636601,0,0,0,0,0.000040690104166666664,0,0,0,0,0,0,0.000040690104166666664,0,0,0,0,0,0,0,0,0,0,0,0,0,0,0,0,0.000040690104166666664,0.000040690104166666664,0,0,0.000040708324852432325,0,0,0,0.000040690104166666664,0,0,0,0.000040690104166666664,0.000040690104166666664,0.00004069507182680177,0.0000814000814000814,0,0.000040690104166666664,0,0,0.0000814000814000814,0,0,0,0,0,0,0]}