{"startTime":"2025-03-24T18:23:05.935Z","infectedMalesAtStart":1024,"infectedFemalesAtStart":1024,"toxinAntitoxinLength":3,"killRate":1,"rescueRate":0.25,"simulationLength":159,"infectionRatio":[0.16578968671577754,0.16578968671577754,0.16563062326190087,0.15157716777149977,0.16524251302083334,0.16117350260416666,0.1544189453125,0.14766438802083334,0.13916015625,0.14872233072916666,0.15144856770833334,0.16463216145833334,0.17569986979166666,0.169921875,0.1669921875,0.16650390625,0.166259765625,0.16579804560260586,0.16718985690407273,0.15336100260416666,0.1614990234375,0.17268880208333334,0.15743001302083334,0.15201822916666666,0.13614908854166666,0.12825520833333334,0.118408203125,0.12276204427083333,0.1191551703088756,0.1116943359375,0.10376821030357289,0.0966468625376414,0.09314343845371312,0.09421204838906766,0.10038657171922685,0.101806640625,0.10677083333333333,0.11304630910718645,0.10017903645833333,0.09412004069175992,0.0843505859375,0.08150891185806136,0.07918294270833333,0.07722981770833333,0.0726318359375,0.06807454427083333,0.06494140625,0.061686197916666664,0.059252024579823384,0.05747781486607506,0.060810810810810814,0.0458984375,0.055338541666666664,0.06201676568731179,0.0500122080247416,0.05111509034673612,0.048502604166666664,0.0447998046875,0.0447998046875,0.04227873855544252,0.04150559511698881,0.038981119791666664,0.03817042402539269,0.032755533854166664,0.02994913530010173,0.028889973958333332,0.025321608858492103,0.021769205729166668,0.0430908203125,0.049519856770833336,0.0455322265625,0.05078331637843337,0.043863932291666664,0.040974934895833336,0.041422526041666664,0.038981119791666664,0.03715460057787002,0.035929361979166664,0.033935546875,0.029624806706274924,0.028035481770833332,0.026936848958333332,0.026341503134923866,0.021648016276703968,0.030476888020833332,0.03007488197948885,0.023278528406316133,0.026042726347914547,0.025068164245309894,0.02262553918775942,0.0214852492370295,0.019982906678604858,0.01933566718228446,0.019044518596891023,0.018758138020833332,0.017376088548872792,0.015584944048830112,0.01493448360055343,0.014422489305357507,0.012336128979724779,0.014485677083333334,0.01257528894676868,0.008789777813949703,0.015873661931702553,0.018229908443540183,0.019781830022793878,0.019490559895833332,0.019246419270833332,0.018921668362156665,0.02189305770326361,0.020345052083333332,0.018473307291666668,0.016033205827297142,0.014729817708333334,0.013609877348111324,0.011192055675389686,0.011474609375,0.012288411458333334,0.009685032961666803,0.01176039716773826,0.014122339343128077,0.018645930871636202,0.01708984375,0.016520182291666668,0.016325367422546106,0.01616778660150682,0.016764322916666668,0.013957841621225686,0.01200406917599186,0.009643947100712105,0.009380097879282219,0.006513597134017261,0.008585611979166666,0.010701497395833334,0.006591796875,0.004028484231943031,0.0033365885416666665,0.003540903540903541,0.003377553511841784,0.003377553511841784,0.00337906607499084,0.0033001955671447198,0.005696614583333333,0.004353841145833333,0.0036225985021165743,0.0028889973958333335,0.0023272905438510533,0.002034919213707216,0.001708984375,0.00146484375,0.0006917317708333334,0.0004069010416666667,0.0002848539106372589,0.00028514399771884804,0.00024467824810374357,0.00020373237714937657,0.00016297262059973924,0.0001223091976516634,0.00012214486380847684],"averageToxinCountInMales":[2.4326171875,2.4326171875,2.443227091633466,2.4308416715715127,2.6240196078431373,2.7093373493975905,2.7090336134453783,2.687982359426681,2.628787878787879,2.6650380021715527,2.622591006423983,2.5752343364578194,2.5582255083179297,2.5697230181470867,2.5813047711781887,2.623728813559322,2.563777994157741,2.5616438356164384,2.545143972669595,2.2624458874458875,2.5337701612903225,2.7289807421324563,2.794102431453699,2.745542949756888,2.712895377128954,2.794954721862872,2.816442239546421,2.7787550744248986,2.8227494766224703,2.859060402684564,2.880548829701372,2.9079965606190887,2.9331550802139037,2.9372759856630823,2.8644351464435145,2.574119574119574,3.0856481481481484,3.083032490974729,3.0942028985507246,3.1362467866323906,3.1450827653359297,3.160531697341513,3.250790305584826,3.2234392113910184,3.202830188679245,3.220959595959596,3.259946949602122,3.3004172461752432,3.243867243867244,3.25975975975976,3.1422594142259412,3.023765996343693,4.083333333333333,3.6200274348422496,3.5551782682512734,3.361666666666667,3.4340277777777777,3.427480916030534,3.4693486590038316,3.511066398390342,3.560824742268041,3.6044444444444443,3.5982142857142856,3.553524804177546,3.4051724137931036,3.4221556886227544,3.396551724137931,3.1535269709543567,4.605522682445759,4.21608040201005,4.260628465804067,3.6612641815235007,3.8127340823970037,3.8276553106212425,3.89,3.9243697478991595,3.923747276688453,3.975169300225734,4,4.049450549450549,4.002906976744186,3.9940119760479043,4.024390243902439,3.6588235294117646,4.30188679245283,3.8977900552486187,3.641025641025641,2.8645161290322583,3.0236486486486487,3.2234848484848486,3.2289156626506026,3.2445414847161573,3.236607142857143,3.410958904109589,3.0353982300884956,2.8373205741626792,2.8626373626373627,2.9709302325581395,2.9698795180722892,2.551470588235294,3.4012345679012346,3.3404255319148937,4.019607843137255,1.9625668449197862,2.4976303317535544,2.9570815450643777,2.942982456140351,2.9424778761061945,2.981981981981982,3.4329501915708813,3.242798353909465,3.027027027027027,3.09,3.171122994652406,3.276470588235294,3.437956204379562,4.7727272727272725,5.142857142857143,5.946902654867257,4.544117647058823,4.148571428571429,4.64935064935065,4.514563106796117,4.461538461538462,4.44559585492228,4.421052631578948,4.477157360406092,4.196319018404908,3.884892086330935,3.4956521739130433,3.4594594594594597,3.45,4.252427184466019,4.921875,4.615384615384615,5.6,6,6,6,6,6,6,3.2054794520547945,4.036363636363636,3.702127659574468,3.7674418604651163,4.363636363636363,4.714285714285714,4.909090909090909,4.7368421052631575,6,6,6,6,6,6,6,null,null],