{"startTime":"2025-03-24T20:33:55.229Z","infectedMalesAtStart":16,"infectedFemalesAtStart":32,"toxinAntitoxinLength":3,"killRate":0.08534495669114994,"rescueRate":0.8460005940063737,"simulationLength":68,"infectionRatio":[0.0038101285918399745,0.0038101285918399745,0.0038510911424903724,0.006614048238458486,0.007609049479166667,0.006998697916666667,0.009806315104166666,0.008829752604166666,0.011393229166666666,0.010782877604166666,0.010172526041666666,0.00927734375,0.008992513020833334,0.008707682291666666,0.008056640625,0.008097330729166666,0.008016276703967446,0.008019539995929168,0.006795523906408953,0.008748372395833334,0.005859375,0.004842122395833333,0.010782877604166666,0.009318033854166666,0.012125651041666666,0.010091145833333334,0.0098876953125,0.009847005208333334,0.009319171448337606,0.007853190104166666,0.0069580078125,0.007120768229166667,0.007080942497863509,0.0070852675299291476,0.006551106770833333,0.007853190104166666,0.005859375,0.0032145182291666665,0.00830078125,0.007202441505595117,0.005574771108850457,0.004150390625,0.0041098677517802645,0.004069010416666667,0.00341796875,0.00341796875,0.0027669270833333335,0.0026448567708333335,0.0026448567708333335,0.002604802604802605,0.0025252525252525255,0.0021158854166666665,0.0011393229166666667,0.0004475911458333333,0.0018717447916666667,0.0050048828125,0.004801823065028079,0.0045985431164286,0.004598168870803662,0.004760935910478128,0.0040283203125,0.0040283203125,0.003540183112919634,0.0033772786458333335,0.0033365885416666665,0.0033368600960364614,0.0029343440518400784,0.0012613932291666667],"averageToxinCountInMales":[3.125,3.125,3.125,2.130434782608696,2.348314606741573,2.3658536585365852,2.933333333333333,2.918918918918919,2.471830985915493,2.507575757575758,2.598360655737705,2.5217391304347827,2.5535714285714284,2.5871559633027523,2.588235294117647,2.6407766990291264,2.613861386138614,2.613861386138614,2.6951219512195124,2.0578512396694215,2.049382716049383,1.9253731343283582,3.3088235294117645,3.765765765765766,3.074324324324324,2.736,2.7540983606557377,2.7520661157024793,2.8053097345132745,2.7395833333333335,2.710843373493976,2.5783132530120483,2.548780487804878,2.548780487804878,2.486842105263158,1.988888888888889,2.130434782608696,2.5454545454545454,2.463917525773196,2.268292682926829,2,2.4285714285714284,2.4634146341463414,2.4634146341463414,2.3714285714285714,2.3714285714285714,2.4,2.4,2.4,2.4482758620689653,2.4285714285714284,2.5454545454545454,2.4545454545454546,3,2.1739130434782608,1.7833333333333334,1.736842105263158,1.6363636363636365,1.6363636363636365,1.6140350877192982,1.702127659574468,1.702127659574468,1.6923076923076923,1.6486486486486487,1.6486486486486487,1.6486486486486487,1.75,2.1333333333333333],"averageAntitoxinCountInFemales":[2.1875,2.1875,2.1875,2.111111111111111,2.377551020408163,2.4,3.0082644628099175,3.047169811320755,2.4855072463768115,2.4962406015037595,2.4921875,2.47787610619469,2.532110091743119,2.5142857142857142,2.5416666666666665,2.5625,2.5625,2.5625,2.6941176470588237,2.223404255319149,2.4444444444444446,2.480769230769231,3.8294573643410854,4.0508474576271185,3.4,2.83739837398374,2.8512396694214877,2.8512396694214877,2.8706896551724137,2.9587628865979383,3.102272727272727,2.9130434782608696,2.9130434782608696,2.9130434782608696,2.823529411764706,2.1941747572815533,2.4133333333333336,2.782608695652174,2.457943925233645,2.263157894736842,2.220779220779221,2.433333333333333,2.433333333333333,2.457627118644068,2.3469387755102042,2.3469387755102042,2.3421052631578947,2.4,2.4,2.4,2.3529411764705883,2.533333333333333,2.176470588235294,1.8888888888888888,1.9565217391304348,1.6349206349206349,1.6065573770491803,1.5,1.5,1.5166666666666666,1.4807692307692308,1.4807692307692308,1.4791666666666667,1.4782608695652173,1.488888888888889,1.488888888888889,1.55,1.875],"reproductiveSuccessOverTime":[0,0,0,0.006481767273689316,0.000040690104166666664,0,0,0,0.000040690104166666664,0,0,0,0,0,0.000040690104166666664,0,0,0,0,0.000020345052083333332,0.000020345052083333332,0,0,0,0,0,0,0,0,0,0,0.000040690104166666664,0,0,0,0,0,0,0,0,0,0,0,0,0,0.000040690104166666664,0.000040690104166666664,0,0.00008138020833333333,0,0,0,0,0,0,0,0.0001220802474159681,0,0,0,0,0,0.00004069175991861648,0,0,0,0.000040754778497778866,0]}