{"startTime":"2025-03-24T18:23:05.935Z","infectedMalesAtStart":1024,"infectedFemalesAtStart":1024,"toxinAntitoxinLength":3,"killRate":1,"rescueRate":0.125,"simulationLength":204,"infectionRatio":[0.17404606101810147,0.17404606101810147,0.17425674514521394,0.1673157433550774,0.16925522807875748,0.16748046875,0.17159016927083334,0.17240397135416666,0.17159016927083334,0.1761474609375,0.1697998046875,0.1707763671875,0.1771240234375,0.17521158854166666,0.16520182291666666,0.1689453125,0.176338922350643,0.17602965739194198,0.18241400366374924,0.18009440104166666,0.19148763020833334,0.1768798828125,0.17355741840970132,0.17685358508993246,0.16817220052083334,0.1632080078125,0.15316048679229924,0.16162109375,0.15999348958333334,0.163180597379344,0.1557743957027753,0.16155286074713113,0.15968096362008627,0.1592278872780583,0.17221023490615966,0.17793782552083334,0.17606608072916666,0.15966796875,0.15214029947916666,0.1483154296875,0.14126984126984127,0.13700358072916666,0.12568706485892267,0.12687235428199284,0.11861648016276705,0.11981116718215855,0.112060546875,0.11832682291666667,0.11604817708333333,0.11287894201424212,0.12298551196483802,0.133056640625,0.14131673177083334,0.11409505208333333,0.1284231943031536,0.12828866987048954,0.11837498982333307,0.11611249033413373,0.11235543248086008,0.12146984617888826,0.12093098958333333,0.13306188925081433,0.12436413950270622,0.12284342447916667,0.1219482421875,0.11637369791666667,0.11214192708333333,0.11200195352244516,0.13151041666666666,0.0950927734375,0.0987548828125,0.09615071614583333,0.09151603973294252,0.08732451678535097,0.08389644223723845,0.08455403645833333,0.08418782552083333,0.0857352222765022,0.08449672351337051,0.08536783854166667,0.0810546875,0.07563914671877545,0.07572736520854527,0.07222787385554426,0.09757486979166667,0.06632486979166667,0.07967122395833333,0.0759710121325625,0.07159447455278921,0.07019829797630196,0.06745918658144363,0.06690269808326212,0.06901041666666667,0.0733265513733469,0.07377416073245167,0.06758626302083333,0.06506612410986776,0.06002278831285098,0.05815089118580614,0.045613606770833336,0.049357096354166664,0.030232747395833332,0.058311291963377414,0.056846388606307224,0.05415088962175807,0.050303202962842374,0.045574771108850456,0.04579127320091175,0.05477110885045778,0.056233723958333336,0.053792317708333336,0.05151576805696846,0.049080253947582614,0.04590777746123479,0.043033954889666964,0.04094090835096858,0.0391845703125,0.025553385416666668,0.039713541666666664,0.03760989905568219,0.03770277981576588,0.03483639915350806,0.03027713343914052,0.03605436640351591,0.03833163784333672,0.03637843336724313,0.03528119150321478,0.03444204698123193,0.03354092888834616,0.03337539175383614,0.030739790725133342,0.030436197916666668,0.0252685546875,0.013387044270833334,0.02575788402848423,0.024454752604166668,0.024577822990844354,0.022426635190687452,0.017903645833333332,0.02669379450661241,0.021484375,0.018839518229166668,0.021769205729166668,0.021326821326821326,0.020554357116691766,0.019735503560528993,0.01698851136641408,0.0137939453125,0.010416666666666666,0.005981688708036623,0.012654622395833334,0.012369791666666666,0.014860353391417638,0.0135498046875,0.011271158854166666,0.013224283854166666,0.0125732421875,0.010172526041666666,0.012371805306853329,0.0123331162487789,0.01233261427001506,0.012333618268408841,0.011518111518111518,0.007283528645833333,0.005127161749745677,0.0024820963541666665,0.0076904296875,0.007773391396361564,0.012783975246315447,0.012533062054933876,0.0098876953125,0.0071626241250203485,0.006551106770833333,0.005655924479166667,0.005411783854166667,0.005415529948287797,0.005417294611217466,0.0053343106116133234,0.005015086031150615,0.0034586588541666665,0.0024820963541666665,0.000732421875,0.004191080729166667,0.0041107041107041106,0.004843304843304843,0.00797558494404883,0.00537109375,0.004069175991861648,0.0031331380208333335,0.0030110677083333335,0.0029298067141403867,0.0029320736276266493,0.0029330291673456085,0.002890173410404624,0.001506208019539996,0.0008951822916666666,0.0004478645006310818,0.0004069010416666667,0.0030110677083333335,0.00301131276959388,0.0012211503236048357,0.001220703125,0.00020345052083333334,0.0002034587995930824],"averageToxinCountInMales":[2.4560546875,2.4560546875,2.444223107569721,2.6670581327069875,2.534188034188034,2.4741420976317063,2.503314393939394,2.4767831498324555,2.526824552924118,2.399812734082397,2.3445912873225647,2.370802919708029,2.3477452347745236,2.382102272727273,2.4119700748129675,2.3546821931101407,2.3304025913928736,2.329767441860465,2.3258478460128322,2.358058608058608,2.109341368919501,2.1074964639321077,2.2093914710110205,2.237960339943343,2.3538847117794486,2.234522560335782,2.2263834544438232,2.2381962864721485,2.3030949839914623,2.444906444906445,2.463134898962316,2.457582184517497,2.4048387096774193,2.436324556689952,2.4290726817042607,2.60636277302944,2.3453237410071943,2.2666666666666666,2.066993464052288,2.032898468519569,2.132775119617225,1.9660703269586675,1.9565816678152999,1.8294836956521738,1.9949784791965566,2.002159827213823,2.039412673879444,2.0943124550035996,2.0416666666666665,2.042232277526395,1.9092797783933517,2.036828963795256,1.6696217494089836,1.6142020497803806,1.5332056194125159,1.6301020408163265,1.606993006993007,1.5257142857142858,1.4833456698741674,1.4544846050870148,1.6006734006734007,1.6418002466091246,1.6072847682119205,1.7453083109919572,1.725981055480379,1.75320970042796,1.7029039463886821,1.7807283763277693,1.4952800503461297,1.5901060070671378,1.374064837905237,1.3687340696686492,1.4217194570135747,1.3074003795066413,1.2279484638255698,1.3019607843137255,1.2660098522167487,1.3205741626794258,1.412280701754386,1.4842707340324117,1.4386317907444668,1.3945945945945946,1.3103070175438596,1.3592461719670201,1.4751892346509672,1.508816120906801,1.123301985370951,1.1040974529346623,1.1205673758865249,1.0206060606060605,0.95448798988622,0.9524421593830334,0.8532338308457711,0.7514450867052023,0.8772935779816514,0.8178391959798995,0.803129074315515,0.8541374474053296,0.7765205091937766,0.6939571150097466,1.1695804195804196,1.2430939226519337,0.8251057827926658,0.8080229226361032,0.85,0.7694859038142621,0.7826887661141805,0.8300180831826401,0.6602086438152012,0.6210826210826211,0.5756676557863502,0.588597842835131,0.5841423948220065,0.5965217391304348,0.6,0.45627376425855515,0.8948412698412699,0.8291139240506329,0.4144329896907217,0.35974304068522484,0.3418803418803419,0.3642691415313225,0.4076086956521739,0.3,0.2231578947368421,0.22767857142857142,0.23598130841121495,0.236144578313253,0.23558897243107768,0.228643216080402,0.24649859943977592,0.1903409090909091,0.6190476190476191,0.7267080745341615,0.2364217252396166,0.2534246575342466,0.2360655737704918,0.2589928057553957,0.13513513513513514,0.04504504504504504,0.053763440860215055,0.06048387096774194,0.040955631399317405,0.04195804195804196,0.04332129963898917,0.045112781954887216,0.05128205128205128,0.046632124352331605,0.04054054054054054,0.037037037037037035,0.02054794520547945,0.02127659574468085,0.01694915254237288,0,0,0,0,0,0,0,0,0,0,0,0,0,0,0,0,0,0,0,0,0,0,0,0,0,0,0,0,0,0.017543859649122806,0.01818181818181818,0.016129032258064516,0.009433962264150943,0.013333333333333334,0.01818181818181818,0.023809523809523808,0.024390243902439025,0.025,0.025,0.025,0.02564102564102564,0.041666666666666664,0,0,0,0,0,0,0,0,0],