{"startTime":"2025-03-24T20:33:55.229Z","infectedMalesAtStart":16,"infectedFemalesAtStart":32,"toxinAntitoxinLength":3,"killRate":0.860557565166468,"rescueRate":0.4408720361461895,"simulationLength":100,"infectionRatio":[0.004008685485217972,0.004008685485217972,0.003962232338560108,0.0020414644104704443,0.0016276041666666667,0.0033772786458333335,0.0037434895833333335,0.0030517578125,0.0020751953125,0.0018717447916666667,0.0017903645833333333,0.001708984375,0.001708984375,0.0032552083333333335,0.0032552083333333335,0.0032145182291666665,0.0030924479166666665,0.003094462540716612,0.005045983559860015,0.004475911458333333,0.0037841796875,0.009684244791666666,0.009033203125,0.008707682291666666,0.0079345703125,0.007772758718919139,0.007405598958333333,0.006836215666327568,0.006673177083333333,0.006266276041666667,0.0059814453125,0.005900065104166667,0.005859375,0.005574771108850457,0.005168063807275983,0.0033772786458333335,0.00244140625,0.016153971354166668,0.019246419270833332,0.013142903645833334,0.011555989583333334,0.011313229967850892,0.0106201171875,0.010501465320742429,0.0096435546875,0.008870442708333334,0.0087890625,0.008626653102746695,0.008260763408480507,0.007365508260763409,0.0068359375,0.005615234375,0.0028076171875,0.0098876953125,0.0115966796875,0.0108642578125,0.0096435546875,0.007039388020833333,0.0063504986769794425,0.006270358306188925,0.006184895833333333,0.005941722285528243,0.005411783854166667,0.004191080729166667,0.004109700520833333,0.003784333672431333,0.0019938151041666665,0.0012613932291666667,0.0008544921875,0.007080366225839268,0.006836215666327568,0.006755381923249095,0.006673177083333333,0.006103515625,0.005045572916666667,0.004964192708333333,0.004964192708333333,0.0049245044971714625,0.004925105828720287,0.004720436233417433,0.0032958984375,0.0022379557291666665,0.0015462239583333333,0.0013427734375,0.0010986328125,0.0019938151041666665,0.0018728879117299784,0.0013020833333333333,0.0008138020833333334,0.0002848307291666667,0.000244140625,0.000244140625,0.000244140625,0.000244140625,0.000244140625,0.000244140625,0.000244140625,0.00020345052083333334,0.00020345052083333334,0.00016276041666666666],"averageToxinCountInMales":[2.125,2.125,2.125,2.142857142857143,2.25,2.121212121212121,2,2.129032258064516,2.3333333333333335,2.3125,2.2142857142857144,2.2142857142857144,2.2142857142857144,2.121212121212121,2.121212121212121,2.15625,2.1,2.1,1.64,1.6666666666666667,1.6857142857142857,0.4594594594594595,0.4215686274509804,0.42,0.40860215053763443,0.36666666666666664,0.375,0.3902439024390244,0.3875,0.37333333333333335,0.34782608695652173,0.34782608695652173,0.34782608695652173,0.3283582089552239,0.2459016393442623,0.24390243902439024,0.28,0.020202020202020204,0.10245901639344263,0.15151515151515152,0.17006802721088435,0.1736111111111111,0.18382352941176472,0.18382352941176472,0.17829457364341086,0.16666666666666666,0.16806722689075632,0.1623931623931624,0.15454545454545454,0.15151515151515152,0.1595744680851064,0.19480519480519481,0.3333333333333333,0.02608695652173913,0.3233082706766917,0.336,0.16071428571428573,0.023529411764705882,0.025974025974025976,0.025974025974025976,0.02631578947368421,0,0,0,0,0,0,0,0,0,0,0,0,0,0,0,0,0,0,0,0,0,0,0,0,0,0,0,0,0,0,0,0,0,0,0,0,0,0,0],"averageAntitoxinCountInFemales":[2.3125,2.3125,2.3225806451612905,2.3225806451612905,2.3214285714285716,2,1.9215686274509804,1.7727272727272727,1.878787878787879,1.8333333333333333,1.8333333333333333,1.7142857142857142,1.7142857142857142,1.8085106382978724,1.8085106382978724,1.8085106382978724,1.826086956521739,1.826086956521739,1.5135135135135136,1.6029411764705883,1.6206896551724137,0.5905511811023622,0.5416666666666666,0.543859649122807,0.5294117647058824,0.5346534653465347,0.46808510638297873,0.4883720930232558,0.4642857142857143,0.45569620253164556,0.46153846153846156,0.47368421052631576,0.48,0.4857142857142857,0.42424242424242425,0.3333333333333333,0.37142857142857144,0.04522613065326633,0.08733624454148471,0.08860759493670886,0.10218978102189781,0.08955223880597014,0.096,0.08196721311475409,0.07407407407407407,0.08163265306122448,0.08247422680412371,0.06315789473684211,0.06451612903225806,0.07317073170731707,0.08108108108108109,0.09836065573770492,0.16666666666666666,0.03125,0.3684210526315789,0.39436619718309857,0.192,0.11363636363636363,0.12658227848101267,0.12987012987012986,0.13157894736842105,0,0,0,0,0,0,0,0,0,0,0,0,0,0,0,0,0,0,0,0,0,0,0,0,0,0,0,0,0,0,0,0,0,0,0,0,0,0,0],"reproductiveSuccessOverTime":[0,0,0,0.009254638660799347,0.000040690104166666664,0,0,0,0,0,0,0,0,0,0.000040690104166666664,0,0,0,0,0,0,0,0,0,0,0,0.000040690104166666664,0,0,0,0.000040690104166666664,0,0,0,0.0000406934158053227,0,0,0,0,0,0,0,0,0,0,0,0,0,0,0,0,0,0,0.00008138020833333333,0,0,0,0,0,0,0,0.00004069672798307016,0,0,0,0,0,0,0,0,0,0,0,0,0,0,0,0,0,0,0,0,0,0,0,0,0,0,0,0,0,0.000040690104166666664,0,0,0,0,0,0.00008138020833333333,0,0]}