{"startTime":"2025-03-24T21:01:06.836Z","infectedMalesAtStart":2056,"infectedFemalesAtStart":2056,"toxinAntitoxinLength":3,"killRate":1,"rescueRate":0.5,"simulationLength":264,"infectionRatio":[0.16731770833333334,0.16731770833333334,0.16743307603875843,0.17236328125,0.17696126302083334,0.19063313802083334,0.19376627604166666,0.20515950520833334,0.2105712890625,0.2000732421875,0.1888427734375,0.18843587239583334,0.18802897135416666,0.1864013671875,0.18282063802083334,0.18477376302083334,0.19466145833333334,0.19445123441701295,0.1952202589365687,0.19462076822916666,0.17317708333333334,0.1871337890625,0.17726051924798567,0.15845371312309256,0.150390625,0.14131673177083334,0.12752278645833334,0.1281403965959526,0.13482277296219428,0.12914648540844154,0.12407927399991861,0.11697191697191697,0.11780743875640921,0.11700741223425919,0.11519368489583333,0.11088053385416667,0.09521484375,0.1046142578125,0.0997314453125,0.09126790364583333,0.08833821614583333,0.08585611979166667,0.08053226987873362,0.08041673449454664,0.09322102864583333,0.08611077198551255,0.08163431408456436,0.07744587335178252,0.075927734375,0.07558612829697167,0.08447265625,0.08878580729166667,0.07792472024415056,0.073974609375,0.073974609375,0.0684814453125,0.07959308240081384,0.077805811019777,0.06746419270833333,0.060671414038657175,0.067626953125,0.06400813835198373,0.06018556197607227,0.06361157462048757,0.05859375,0.05612120224810622,0.056193033854166664,0.054280598958333336,0.051432291666666664,0.053792317708333336,0.05205323348663058,0.043172200520833336,0.06103515625,0.06498209635416667,0.061238606770833336,0.06023115741494384,0.063720703125,0.06380208333333333,0.06368519573533002,0.0732421875,0.0682373046875,0.06563580874872839,0.057016115904281295,0.0609130859375,0.060628255208333336,0.0543212890625,0.045702425524987794,0.0361328125,0.040852864583333336,0.043172200520833336,0.04346233671102429,0.04313326551373347,0.050333658854166664,0.052937825520833336,0.052533062054933875,0.06634646694887658,0.062255859375,0.057698567708333336,0.0545654296875,0.060953776041666664,0.05981688708036623,0.051310221354166664,0.046346028645833336,0.044474283854166664,0.043131510416666664,0.044148763020833336,0.044230143229166664,0.04325710100105803,0.053507486979166664,0.054728190104166664,0.054517324213183505,0.06254578009278099,0.0666937945066124,0.062255859375,0.05408375045781956,0.060506184895833336,0.0592041015625,0.0482177734375,0.04504577822990844,0.035441080729166664,0.028116861979166668,0.024698893229166668,0.022624618514750762,0.021306065914368354,0.02932312454182618,0.0378226528784301,0.037528492347769456,0.04441097451762599,0.0469175991861648,0.045166015625,0.041463216145833336,0.045817057291666664,0.041910807291666664,0.043294270833333336,0.035847981770833336,0.026692708333333332,0.025227864583333332,0.024251302083333332,0.023969397305986247,0.02328042328042328,0.02841094106154347,0.04176674129859556,0.0414782218962637,0.04515840052121508,0.04640182351025725,0.047946599373193864,0.042604272634791454,0.050740559895833336,0.046101888020833336,0.045262129599479,0.044962565104166664,0.037841796875,0.034708658854166664,0.0311279296875,0.030517578125,0.030238899515689227,0.03542489515045401,0.04314172811341508,0.042673731404116566,0.04745983853869363,0.04895247411755115,0.050217895980124626,0.04863061083302812,0.046875,0.031087239583333332,0.03590203349769754,0.032918294270833336,0.025431315104166668,0.0172119140625,0.015340169270833334,0.015137950679580044,0.015142880403810144,0.015070055392636037,0.01609682546151025,0.016111926904878445,0.022465038528968077,0.02223945156288256,0.024231051643958553,0.025560665879767186,0.027018229166666668,0.015177408854166666,0.01905847857957322,0.027791341145833332,0.023763020833333332,0.018595377604166668,0.015543619791666666,0.015218098958333334,0.015137334689725331,0.015107093411515596,0.015116942384483743,0.01500815660685155,0.020061162079510704,0.022504892367906065,0.023705577542943407,0.021620521172638435,0.018595377604166668,0.015665690104166668,0.01475503383060243,0.027791341145833332,0.017781575520833332,0.011393229166666666,0.008952551477170993,0.008015950520833334,0.007527975584944049,0.007530733534152894,0.007493992587463853,0.00737691555265732,0.012508148631029987,0.012517328549294627,0.012438318176257086,0.011975072298480714,0.00830078125,0.0072021484375,0.006558846294862916,0.00480377788633773,0.0023600260416666665,0.0021158854166666665,0.001708984375,0.0015055338541666667,0.0014242115971515768,0.0014244434495950511,0.0013845339414423586,0.0013849851317772619,0.0013445789023346778,0.0013450721447786744,0.0013052167883509402,0.0010590631364562118,0.0009361009361009361,0.0007733007733007733,0.0006514923246060507,0.0022380467955239063,0.0012613932291666667,0.001220703125,0.001220703125,0.001220802474159681,0.0012209515282243296,0.001220802474159681,0.0012216475953903164,0.0012226931855233126,0.0012229423994129876,0.001223091976516634,0.0012238404112103782,0.001222643354933366,0.0012217470983506415,0.0011402044223642954,0.0009770793469853032,0.0047679204531562,0.001953125,0.0016682942708333333,0.0015462239583333333,0.00150565638479694,0.00146484375,0.0014649033570701933,0.0014656786906603696,0.0014665145836728042,0.0014672916242103118,0.0014676505361001263,0.0014693277825394882,0.00134567548831709,0.0011412733349637238,0.0011005135730007337,0.0006106497313141182,0.0015477354187031606,0.0010172526041666667],