{"startTime":"2025-03-24T20:33:55.228Z","infectedMalesAtStart":16,"infectedFemalesAtStart":32,"toxinAntitoxinLength":3,"killRate":0.03914184661412512,"rescueRate":0.05942219180203834,"simulationLength":324,"infectionRatio":[0.004296455424274973,0.004296455424274973,0.004339179171939975,0.004307382119781882,0.0043973941368078175,0.0033772786458333335,0.0029296875,0.0025634765625,0.0030924479166666665,0.003662109375,0.00341796875,0.0032552083333333335,0.0029703776041666665,0.004557291666666667,0.0045166015625,0.0048828125,0.0067138671875,0.006716600179109338,0.0062258392675483215,0.004353841145833333,0.0029703776041666665,0.0028076171875,0.001953125,0.004964192708333333,0.007364908854166667,0.006754557291666667,0.006632756866734486,0.006266276041666667,0.005167853509664293,0.004923502604166667,0.004801432291666667,0.006917317708333333,0.006876627604166667,0.006881387678651411,0.006632486979166667,0.003946940104166667,0.00390625,0.0031331380208333335,0.0027669270833333335,0.011271158854166666,0.019246419270833332,0.020345052083333332,0.020306840841574084,0.020304361979166668,0.022829935294835794,0.021484375,0.021280924479166668,0.0218505859375,0.0218505859375,0.02259128098668946,0.0201416015625,0.017537434895833332,0.014242695531862944,0.012736520854526959,0.0108646998982706,0.027018229166666668,0.060139973958333336,0.058878580729166664,0.058064778645833336,0.058024088541666664,0.058373361556622975,0.059122721354166664,0.058024088541666664,0.05997965412004069,0.059855143229166664,0.05919954399250845,0.0560302734375,0.040852864583333336,0.03690742624618515,0.031290690104166664,0.02955544699560332,0.038492838541666664,0.07637532552083333,0.08463541666666667,0.08207194010416667,0.0833808089851062,0.08315695213285575,0.09021363173957274,0.08793131510416667,0.08793847155530235,0.08736520854526958,0.08662186927306048,0.0823974609375,0.056070963541666664,0.05114954221770092,0.04252288911495422,0.038139042657114944,0.040174210354933244,0.084228515625,0.106201171875,0.105712890625,0.1076021487872375,0.1054816261750702,0.11226399739583333,0.11234537760416667,0.11226484241387735,0.11215600065135971,0.11134205485593186,0.10099283854166667,0.071533203125,0.061319986979166664,0.053957273652085455,0.0459447360924592,0.0418786374180945,0.075927734375,0.1048583984375,0.10648600260416667,0.10909016927083333,0.11127391127391127,0.12251790364583333,0.123046875,0.12292412894822534,0.12279130363976874,0.12552454675086575,0.12294414590457581,0.09049479166666667,0.08369954427083333,0.0731201171875,0.06681315104166667,0.06186406186406186,0.112060546875,0.14790852864583334,0.1567486160859655,0.1606008793356131,0.16654459635416666,0.17867024739583334,0.1768607821592805,0.17670519290249065,0.17604688072274446,0.17805087167762218,0.17115650687718728,0.13203938802083334,0.1038818359375,0.09993489583333333,0.08919996744526736,0.07764657980456026,0.11434384537131231,0.15437825520833334,0.17069498697916666,0.1697998046875,0.17141227748584464,0.18684895833333334,0.19486490885416666,0.19466937945066123,0.19528770244974364,0.20188386886315446,0.19450661241098677,0.1549072265625,0.12118006103763988,0.10807291666666667,0.09367243133265514,0.07996581613966548,0.10723151426362268,0.13619532044760935,0.147216796875,0.14623524623524622,0.14828835429641388,0.1738351983723296,0.18868001302083334,0.1902901558621251,0.192138671875,0.19489313101647904,0.1884565288179746,0.14888509114583334,0.11037401815147939,0.08939184238378246,0.07441178865098103,0.0665363628960013,0.08631776005209181,0.10286574940975332,0.10515606560045579,0.10387073140949978,0.1128566195922022,0.13041178385416666,0.13822428385416666,0.13821733821733823,0.13863442042262122,0.14797876684360964,0.14790996784565916,0.10445149739583333,0.07393391927083333,0.0556640625,0.042805989583333336,0.03788341683978981,0.04572847951787605,0.056064492488090874,0.053750305399462496,0.05283956652815123,0.06032340841513584,0.06901184805178942,0.07322235337213562,0.07343482862492877,0.07474048442906574,0.08024893547330494,0.09359204304581771,0.0478515625,0.030110677083333332,0.029665500122080246,0.023691280631767484,0.02162140152286331,0.02870404299499206,0.033720219914477705,0.03336728457934406,0.03306155727680391,0.03599086981332029,0.036584372199136315,0.03650735443914762,0.036321389262565736,0.03616570170431379,0.03916342013532909,0.05038124128884152,0.037109375,0.024210611979166668,0.014977005412885108,0.011238242599454376,0.010399673735725938,0.018760195758564437,0.026555170303895575,0.026446820667700596,0.026416789155642658,0.026423262272318875,0.026387810955434826,0.026393201503513646,0.026395358339462285,0.026524440085008993,0.026885030579156918,0.03355842029875179,0.012247721354166666,0.0093994140625,0.006429036458333333,0.005983636585663695,0.0052981212047112525,0.013611541282908143,0.02141371293388261,0.021551020408163264,0.02151986606231369,0.02152865721638956,0.02153393535733257,0.021539216086974292,0.021548904154399737,0.021548023060882365,0.021688038593163733,0.023561599085303607,0.012613932291666666,0.007568359375,0.006022135416666667,0.005860090343059456,0.004967831256616989,0.013156286912956703,0.017107942973523423,0.017039664098487627,0.01704730831973899,0.017052872062663184,0.017015546578528582,0.01697820586074606,0.01698652511229073,0.017762351980400163,0.01773253427469009,0.019816080729166668,0.0048828125,0.0015869140625,0.000732421875,0.000366255646441216,0.0003256665988194586,0.0008148299042574863,0.0007748460503242119,0.0007751937984496124,0.0007756368386675376,0.0007757318417507043,0.0007758585487361672,0.0007759852971206861,0.0007761754973650884,0.0007748776508972267,0.0007384918355624846,0.0013841957415625127,0.0007731119791666666,0.0006917317708333334,0.0006510416666666666,0.0006103515625,0.0006103763987792472,0.0006109481915933529,0.0006111722283339445,0.0006112967642024615,0.000611521056708386,0.0006116706765077682,0.0006118203695395032,0.0006119951040391676,0.0006121949228634397,0.0006124448799608035,0.0005725503026337313,0.003875968992248062,0.0008138020833333334,0.0005289713541666666,0.0004069010416666667,0.0003255208333333333,0.0003255208333333333,0.0003257328990228013,0.0003260382279822309,0.0003262376641383248,0.00032649063379994284,0.00032658393207054214,0.0003267173078493833,0.000326797385620915,0.00032683743922866365,0.00032653061224489796,0.00032705122439802135,0.00036682290605257795,0.0002848307291666667,0.0002848307291666667,0.0002848307291666667,0.0002848307291666667,0.0002848307291666667,0.0002850046822197793,0.00028537649313058015,0.00028560936798727,0.00028571428571428574,0.00028581928055203954,0.00028588931999183175,0.0002859710760683062,0.0002860411899313501,0.00028592435258557305,0.00028592435258557305,0.0021166605609150486,0.0001220703125],