{"startTime":"2025-03-24T20:43:41.882Z","infectedMalesAtStart":1024,"infectedFemalesAtStart":1024,"toxinAntitoxinLength":3,"killRate":0.8663055042335296,"rescueRate":0.8282960660197604,"simulationLength":111,"infectionRatio":[0.08333333333333333,0.08333333333333333,0.08329568324639586,0.08207194010416667,0.08544921875,0.07307942708333333,0.06656901041666667,0.0635986328125,0.057902018229166664,0.049560546875,0.056193033854166664,0.0601806640625,0.05859375,0.060506184895833336,0.056111653645833336,0.059733072916666664,0.060750325520833336,0.06071094099922635,0.062444028331840755,0.0609130859375,0.060750325520833336,0.052083333333333336,0.047607421875,0.051310221354166664,0.043375651041666664,0.040812174479166664,0.039835611979166664,0.039021809895833336,0.0457763671875,0.044270833333333336,0.042805989583333336,0.04203629852689835,0.0421142578125,0.04414219978010343,0.044840494791666664,0.039998372395833336,0.031494140625,0.028767903645833332,0.024861653645833332,0.023111979166666668,0.018311291963377416,0.016358087487283825,0.0152587890625,0.014811197916666666,0.0150146484375,0.012939453125,0.012003580729166666,0.015055951169888098,0.017293294270833332,0.017056788113169144,0.017620966101005168,0.017985026041666668,0.0146484375,0.014973958333333334,0.0142822265625,0.012247721354166666,0.0113525390625,0.009928385416666666,0.008504231770833334,0.007853190104166666,0.0087890625,0.00732421875,0.006429036458333333,0.009685032961666803,0.008951822916666666,0.010905391658189217,0.013102213541666666,0.011962890625,0.0096435546875,0.009440104166666666,0.007771809895833333,0.006795247395833333,0.005696614583333333,0.005167643229166667,0.0048828125,0.004435401831129196,0.003946940104166667,0.0030924479166666665,0.0028483072916666665,0.008138020833333334,0.007080078125,0.007771809895833333,0.007488197948884909,0.010132660535525351,0.0067138671875,0.007405900305188199,0.005818684895833333,0.0029298067141403867,0.0023602181167087163,0.0017903645833333333,0.0015869786368260428,0.0013427734375,0.0013430466810467625,0.0008951822916666666,0.0007731119791666666,0.0018717447916666667,0.0016276041666666667,0.0015869786368260428,0.0015462239583333333,0.0014649033570701933,0.00146484375,0.0014242695531862944,0.0013835198372329604,0.0013834635416666667,0.0010988563754018965,0.0010986328125,0.0003662109375,0.0003662705518476315,0.00028488868991901023,0.00016276041666666666,0.00016279353709657725],"averageToxinCountInMales":[2.4521484375,2.4521484375,2.452830188679245,2.4292730844793713,2.5350795135640785,2.6871569703622393,2.7892215568862277,2.6973180076628354,2.71875,2.7455138662316476,2.767883211678832,2.8138222849083214,2.7971223021582734,2.8174273858921164,2.906528189910979,3.06013986013986,2.9073305670816043,2.912621359223301,2.8860244233378562,2.826629680998613,2.7029972752043596,2.5640194489465156,2.4842105263157896,2.5950413223140494,2.5728542914171655,2.5032397408207343,2.5087336244541483,2.453271028037383,2.316190476190476,2.2485436893203885,2.2580645161290325,2.3381147540983607,2.289795918367347,2.251953125,2.268022181146026,2.2690763052208833,1.969620253164557,1.8389830508474576,1.832797427652733,1.8379310344827586,1.9871244635193133,2.0288461538461537,2.056410256410256,1.9312169312169312,2.1333333333333333,2.2395209580838324,2.220779220779221,2.1047120418848166,2.0495495495495497,2.0275229357798166,2.388646288209607,2.5132743362831858,2.4293478260869565,2.635,2.7127659574468086,2.4779874213836477,2.5205479452054793,2.595419847328244,2.7155963302752295,2.782178217821782,2.6779661016949152,2.5728155339805827,2.662921348314607,2.6129032258064515,2.4918032786885247,2.111111111111111,1.8895705521472392,1.8120805369127517,1.7565217391304349,2.533980582524272,2.541176470588235,2.3835616438356166,2.3333333333333335,2.411764705882353,2.4285714285714284,2.395348837209302,2.5789473684210527,2.962962962962963,3.125,2.5869565217391304,2.710526315789474,2.25531914893617,2.239130434782609,1.9765625,2.207317073170732,2.5638297872340425,2.352112676056338,2.1875,2.2,2.1363636363636362,2.15,2.0588235294117645,2.0588235294117645,2.0833333333333335,2.1,2.75,2.869565217391304,2.869565217391304,2.909090909090909,2.235294117647059,2.235294117647059,2.235294117647059,2.25,2.25,2,2,2,2,2,2,2],"averageAntitoxinCountInFemales":[2.513671875,2.513671875,2.5181194906953968,2.4964964964964964,2.6013579049466538,2.849717514124294,2.993757802746567,2.9346153846153844,2.933240611961057,2.8826446280991735,2.918103448275862,2.983116883116883,2.94496644295302,2.9358638743455496,2.9390070921985814,3.088977423638778,2.9038961038961038,2.9038961038961038,2.944792973651192,2.884020618556701,2.6719367588932808,2.5641025641025643,2.545,2.573170731707317,2.456637168141593,2.4203703703703705,2.4664107485604605,2.4595103578154425,2.33,2.3333333333333335,2.347122302158273,2.4128440366972477,2.3577981651376145,2.326923076923077,2.249554367201426,2.1876288659793817,2.005277044854881,1.8923512747875355,1.7866666666666666,1.8093525179856116,1.9493087557603688,1.9278350515463918,1.9277777777777778,1.822857142857143,1.9540229885057472,2.1324503311258276,2.1134751773049647,2.0670391061452515,2.019704433497537,2.029850746268657,2.2401960784313726,2.486111111111111,2.5,2.6488095238095237,2.638036809815951,2.4295774647887325,2.4962406015037595,2.6548672566371683,2.76,2.8043478260869565,2.663265306122449,2.6623376623376624,2.6956521739130435,2.6403508771929824,2.5714285714285716,2.0977443609022557,1.9748427672955975,1.8206896551724139,1.7704918032786885,2.5736434108527133,2.6037735849056602,2.4468085106382977,2.5697674418604652,2.710526315789474,2.7746478873239435,2.696969696969697,2.7966101694915255,3.0408163265306123,3.108695652173913,2.7685185185185186,2.8469387755102042,2.484536082474227,2.4782608695652173,2.1818181818181817,2.5180722891566263,2.659090909090909,2.25,2.3,2.393939393939394,2.227272727272727,2.1052631578947367,2.0625,2.0625,2.1,2.111111111111111,2.611111111111111,2.6470588235294117,2.6875,2.6875,2.1578947368421053,2.1578947368421053,2.1666666666666665,2.1666666666666665,2.1666666666666665,2,2,2,2,2,2,2],"reproductiveSuccessOverTime":[0,0,0,0,0,0,0.0000042831688596491226,0.000040690104166666664,0,0,0,0,0,0,0,0.000003487723214285714,0.000043273602843915335,0.00004330355729028312,0,0.00002984446581180522,0.000003772667921335201,0.000011409117112164659,0.000010687749909659377,0.0000016954210069444444,0,0,0.0000068952688834154355,0.00004287972098292178,0.00003143256455844009,0.00003423835980097741,0.000004400208938953489,0.000004400567058017455,0.000007284841229838709,0.000007781099109646963,0,0,0,0,0,0,0,0,0,0,0,0,0,0.00008138351983723296,0,0,0,0,0,0,0,0,0.000040690104166666664,0,0,0,0.0000015279843965602208,0,0,0,0.000001312584005376344,0,0.000040690104166666664,0,0,0.000040690104166666664,0,0,0,0,0,0.00004069175991861648,0,0,0,0,0,0.00008138020833333333,0,0,0,0,0,0,0,0,0,0.0001220703125,0.00008139676854828863,0.000040690104166666664,0.000040690104166666664,0.000040690104166666664,0.000040690104166666664,0.00004069175991861648,0.00008138020833333333,0,0,0,0,0,0,0,0,0,0,0,0]}