{"startTime":"2025-03-24T20:33:55.229Z","infectedMalesAtStart":16,"infectedFemalesAtStart":32,"toxinAntitoxinLength":3,"killRate":0.860557565166468,"rescueRate":0.3110429482723832,"simulationLength":55,"infectionRatio":[0.003999000249937516,0.003999000249937516,0.004043126684636119,0.0031776294884016524,0.004072987943955686,0.004801432291666667,0.004679361979166667,0.004720052083333333,0.0037027994791666665,0.0034586588541666665,0.007080078125,0.007080078125,0.005289713541666667,0.005289713541666667,0.005086263020833333,0.004597981770833333,0.0045166015625,0.004519175962869473,0.004435221354166667,0.0030517578125,0.0011393229166666667,0.0027262369791666665,0.0032958984375,0.004679361979166667,0.004597981770833333,0.004435221354166667,0.004435221354166667,0.0035400390625,0.0034993489583333335,0.00341796875,0.00341796875,0.00341796875,0.00341796875,0.002278738555442523,0.0021565755208333335,0.0011800130208333333,0.0010172526041666667,0.0009358723958333334,0.0005697078212745178,0.0003662109375,0.0003255208333333333,0.0002848307291666667,0.0002848307291666667,0.0002848307291666667,0.0002848655027876124,0.0002848307291666667,0.000244140625,0.000244140625,0.000244140625,0.0002441604948319362,0.00020345052083333334,0.00020345052083333334,0.00020345052083333334,0.0001220703125,0.00012209515282243295],"averageToxinCountInMales":[2.1875,2.1875,2.1875,1.1428571428571428,4.521739130434782,3.8095238095238093,3.838709677419355,3.7936507936507935,4.354166666666667,4.369565217391305,3.8043478260869565,3.8043478260869565,4.175675675675675,4.175675675675675,4.197183098591549,4.181818181818182,4.184615384615385,4.184615384615385,4.166666666666667,4.609756097560975,4.1875,6.184210526315789,5.369565217391305,3.8550724637681157,3.838235294117647,3.8484848484848486,3.8484848484848486,4.755102040816326,4.75,4.75,4.75,4.75,4.75,3.7096774193548385,3.857142857142857,2.9285714285714284,2.9285714285714284,2.6666666666666665,2.625,2.8333333333333335,3,3.25,3.25,3.25,3.25,3.25,3.25,3.25,3.25,3.25,3.6666666666666665,3.6666666666666665,3.6666666666666665,7,7],"averageAntitoxinCountInFemales":[2.59375,2.59375,2.59375,1.8571428571428572,4.055555555555555,3.9454545454545453,4,4,4.395348837209302,4.641025641025641,3.731707317073171,3.731707317073171,4.375,4.375,4.388888888888889,4.361702127659575,4.3478260869565215,4.3478260869565215,4.4186046511627906,4.617647058823529,4.416666666666667,5.931034482758621,4.942857142857143,3.869565217391304,3.888888888888889,3.9767441860465116,3.9767441860465116,4.368421052631579,4.368421052631579,4.555555555555555,4.555555555555555,4.555555555555555,4.555555555555555,3.72,3.72,2.4,2.272727272727273,2.272727272727273,2.6666666666666665,3.6666666666666665,3.6666666666666665,3.6666666666666665,3.6666666666666665,3.6666666666666665,3.6666666666666665,3.6666666666666665,4.5,4.5,4.5,4.5,4.5,4.5,4.5,4.5,4.5],"reproductiveSuccessOverTime":[0,0,0,0.008443415497752961,0.00036656891495601173,0,0.000040690104166666664,0,0,0,0,0,0.00008138020833333333,0,0,0,0,0,0,0,0,0,0,0,0,0.000040690104166666664,0,0,0.000040690104166666664,0,0,0,0,0.00004069175991861648,0,0,0,0,0.0000406934158053227,0,0.000040690104166666664,0,0,0,0.00004069507182680177,0,0,0,0.000040690104166666664,0.0000406934158053227,0,0,0,0,0]}