{"startTime":"2025-03-24T20:43:41.882Z","infectedMalesAtStart":1024,"infectedFemalesAtStart":1024,"toxinAntitoxinLength":3,"killRate":0.18988532376533052,"rescueRate":0.8282960660197604,"simulationLength":126,"infectionRatio":[0.08333333333333333,0.08333333333333333,0.08314495910566767,0.06685384114583333,0.07185872395833333,0.0709228515625,0.0780029296875,0.07881673177083333,0.08760579427083333,0.09041341145833333,0.0902099609375,0.0989990234375,0.09969075520833333,0.0982666015625,0.09818522135416667,0.10335286458333333,0.1029052734375,0.10294836292555791,0.1060791015625,0.093994140625,0.08658854166666667,0.07649739583333333,0.06754557291666667,0.0673828125,0.07206217447916667,0.07735188802083333,0.07613118489583333,0.07784016927083333,0.0697021484375,0.06962076822916667,0.071044921875,0.07486979166666667,0.08060709635416667,0.0810546875,0.08003743489583333,0.08085123697916667,0.07377115885416667,0.07137044270833333,0.05322265625,0.051798502604166664,0.04871001871897127,0.047810872395833336,0.050455729166666664,0.051798502604166664,0.0504150390625,0.0496826171875,0.0460205078125,0.047403971354166664,0.05172133148856515,0.051432291666666664,0.04899487262960853,0.0499267578125,0.0462646484375,0.0455322265625,0.03369140625,0.030680338541666668,0.030762970498474058,0.03031536113936928,0.02726569812395719,0.027384440104166668,0.026042726347914547,0.023518880208333332,0.023681640625,0.020751953125,0.023478190104166668,0.022218605029706195,0.022750396809246672,0.031209309895833332,0.023030598958333332,0.0218505859375,0.017049153645833332,0.012613932291666666,0.0106201171875,0.009565677534904548,0.010050455729166666,0.0093994140625,0.008710517746662325,0.007771809895833333,0.007364908854166667,0.007161458333333333,0.007080078125,0.006755381923249095,0.009928789420142421,0.010538736979166666,0.0078125,0.010782877604166666,0.010009765625,0.008097330729166666,0.006388346354166667,0.005696846388606307,0.005086263020833333,0.00439453125,0.0037034022464593848,0.0030924479166666665,0.0030517578125,0.0029703776041666665,0.0029704984740590032,0.002482298364124685,0.007364908854166667,0.0087890625,0.007771809895833333,0.007568359375,0.006266276041666667,0.005289713541666667,0.004353841145833333,0.0029298067141403867,0.0020347535913400887,0.0009360628383053192,0.000284935075507795,0.0002441505595116989,0.0002034919213707216,0.00020345052083333334,0.00020345052083333334,0.0001220703125,0.0027678280690328883,0.0026041666666666665,0.0034993489583333335,0.0034586588541666665,0.0033772786458333335,0.0029703776041666665,0.0011393692777212615,0.00020347535913400888,0.0002034587995930824,0.0001220703125,0.0000813868316106454,0.000040690104166666664],"averageToxinCountInMales":[2.5361328125,2.5361328125,2.522,2.4247246022031823,2.32046783625731,2.2652582159624415,2.277432712215321,2.209839357429719,2.0236363636363635,2.1138353765323994,2.1729390681003586,2.2204789430222958,2.3085194375516958,2.2747252747252746,2.371090448013525,2.4058205335489085,2.3907766990291264,2.3907766990291264,2.4295830055074745,2.2282900626678606,2.3943798449612403,2.6104328523862375,2.5622641509433963,2.6489226869455007,2.749090909090909,2.708791208791209,2.75,2.79010989010989,2.8625766871165643,2.754950495049505,2.7326007326007327,2.7721518987341773,2.695605573419078,2.6816720257234725,2.795429815016322,2.6068012752391074,2.577354260089686,2.9244186046511627,2.976228209191759,3.191869918699187,3.185840707964602,3.289285714285714,3.0910596026490067,2.885113268608414,2.8213689482470783,3.067001675041876,2.9672131147540983,3.1818181818181817,3.2492012779552715,3.1858974358974357,3.3293718166383703,3.006644518272425,2.770220588235294,2.712280701754386,2.888111888111888,3.191891891891892,3.562962962962963,3.593264248704663,3.6041055718475072,3.489971346704871,3.4910179640718564,3.3253424657534247,2.949324324324324,2.9543726235741445,3.2915254237288134,3.2759856630824373,3.0106761565836297,2.5609137055837565,2.40893470790378,2.713768115942029,2.7942583732057416,2.6133333333333333,2.723076923076923,2.9910714285714284,2.552,2.5798319327731094,2.6272727272727274,2.5247524752475248,2.463157894736842,2.4086021505376345,2.4239130434782608,2.313953488372093,3.088,3.4029850746268657,3.494949494949495,4.395973154362416,4.424460431654676,4.392857142857143,4.294117647058823,4.253333333333333,4.253968253968254,4.228070175438597,4.26,4.285714285714286,4.2926829268292686,4.275,4.275,4.379310344827586,4.078651685393258,4.054054054054054,4.042105263157895,4.10752688172043,4.126760563380282,4.068965517241379,4.08,4.114285714285714,4.08,4,4,4,4,4,4,null,4,4,4,4,4,4,4,4,4,4,4,4],"averageAntitoxinCountInFemales":[2.4794921875,2.4794921875,2.479960899315738,2.2978208232445523,2.257958287596048,2.239057239057239,2.263932702418507,2.2656748140276304,2.10636277302944,2.1527777777777777,2.2670299727520438,2.2798690671031094,2.3440773569701854,2.324675324675325,2.395121951219512,2.4228702993092863,2.445475638051044,2.446594427244582,2.5,2.305113160100587,2.510948905109489,2.762002042900919,2.7710982658959535,2.8316032295271047,2.9059196617336154,2.8133198789101916,2.858596134282808,2.914257228315055,2.9565701559020043,2.8903654485049834,2.850053937432578,2.854788877445932,2.7776717557251906,2.757318224740321,2.8158396946564888,2.5965583173996176,2.6036916395222582,2.9060402684563758,2.901033973412112,3.129179331306991,3.204113924050633,3.3365853658536584,3.209119496855346,3.0091603053435114,2.9234375,2.9919871794871793,2.9123711340206184,3.106239460370995,3.221705426356589,3.1953125,3.3138211382113822,2.9936,2.688026981450253,2.517304189435337,2.8421052631578947,3.2552083333333335,3.50997150997151,3.5598885793871866,3.60790273556231,3.558641975308642,3.5555555555555554,3.304195804195804,2.965034965034965,2.9473684210526314,3.3297872340425534,3.337078651685393,3.050359712230216,2.576407506702413,2.5745454545454547,2.8505747126436782,3.080952380952381,2.8875,2.900763358778626,3.0813008130081303,2.6475409836065573,2.5535714285714284,2.4423076923076925,2.2333333333333334,2.1744186046511627,2.144578313253012,2.158536585365854,2.1,2.8907563025210083,3.36,3.6021505376344085,4.258620689655173,4.280373831775701,4.252873563218391,4.152777777777778,4.138461538461539,4.17741935483871,4.1568627450980395,4.121951219512195,4.147058823529412,4.147058823529412,4.121212121212121,4.121212121212121,4.125,4.032608695652174,4.0285714285714285,4.010416666666667,4.096774193548387,4.108433734939759,4.055555555555555,4.0701754385964914,4.108108108108108,4,4,4,4,4,4,4,4,4,4,4,4,4,4,4,4,4,4,null,null],"reproductiveSuccessOverTime":[0,0,0,0.000013563368055555555,0,0,0,0,0,0,0,0,0,0,0,0,0,0,0,0,0,0,0,0,0,0,0,0.000040690104166666664,0,0,0,0,0,0.000040690104166666664,0,0,0,0,0,0.000040690104166666664,0.0000406934158053227,0,0,0.000040690104166666664,0,0,0.000040690104166666664,0.000040690104166666664,0,0.000040690104166666664,0,0.00001338490268640351,0,0,0.000040690104166666664,0,0,0.00004069175991861648,0,0,0.0001627670396744659,0,0,0,0.000040690104166666664,0,0,0.000011444091796875,0,0,0,0.000009574142156862745,0,0,0,0,0,0,0,0,0,0.00004069507182680177,0,0,0,0,0,0,0.000040690104166666664,0.00004069175991861648,0.000013196790540540541,0,0,0,0,0,0,0,0,0,0,0,0.00008138020833333333,0.00008138020833333333,0.00008138020833333333,0.00008138351983723296,0.00012208521548040532,0.00012209515282243295,0.00008141002157365571,0,0,0,0,0,0.00008140670791273201,0,0,0,0,0,0.00008138351983723296,0,0,0,0,0]}