{"startTime":"2025-03-24T20:33:55.229Z","infectedMalesAtStart":16,"infectedFemalesAtStart":32,"toxinAntitoxinLength":3,"killRate":0.04081100388175807,"rescueRate":0.5485390086966543,"simulationLength":85,"infectionRatio":[0.003953545836422041,0.003953545836422041,0.003998334027488546,0.006933333333333333,0.0093994140625,0.007893880208333334,0.01123046875,0.010782877604166666,0.010457356770833334,0.012451171875,0.011474609375,0.013102213541666666,0.010335286458333334,0.0113525390625,0.0098876953125,0.009684244791666666,0.009521484375,0.009526911489292402,0.008626302083333334,0.011474609375,0.010335286458333334,0.006510416666666667,0.011800130208333334,0.011149088541666666,0.009847005208333334,0.009684638860630722,0.0081787109375,0.010538736979166666,0.011311848958333334,0.013712565104166666,0.013265513733468973,0.013224283854166666,0.012777212614445576,0.013388133799951168,0.0120849609375,0.008707682291666666,0.0072021484375,0.005167643229166667,0.004842122395833333,0.0037841796875,0.0030924479166666665,0.002685546875,0.0021565755208333335,0.0018722780739956857,0.0030110677083333335,0.006795523906408953,0.006795800439488891,0.006306966145833333,0.0062255859375,0.006510416666666667,0.005696614583333333,0.005208333333333333,0.0037841796875,0.0028889973958333335,0.0023193359375,0.0014245014245014246,0.001220703125,0.0011393229166666667,0.0011393229166666667,0.0009765625,0.0008544921875,0.0036214192708333335,0.0034993489583333335,0.0034586588541666665,0.00341796875,0.00341796875,0.002115971515768057,0.0018717447916666667,0.0007731119791666666,0.0003662109375,0.0003255208333333333,0.0003255208333333333,0.00020345052083333334,0.0001627670396744659,0.0001220703125,0.00012209515282243295,0.00008138020833333333,0.00008138020833333333,0.00008138351983723296,0.00008138351983723296,0.002644964394710071,0.0026452873188995605,0.0026450720273459754,0.0023600260416666665,0.0010579427083333333],"averageToxinCountInMales":[2.375,2.375,2.375,3.656716417910448,3.1376146788990824,3.0444444444444443,2.6030534351145036,2.592,2.5371900826446283,2.360544217687075,2.449275362318841,1.99375,1.983739837398374,2.4328358208955225,2.3448275862068964,2.3596491228070176,2.3482142857142856,2.3482142857142856,2.13265306122449,4.1838235294117645,4.346456692913386,4.16,2.8905109489051095,2.744360902255639,2.7203389830508473,2.7264957264957266,3.0396039603960396,2.1954887218045114,1.7397260273972603,2.5697674418604652,2.5515151515151517,2.524390243902439,2.392405063291139,2.4727272727272727,2.3972602739726026,2.150943396226415,2.4318181818181817,2.890625,2.8688524590163933,3.0851063829787235,3.918918918918919,4.09375,4.12,3.090909090909091,1.6944444444444444,4.7,4.7682926829268295,4.56,4.56,4.6835443037974684,4.557142857142857,4.9523809523809526,4.458333333333333,5.71875,5.653846153846154,7,7,7,7,7,7,7,7,7,7,7,7,7,7,7,7,7,7,7,7,7,null,null,null,null,7,7,7,7,7],"averageAntitoxinCountInFemales":[2.6875,2.6875,2.6875,4.224719101123595,3.5491803278688523,3.576923076923077,2.9931034482758623,2.9285714285714284,2.948529411764706,2.7232704402515724,2.888888888888889,2.4753086419753085,2.519083969465649,2.910344827586207,2.8346456692913384,2.846774193548387,2.8524590163934427,2.8524590163934427,2.824561403508772,3.9315068493150687,4.2362204724409445,3.8588235294117648,2.6143790849673203,2.4609929078014185,2.3225806451612905,2.256198347107438,2.43,1.8174603174603174,1.5454545454545454,2.6666666666666665,2.701863354037267,2.701863354037267,2.58974358974359,2.7378048780487805,3.033112582781457,2.8703703703703702,3.269662921348315,3.7301587301587302,3.7413793103448274,4.173913043478261,4.923076923076923,5.029411764705882,4.714285714285714,4.041666666666667,2.5,5.0344827586206895,5.035294117647059,4.9125,5.038461538461538,5.111111111111111,4.942857142857143,5.323076923076923,5.2,5.641025641025641,5.870967741935484,7,7,7,7,7,7,7.024390243902439,7.024390243902439,7.024390243902439,7.025,7.026315789473684,7.0476190476190474,7.052631578947368,7.166666666666667,7,7,7,7,7,7,7,7,7,7,7,7,7,7,7,7],"reproductiveSuccessOverTime":[0,0,0,0.008444444444444444,0,0,0,0,0.000040690104166666664,0,0,0,0,0.000040690104166666664,0.000040690104166666664,0,0,0,0,0,0,0,0,0,0,0.00004069175991861648,0.000040690104166666664,0,0,0,0,0,0,0,0,0,0,0,0,0.000040690104166666664,0,0,0.000040690104166666664,0,0,0,0,0,0.000040690104166666664,0,0,0,0,0,0,0,0,0.000040690104166666664,0,0,0,0,0,0,0,0,0.00004069175991861648,0,0,0,0,0,0,0.00008138351983723296,0,0,0,0,0,0,0,0,0,0,0]}