{"startTime":"2025-03-24T20:43:41.882Z","infectedMalesAtStart":1024,"infectedFemalesAtStart":1024,"toxinAntitoxinLength":3,"killRate":0.2588474289675051,"rescueRate":0.526280618620328,"simulationLength":303,"infectionRatio":[0.08333333333333333,0.08333333333333333,0.08357988165680473,0.07792154947916667,0.07185872395833333,0.08235677083333333,0.08968098958333333,0.09012858072916667,0.0892333984375,0.09309895833333333,0.0921630859375,0.0931396484375,0.0987548828125,0.0927734375,0.09130859375,0.09212239583333333,0.0911865234375,0.09119035987624166,0.09062423699845365,0.0880126953125,0.08492024739583333,0.08439127604166667,0.10103352864583333,0.10758463541666667,0.10767477822088387,0.10542805989583333,0.10172526041666667,0.1026611328125,0.115478515625,0.11328585961342828,0.105224609375,0.10535525351998047,0.10352404980874094,0.10332058272971434,0.09541829427083333,0.08736165364583333,0.08890787760416667,0.0701904296875,0.0762939453125,0.09366861979166667,0.10026041666666667,0.09541829427083333,0.09236653645833333,0.0994873046875,0.10579427083333333,0.10193285859613428,0.0970458984375,0.09351346952063157,0.09399796541200407,0.09370930989583333,0.0885009765625,0.0811767578125,0.0784912109375,0.0606689453125,0.06254069010416667,0.0714111328125,0.0731201171875,0.07401529947916667,0.070068359375,0.07613118489583333,0.08060709635416667,0.08439471007121058,0.08426920572916667,0.08341471354166667,0.083740234375,0.083984375,0.0738525390625,0.08003743489583333,0.07596842447916667,0.054443359375,0.051066080729166664,0.06807454427083333,0.06388346354166667,0.06632486979166667,0.06442029870182721,0.06698408822691572,0.07470703125,0.07381184895833333,0.0703125,0.0709228515625,0.0791015625,0.07657877604166667,0.07084147135416667,0.0667724609375,0.06424967447916667,0.0474853515625,0.0401611328125,0.06953938802083333,0.06813186813186813,0.06477864583333333,0.06351725260416667,0.062431321476537384,0.0655517578125,0.06949869791666667,0.06290690104166667,0.05945066124109868,0.059895833333333336,0.055094401041666664,0.04455747711088504,0.046630859375,0.049641927083333336,0.041300455729166664,0.035563151041666664,0.06282552083333333,0.07305062672961093,0.06884765625,0.06412760416666667,0.06255087090997884,0.06206756206756207,0.06304436304436305,0.058605673354767816,0.050984700520833336,0.048665364583333336,0.04525291987140357,0.040568033854166664,0.05747547523100094,0.06270345052083333,0.0543212890625,0.042317708333333336,0.062255859375,0.06336020848603306,0.06103515625,0.059488932291666664,0.059585386714454444,0.05959752321981424,0.058921736297744116,0.053426106770833336,0.0484619140625,0.04207699194270367,0.03523906408952187,0.030232747395833332,0.05074262461851475,0.07084147135416667,0.058797200520833336,0.050130208333333336,0.048136393229166664,0.04504577822990844,0.04374364191251272,0.0433349609375,0.04340207025837477,0.043373788384784555,0.043108361149556296,0.040445963541666664,0.032023111979166664,0.0242919921875,0.0196533203125,0.015950520833333332,0.0206298828125,0.056925455729166664,0.052937825520833336,0.048177083333333336,0.0439453125,0.04110034996337593,0.04052734375,0.040120442708333336,0.03996256053391934,0.03996906671008181,0.03989903102353229,0.035768056968463885,0.028767903645833332,0.02575788402848423,0.020955403645833332,0.017985026041666668,0.019124348958333332,0.0570068359375,0.0643310546875,0.055338541666666664,0.045979817708333336,0.040730794270833336,0.039103190104166664,0.038984292341499145,0.038915574371081986,0.03890607195181507,0.03822511703643395,0.03573754477368935,0.029500325520833332,0.024088541666666668,0.019734700520833332,0.016852560449401612,0.014446162610889558,0.03117242501933016,0.043009440104166664,0.039469401041666664,0.030924479166666668,0.023763020833333332,0.0224609375,0.022468251383914034,0.02247282498066197,0.02239140170174653,0.022408735332464146,0.01968776749684099,0.015625,0.011800130208333334,0.008220739052580172,0.007367606952415842,0.005411783854166667,0.013427734375,0.022298177083333332,0.016438802083333332,0.013917148205420364,0.013509114583333334,0.012166341145833334,0.012167826476213731,0.01212910578371118,0.012132068558400847,0.011691856438668677,0.011307507041678573,0.01025390625,0.008951822916666666,0.006999552354209905,0.005208969193830627,0.004597981770833333,0.009318033854166666,0.0206298828125,0.019327799479166668,0.021443684895833332,0.019124348958333332,0.018068611891099987,0.01770595897101921,0.01771677595405857,0.017604629365499818,0.01700652528548124,0.015840052121508266,0.0133056640625,0.01025390625,0.005900065104166667,0.003662407422479043,0.0033772786458333335,0.011271158854166666,0.0196533203125,0.022908528645833332,0.02986896720110686,0.025839267548321464,0.026491413689265077,0.025810128643543397,0.024868737026334,0.024873799055528417,0.02474722765818656,0.0245361328125,0.021484375,0.016805013020833332,0.012007000691928853,0.009440104166666666,0.008585611979166666,0.008748372395833334,0.0228271484375,0.022420247395833332,0.02880859375,0.027506510416666668,0.026700313403068908,0.026574963372944814,0.02454212454212454,0.024557116676847894,0.02457142857142857,0.025146484375,0.020670572916666668,0.0142822265625,0.007649739583333333,0.006714686851422293,0.005208333333333333,0.004231770833333333,0.006103515625,0.007975260416666666,0.011067708333333334,0.0108642578125,0.0108642578125,0.010868680289831475,0.010663410663410663,0.01062617050728768,0.01045751633986928,0.01261444557477111,0.011027018229166666,0.006876627604166667,0.0032552083333333335,0.003053248656570591,0.0029299259379832344,0.0015869140625,0.0030517578125,0.0021565755208333335,0.004964192708333333,0.005412004069175992,0.005413105413105413,0.005415971006230403,0.005416412136021177,0.005418398109671637,0.00539281774727295,0.008341471354166666,0.006429036458333333,0.0030924479166666665,0.0017497456765005086,0.0001221349183731629,0.00004070169726077577,0.00004069175991861648,0.0000406934158053227,0.000040690104166666664,0.000040690104166666664,0.00004069507182680177,0.000040708324852432325,0.00004073485681697829,0.000040736516213133455,0.000040733197556008144,0.00004085634907664651,0.000040690104166666664],