{"startTime":"2025-03-24T20:33:26.773Z","infectedMalesAtStart":1024,"infectedFemalesAtStart":1024,"toxinAntitoxinLength":3,"killRate":0.7159007708692693,"rescueRate":0.4466881314293816,"simulationLength":180,"infectionRatio":[0.16588368702413736,0.16588368702413736,0.1659846128662629,0.17186931197670186,0.1509927281640657,0.1558150891185806,0.1583251953125,0.1656494140625,0.1759033203125,0.1701322482197355,0.16695149739583334,0.16194661458333334,0.16202799479166666,0.15572102864583334,0.1563720703125,0.163818359375,0.15963377416073246,0.15975078389054037,0.16039732942517504,0.18343098958333334,0.15690104166666666,0.15450032552083334,0.15275065104166666,0.14208984375,0.134521484375,0.1201171875,0.10970498474059003,0.10104175144461626,0.10111902339776195,0.10432942708333333,0.10127766927083333,0.10213216145833333,0.09912109375,0.09887247120120486,0.08933588501160471,0.10347493489583333,0.09281412760416667,0.09932454427083333,0.0927734375,0.0989990234375,0.094482421875,0.09444173177083333,0.08907788719785138,0.08337741607324517,0.07889811197916667,0.08512369791666667,0.0795116988809766,0.08402506510416667,0.08,0.08008790135514589,0.07267252604166667,0.10347493489583333,0.088623046875,0.08528645833333333,0.07275390625,0.06811800610376399,0.070556640625,0.06201171875,0.06380727598274599,0.058634440104166664,0.05117036433950743,0.0577392578125,0.05916581892166836,0.058553059895833336,0.058349609375,0.0579067306909742,0.0548095703125,0.0926513671875,0.09012858072916667,0.07991536458333333,0.07084147135416667,0.05778465044355823,0.05139787571725064,0.049159646766776546,0.0562044686825933,0.055788402848423194,0.050130208333333336,0.059611002604166664,0.057698567708333336,0.057088216145833336,0.056559244791666664,0.057088216145833336,0.0526123046875,0.09256998697916667,0.08382161458333333,0.08036295572916667,0.063232421875,0.054646809895833336,0.048014322916666664,0.0462646484375,0.046601546601546605,0.0447998046875,0.04000325560574614,0.051432291666666664,0.054117838541666664,0.0527408130875351,0.05235729989414543,0.051597151576805694,0.04944048830111902,0.0869494423186518,0.08577473958333333,0.07340494791666667,0.0587158203125,0.051068158697863686,0.044638860630722275,0.041910807291666664,0.04055704861959443,0.039068858863747356,0.036994831305197186,0.051676432291666664,0.051554361979166664,0.050130208333333336,0.04944451226956416,0.048435019740323174,0.04753377828422595,0.07484932399413585,0.07523600260416667,0.06624348958333333,0.051920572916666664,0.036661783854166664,0.028116861979166668,0.025391658189216685,0.025187174479166668,0.02498880794432461,0.024171888988361683,0.02844354018311292,0.030029296875,0.029908443540183113,0.02881680166062925,0.0286865234375,0.02761485826001955,0.054375254375254374,0.052449544270833336,0.037394205729166664,0.030436197916666668,0.018922438349475056,0.015462239583333334,0.012614958899650036,0.01204917365464463,0.012044760935910477,0.011843711843711843,0.012005534755005697,0.011927053651388098,0.01193142484831209,0.013958409636593009,0.013509114583333334,0.012257197540416175,0.0335857352222765,0.026671553058066618,0.015828450520833332,0.008951822916666666,0.00634765625,0.00252319713495035,0.001546538602417484,0.0014241536458333333,0.0014242115971515768,0.0013843648208469055,0.0013850415512465374,0.0013852672750977837,0.0013450721447786744,0.004564349172711713,0.004481381895217143,0.004276114844227245,0.006393549438019222,0.006534613028384725,0.0017496744791666667,0.00048828125,0.00008138351983723296,0.00008140339452155154,0.00008141333550435561,0.00008143985666585227,0.0000814431730260211,0.00008148963044452594,0.00008156274213939073,0.00008155609020103576,0.00008149959250203749,0.00008152616990053807,0.00008156606851549755,0.00008154278957883149,0.00004071329696278805],"averageToxinCountInMales":[2.5322265625,2.5322265625,2.529821073558648,2.353781068217874,2.3083242059145674,2.4598930481283423,2.3534347142108025,2.456,2.5626168224299066,2.573802541544477,2.55727863931966,2.5927835051546393,2.618172537008678,2.614445034519384,2.669141039236479,2.6841309823677584,2.6782383419689118,2.6746113989637306,2.77369238736406,2.647925033467202,2.479811221814368,2.5391949152542375,2.4617817606747496,2.4507042253521125,2.6304086538461537,2.688400823610158,2.7522388059701495,2.723886639676113,2.647626709573612,2.6329704510108867,2.6248,2.532488114104596,2.488979591836735,2.444810543657331,2.4477892756349955,2.3898573692551506,2.3162544169611308,2.5320723684210527,2.4684444444444447,2.3499170812603647,2.3957264957264957,2.250211327134404,2.2497737556561086,2.330426356589147,2.333675564681725,2.4424528301886794,2.3779366700715014,2.1202651515151514,2.1383399209486167,2.095755182625864,2.1200453001132504,1.918174665617624,1.938294010889292,1.75046904315197,2.0022346368715085,2.0615199034981906,2.194895591647332,2.2312746386333773,2.1653944020356235,2.103734439834025,2.0682539682539685,2.090651558073654,2.2362869198312234,2.2328571428571427,2.2338593974175036,2.2380261248185778,2.2138263665594855,1.9517857142857142,1.8820882088208821,1.8627254509018036,2.0644418872266974,2.055084745762712,2.0615883306320906,2.0753424657534247,2.148367952522255,2.12,2.138333333333333,1.7744565217391304,1.7221438645980254,1.7179487179487178,1.7112068965517242,1.774607703281027,1.8113821138211381,1.5585429314830876,1.3827751196172249,1.373015873015873,1.4396984924623115,1.379360465116279,1.4036850921273032,1.379965457685665,1.4889267461669506,1.4946428571428572,1.4400826446280992,1.2857142857142858,1.251101321585903,1.2021116138763197,1.166412213740458,1.1646153846153846,1.2066115702479339,1.0762250453720508,0.9029918404351768,1.0010660980810235,1.0054421768707482,1.0282131661442007,1.0562613430127041,1.0896686159844056,1.097165991902834,1.0736842105263158,1.0568181818181819,1.2108731466227347,1.3147540983606558,1.3445945945945945,1.3626943005181347,1.3778558875219684,1.567467652495379,1.1184668989547037,1.006993006993007,1.0898587933247754,0.9983633387888707,0.7863636363636364,0.9156976744186046,0.8722044728434505,0.8778135048231511,0.8534201954397395,0.8350515463917526,1.1073446327683616,0.989247311827957,0.9919137466307277,0.9943977591036415,0.9915014164305949,1.0373831775700935,0.5522620904836193,0.5164835164835165,0.31263858093126384,0.31767955801104975,0.44339622641509435,0.313953488372093,0.34306569343065696,0.29457364341085274,0.29457364341085274,0.272,0.1875,0.1889763779527559,0.1889763779527559,0.16326530612244897,0.1702127659574468,0.1826086956521739,0.25888324873096447,0.2842809364548495,0.4685714285714286,0.31313131313131315,0.25757575757575757,0.16666666666666666,0.2777777777777778,0.2777777777777778,0.2777777777777778,0.29411764705882354,0.29411764705882354,0.29411764705882354,0.3125,0.08333333333333333,0.08620689655172414,0.07407407407407407,0.011764705882352941,0,0,0,0,0,0,0,0,0,0,0,0,0,0,0,0],