{"startTime":"2025-03-24T20:33:55.229Z","infectedMalesAtStart":16,"infectedFemalesAtStart":32,"toxinAntitoxinLength":3,"killRate":0.43565460147428803,"rescueRate":0.21846305747320338,"simulationLength":68,"infectionRatio":[0.004213483146067416,0.004213483146067416,0.0041674055683631845,0.012994765359537147,0.008951822916666666,0.010050455729166666,0.0123291015625,0.016764322916666668,0.015055338541666666,0.014485677083333334,0.0142822265625,0.013712565104166666,0.013591047812817905,0.0130615234375,0.012858072916666666,0.011962890625,0.011678059895833334,0.011683764859143462,0.01090849886030609,0.018229166666666668,0.011515299479166666,0.009765625,0.008585611979166666,0.008626302083333334,0.008382161458333334,0.007731119791666667,0.0087890625,0.008015950520833334,0.0078125,0.006266276041666667,0.006063072227873855,0.007120768229166667,0.007039388020833333,0.006999837213088068,0.00761028813283412,0.011759440104166666,0.007486979166666667,0.004557291666666667,0.0037434895833333335,0.004557291666666667,0.004923502604166667,0.004801627670396744,0.004638671875,0.004597981770833333,0.004435221354166667,0.004150390625,0.0040286481647269475,0.0039064089521871825,0.0037434895833333335,0.0032958984375,0.005249450638886628,0.005126953125,0.004313151041666667,0.0032958984375,0.0025634765625,0.0022379557291666665,0.0017496744791666667,0.0017496744791666667,0.001708984375,0.001708984375,0.001708984375,0.0016682942708333333,0.0005289713541666666,0.00048828125,0.0004883209896638724,0.00048828125,0.00040696727983070163,0.001708984375],"averageToxinCountInMales":[2.4375,2.4375,2.466666666666667,2.9133858267716537,2.6310679611650487,1.9444444444444444,1.510204081632653,1.7336683417085428,1.6923076923076923,1.6836158192090396,1.68,1.7117647058823529,1.725609756097561,1.7307692307692308,1.7450980392156863,1.6978417266187051,1.7028985507246377,1.7028985507246377,1.632,1.3688888888888888,1.5724137931034483,1.7768595041322315,1.7254901960784315,1.5204081632653061,1.4893617021276595,1.5348837209302326,1.4554455445544554,1.5632183908045978,1.6071428571428572,1.8181818181818181,1.84375,1.9027777777777777,1.9027777777777777,1.9027777777777777,1.1153846153846154,2.1796875,1.369047619047619,1.1224489795918366,1.0810810810810811,1.0566037735849056,1.0566037735849056,1.0588235294117647,1.08,1.08,1.0416666666666667,1.0888888888888888,1.0888888888888888,1.0930232558139534,1.048780487804878,1.1666666666666667,0.4482758620689655,0.8518518518518519,0.6875,0.75,0.6666666666666666,0.6190476190476191,0.8,0.8,0.8571428571428571,0.8571428571428571,0.8571428571428571,0.9230769230769231,3,3,3,3,4,4],"averageAntitoxinCountInFemales":[2.25,2.25,2.25,2.6346153846153846,2.2905982905982905,1.8992805755395683,1.7115384615384615,2.0093896713615025,1.9734042553191489,1.9720670391061452,1.9431818181818181,1.9880239520958083,1.9823529411764707,2.012121212121212,2.01840490797546,1.967741935483871,1.9395973154362416,1.9395973154362416,1.937062937062937,1.6053811659192825,1.9855072463768115,2.0672268907563027,2.1376146788990824,1.6666666666666667,1.6160714285714286,1.6346153846153846,1.5739130434782609,1.6181818181818182,1.6481481481481481,1.8522727272727273,1.8588235294117648,1.9805825242718447,1.99009900990099,2.01,1.5321100917431192,2.4161490683229814,1.57,1.1746031746031746,1.2363636363636363,1.2372881355932204,1.161764705882353,1.164179104477612,1.21875,1.2222222222222223,1.1147540983606556,1.1578947368421053,1.1296296296296295,1.0754716981132075,1.1176470588235294,1.2666666666666666,0.7887323943661971,1.1666666666666667,0.9482758620689655,1.1219512195121952,1.25,1.2058823529411764,1.2857142857142858,1.2857142857142858,1.2857142857142858,1.2857142857142858,1.2857142857142858,1.2857142857142858,4,4,4,4,4,4],"reproductiveSuccessOverTime":[0,0,0,0.00918357975939021,0.000040690104166666664,0,0,0,0,0,0.000040690104166666664,0,9.248127254231019e-7,9.247750946969697e-7,0.000040690104166666664,0,0,0,0,0,0,0,0,0,0,0,0,0,0,0,0,0,0.00008138020833333333,0.00004069672798307016,0.0000014033354476920745,0,0,0,0,0,0,0,0.000040690104166666664,0.00008138020833333333,0.0001220703125,0.000040690104166666664,0.0000406934158053227,0,0,0.00008138020833333333,0,0,0,0,0,0,0,0,0,0,0,0.00008138020833333333,0.000040690104166666664,0,0,0,0,0]}