{"startTime":"2025-03-24T21:01:06.836Z","infectedMalesAtStart":1024,"infectedFemalesAtStart":1024,"toxinAntitoxinLength":3,"killRate":0.5,"rescueRate":0.5,"simulationLength":165,"infectionRatio":[0.08333333333333333,0.08333333333333333,0.08301142434453851,0.08516438802083333,0.0897216796875,0.085205078125,0.07991536458333333,0.08072916666666667,0.08052571614583333,0.0748291015625,0.0771484375,0.08170572916666667,0.08268229166666667,0.08866373697916667,0.08951822916666667,0.09322102864583333,0.0938720703125,0.09385561301355919,0.09318033854166667,0.09769694010416667,0.10917154947916667,0.09077962239583333,0.0802001953125,0.067138671875,0.06306966145833333,0.0618896484375,0.0595703125,0.0687255859375,0.06730143229166667,0.0697021484375,0.06620279947916667,0.06746419270833333,0.06559244791666667,0.06537490840999756,0.06343587239583333,0.0572509765625,0.06730143229166667,0.060384114583333336,0.051472981770833336,0.0440673828125,0.039225260416666664,0.039957682291666664,0.040120442708333336,0.055135091145833336,0.0560302734375,0.053914388020833336,0.051961263020833336,0.052655137334689725,0.05241738564219437,0.0555103369689077,0.058837890625,0.055501302083333336,0.0751953125,0.07303873697916667,0.068359375,0.050496419270833336,0.0404052734375,0.035603841145833336,0.0340576171875,0.045857747395833336,0.047688802083333336,0.045979817708333336,0.04415415293207992,0.044966224464881584,0.04436846175764236,0.05016899458402899,0.056722005208333336,0.052775065104166664,0.07096354166666667,0.054239908854166664,0.051961263020833336,0.0416259765625,0.034505208333333336,0.031453450520833336,0.0291748046875,0.033203125,0.0333251953125,0.03304170905391658,0.032552083333333336,0.030111902339776196,0.030483089821334092,0.03582478423709493,0.035888671875,0.038004557291666664,0.06717936197916667,0.050740559895833336,0.043863932291666664,0.036905924479166664,0.030069986979166668,0.02734375,0.0250244140625,0.023316378433367244,0.024821973550356053,0.024335652952427463,0.024169921875,0.021931966145833332,0.021484375,0.02242207210873281,0.021165744057310323,0.020426432291666668,0.0411376953125,0.028401692708333332,0.021687825520833332,0.019083658854166668,0.015869140625,0.013142903645833334,0.010701497395833334,0.010416666666666666,0.011189778645833334,0.011109302514853097,0.010905835435826483,0.010703239459547452,0.010620549338758901,0.009765625,0.010867353168627131,0.008748372395833334,0.022584845771954097,0.023152669270833332,0.018269856770833332,0.012939453125,0.008829752604166666,0.005859375,0.0057373046875,0.005656384796939855,0.005616834221987057,0.005617291488582244,0.005615234375,0.005533854166666667,0.005371312309257375,0.005330837470497274,0.005172905380636227,0.004069010416666667,0.006306966145833333,0.005615234375,0.00362171400667372,0.0017496744791666667,0.0015462239583333333,0.000732421875,0.0007324516785350967,0.0007326007326007326,0.0007327498473437818,0.0007332274227056092,0.0006513331976389172,0.0006512271561724123,0.0006104012370798405,0.0006103515625,0.0006116706765077682,0.0005696614583333334,0.0035400390625,0.0024007161458333335,0.0021565755208333335,0.0020751953125,0.00146484375,0.00146484375,0.0014649629689916172,0.0014247913698351314,0.0014249653936975815,0.0014251974916524148,0.0014256038450572279,0.0014255457803844902,0.0014244434495950511,0.0014241536458333333,0.0010588474852372225,0.0006103515625,0.0002848307291666667],"averageToxinCountInMales":[2.517578125,2.517578125,2.5154845154845153,2.444866920152091,2.5302619692863595,2.4822429906542056,2.4519038076152304,2.480243161094225,2.446521287642783,2.401360544217687,2.5521405049396266,2.4943240454076365,2.5,2.392514395393474,2.308920187793427,2.3458110516934045,2.3327386262265835,2.330357142857143,2.417733089579525,2.4843617920541,2.4414414414414414,2.334845735027223,2.262564102564103,2.2446675031367627,2.3248663101604277,2.4765729585006695,2.4579310344827587,2.325693606755127,2.407178217821782,2.3863636363636362,2.3718274111675126,2.3865853658536587,2.3911949685534593,2.3929024081115338,2.370860927152318,2.2708638360175697,2.383270911360799,2.359565807327001,2.3905996758508916,2.341698841698842,2.3224400871459694,2.449893390191898,2.4696969696969697,2.189522342064715,2.1755725190839694,2.152139461172742,2.1759868421052633,2.1984,2.1858974358974357,2.0787518573551265,2.0946327683615817,2.301492537313433,2.5795090715048024,2.496208017334778,2.5997679814385153,2.5899843505477307,2.5668662674650697,2.6575963718820863,2.5869565217391304,2.3857404021937842,2.3020833333333335,2.233511586452763,2.196629213483146,2.1280148423005567,2.1393596986817327,1.9743178170144462,1.9467040673211782,2.0791476407914766,2.3351893095768372,2.2936046511627906,2.3869499241274656,2.406614785992218,2.365967365967366,2.317135549872123,2.4,2.245,2.301507537688442,2.3073047858942064,2.2997416020671833,2.2770083102493075,2.2561307901907357,1.9439252336448598,1.9583333333333333,2.313063063063063,2.5484261501210654,2.4879227053140096,2.516728624535316,2.488986784140969,2.4768392370572205,2.470414201183432,2.531847133757962,2.6097560975609757,2.5663430420711975,2.5566666666666666,2.557046979865772,2.5842696629213484,2.581749049429658,2.4154411764705883,2.464,2.47008547008547,2.675619834710744,2.634218289085546,2.634980988593156,2.7435897435897436,2.766839378238342,2.8780487804878048,2.8656716417910446,2.890625,2.8260869565217392,2.838235294117647,2.8358208955223883,2.8333333333333335,2.830769230769231,2.884297520661157,2.7194244604316546,2.6517857142857144,2.5892857142857144,2.6468531468531467,2.6327433628318584,2.5197368421052633,2.4466019417475726,2.445945945945946,2.445945945945946,2.452054794520548,2.4583333333333335,2.4583333333333335,2.4583333333333335,2.4571428571428573,2.484848484848485,2.4923076923076923,2.507936507936508,2.5121951219512195,2.2625,2.358974358974359,2.1041666666666665,2.1153846153846154,2.125,2.3,2.3,2.3,2.3,2.3,2.375,2.375,2.4285714285714284,2.4285714285714284,2.4285714285714284,2.4285714285714284,2.2,2,2,2,2,2,2,2,2,2,2,2,2,2,2,2,2],