{"startTime":"2025-03-24T20:33:55.228Z","infectedMalesAtStart":16,"infectedFemalesAtStart":32,"toxinAntitoxinLength":3,"killRate":0.8711660358087097,"rescueRate":0.3110429482723832,"simulationLength":60,"infectionRatio":[0.004105371193978789,0.004105371193978789,0.004140072451267897,0.002103378831953457,0.0035820409492408516,0.004842122395833333,0.004557291666666667,0.006062825520833333,0.006591796875,0.006591796875,0.006306966145833333,0.005696614583333333,0.008260091145833334,0.008626302083333334,0.00830078125,0.009033203125,0.008912583428292365,0.00891657505801881,0.008748728382502543,0.0078125,0.006429036458333333,0.005289713541666667,0.004679361979166667,0.004069010416666667,0.004069010416666667,0.005331271365782191,0.005208333333333333,0.00341796875,0.008585961342828078,0.008219401041666666,0.005208333333333333,0.006551106770833333,0.007853190104166666,0.0074878932161315265,0.009114583333333334,0.0078125,0.007080078125,0.005900065104166667,0.0045166015625,0.005045572916666667,0.0032552083333333335,0.0024007161458333335,0.0016682942708333333,0.0010986328125,0.0010579427083333333,0.0009358723958333334,0.0009358723958333334,0.0009359104781281791,0.0008952187182095626,0.0008544921875,0.0015055338541666667,0.0013834635416666667,0.0011800130208333333,0.0011393229166666667,0.0010986328125,0.0007324516785350967,0.0002848307291666667,0.0002848307291666667,0.0001220703125,0.000040690104166666664],"averageToxinCountInMales":[2.125,2.125,2.125,2.066666666666667,1.6764705882352942,3.3035714285714284,3.314814814814815,2.8875,3,2.9887640449438204,2.9529411764705884,2.948717948717949,3.089108910891089,2.9537037037037037,2.9805825242718447,2.893805309734513,2.8839285714285716,2.8839285714285716,2.871559633027523,2.8969072164948453,2.617283950617284,2.65,2.86,2.6666666666666665,3.108695652173913,2.8360655737704916,2.830508474576271,2.2941176470588234,2.099009900990099,2.11,2.564516129032258,2.038961038961039,2.03125,1.967032967032967,2.205357142857143,2.21875,2.134831460674157,2.1794871794871793,2.161290322580645,2.3015873015873014,2.475,2.4074074074074074,2.55,2.857142857142857,2.923076923076923,2.909090909090909,2.909090909090909,2.909090909090909,2.9,2.888888888888889,4.368421052631579,4.368421052631579,4.8125,4.8125,4.8125,4.7272727272727275,5,5,5,5],"averageAntitoxinCountInFemales":[2.375,2.375,2.375,2.375,1.7222222222222223,2.9523809523809526,2.9655172413793105,2.8840579710144927,3.013333333333333,3,2.9714285714285715,2.9516129032258065,2.9019607843137254,2.798076923076923,2.8514851485148514,2.770642201834862,2.7476635514018692,2.7476635514018692,2.7358490566037736,2.768421052631579,2.5584415584415585,2.585714285714286,2.6615384615384614,2.7241379310344827,2.9444444444444446,2.7142857142857144,2.7246376811594204,2.24,2.109090909090909,2.1862745098039214,2.409090909090909,2.011904761904762,2.0103092783505154,2.021505376344086,2.169642857142857,2.1770833333333335,2.0352941176470587,1.955223880597015,1.7755102040816326,1.901639344262295,2.05,2.0625,2.142857142857143,2.3846153846153846,2.3846153846153846,2.3333333333333335,2.3333333333333335,2.3333333333333335,2.3333333333333335,2.3333333333333335,4.111111111111111,4.4,4.769230769230769,4.75,5,5,5,5,5,null],"reproductiveSuccessOverTime":[0,0,0,0.007921235175654509,0.00024423006472096715,0,0,0.0000012715657552083333,0,0,0,0.000040690104166666664,0,0,0,0,0.00008139345596614032,0.00004071495460282562,0.00004069175991861648,0,0,0,0,0,0,0,0,0.000040690104166666664,0,0,0,0.000040690104166666664,0.000040690104166666664,0,0,0,0,0,0,0,0,0,0,0.000040690104166666664,0.00008138020833333333,0.00008138020833333333,0.000040690104166666664,0,0,0.00008138020833333333,0.00008138020833333333,0,0,0,0,0,0,0.000040690104166666664,0,0]}