{"startTime":"2025-03-24T20:33:55.229Z","infectedMalesAtStart":16,"infectedFemalesAtStart":32,"toxinAntitoxinLength":3,"killRate":0.8711660358087097,"rescueRate":0.5558352754804061,"simulationLength":67,"infectionRatio":[0.0039946737683089215,0.0039946737683089215,0.004032935641068728,0.006072512948740847,0.006876627604166667,0.0064697265625,0.006510416666666667,0.006184895833333333,0.005533854166666667,0.008097330729166666,0.005452473958333333,0.004638671875,0.004597981770833333,0.00439453125,0.0038655598958333335,0.0035400390625,0.0035400390625,0.0035404712489317544,0.0031331380208333335,0.005208333333333333,0.003946940104166667,0.0035400390625,0.003296300817970944,0.0030517578125,0.0028483072916666665,0.0032958984375,0.003173828125,0.0027669270833333335,0.0027262369791666665,0.0022786458333333335,0.0021158854166666665,0.0020345052083333335,0.002034587995930824,0.002034587995930824,0.0014241536458333333,0.0027262369791666665,0.0025634765625,0.002522889114954222,0.0021565755208333335,0.0012613932291666667,0.001017293997965412,0.0010172526041666667,0.0010172526041666667,0.0010172526041666667,0.0010172526041666667,0.00048828125,0.00048828125,0.00048828125,0.00048828125,0.0004883408619216213,0.0004477004477004477,0.0007731119791666666,0.0007731119791666666,0.0005696614583333334,0.00020345052083333334,0.00020345052083333334,0.0002034587995930824,0.00020351676978183002,0.00016276041666666666,0.00016276041666666666,0.00016276041666666666,0.00016276041666666666,0.0001627736632212908,0.00016276041666666666,0.0001627670396744659,0.00016278691193228064,0.00004070169726077577],"averageToxinCountInMales":[1.9375,1.9375,1.9375,2.2096774193548385,2.2962962962962963,2.3157894736842106,2.5316455696202533,2.533333333333333,2.5970149253731343,1.99,2.292307692307692,2.4464285714285716,2.4464285714285716,2.4363636363636365,2.52,2.5,2.5,2.5,2.3333333333333335,4.424242424242424,4.769230769230769,4.958333333333333,5,5,5,4.590909090909091,4.560975609756097,4.485714285714286,4.470588235294118,4.379310344827586,4.3076923076923075,4.28,4.28,4.28,5,5,5,5,5,5,5,5,5,5,5,5,5,5,5,5,5,5,5,5,5,5,5,5,5,5,5,5,5,5,5,5,null],"averageAntitoxinCountInFemales":[2.40625,2.40625,2.40625,2.2837837837837838,2.284090909090909,2.3012048192771086,2.4691358024691357,2.4545454545454546,2.4782608695652173,1.9191919191919191,1.9420289855072463,2.1379310344827585,2.1403508771929824,2.0943396226415096,2.1555555555555554,2.1627906976744184,2.1627906976744184,2.1627906976744184,2.1219512195121952,4.129032258064516,4.533333333333333,4.923076923076923,4.918918918918919,4.914285714285715,4.90625,4.513513513513513,4.513513513513513,4.454545454545454,4.454545454545454,4.333333333333333,4.3076923076923075,4.28,4.28,4.28,5,5,5,5,5,5,5,5,5,5,5,5,5,5,5,5,5,5,5,5,5,5,5,5,5,5,5,5,5,5,5,5,5],"reproductiveSuccessOverTime":[0,0,0,0.007412037863904268,0,0,0,0,0,0,0,0,0,0,0,0,0.000040690104166666664,0.00004069507182680177,0,0,0,0,0,0,0,0,0,0,0,0,0,0.00008138020833333333,0.00008138351983723296,0.00012207527975584945,0,0,0,0,0,0,0,0,0,0.000040690104166666664,0.000040690104166666664,0,0,0,0.00008138020833333333,0.00012208521548040532,0,0,0,0,0,0,0,0.00004070335395636601,0,0,0,0,0,0,0,0,0]}