{"startTime":"2025-03-24T20:10:07.200Z","infectedMalesAtStart":1024,"infectedFemalesAtStart":1024,"toxinAntitoxinLength":3,"killRate":0.75,"rescueRate":0.75,"simulationLength":144,"infectionRatio":[0.1678963764551566,0.1678963764551566,0.16763293026337586,0.16061362166158397,0.1614116877274772,0.15472604412602783,0.1473388671875,0.14603678385416666,0.15478515625,0.15889485677083334,0.16630045572916666,0.16426595052083334,0.16817220052083334,0.17073567708333334,0.16927083333333334,0.164306640625,0.16056315104166666,0.16038427094358057,0.15993163227933097,0.15673828125,0.14274088541666666,0.14115397135416666,0.13412004069175992,0.12923177083333334,0.13045247395833334,0.1248779296875,0.11836751302083333,0.112548828125,0.10819498697916667,0.10233561197916667,0.0968017578125,0.0910718645723122,0.0877014488035162,0.08916653101090673,0.0920522524722256,0.10359700520833333,0.09073893229166667,0.08902994791666667,0.0733642578125,0.0762939453125,0.07352701822916667,0.06918162210556301,0.06339518229166667,0.056355794270833336,0.055948893229166664,0.057454427083333336,0.05363173957273652,0.049845377604166664,0.047892252604166664,0.047826440898730053,0.049574667263624896,0.054402669270833336,0.057413736979166664,0.0572509765625,0.0506591796875,0.058512369791666664,0.0584716796875,0.056640625,0.050740559895833336,0.045166015625,0.042115971515768055,0.04052734375,0.038492838541666664,0.03754989003828297,0.035196940104166664,0.034550115980954706,0.03514845436402884,0.043009440104166664,0.041585286458333336,0.037801106770833336,0.032389322916666664,0.044108072916666664,0.0428466796875,0.044474283854166664,0.041463216145833336,0.036376953125,0.03483639915350806,0.034016927083333336,0.03344862665310275,0.032248870067999515,0.03166076588125178,0.02994913530010173,0.032309257375381484,0.034830729166666664,0.030721028645833332,0.027303059895833332,0.021809895833333332,0.0262451171875,0.022542317708333332,0.021077473958333332,0.020835028892325223,0.020061037639877925,0.019860003255738237,0.017747384703056947,0.01729962958440184,0.017265952681516473,0.016642252604166668,0.014324665283034225,0.02437436419125127,0.025797526041666668,0.019775390625,0.016072591145833332,0.010945638020833334,0.009236653645833334,0.0074462890625,0.0067138671875,0.006673177083333333,0.0066332967077686895,0.006552439868137235,0.006554307116104869,0.006559113501181455,0.006555374592833876,0.005981688708036623,0.004801432291666667,0.009075001017376795,0.008748372395833334,0.011149088541666666,0.005900065104166667,0.00390625,0.0024820963541666665,0.0023600260416666665,0.0020751953125,0.0020751953125,0.0020756175979813603,0.002076040055361068,0.002076293612343769,0.0020761245674740486,0.0020753642060714578,0.001953125,0.0019124348958333333,0.0014242115971515768,0.0010986328125,0.0008951822916666666,0.0006510416666666666,0.0003255208333333333,0.00020345052083333334,0.00020345052083333334,0.0002034587995930824,0.00020348363991535081,0.00020363280931823735,0.00020374898125509371,0.00020390685534847682,0.00020378219758721878,0.0001220703125],"averageToxinCountInMales":[2.5146484375,2.5146484375,2.5209580838323356,2.439814814814815,2.453077699293643,2.5313984168865433,2.534675615212528,2.5677966101694913,2.4621938232161873,2.472660357518402,2.545131845841785,2.501530612244898,2.5246478873239435,2.5537475345167655,2.5081562036579337,2.5396341463414633,2.5341323606044814,2.5334378265412747,2.5023646873357857,2.4105995717344753,2.5673758865248226,2.718658034137728,2.685870224378411,2.6333754740834387,2.5835443037974684,2.596179183135705,2.587950138504155,2.5261627906976742,2.528709917971663,2.5568,2.536206896551724,2.5495905368516834,2.535277516462841,2.4805555555555556,2.4391582799634035,2.233518665607625,2.3688073394495412,2.238929889298893,2.201764057331863,2.12540192926045,2.0022346368715085,2.0024183796856105,2.020969855832241,1.96875,1.912912912912913,2.035036496350365,2.028125,1.9780405405405406,1.972318339100346,1.9685314685314685,1.9342327150084317,1.9060205580029368,1.6633663366336633,1.8328729281767955,1.8280757097791798,1.8783068783068784,1.7733160621761659,1.7105978260869565,1.7142857142857142,1.581911262798635,1.5100182149362478,1.4915572232645404,1.4772277227722772,1.4723926380368098,1.511879049676026,1.5612472160356348,1.541387024608501,1.443609022556391,1.034351145038168,1.284518828451883,1.4075,1.5827338129496402,1.5578747628083491,1.408273381294964,1.4932562620423893,1.5294117647058822,1.5426008968609866,1.5642201834862386,1.5505882352941176,1.5599022004889975,1.5497512437810945,1.6068601583113455,1.9037974683544303,1.7936893203883495,1.5359116022099448,1.513677811550152,1.4408163265306122,1.7508532423208192,1.4708171206225682,1.5352697095435686,1.5611814345991561,1.6140350877192982,1.6294642857142858,1.5808080808080809,1.6197916666666667,1.6197916666666667,1.618279569892473,1.5649350649350648,2.3986254295532645,2.222591362126246,2.131004366812227,2.125,2.1603053435114505,2,2,1.7848101265822784,1.7848101265822784,1.7848101265822784,1.7820512820512822,1.7820512820512822,1.7820512820512822,1.7820512820512822,1.7142857142857142,1.6730769230769231,3.663551401869159,3.03,3.022222222222222,2.8309859154929575,3.717391304347826,4.275862068965517,4.392857142857143,4.260869565217392,4.260869565217392,4.260869565217392,4.260869565217392,4.260869565217392,4.260869565217392,4.260869565217392,4.181818181818182,4.181818181818182,3.3333333333333335,3.5,5.583333333333333,6,6,6,6,6,6,6,6,6,6,6],"averageAntitoxinCountInFemales":[2.541015625,2.541015625,2.540117416829746,2.4456521739130435,2.460050890585242,2.5445960125918154,2.547190398254228,2.60087960417812,2.5399792315680165,2.55017473789316,2.609456264775414,2.578719306692345,2.6083916083916083,2.6231549815498156,2.571361722040243,2.5719806763285025,2.565860878145042,2.5661401776900297,2.5046867291563886,2.4712701612903225,2.5919603524229076,2.6107344632768363,2.573163327261688,2.5087829360100375,2.5043050430504303,2.502256608639587,2.483959044368601,2.476978417266187,2.449165402124431,2.46798418972332,2.4232977850697295,2.4284460052677788,2.370879120879121,2.3294329432943295,2.30196749358426,2.1872571872571873,2.269298245614035,2.1884057971014492,2.1785714285714284,2.140127388535032,2.0625,2.111111111111111,2.1559748427672956,2.1051893408134643,2.063469675599436,2.1801925722145805,2.1651917404129795,2.118483412322275,2.1452420701168613,2.142620232172471,2.0688,1.9679878048780488,1.7002840909090908,1.91800878477306,1.9247135842880523,1.8577712609970674,1.7428571428571429,1.711890243902439,1.7215619694397284,1.6393129770992367,1.5864197530864197,1.5593952483801297,1.530612244897959,1.5219399538106235,1.537313432835821,1.5775,1.5552884615384615,1.4057142857142857,1.0562248995983936,1.29490022172949,1.4671717171717171,1.6022727272727273,1.520912547528517,1.4245810055865922,1.504,1.560919540229885,1.5731707317073171,1.5725,1.584382871536524,1.5926892950391645,1.5930851063829787,1.6162464985994398,1.9348370927318295,1.7545045045045045,1.5521628498727735,1.5555555555555556,1.556701030927835,1.7926136363636365,1.5858585858585859,1.6317689530685922,1.6436363636363636,1.7018867924528303,1.7083333333333333,1.6764705882352942,1.703862660944206,1.6982758620689655,1.704035874439462,1.7575757575757576,2.4123376623376624,2.234234234234234,2.1206225680933852,2.0049261083743843,2.050724637681159,1.956140350877193,1.8804347826086956,1.872093023255814,1.8823529411764706,1.880952380952381,1.9036144578313252,1.9036144578313252,1.9036144578313252,1.9036144578313252,1.922077922077922,2.090909090909091,3.3793103448275863,2.982608695652174,3.129496402877698,2.72972972972973,3.52,3.96875,4,3.857142857142857,3.857142857142857,3.857142857142857,3.857142857142857,3.857142857142857,3.857142857142857,3.857142857142857,3.6923076923076925,3.6,3,3.0588235294117645,6,6,6,6,6,6,6,6,6,6,6,6],