{"startTime":"2025-03-24T20:33:55.228Z","infectedMalesAtStart":16,"infectedFemalesAtStart":32,"toxinAntitoxinLength":3,"killRate":0.04081100388175807,"rescueRate":0.9115629132559072,"simulationLength":38,"infectionRatio":[0.003960069301212771,0.003960069301212771,0.003994341349754515,0.0021216407355021216,0.0014254877204414938,0.0011393229166666667,0.0025634765625,0.0032145182291666665,0.0029296875,0.0028483072916666665,0.0024007161458333335,0.0038655598958333335,0.0037434895833333335,0.0037027994791666665,0.004069010416666667,0.0052490234375,0.00439453125,0.004396857061433864,0.004315082434357826,0.0033365885416666665,0.0021158854166666665,0.0017496744791666667,0.006306966145833333,0.0062255859375,0.006144205729166667,0.0054931640625,0.005167643229166667,0.0045166015625,0.004475911458333333,0.0037029501525940997,0.0032958984375,0.0030110677083333335,0.0030110677083333335,0.0028889973958333335,0.0030111902339776194,0.0013834635416666667,0.0011800130208333333,0.0008546312876444734],"averageToxinCountInMales":[2.625,2.625,2.625,2.625,2.375,2.4,3.5217391304347827,3.5555555555555554,3.787878787878788,3.84375,4,3.702127659574468,3.702127659574468,3.652173913043478,3.63265306122449,3.4477611940298507,3.517857142857143,3.517857142857143,3.574074074074074,3.5681818181818183,3.7857142857142856,3.8095238095238093,2.6179775280898876,2.5977011494252875,2.588235294117647,2.5844155844155843,2.5,2.564516129032258,2.5737704918032787,2.5416666666666665,2.4651162790697674,2.45,2.45,2.45,2.9,2.176470588235294,2.176470588235294,2.3],"averageAntitoxinCountInFemales":[2.875,2.875,2.875,2.875,2.888888888888889,3.0434782608695654,3.5,3.697674418604651,3.717948717948718,3.736842105263158,3.53125,3.7291666666666665,3.8,3.8,3.823529411764706,3.693548387096774,3.826923076923077,3.826923076923077,3.826923076923077,3.8421052631578947,4.125,4.090909090909091,2.393939393939394,2.393939393939394,2.393939393939394,2.293103448275862,2.309090909090909,2.2244897959183674,2.2244897959183674,2.2093023255813953,2.236842105263158,2.2058823529411766,2.2058823529411766,2.225806451612903,2.9705882352941178,2,2,2],"reproductiveSuccessOverTime":[0,0,0,0.007425742574257425,0.00008145644116808537,0,0,0,0,0,0,0.000040690104166666664,0,0.000040690104166666664,0,0,0.00008138020833333333,0.00008142327891544193,0,0,0,0,0,0,0,0,0,0,0,0,0,0.00008138020833333333,0.00008138020833333333,0,0,0,0,0]}