{"startTime":"2025-03-24T20:43:41.882Z","infectedMalesAtStart":1024,"infectedFemalesAtStart":1024,"toxinAntitoxinLength":3,"killRate":0.18988532376533052,"rescueRate":0.3509822309631796,"simulationLength":197,"infectionRatio":[0.08333333333333333,0.08333333333333333,0.08342232810317916,0.08036295572916667,0.08048502604166667,0.083984375,0.08577473958333333,0.08426920572916667,0.09163411458333333,0.09053548177083333,0.0887451171875,0.08430989583333333,0.0850830078125,0.083740234375,0.085693359375,0.080322265625,0.0772705078125,0.07722369224506412,0.07686360677083333,0.060139973958333336,0.056599934895833336,0.07129196337741607,0.06978352864583333,0.07230925737538149,0.07019328585961343,0.0736083984375,0.07576497395833333,0.0713733468972533,0.068603515625,0.06946083418107833,0.06730143229166667,0.0635986328125,0.06380208333333333,0.06262461851475076,0.064453125,0.056233723958333336,0.052775065104166664,0.07731119791666667,0.07023111979166667,0.061159715157680566,0.061360677083333336,0.06709798177083333,0.06986490885416667,0.06583926754832146,0.064453125,0.06306966145833333,0.062744140625,0.059855143229166664,0.056599934895833336,0.0550604321816628,0.05749745676500509,0.060559195799926746,0.0491943359375,0.08028484231943031,0.0748291015625,0.06901041666666667,0.06368001302083333,0.0660400390625,0.06458833584306703,0.0625,0.0650634765625,0.06306966145833333,0.06457782299084436,0.060831705729166664,0.058758901322482196,0.057047526041666664,0.05420362985268983,0.055788402848423194,0.055501302083333336,0.0841064453125,0.07194010416666667,0.0576171875,0.049397786458333336,0.047932942708333336,0.049357096354166664,0.048868815104166664,0.054972330729166664,0.053751627604166664,0.05639877924720244,0.055013020833333336,0.054117838541666664,0.050541222430210794,0.0523916140850804,0.048868815104166664,0.045450846354166664,0.07014973958333333,0.05892166836215666,0.048665364583333336,0.04411345786025312,0.039593082400813835,0.0400390625,0.04081383519837233,0.042195638020833336,0.040852864583333336,0.03931143938469051,0.03698880976602238,0.03662407422479043,0.03723599072152362,0.03553836759617342,0.034912109375,0.033650716145833336,0.0509033203125,0.045654296875,0.036826042726347916,0.029866536458333332,0.026407877604166668,0.02319524700903394,0.025676500508646997,0.025472005208333332,0.02544166734511113,0.025362318840579712,0.02504071661237785,0.024880889359449446,0.025375748442018654,0.02262922262922263,0.016119840429862413,0.018636067708333332,0.029947916666666668,0.022745768229166668,0.018189216683621567,0.013142903645833334,0.010824008138351984,0.010785510785510785,0.009934044458920283,0.009766817238432425,0.009770395701025891,0.009609903086570568,0.009614209475699678,0.009453182299731073,0.009286790762087084,0.007854148862572742,0.004072987943955686,0.001953125,0.007283528645833333,0.0067141403865717195,0.004720436233417433,0.0042724609375,0.0039472613331163016,0.0035808748728382504,0.0032145182291666665,0.003173828125,0.003133520530663737,0.0030118030118030117,0.0029311187103077674,0.0029315960912052116,0.002321792260692464,0.0021164882575603404,0.0017094712849525825,0.0006917317708333334,0.007853190104166666,0.006876627604166667,0.006022135416666667,0.005656845189646752,0.004964192708333333,0.004231770833333333,0.004109700520833333,0.0035808748728382504,0.0035400390625,0.003540615334527104,0.0034602076124567475,0.0034609120521172636,0.0030116804362866796,0.002768166089965398,0.0011396939107782482,0.000813868316106454,0.003540327175063075,0.0019938151041666665,0.0019938151041666665,0.001749816879628876,0.001627736632212908,0.0015055338541666667,0.0013834635416666667,0.0010986775178026449,0.0010173353951330674,0.0010173353951330674,0.0010173767956700443,0.0010176252696706964,0.00101758384890915,0.0009368635437881873,0.0006510416666666666,0.000284935075507795,0.0037841796875,0.0037841796875,0.0028483072916666665,0.00252309445326171,0.002441903056448659,0.0023607945294692283,0.001994058519513287,0.0019939773744608123,0.0019938151041666665,0.001994058519513287,0.001994058519513287,0.0019938151041666665,0.0019938962360122074,0.0019589438027996574,0.0009359104781281791,0.00012211006186909801],"averageToxinCountInMales":[2.51953125,2.51953125,2.5208333333333335,2.4132397191574726,2.4857142857142858,2.6573628488931664,2.5190114068441063,2.672497570456754,2.5764388489208634,2.5400921658986175,2.5486307837582625,2.5623762376237624,2.5182987141444113,2.5455475946775845,2.689175769612711,2.7886872998932764,2.812222222222222,2.816258351893096,2.58454647256439,2.741159830268741,2.3853073463268366,3.001150747986191,3.0632458233890216,3.0299539170506913,3.1639534883720932,2.992248062015504,3.1194029850746268,3.1496598639455784,3.1635071090047395,3.1031652989449006,3.1210653753026634,3.0653008962868116,2.9936305732484074,2.989637305699482,2.7914032869785084,2.898826979472141,2.751166407465008,2.9104638619201726,2.8595041322314048,2.8317757009345796,3.13262599469496,2.5883040935672517,2.565410199556541,2.5218934911242603,2.5406060606060605,2.521951219512195,2.4324324324324325,2.4408740359897174,2.503382949932341,2.516759776536313,2.331989247311828,2.0012738853503187,2.096774193548387,2.4556962025316458,2.539832285115304,2.5756880733944953,2.640151515151515,2.316564417177914,2.3147914032869785,2.2624671916010497,2.33875,2.353470437017995,2.2659974905897116,2.1626666666666665,2.1638888888888888,2.160458452722063,2.1039755351681957,1.8851251840942562,1.9176646706586826,1.692090395480226,1.8734602463605823,1.7660485021398002,1.973018549747049,1.9166666666666667,1.9089403973509933,1.9101497504159735,2.180597014925373,2.199391171993912,2.084057971014493,2.0776119402985076,2.076103500761035,2.099836333878887,2.1953125,2.089700996677741,2.378927911275416,2.1292200232828873,2.0508474576271185,2.0188034188034187,2.111317254174397,2.05327868852459,2.0245901639344264,2.0098039215686274,2.1749049429657794,2.177734375,2.1731160896130346,2.0495689655172415,2.0521739130434784,2.174468085106383,2.1848552338530065,2.436651583710407,3,2.283464566929134,2.21824686940966,1.9625550660792952,1.896551724137931,1.7250755287009063,1.543859649122807,1.5823170731707317,1.6163141993957704,1.6090909090909091,1.600609756097561,1.609907120743034,1.6144200626959249,1.7345679012345678,1.6551724137931034,1.6634146341463414,2.6556603773584904,1.7738419618528611,1.823321554770318,1.6724890829694323,1.6647058823529413,1.4296296296296296,1.4296296296296296,1.4523809523809523,1.456,1.456,1.4672131147540983,1.4672131147540983,1.4789915966386555,1.4871794871794872,1.59375,1.3333333333333333,1.5217391304347827,1.127659574468085,1.1428571428571428,1.2033898305084745,1.1666666666666667,1.1875,1,1,1,1,1,1,1,1,1,1,1,1,1,1,1,1,1,1,1,1,1,1,1,1,1,1,1,1,1,1,1,1,1,1,1,1,1,1,1,1,1,1,1,1,1,1,1,1,1,1,1,1,1,1,1,1,1,1,1],