{"startTime":"2025-03-24T20:33:55.228Z","infectedMalesAtStart":16,"infectedFemalesAtStart":32,"toxinAntitoxinLength":3,"killRate":0.860557565166468,"rescueRate":0.3110429482723832,"simulationLength":34,"infectionRatio":[0.003999000249937516,0.003999000249937516,0.004032935641068728,0.002620358855924676,0.0015055951169888097,0.0017496744791666667,0.0021158854166666665,0.0013427734375,0.0012613932291666667,0.0011800130208333333,0.0026041666666666665,0.0015462239583333333,0.0010172526041666667,0.0008138020833333334,0.0007731119791666666,0.0007731119791666666,0.0007731119791666666,0.0007734266872913783,0.0007732063647092338,0.0006103515625,0.0003255208333333333,0.000244140625,0.0001220703125,0.0008544921875,0.0008544921875,0.0008544921875,0.0005289713541666666,0.0003255208333333333,0.0003255208333333333,0.0003255208333333333,0.0003255208333333333,0.00020345052083333334,0.00020345052083333334,0.00016278691193228064],"averageToxinCountInMales":[2.5625,2.5625,2.5625,2.740740740740741,2.3333333333333335,2.2,2.227272727272727,2.2,2.2857142857142856,2.2857142857142856,2.606060606060606,2.5789473684210527,2.6666666666666665,2.2222222222222223,2,2,2,2,2,2,2,2,2,2,2,2,2,2,2,2,2,2,2,2],"averageAntitoxinCountInFemales":[2.53125,2.53125,2.53125,2.53125,2.48,2.2142857142857144,2.2,2.2222222222222223,2.176470588235294,2,2.4516129032258065,2.3684210526315788,2.230769230769231,1.7272727272727273,1.7272727272727273,1.7272727272727273,1.7272727272727273,1.7272727272727273,1.7272727272727273,1.75,2,2,2,2,2,2,2,2,2,2,2,2,2,2],"reproductiveSuccessOverTime":[0,0,0,0.007163027245713252,0.00012207527975584945,0,0,0,0,0,0,0,0,0,0,0,0.0001220703125,0.00008141333550435561,0,0,0,0,4.571921816479401e-7,0,0,0,0,0,0,0,0,0,0.000040690104166666664,0.00004069672798307016]}