{"startTime":"2025-03-24T20:33:55.228Z","infectedMalesAtStart":16,"infectedFemalesAtStart":32,"toxinAntitoxinLength":3,"killRate":0.860557565166468,"rescueRate":0.21846305747320338,"simulationLength":70,"infectionRatio":[0.003978779840848806,0.003978779840848806,0.004013713521197424,0.0023462958939821856,0.001708984375,0.007609049479166667,0.006754557291666667,0.007853190104166666,0.0093994140625,0.008260091145833334,0.007975260416666666,0.01025390625,0.009765625,0.0125732421875,0.0123291015625,0.012044270833333334,0.01171875,0.011724952163823637,0.010987669393236478,0.00927734375,0.007120768229166667,0.005900065104166667,0.005045572916666667,0.009358723958333334,0.005900065104166667,0.0057373046875,0.005452917717913242,0.006184895833333333,0.006999552354209905,0.0096435546875,0.009765625,0.009522646807471615,0.008260091145833334,0.007609359104781282,0.006917599186164801,0.005045572916666667,0.0030517578125,0.005086263020833333,0.0029703776041666665,0.0020751953125,0.0020345052083333335,0.001708984375,0.0013834635416666667,0.0010172526041666667,0.000732421875,0.0005289713541666666,0.0005289713541666666,0.0004475911458333333,0.0004476093591047813,0.000244140625,0.000244140625,0.000244140625,0.00020345052083333334,0.0026041666666666665,0.0025634765625,0.00244140625,0.0016682942708333333,0.0006917317708333334,0.0005289713541666666,0.0005290359337484231,0.0005289713541666666,0.0005289713541666666,0.0005289713541666666,0.0005289713541666666,0.00048828125,0.0004883011190233978,0.0002848307291666667,0.0002848307291666667,0.00020345052083333334,0.00016276041666666666],"averageToxinCountInMales":[2.875,2.875,2.875,2.388888888888889,2.3333333333333335,3.7717391304347827,3.2261904761904763,2.88659793814433,2.626086956521739,2.5294117647058822,2.510204081632653,2.0081967213114753,1.9649122807017543,1.9602649006622517,1.9395973154362416,1.9251700680272108,1.9379310344827587,1.9379310344827587,1.9264705882352942,1.805084745762712,1.6704545454545454,1.8888888888888888,1.8,1.5206611570247934,1.5714285714285714,1.5797101449275361,1.7301587301587302,1.3466666666666667,1.0357142857142858,0.7058823529411765,0.6864406779661016,0.7105263157894737,0.6868686868686869,0.7472527472527473,0.7831325301204819,0.6949152542372882,0.6111111111111112,3.1228070175438596,3.2857142857142856,3.260869565217391,3.260869565217391,3.611111111111111,5,5,5,5,5,5,5,5,5,5,5,5,5,5,5,5,5,5,5,5,5,5,5,5,5,5,5,5],"averageAntitoxinCountInFemales":[2.125,2.125,2.125,1.9722222222222223,2,3.4,2.8292682926829267,2.5729166666666665,2.3793103448275863,2.405940594059406,2.4285714285714284,1.8307692307692307,1.8174603174603174,1.8291139240506329,1.7857142857142858,1.7718120805369129,1.7482517482517483,1.7482517482517483,1.708955223880597,1.5545454545454545,1.7126436781609196,1.9452054794520548,2.078125,1.6972477064220184,1.8533333333333333,1.7777777777777777,1.8028169014084507,1.6103896103896105,1.125,0.923728813559322,0.8934426229508197,0.9,0.8653846153846154,0.9375,0.9770114942528736,0.8615384615384616,0.9487179487179487,3.235294117647059,3.1578947368421053,3.392857142857143,3.3333333333333335,3.75,4.285714285714286,4.117647058823529,4.615384615384615,4.5,4.5,4.444444444444445,4.444444444444445,5,5,5,5,5,5,5,5,5,5,5,5,5,5,5,5,5,5,5,5,5],"reproductiveSuccessOverTime":[0,0,0,0.006039539430805996,0,0,0,0,0,0,0,0,0,0,0.0001220703125,0,0,0,0,0,0,0,0,0,0,0,0,0,0,0.000040690104166666664,0,0,0,0,0,0,0,0,0,0,0,0,0,0,0,0,0,0,0,0,0,0,0,0,0,0.000040690104166666664,0,0.000040690104166666664,0,0,0,0,0.000040690104166666664,0,0,0.00004069175991861648,0,0,0,0]}