{"startTime":"2025-03-24T20:43:41.882Z","infectedMalesAtStart":1024,"infectedFemalesAtStart":1024,"toxinAntitoxinLength":3,"killRate":0.5086797226253267,"rescueRate":0.8215420341663875,"simulationLength":260,"infectionRatio":[0.08333333333333333,0.08333333333333333,0.0832065775950668,0.07564290364583333,0.07625325520833333,0.0748291015625,0.074462890625,0.07100423177083333,0.08219401041666667,0.08138020833333333,0.0753173828125,0.07523906408952187,0.07975260416666667,0.07963053385416667,0.08162434895833333,0.08207194010416667,0.08553059895833333,0.08546660697570306,0.08358087487283825,0.0789794921875,0.06400553385416667,0.07031822251159763,0.0692138671875,0.07149251302083333,0.07816569010416667,0.07352701822916667,0.07234700520833333,0.07137044270833333,0.06868489583333333,0.06648763020833333,0.06792007487893216,0.0670166015625,0.07035319010416667,0.06853607911765904,0.06901041666666667,0.07063802083333333,0.06306966145833333,0.06364968256552173,0.0653076171875,0.07613118489583333,0.07352701822916667,0.0706787109375,0.06925455729166667,0.0662841796875,0.06486266531027467,0.0640869140625,0.061403865717192266,0.0617293997965412,0.057779947916666664,0.055948893229166664,0.06280527515467274,0.0479736328125,0.0361328125,0.038901322482197354,0.04399316294969884,0.053019205729166664,0.051066080729166664,0.052449544270833336,0.051188151041666664,0.050252278645833336,0.04878942014242116,0.048014322916666664,0.046712239583333336,0.0477294921875,0.0516357421875,0.051025390625,0.06075774223741505,0.051554361979166664,0.038126627604166664,0.038289388020833336,0.04411525313364806,0.072509765625,0.07381184895833333,0.07206217447916667,0.07108561197916667,0.0689697265625,0.06819661458333333,0.0670166015625,0.06636555989583333,0.06673177083333333,0.07185872395833333,0.07244607244607244,0.08690166069684142,0.0806884765625,0.0628662109375,0.055216471354166664,0.06580125335720681,0.10587565104166667,0.11470540364583333,0.11747233072916667,0.11585415479775373,0.11504496805436862,0.11458333333333333,0.11307779947916667,0.11128743489583333,0.11149088541666667,0.11555989583333333,0.11600748697916667,0.12074933822032173,0.10428873697916667,0.07735188802083333,0.062337239583333336,0.07421875,0.12626139322916666,0.15909830729166666,0.1663818359375,0.16549338758901322,0.16448278668511435,0.16415055951169888,0.16243489583333334,0.16097005208333334,0.15743641912512715,0.162841796875,0.163180597379344,0.17519348268839105,0.1485595703125,0.11979166666666667,0.09798177083333333,0.09696451822916667,0.15995279947916666,0.20211597151576804,0.2096032553407935,0.2086606161735379,0.20798404818100433,0.2069260193700659,0.20845540364583334,0.20603199153404697,0.20556640625,0.21049847405900304,0.2104192104192104,0.22334176389002203,0.2099609375,0.16328938802083334,0.13370768229166666,0.12076822916666667,0.17325846354166666,0.21497456765005085,0.23183038984292342,0.23165520328842945,0.23078175232979287,0.22988646074960323,0.2298270600203459,0.23060020345879959,0.2314453125,0.23472917429699264,0.23281090983106045,0.2268301625453212,0.2471923828125,0.19327799479166666,0.1507691055587206,0.11954752604166667,0.13859049479166666,0.16365559895833334,0.17696126302083334,0.17627905083641987,0.17524724268446543,0.17269730147747162,0.17277167277167277,0.1723029341146787,0.17216952326670196,0.17179988592846085,0.18077784565261656,0.1743044523198501,0.18766276041666666,0.12955729166666666,0.097412109375,0.07027180989583333,0.07593082400813835,0.09917389004191593,0.10526529947916667,0.10528245020975034,0.10642545736055087,0.10624337761838781,0.10623292976234153,0.10621814475025484,0.10615823817292007,0.10584060690105229,0.10706716661232475,0.1021781693587861,0.11372884114583333,0.079345703125,0.05615234375,0.039510091145833336,0.0341796875,0.03801538524156457,0.04252981156648081,0.042506412605349944,0.04252892292651132,0.042547988751681136,0.04247686600627777,0.04248552556470684,0.0424924557540168,0.04250632291751652,0.04239188032446093,0.03942915392456677,0.057657877604166664,0.053955078125,0.047526041666666664,0.031453450520833336,0.026326497395833332,0.02209562563580875,0.0265321071050704,0.026422929728849444,0.02643584521384929,0.026405867970660146,0.026370491135113104,0.02637801696020874,0.026344765711023205,0.026360891210315842,0.026235385179451665,0.02482747355955735,0.029703776041666668,0.028727213541666668,0.026570638020833332,0.01595116988809766,0.0123291015625,0.008544921875,0.010952322788160091,0.0111256011084848,0.01113694774201444,0.011063482343335375,0.011070261437908497,0.011074785451573355,0.011078407325647945,0.011246523801734009,0.011312124800914772,0.01089440182797454,0.006964525719871299,0.005289713541666667,0.005208333333333333,0.0017903645833333333,0.0015055338541666667,0.001220703125,0.0011800130208333333,0.001180926008877306,0.0011819849195027511,0.0011826597610211655,0.0011829492147664696,0.0011834802481227554,0.0011841567986933443,0.001184592132674319,0.0011860940695296524,0.0011412733349637238,0.0006115958574573921,0.0027669270833333335,0.001708984375,0.001708984375,0.001709053916581892,0.0017093321395140614,0.0017092625752889467,0.0017098888572242804,0.001710933680951605,0.0017113519680547634,0.0017121193591781826,0.0017126080574131463,0.0017130271637164532,0.0017131669114047968,0.0017133765756945293,0.0016297926088905187,0.0008560596795890913],