{"startTime":"2025-03-24T20:33:55.229Z","infectedMalesAtStart":16,"infectedFemalesAtStart":32,"toxinAntitoxinLength":3,"killRate":0.3694216197287058,"rescueRate":0.21846305747320338,"simulationLength":51,"infectionRatio":[0.004166666666666667,0.004166666666666667,0.004203888596952181,0.00673355629877369,0.008143654057575634,0.0030110677083333335,0.008382161458333334,0.008504231770833334,0.0081787109375,0.007364908854166667,0.006429036458333333,0.006103515625,0.007609049479166667,0.007039388020833333,0.006591796875,0.006876627604166667,0.0067138671875,0.006718514597499899,0.008342829236529382,0.007568359375,0.005615691381134533,0.00390625,0.007731119791666667,0.007488197948884909,0.006144205729166667,0.00439453125,0.00341796875,0.003377553511841784,0.003173828125,0.002685546875,0.0022786458333333335,0.0022380467955239063,0.0022379557291666665,0.0021980705824887043,0.0017903645833333333,0.0032552083333333335,0.0023193359375,0.0011393229166666667,0.000732421875,0.0006917317708333334,0.0006510416666666666,0.00048828125,0.0003255208333333333,0.00020345052083333334,0.0001627670396744659,0.00004069175991861648,0.00004069175991861648,0.000040690104166666664,0.000040690104166666664,0.00004070169726077577,0.000040690104166666664],"averageToxinCountInMales":[1.9375,1.9375,1.9375,1.4492753623188406,1.530612244897959,1.3333333333333333,2,2.0707964601769913,2.121495327102804,2.127659574468085,2.144578313253012,2.15,2.145631067961165,2.154639175257732,2.217391304347826,2.2688172043010755,2.2444444444444445,2.2444444444444445,2.205357142857143,1.911764705882353,1.875,1.7959183673469388,2.123809523809524,2.128712871287129,1.9875,1.9636363636363636,1.9782608695652173,1.9782608695652173,2.0238095238095237,2.1714285714285713,2.2413793103448274,2.25,2.25,2.259259259259259,2.55,1.3823529411764706,1.4230769230769231,1.0909090909090908,1,1,1,1,1,1,1,null,null,null,null,null,null],"averageAntitoxinCountInFemales":[2.09375,2.09375,2.09375,1.7317073170731707,1.696078431372549,1.6578947368421053,2.443298969072165,2.5208333333333335,2.5531914893617023,2.5977011494252875,2.72,2.842857142857143,2.6785714285714284,2.6447368421052633,2.742857142857143,2.8157894736842106,2.8133333333333335,2.8133333333333335,2.5806451612903225,2.25,2.257575757575758,2.127659574468085,2.164705882352941,2.1686746987951806,2.0422535211267605,2.056603773584906,2.1842105263157894,2.189189189189189,2.1944444444444446,2.3870967741935485,2.4444444444444446,2.4444444444444446,2.4444444444444446,2.4444444444444446,2.5,1.4130434782608696,1.4838709677419355,1.411764705882353,1,1,1,1,1,1,1,1,1,1,1,1,1],"reproductiveSuccessOverTime":[0,0,0,0.006967907208425247,0.00017326923526756667,0,0,0,0,0,0,0,0,0,0,0,0,0,0,0,0,0,0.000040690104166666664,0,0,0,0.000040690104166666664,0.0000813868316106454,0,0,0,0,0,0,0,0,0,0,0,0,0,0,0,0.000040690104166666664,0.00008138351983723296,0,0,0,0,0.00008140339452155154,0]}