{"startTime":"2025-03-24T20:33:26.773Z","infectedMalesAtStart":1024,"infectedFemalesAtStart":1024,"toxinAntitoxinLength":3,"killRate":0.8718151834313018,"rescueRate":0.6471324552336003,"simulationLength":153,"infectionRatio":[0.17753120665742025,0.17753120665742025,0.17740945365254757,0.15187713310580206,0.16623132805485266,0.1689453125,0.16251627604166666,0.15828450520833334,0.16092936197916666,0.1575927734375,0.15970865885416666,0.15523274739583334,0.15738932291666666,0.15885416666666666,0.15767415364583334,0.17024739583333334,0.169921875,0.16985665417820492,0.17379265412492875,0.15840657552083334,0.12841796875,0.14632161458333334,0.14436848958333334,0.1417236328125,0.15083821614583334,0.14185147507629706,0.13468972533062054,0.13594563802083334,0.13228352864583334,0.12740071614583334,0.1238707577114023,0.12101236979166667,0.11604817708333333,0.11450661241098678,0.12328822954026736,0.12019856770833333,0.09529622395833333,0.0986328125,0.09830260105018927,0.10481770833333333,0.10816309921054773,0.104248046875,0.10660807291666667,0.09696451822916667,0.08980671414038657,0.08280436197916667,0.07389322916666667,0.06758626302083333,0.062337239583333336,0.06063318954993082,0.05901025557545173,0.06376139322916667,0.0491943359375,0.055582682291666664,0.04529361494323037,0.042765299479166664,0.047810872395833336,0.045003255208333336,0.041015625,0.0364990234375,0.034749348958333336,0.0338134765625,0.03227381872939644,0.035074869791666664,0.032674153645833336,0.031092300179065602,0.025919596354166668,0.032633463541666664,0.02807731434384537,0.027791341145833332,0.022461851475076296,0.022745768229166668,0.023518880208333332,0.021931966145833332,0.020548502604166668,0.0196533203125,0.0205078125,0.019287109375,0.0198974609375,0.02397232397232397,0.02294921875,0.022583926754832145,0.0213623046875,0.02001953125,0.020060221354166668,0.019368489583333332,0.0167236328125,0.0172119140625,0.019450661241098677,0.024088541666666668,0.025066124109867752,0.023724261414503133,0.026449643947100712,0.02431970017924067,0.023681640625,0.024007161458333332,0.020914713541666668,0.01664292980671414,0.017344570660803714,0.011922200520833334,0.015828450520833332,0.013142903645833334,0.011922200520833334,0.018513997395833332,0.017954563960589528,0.016807064664469133,0.016970535568940258,0.01676773432094746,0.017027863777089782,0.01780040733197556,0.01595116988809766,0.015869140625,0.014162461338108416,0.012044270833333334,0.013644509612251547,0.010294596354166666,0.009318033854166666,0.0076904296875,0.006673720192072923,0.0079345703125,0.007694499857509262,0.006591796875,0.008992878942014242,0.009684638860630722,0.011849016653772547,0.00948658442245837,0.008504231770833334,0.0078125,0.007081230669054208,0.006755931789507956,0.00488440247476392,0.004191080729166667,0.005940755208333333,0.0026041666666666665,0.0008138020833333334,0.0008139014365360355,0.0009768804949527841,0.0009766817238432426,0.0008545965083628373,0.000854526958290946,0.0008552926322648964,0.0008549444286121402,0.000854526958290946,0.000244140625,0.0013021363173957273,0.0013021363173957273,0.0013029846492121015,0.0013020833333333333,0.00008138020833333333,0.00008138020833333333,0.000040690104166666664,0.0000407000407000407,0.000040706667752177804],"averageToxinCountInMales":[2.55078125,2.55078125,2.5534465534465536,2.5350066050198152,2.385225582548339,2.479338842975207,2.5688166582021332,2.4648537711647,2.410923940786115,2.4373361300471945,2.398038203407331,2.4281914893617023,2.4721345951629865,2.5144478844169247,2.497912317327766,2.510204081632653,2.5224609375,2.521781693587861,2.4766938971648247,2.210280373831776,2.2801302931596092,2.4307073030477286,2.4813953488372094,2.447415329768271,2.411863458310017,2.4153201675643325,2.347361809045226,2.3146417445482865,2.246311738293778,2.2198675496688742,2.220327421555252,2.2126634549208535,2.225944404846757,2.209235209235209,2.2,1.8329952670723462,1.8155909471919531,2.128410914927769,2.0016142050040355,1.908171206225681,1.93928035982009,1.9376971608832807,1.9423963133640554,1.9361344537815126,1.966271649954421,1.9515810276679841,1.988826815642458,1.866421568627451,1.8802631578947369,1.836021505376344,1.7846153846153847,1.6927016645326505,1.5575959933222037,1.763744427934621,1.7608286252354048,1.7105788423153692,1.552212389380531,1.5588235294117647,1.517786561264822,1.4857142857142858,1.4539007092198581,1.3746958637469586,1.4015748031496063,1.1311475409836065,1.1584158415841583,1.2178477690288714,1.293548387096774,1.1609756097560975,1.022408963585434,1.0994475138121547,1.0582191780821917,1.0899653979238755,0.8907849829351536,0.8992537313432836,0.900398406374502,0.8487394957983193,0.8479087452471483,0.8313253012048193,0.9416342412451362,0.7864077669902912,0.7933333333333333,0.8,0.8297101449275363,0.9076923076923077,1.007905138339921,1.2040816326530612,1.1441860465116278,1.1152073732718895,0.9665271966527197,0.8445945945945946,0.8690095846645367,0.8767123287671232,0.9129129129129129,0.9276315789473685,0.9254237288135593,0.8384879725085911,0.808,0.9187817258883249,0.8955223880597015,0.9084507042253521,0.9947916666666666,1.0650887573964498,1.0551724137931036,1.0353982300884956,1.0273972602739727,1.0292682926829269,1.0289855072463767,1.0294117647058822,1.0294117647058822,1.02803738317757,1.0317460317460319,1.0362694300518134,1.0290697674418605,1.034013605442177,1.0236686390532543,1.0238095238095237,1.018348623853211,1.010752688172043,1,1,1,1,1,1,1,1,1,1,1,1,1,1,1,1,1,1,1,1,1,1,1,1,1,1,1,1,1,1,1,1,1,1,1],"averageAntitoxinCountInFemales":[2.533203125,2.533203125,2.535225048923679,2.5383597883597884,2.4158560311284045,2.5236276849642003,2.6138271604938272,2.519319938176198,2.496993987975952,2.527466937945066,2.4864185110663986,2.545736434108527,2.545269582909461,2.527975584944049,2.5308831036242982,2.5188146754468486,2.5286654135338344,2.5286654135338344,2.4686785550983084,2.1809862735129637,2.214065391733498,2.386645126548196,2.4354485776805253,2.402222222222222,2.3598958333333333,2.368595041322314,2.3032596041909197,2.2574884792626726,2.2239952718676124,2.2227020357803826,2.212294043092522,2.2209072978303745,2.235334713595583,2.2149859943977592,2.1788461538461537,1.8955932203389831,1.906875543951262,2.2818336162988118,2.1377551020408165,2.034856700232378,2.0128398791540785,2.0687789799072642,2.0128983308042487,2.0360435875943,2.0855855855855854,2.026392961876833,2.018458197611292,1.9136094674556212,1.9365284974093264,1.851206434316354,1.7210884353741496,1.6755725190839694,1.598360655737705,1.7893217893217894,1.7182130584192439,1.68,1.6557377049180328,1.701067615658363,1.7350597609561753,1.7285067873303168,1.7308584686774942,1.661904761904762,1.6796116504854368,1.3471264367816091,1.380952380952381,1.422976501305483,1.5015290519877675,1.3316326530612246,1.1951951951951951,1.2180685358255452,1.1923076923076923,1.151851851851852,0.9368421052631579,0.959409594095941,0.9291338582677166,0.9061224489795918,0.8962655601659751,0.8711111111111111,0.896551724137931,0.7428571428571429,0.7651515151515151,0.7538461538461538,0.7951807228915663,0.8189655172413793,0.9041666666666667,1.1774891774891776,1.1173469387755102,1.116504854368932,0.9665271966527197,0.8817567567567568,0.8844884488448845,0.8865979381443299,0.943217665615142,0.9522184300341296,0.9651567944250871,0.8695652173913043,0.8446969696969697,0.9433962264150944,0.9911111111111112,0.9735099337748344,1,1.0714285714285714,1.1081081081081081,1.0698689956331877,1.0585585585585586,1.0576923076923077,1.0571428571428572,1.0576923076923077,1.0560747663551402,1.0493273542600896,1.0492610837438423,1.0456852791878173,1.0454545454545454,1.0536912751677852,1.0481927710843373,1.047244094488189,1.0083333333333333,1.0104166666666667,1.0116279069767442,1.00990099009901,1,1,1,1,1,1,1,1,1,1,1,1,1,1,1,1,1,1,1,1,1,1,1,1,1,1,1,1,1,1,null,null,null],