{"startTime":"2025-03-24T20:33:55.228Z","infectedMalesAtStart":16,"infectedFemalesAtStart":32,"toxinAntitoxinLength":3,"killRate":0.08534495669114994,"rescueRate":0.05942219180203834,"simulationLength":41,"infectionRatio":[0.0037652965171007216,0.0037652965171007216,0.0037266095781795117,0.0045185957594716716,0.005625535037299743,0.004435221354166667,0.005940755208333333,0.0038655598958333335,0.0034993489583333335,0.0019124348958333333,0.0017496744791666667,0.0013020833333333333,0.0010172526041666667,0.0008951822916666666,0.0008544921875,0.0006917317708333334,0.0024007161458333335,0.002401791166293507,0.0023193359375,0.001708984375,0.0015055338541666667,0.0013834635416666667,0.0013834635416666667,0.0012613932291666667,0.0006510416666666666,0.00048828125,0.0003255208333333333,0.0001220703125,0.0001220703125,0.00008138020833333333,0.00008138020833333333,0.00008138020833333333,0.00008138020833333333,0.0000813868316106454,0.001953522445158927,0.0024820963541666665,0.0024820963541666665,0.0024820963541666665,0.0023600260416666665,0.0023193359375,0.0004475911458333333],"averageToxinCountInMales":[2.1875,2.1875,2.2,1.5384615384615385,2.4107142857142856,2.5,1.9696969696969697,2.2093023255813953,2.5,2.8181818181818183,3,2.142857142857143,2.3333333333333335,2.090909090909091,1.9,1.9,1.8888888888888888,1.8888888888888888,1.7352941176470589,1.9130434782608696,2,2,1.9444444444444444,2,2.375,2.4,3,3,3,null,null,null,null,null,1.9047619047619047,2.206896551724138,2.206896551724138,2.206896551724138,2.1481481481481484,2.1923076923076925,3],"averageAntitoxinCountInFemales":[2.4375,2.4375,2.4375,1.6923076923076923,2.317073170731707,2.2295081967213113,1.8375,2.173076923076923,2.375,2.88,3,2.611111111111111,3.230769230769231,3.090909090909091,3.090909090909091,2.4285714285714284,1.9565217391304348,1.9565217391304348,1.9565217391304348,1.894736842105263,2,2.1176470588235294,2.1875,2.4285714285714284,2.875,2.857142857142857,2.8333333333333335,2.5,2.5,2.5,2.5,2.5,2.5,2.5,2.3703703703703702,2.46875,2.46875,2.46875,2.4516129032258065,2.4516129032258065,3],"reproductiveSuccessOverTime":[0,0,0,0.006690997566909975,0.0003668827198238963,0,0,0,0,0,0,0,0,0,0.000040690104166666664,0,0,0,0.000040690104166666664,0,0,0,0,0,0,0,0,0,0,0,0,0,0.000040690104166666664,0.0000813868316106454,0,0,0,0,0,0,0]}