{"startTime":"2025-03-24T20:33:26.773Z","infectedMalesAtStart":1024,"infectedFemalesAtStart":1024,"toxinAntitoxinLength":3,"killRate":0.5239497417140404,"rescueRate":0.6478342042547443,"simulationLength":181,"infectionRatio":[0.16885151290295985,0.16885151290295985,0.1690105683614879,0.16698494470844252,0.17782947634790416,0.1754028976070324,0.16487630208333334,0.1710205078125,0.17207845052083334,0.16569010416666666,0.1588134765625,0.15958658854166666,0.15433756510416666,0.15116373697916666,0.15157063802083334,0.1475830078125,0.14636826042726347,0.14638218168492204,0.14609623056256615,0.1275634765625,0.11311848958333333,0.11002604166666667,0.10542805989583333,0.1143798828125,0.11759440104166667,0.1085205078125,0.1044921875,0.106689453125,0.1029052734375,0.09720865885416667,0.09701310327988931,0.0938720703125,0.09147507629704985,0.09023566282713989,0.09267100977198697,0.09407552083333333,0.08744303385416667,0.0994873046875,0.09041341145833333,0.09981282552083333,0.0970458984375,0.0902099609375,0.08732451678535097,0.0858154296875,0.08223470052083333,0.07881673177083333,0.0851678535096643,0.081298828125,0.07958984375,0.077474249888043,0.07970690006106249,0.09720865885416667,0.08809407552083333,0.08614095052083333,0.08890787760416667,0.0946044921875,0.0833808089851062,0.08064778645833333,0.08134282807731434,0.07747395833333333,0.07230631510416667,0.06644694010416667,0.06536958645392381,0.06486002604166667,0.06685384114583333,0.0646998982706002,0.06380208333333333,0.08365885416666667,0.074951171875,0.08036622583926754,0.076171875,0.08280436197916667,0.07226856561546287,0.06644694010416667,0.07194010416666667,0.061116536458333336,0.055094401041666664,0.0560302734375,0.05204899686647947,0.053548177083333336,0.05712890625,0.055220965247822905,0.05440709693171645,0.06608072916666667,0.06591796875,0.06656901041666667,0.056559244791666664,0.05884028484231943,0.05416073245167854,0.050821940104166664,0.044962565104166664,0.0421142578125,0.036905924479166664,0.0328369140625,0.029581705729166668,0.029134114583333332,0.026652018229166668,0.0250244140625,0.027384440104166668,0.03759765625,0.035847981770833336,0.032755533854166664,0.030152594099694813,0.032633463541666664,0.027872721354166668,0.02897371205338976,0.0281982421875,0.0274658203125,0.0250244140625,0.0235595703125,0.021484375,0.019368489583333332,0.020304361979166668,0.017415364583333332,0.015950520833333332,0.023885091145833332,0.021809895833333332,0.0189208984375,0.0177001953125,0.023844401041666668,0.024373372395833332,0.023396809895833332,0.0247802734375,0.023722330729166668,0.018758138020833332,0.022420247395833332,0.020222981770833332,0.015421549479166666,0.014363606770833334,0.012003580729166666,0.009359866520164408,0.0098876953125,0.008463541666666666,0.008911495422177009,0.008260427263479145,0.010904947916666666,0.013020833333333334,0.012369791666666666,0.011394156425490356,0.0125732421875,0.0108642578125,0.009480794270833334,0.008382161458333334,0.00728382502543235,0.005208333333333333,0.004638671875,0.0038660318235461686,0.00435437268546779,0.0039064089521871825,0.0037027994791666665,0.003378928513271454,0.00439453125,0.0032552083333333335,0.0013834635416666667,0.0011393229166666667,0.003418107833163784,0.00341796875,0.0033772786458333335,0.0032552083333333335,0.0028889973958333335,0.0017496744791666667,0.0013834635416666667,0.0013427734375,0.001220703125,0.0009765625,0.0008544921875,0.00040701697260775774,0.00040695071826801776,0.0004069010416666667,0.0004069010416666667,0.00028484231943031536,0.0028076171875,0.004353841145833333,0.0018310546875,0.001261444557477111,0.0006917317708333334,0.0005696614583333334,0.0005696614583333334,0.00004069507182680177,0.00004069175991861648,0.00004069175991861648],"averageToxinCountInMales":[2.53125,2.53125,2.5252725470763133,2.4786324786324787,2.517523896222121,2.46853468075333,2.355457227138643,2.3625235404896423,2.4354382657869933,2.425479586817511,2.42497430626927,2.4331632653061224,2.4299312533051296,2.44390243902439,2.422497308934338,2.414429530201342,2.433088650479955,2.433333333333333,2.411831626848692,2.284713375796178,2.144300144300144,2.4206642066420665,2.3338485316846986,2.3546552949538024,2.582340574632095,2.655225019069413,2.7086922474549726,2.9303944315545243,2.962698412698413,2.920965058236273,2.8889816360601004,2.863095238095238,2.836236933797909,2.8570151921358358,2.918918918918919,2.740578439964943,2.6446360153256707,2.632721202003339,2.4576888080072794,2.394342762063228,2.474370112945265,2.4863336475023563,2.5383877159309023,2.633170731707317,2.587934560327198,2.5855472901168968,2.5717092337917484,2.635532994923858,2.6068464730290457,2.579957356076759,2.643533123028391,2.3922231614539307,2.2026143790849675,2.28060263653484,2.2788990825688074,2.089177489177489,2.0952858575727182,2.1801047120418846,2.222792607802875,2.167906482465462,2.154639175257732,2.1748427672955977,2.023076923076923,2.194736842105263,2.099110546378653,2.149214659685864,2.1628532974427994,1.9271457085828343,1.9337016574585635,2.1315789473684212,2.075892857142857,1.885858585858586,1.8344748858447488,1.9888198757763975,1.908371040723982,1.9339498018494055,1.9131075110456555,2.0086455331412103,1.8695652173913044,1.937031484257871,2.027972027972028,2.1049562682215743,2.0176730486008836,1.8491686460807601,1.7657342657342658,1.730593607305936,1.7682758620689656,1.5783783783783785,1.5578330893118595,1.6,1.658450704225352,1.661596958174905,1.714902807775378,1.7420924574209247,1.7642276422764227,1.6368715083798884,1.6288343558282208,1.576158940397351,1.5061349693251533,1.7403189066059226,1.67458432304038,1.6036745406824147,1.6149425287356323,1.6727748691099475,1.6696696696696696,1.6890756302521008,1.7578347578347577,1.8318042813455657,1.8446601941747574,1.8650519031141868,1.9070631970260223,1.9075630252100841,1.8122448979591836,1.8086124401913874,1.7395833333333333,1.8491228070175438,1.8638132295719845,1.8623853211009174,2.0966183574879227,2.073943661971831,2.1161971830985915,2.08955223880597,2.0642857142857145,2.0183823529411766,2.023474178403756,2.0185185185185186,2.0208333333333335,2.027173913043478,2.0285714285714285,2.0347222222222223,2.0454545454545454,2.017391304347826,2.0208333333333335,1.9801980198019802,1.9777777777777779,1.9831932773109244,2,2,1.9919354838709677,1.9931972789115646,1.9921875,1.9910714285714286,2,2,2,2,2,2,2,2,2,2,2,2,2,2,2,2,2,2,2,2,2,2,2,2,2,2,2,2,2,2,2,2,2,2,2,2,null,null,null],