{"startTime":"2025-03-24T20:33:55.228Z","infectedMalesAtStart":16,"infectedFemalesAtStart":32,"toxinAntitoxinLength":3,"killRate":0.013055076489070672,"rescueRate":0.3110429482723832,"simulationLength":112,"infectionRatio":[0.003822264691829909,0.003822264691829909,0.0037805662805662807,0.00597144093466032,0.007609049479166667,0.008992513020833334,0.0087890625,0.008138020833333334,0.007080078125,0.008504231770833334,0.010050455729166666,0.008504231770833334,0.0103759765625,0.010823567708333334,0.010457356770833334,0.0101318359375,0.009847005208333334,0.009849810737107738,0.010498901277773256,0.015299479166666666,0.0126953125,0.012166341145833334,0.009562174479166666,0.007731119791666667,0.006306966145833333,0.010091145833333334,0.014119466145833334,0.013264973958333334,0.016153971354166668,0.016886393229166668,0.016764322916666668,0.015096028645833334,0.01452991452991453,0.01416476717681537,0.012980143229166666,0.016031901041666668,0.011800130208333334,0.008951822916666666,0.007853190104166666,0.007080078125,0.005208333333333333,0.0068359375,0.011881993896236013,0.01180061037639878,0.011841783999348906,0.015055338541666666,0.012898763020833334,0.0125732421875,0.012044270833333334,0.011761833055227707,0.010823567708333334,0.013956705729166666,0.010009765625,0.008097330729166666,0.007039674465920651,0.006104757641121648,0.005045572916666667,0.004231770833333333,0.012656167338135352,0.012247721354166666,0.0120849609375,0.011963377416073246,0.012532552083333334,0.01220703125,0.0140380859375,0.014000814000814,0.0135498046875,0.020060221354166668,0.017537434895833332,0.013997395833333334,0.012003580729166666,0.008504577822990845,0.007283528645833333,0.005167643229166667,0.015015259409969482,0.0155029296875,0.0157470703125,0.014282807731434385,0.014896821197443934,0.01469092092947544,0.014200846354166666,0.01433516595398086,0.013834635416666666,0.012736002604166666,0.010986328125,0.009480794270833334,0.0068359375,0.004639238188255402,0.002685546875,0.0012616499124984738,0.005208545269582909,0.004679361979166667,0.004923502604166667,0.004802018475562609,0.006961973780636756,0.006553239986974927,0.006515188533268181,0.006510946528851632,0.0062258392675483215,0.005208333333333333,0.004313151041666667,0.0034993489583333335,0.0013020833333333333,0.0008544921875,0.00020345052083333334,0.0002034587995930824,0.00016276041666666666,0.0001220703125,0.00008138020833333333,0.000040706667752177804,0.000040728220584042684,0.00004075145686458291],"averageToxinCountInMales":[2.25,2.25,2,1.4918032786885247,2.2906976744186047,2.090909090909091,2.1020408163265305,2.142857142857143,2.1538461538461537,2.5376344086021505,2.008771929824561,1.90625,1.7777777777777777,1.6240601503759398,1.640625,1.632,1.6639344262295082,1.6639344262295082,2.168,2.693121693121693,2.776315789473684,2.6878980891719744,3.015625,3.019047619047619,3.308641975308642,3.6031746031746033,2.7204301075268815,2.7241379310344827,2.269607843137255,2.167441860465116,2.1627906976744184,2.2085561497326203,2.2252747252747254,2.196629213483146,2.0869565217391304,2.919191919191919,2.503448275862069,2.7837837837837838,2.865979381443299,2.9204545454545454,2.6774193548387095,3.056338028169014,1.4577464788732395,1.3,1.2907801418439717,1.1896551724137931,0.9869281045751634,0.912751677852349,0.9714285714285714,0.9782608695652174,0.7741935483870968,0.7950310559006211,0.782608695652174,0.6521739130434783,0.618421052631579,0.6428571428571429,0.5789473684210527,0.6382978723404256,1.3419354838709678,1.3355263157894737,1.3557046979865772,1.3835616438356164,1.3202614379084967,1.3557046979865772,1.1812865497076024,1.188235294117647,1.20625,1.136,1.135135135135135,1.2151162790697674,1.304054054054054,0.7788461538461539,0.9204545454545454,1.0925925925925926,0.09444444444444444,0.04371584699453552,0.043243243243243246,0.04790419161676647,0.044444444444444446,0.045454545454545456,0.047337278106508875,0.047337278106508875,0,0,0,0,0,0,0,0,0.016129032258064516,0.017241379310344827,0.01639344262295082,0.01694915254237288,0,0,0,0,0,0,0,0,0,0,0,0,0,0,0,null,null,null],"averageAntitoxinCountInFemales":[2.59375,2.59375,2.59375,2.0779220779220777,2.5742574257425743,2.2868852459016393,2.2796610169491527,2.293577981651376,2.2916666666666665,2.6379310344827585,2.1654135338345863,2.061946902654867,1.7906976744186047,1.7067669172932332,1.697674418604651,1.7096774193548387,1.7083333333333333,1.7083333333333333,2.5037593984962405,2.72192513368984,2.81875,2.7746478873239435,3.196261682242991,3.2705882352941176,3.4054054054054053,3.6147540983606556,2.9130434782608696,2.848684210526316,2.373056994818653,2.28,2.2588832487309647,2.3206521739130435,2.2914285714285714,2.2529411764705882,2.1582278481012658,2.6530612244897958,2.1379310344827585,2.44954128440367,2.4583333333333335,2.5,2.287878787878788,2.2061855670103094,1.3,1.3,1.3,1.2244897959183674,1.024390243902439,0.9875,1.0128205128205128,1,0.9647887323943662,1.010989010989011,1.0687022900763359,0.8691588785046729,0.9072164948453608,1,0.9552238805970149,0.9649122807017544,1.2692307692307692,1.261744966442953,1.2635135135135136,1.2635135135135136,1.206451612903226,1.205298013245033,1.0459770114942528,1.0459770114942528,1.0520231213872833,1.037037037037037,1.1435406698564594,1.2267441860465116,1.2925170068027212,0.7523809523809524,0.8681318681318682,0.6712328767123288,0.10052910052910052,0.03535353535353535,0.034653465346534656,0.03804347826086957,0.03763440860215054,0.03783783783783784,0.03888888888888889,0.03825136612021858,0.011494252873563218,0,0,0,0,0,0,0,0,0,0,0,0,0,0,0,0,0,0,0,0,0,0,0,0,0,0,0,0,0],"reproductiveSuccessOverTime":[0,0,0,0.005884898312418866,0,0,0,0,0,0,0,0,0,0,0,0,0.00008138020833333333,0.00008140339452155154,0,0,0,0,0,0,0,0,0,0,0.000040690104166666664,0,0,0.000040690104166666664,0.0000814000814000814,0.00004070335395636601,0,0,0,0,0,0,0,0,0.00004069175991861648,0,0.0000813868316106454,0,0,0,0.000040690104166666664,0.000040698384274144313,0,0,0,0,0,0,0.000040690104166666664,0.000040690104166666664,0.00008139014365360354,0,0,0,0.000040690104166666664,0.000040690104166666664,0.000040690104166666664,0.0001221001221001221,0,0,0,0,0,0,0,0,0,0,0,0,0,0.00004069507182680177,0,0,0,0,0,0,0,0,0,0,0,0,0,0.00004069507182680177,0.00004071329696278805,0,0.00004071992833292614,0.0000813868316106454,0,0,0,0,0,0,0,0,0,0,0,0.000040706667752177804,0.000040728220584042684,0.00004075145686458291]}