{"startTime":"2025-03-24T20:33:55.228Z","infectedMalesAtStart":16,"infectedFemalesAtStart":32,"toxinAntitoxinLength":3,"killRate":0.09783595079706431,"rescueRate":0.3110429482723832,"simulationLength":101,"infectionRatio":[0.004354926510615134,0.004354926510615134,0.004303241164621864,0.009704073789392774,0.00874897792313982,0.008707682291666666,0.0079345703125,0.006917317708333333,0.005818684895833333,0.004679361979166667,0.005330403645833333,0.00634765625,0.006022135416666667,0.006591796875,0.006062825520833333,0.008015950520833334,0.007975260416666666,0.007981105953253522,0.007243133265513733,0.0050048828125,0.009724934895833334,0.008463541666666666,0.006673177083333333,0.005126953125,0.004679361979166667,0.00341796875,0.003296032553407935,0.0032552083333333335,0.003173828125,0.003215172357657401,0.0029703776041666665,0.005330403645833333,0.005330403645833333,0.0053317053317053316,0.005208969193830627,0.005167643229166667,0.012776692708333334,0.014892578125,0.012288411458333334,0.0093994140625,0.008748372395833334,0.007771809895833333,0.007568359375,0.006754557291666667,0.006144205729166667,0.005982662488299214,0.005086263020833333,0.0045166015625,0.004272982541814186,0.0041519111002564415,0.004069010416666667,0.001953125,0.005615234375,0.005045572916666667,0.0036214192708333335,0.0027669270833333335,0.001708984375,0.0010579427083333333,0.0010172526041666667,0.001017293997965412,0.0010172526041666667,0.001017293997965412,0.0009358723958333334,0.0008951822916666666,0.0007731119791666666,0.0007735526422929729,0.0006917317708333334,0.0004475911458333333,0.005167643229166667,0.00390625,0.0014241536458333333,0.0008138020833333334,0.000732421875,0.0006917317708333334,0.0006917317708333334,0.0006918162210556301,0.0006917317708333334,0.0006917317708333334,0.0006510416666666666,0.0006510946528851632,0.0006510681586978636,0.000651174148386309,0.00048828125,0.0004069010416666667,0.0016276041666666667,0.0016682942708333333,0.00146484375,0.0003662109375,0.0003255208333333333,0.0003255340793489318,0.00032564008629462285,0.00032578595862518323,0.00032557382386456127,0.0003255473264425816,0.0002848307291666667,0.00028484231943031536,0.00020359964166463066,0.0002035250539341393,0.00016276041666666666,0.00016276041666666666,0.000040690104166666664],"averageToxinCountInMales":[2.5,2.5,2.6,2.577319587628866,2.342857142857143,2.3962264150943398,2.288659793814433,2.313953488372093,2.276315789473684,2.216666666666667,2.323943661971831,2.488372093023256,2.432098765432099,2.6741573033707864,2.6867469879518073,2.1120689655172415,2.1120689655172415,2.1120689655172415,1.9904761904761905,2.2388059701492535,1.1478260869565218,1.1770833333333333,1.175,0.9516129032258065,0.9821428571428571,0.55,0.39473684210526316,0.39473684210526316,0.2972972972972973,0.5,0.17647058823529413,0.532258064516129,0.532258064516129,0.532258064516129,0.559322033898305,0.8113207547169812,0.25,0.1702127659574468,0.21333333333333335,0.27350427350427353,0.2767857142857143,0.2222222222222222,0.19791666666666666,0.14285714285714285,0.08860759493670886,0.07692307692307693,0.09090909090909091,0.10526315789473684,0.07272727272727272,0.05660377358490566,0.05660377358490566,0,0,0,0,0,0,0,0,0,0,0,0,0,0,0,0,0,0,0,0,0,0,0,0,0,0,0,0,0,0,0,0,0,0,0,0,0,0,0,0,0,0,0,0,0,0,0,0,0,0],"averageAntitoxinCountInFemales":[2.53125,2.53125,2.53125,2.5714285714285716,2.36697247706422,2.3703703703703702,2.2857142857142856,2.3095238095238093,2.2388059701492535,2,2.1666666666666665,2.242857142857143,2.1641791044776117,2.356164383561644,2.3636363636363638,2.074074074074074,2.0875,2.0875,1.9863013698630136,1.9821428571428572,0.7741935483870968,0.6964285714285714,0.7380952380952381,0.75,0.8135593220338984,0.5681818181818182,0.5116279069767442,0.5238095238095238,0.5609756097560976,0.5609756097560976,0.46153846153846156,0.5942028985507246,0.5942028985507246,0.5942028985507246,0.5942028985507246,0.6891891891891891,0.34,0.2247191011235955,0.2565789473684211,0.34210526315789475,0.36893203883495146,0.32608695652173914,0.3111111111111111,0.2926829268292683,0.19444444444444445,0.15942028985507245,0.1694915254237288,0.18518518518518517,0.12,0.10204081632653061,0.10638297872340426,0,0,0,0,0,0,0,0,0,0,0,0,0,0,0,0,0,0,0,0,0,0,0,0,0,0,0,0,0,0,0,0,0,0,0,0,0,0,0,0,0,0,0,0,0,0,0,0,0,null],"reproductiveSuccessOverTime":[0,0,0,0.010008066496271135,0.0013082583810302534,0,0,0,0,0,0,0,0,0,0,0,0,0.00004071992833292614,0,0,0,0,0,0,0,0,0.00004069175991861648,0.000040690104166666664,0,0,0,0,0.000040690104166666664,0.0002442002442002442,0,0,0,0,0,0,0,0,0,0,0,0,0,0,0.00008139014365360354,0,0,0,0,0,0,0,0,0,0,0,0,0,0,0,0,0.0000814265939255761,0,0,0,0,0,0,0,0.000040690104166666664,0.000040690104166666664,0,0,0.000040690104166666664,0,0,0,0,0,0,0.000040690104166666664,0.00008138020833333333,0,0,0,0,0,0,0,0,0,0,0.00008143985666585227,0,0,0,0]}