{"startTime":"2025-03-24T20:33:55.228Z","infectedMalesAtStart":16,"infectedFemalesAtStart":32,"toxinAntitoxinLength":3,"killRate":0.9783495857942636,"rescueRate":0.45856776630460105,"simulationLength":98,"infectionRatio":[0.0041390014658963525,0.0041390014658963525,0.004182277598675612,0.00420491025003391,0.005340181810770046,0.0038655598958333335,0.0029296875,0.0026041666666666665,0.004313151041666667,0.0038248697916666665,0.003662109375,0.0034586588541666665,0.0033365885416666665,0.0028483072916666665,0.0030517578125,0.005167643229166667,0.005167643229166667,0.005169536369927138,0.0047212047212047215,0.007283528645833333,0.007975260416666666,0.0072021484375,0.006591796875,0.004231770833333333,0.0054931640625,0.007283528645833333,0.0064697265625,0.006266531027466938,0.006103515625,0.006062825520833333,0.005452473958333333,0.005371749481137834,0.005208969193830627,0.007568975339790022,0.005696614583333333,0.004638671875,0.0038655598958333335,0.003173828125,0.0021565755208333335,0.0020751953125,0.0004476275738585497,0.0015462868769074262,0.0015462868769074262,0.0015462239583333333,0.0015462239583333333,0.0006918162210556301,0.0006917317708333334,0.0006917317708333334,0.0006510416666666666,0.00048828125,0.0031331380208333335,0.0036214192708333335,0.0030924479166666665,0.0029703776041666665,0.0023600260416666665,0.0017903645833333333,0.0011393229166666667,0.0010175424315193944,0.0006103515625,0.0006103763987792472,0.0006105006105006105,0.0006106000162826672,0.0004883011190233978,0.00048828125,0.00048828125,0.0004883408619216213,0.0020751953125,0.0019124348958333333,0.0013834635416666667,0.0013020833333333333,0.0013020833333333333,0.0010579427083333333,0.0010579427083333333,0.0010581579911277522,0.0010579427083333333,0.0010582010582010583,0.0010172526041666667,0.0010175424315193944,0.001017293997965412,0.0009358723958333334,0.0005289713541666666,0.0005289713541666666,0.0004475911458333333,0.0012613932291666667,0.0010986328125,0.0010986328125,0.0010986328125,0.0009358723958333334,0.0006103515625,0.000244140625,0.00016276041666666666,0.0001627736632212908,0.0001627802873072071,0.0001627670396744659,0.0001628001628001628,0.00016276041666666666,0.00008138020833333333,0.00004069175991861648],"averageToxinCountInMales":[1.6875,1.6875,1.6875,1.1666666666666667,1.7183098591549295,1.66,1.9189189189189189,1.9696969696969697,2.2941176470588234,1.9574468085106382,1.9111111111111112,1.9523809523809523,1.9523809523809523,2.085714285714286,2.0588235294117645,1.7058823529411764,1.7058823529411764,1.7058823529411764,1.6511627906976745,1.8421052631578947,1.941860465116279,1.9746835443037976,1.9466666666666668,1.92,2.8550724637681157,1.7142857142857142,1.5135135135135136,1.4788732394366197,1.4558823529411764,1.4776119402985075,1.5,1.4915254237288136,1.5,1.3076923076923077,1.296875,1.2941176470588236,1.1428571428571428,1.1388888888888888,1.1363636363636365,1.0952380952380953,1.4,1.125,1.125,1.125,1.125,1.25,1.25,1.25,1.2857142857142858,1.3333333333333333,1.0263157894736843,1.4,1.4736842105263157,1.4864864864864864,1.3448275862068966,1.380952380952381,1.5333333333333334,1.4166666666666667,1.625,1.625,1.625,1.625,1.7142857142857142,1.7142857142857142,1.7142857142857142,1.7142857142857142,1.1379310344827587,1.8571428571428572,2,2,2,2,2,2,2,2,2,2,2,2,2,2,2,2,2,2,2,2,2,2,2,2,2,2,2,2,null,null],"averageAntitoxinCountInFemales":[2.21875,2.21875,2.21875,1.9777777777777779,2.316666666666667,2.1333333333333333,2.3714285714285714,2.129032258064516,2.4909090909090907,2.3404255319148937,2.3555555555555556,2.372093023255814,2.35,2.3142857142857145,1.975609756097561,1.5263157894736843,1.5263157894736843,1.5263157894736843,1.5616438356164384,1.6990291262135921,1.8363636363636364,1.8877551020408163,1.9310344827586208,1.8703703703703705,2.803030303030303,1.6736842105263159,1.4470588235294117,1.3734939759036144,1.3780487804878048,1.3780487804878048,1.3918918918918919,1.3972602739726028,1.3857142857142857,1.2736842105263158,1.2763157894736843,1.2698412698412698,1.1320754716981132,1.0952380952380953,1.1290322580645162,1.1333333333333333,1.5,1.1363636363636365,1.1363636363636365,1.1363636363636365,1.1363636363636365,1.3333333333333333,1.3333333333333333,1.3333333333333333,1.3333333333333333,1.3333333333333333,1.0512820512820513,1.2954545454545454,1.3421052631578947,1.3611111111111112,1.206896551724138,1.2173913043478262,1.3846153846153846,1.3846153846153846,1.5714285714285714,1.5714285714285714,1.5714285714285714,1.5714285714285714,1.8,1.8,1.8,1.8,1.1818181818181819,1.8461538461538463,2,2,2,2,2,2,2,2,2,2,2,2,2,2,2,2,2,2,2,2,2,2,2,2,2,2,2,2,2,2],"reproductiveSuccessOverTime":[0,0,0,0.007238673230956125,0.00020693789256952225,0.00000244140625,0,0,0,0,0,0,0,0,0.00008138020833333333,0,0.000040690104166666664,0.000040705010786827856,0,0,0,0,0,0,0,0,0,0.00004069175991861648,0,0,0.000040690104166666664,0.00008139014365360354,0.00004069507182680177,0.0000406934158053227,0,0,0,0,0,0,0,0,0,0,0,0,0,0.000040690104166666664,0,0,0,0.000040690104166666664,0,0,0,0,0.0001220703125,0,0,0.00008138351983723296,0,0,0,0,0,0.00004069507182680177,0,0,0,0,0,0,0,0,0,0,0,0,0,0,0,0,0,0,0,0,0,0.00008138020833333333,0.00008138020833333333,0,0,0,0,0,0,0,0,0]}