{"startTime":"2025-03-24T20:33:55.228Z","infectedMalesAtStart":16,"infectedFemalesAtStart":32,"toxinAntitoxinLength":3,"killRate":0.860557565166468,"rescueRate":0.8459915163146887,"simulationLength":124,"infectionRatio":[0.004105371193978789,0.004105371193978789,0.00414866032843561,0.002762558128827294,0.0021193348549070753,0.0047607421875,0.0067138671875,0.005940755208333333,0.004679361979166667,0.005615234375,0.00537109375,0.005086263020833333,0.006998697916666667,0.006510416666666667,0.006998697916666667,0.007609049479166667,0.007324516785350966,0.007328393453301848,0.006551373346897253,0.005900065104166667,0.003987630208333333,0.013712565104166666,0.014444986979166666,0.012898763020833334,0.010660807291666666,0.009928385416666666,0.009603255340793489,0.0089111328125,0.008463541666666666,0.0079345703125,0.0106201171875,0.010457356770833334,0.010416666666666666,0.010417514446162611,0.00927734375,0.006998697916666667,0.005533854166666667,0.021931966145833332,0.021199544270833332,0.020467122395833332,0.0191650390625,0.018147786458333332,0.016684300480182306,0.014485677083333334,0.013671875,0.012776692708333334,0.012736002604166666,0.0126953125,0.012695829094608342,0.012167331325791488,0.01224821973550356,0.010823567708333334,0.007771809895833333,0.017252604166666668,0.016276041666666668,0.015340169270833334,0.013712565104166666,0.012898763020833334,0.012736002604166666,0.012044270833333334,0.010416666666666666,0.0086669921875,0.008097330729166666,0.0069580078125,0.006917317708333333,0.006185147507629705,0.0050048828125,0.0035807291666666665,0.0022786458333333335,0.013020833333333334,0.012776692708333334,0.01220703125,0.012410481770833334,0.010904947916666666,0.013469520631561814,0.013468424479166666,0.012859119394481974,0.010945638020833334,0.010579427083333334,0.009562563580874872,0.009318033854166666,0.00866734486266531,0.008544921875,0.007364908854166667,0.005045572916666667,0.0169677734375,0.015869140625,0.015584309895833334,0.019612630208333332,0.01708984375,0.01688708036622584,0.0150146484375,0.014364191251271618,0.010945638020833334,0.010294596354166666,0.01017293997965412,0.009765625,0.008547356424762913,0.007364908854166667,0.005940755208333333,0.0029703776041666665,0.0037444037444037443,0.0033365885416666665,0.0030110677083333335,0.010986328125,0.009602864583333334,0.00830078125,0.0038657171922685655,0.0032958984375,0.0023600260416666665,0.0020751953125,0.0020345052083333335,0.0019938962360122074,0.0019938962360122074,0.001709958472437098,0.0011393229166666667,0.00016276041666666666,0.00008138020833333333,0.00008138020833333333,0.000040690104166666664,0.000040690104166666664,0.000040690104166666664,0.000040690104166666664,0.000040690104166666664],"averageToxinCountInMales":[2.4375,2.4375,2.4375,2.65,2.7222222222222223,4.733333333333333,3.6527777777777777,3.6923076923076925,4.387755102040816,3.8035714285714284,3.923076923076923,3.84,3.857142857142857,3.9545454545454546,2.775,2.4827586206896552,2.5714285714285716,2.5714285714285716,2.810810810810811,2.985074626865672,3.6511627906976742,4.128654970760234,3.9672131147540983,3.6305732484076434,3.546153846153846,3.65,3.6724137931034484,3.9019607843137254,3.9285714285714284,3.934065934065934,3.283333333333333,3.3017241379310347,3.3017241379310347,3.3017241379310347,3.5784313725490198,3.9,4.019607843137255,4.704980842911877,4.714859437751004,4.760504201680672,4.963470319634703,5.114285714285714,5,5.089285714285714,5.031645569620253,5.041095890410959,5.041095890410959,5.041095890410959,5.041095890410959,4.985915492957746,4.7172413793103445,4.816793893129771,4.459770114942529,5.5049504950495045,5.6775956284153,5.760233918128655,5.901315789473684,6.070422535211268,5.964539007092198,5.915384615384616,6.135135135135135,6.089887640449438,6.2375,6.075757575757576,6.075757575757576,6.135593220338983,6.211538461538462,6.027027027027027,5.95,6.105263157894737,6.074829931972789,6.042253521126761,5.226666666666667,5.5,5.826347305389222,5.895953757225434,5.987804878048781,5.844444444444444,5.945736434108527,5.8474576271186445,5.827586206896552,5.869158878504673,5.869158878504673,5.819148936170213,5.517241379310345,5.263414634146342,5.169312169312169,5.146739130434782,4.454954954954955,4.651515151515151,4.7272727272727275,5.088235294117647,5.136645962732919,4.863247863247863,4.954545454545454,4.935779816513762,4.904761904761905,4.894736842105263,5,4.714285714285714,3.0344827586206895,5.170731707317073,5.472222222222222,5.90625,2.6338028169014085,2.47008547008547,2.2450980392156863,2.5555555555555554,2.675675675675676,2,2,2,2,2,2,2,2,2,2,null,null,null,null,null],"averageAntitoxinCountInFemales":[2.625,2.625,2.625,2.975,3.1470588235294117,4.069444444444445,3.5161290322580645,3.4444444444444446,3.893939393939394,3.292682926829268,3.325,3.28,3.4411764705882355,3.393617021276596,2.7717391304347827,2.48,2.5833333333333335,2.5833333333333335,2.8160919540229883,2.8974358974358974,3.2181818181818183,4.301204819277109,4.093023255813954,3.94375,4.075757575757576,4.169354838709677,4.233333333333333,4.3076923076923075,4.390909090909091,4.480769230769231,3.524822695035461,3.524822695035461,3.5357142857142856,3.5357142857142856,3.7857142857142856,4.619565217391305,4.682352941176471,4.741007194244604,4.761029411764706,4.784905660377358,4.880952380952381,5.203389830508475,5.11520737327189,5.090425531914893,5.01123595505618,4.982142857142857,4.970059880239521,4.957831325301205,4.957831325301205,4.872611464968153,4.794871794871795,4.785185185185185,4.605769230769231,5.8558558558558556,5.921658986175115,6.058252427184466,6.167567567567567,6.3428571428571425,6.215116279069767,6.186746987951807,6.275862068965517,6.233870967741935,6.201680672268908,6.095238095238095,6.086538461538462,5.978494623655914,6.225352112676056,6.411764705882353,6.583333333333333,6.107142857142857,6.1017964071856285,6.050632911392405,5.193548387096774,5.656716417910448,5.963414634146342,5.924050632911392,5.980263157894737,5.880597014925373,5.893129770992366,5.760683760683761,5.716814159292035,5.820754716981132,5.834951456310679,5.850574712643678,5.484848484848484,5.30188679245283,5.2835820895522385,5.266331658291457,4.4423076923076925,4.792792792792793,4.903225806451613,5.015075376884422,4.96875,4.8618421052631575,4.7972027972027975,4.76595744680851,4.7407407407407405,4.521739130434782,4.574257425742574,4.434210526315789,3.1363636363636362,4.352941176470588,4.391304347826087,4.380952380952381,2.6640625,2.630252100840336,2.6372549019607843,3.3,3.477272727272727,2,2,2,2,2,2,2,2,2,2,2,2,2,2,2],"reproductiveSuccessOverTime":[0,0,0,0.008103503844560062,0.000489077274209325,0,0,0,0,0,0,0,0,0,0,0,0.0001627670396744659,0.0001628531878511522,0,0,0,0,0,0,0,0,0,0,0,0.000040690104166666664,0,0,0,0,0,0,0,0,0,0,0,0,0,0,0.00008138020833333333,0,0.000040690104166666664,0.0001220703125,0.00008138351983723296,0.0001220802474159681,0,0,0.000004742596600506757,0.0000065474651961468365,0.000006696838670469661,0.000005597106125424615,0,0,0,0,0.000040690104166666664,0,0,0,0,0,0,0,0,0,0,0,0,0,0.0000813868316106454,0,0,0,0.000040690104166666664,0.00004069175991861648,0,0,0,0,0.000040690104166666664,0.00008138020833333333,0,0,0.000004521122685185185,0,0,0,0,0,0,0.00004069175991861648,0,0,0,0,0,0.00004374226596448818,9.042245370370371e-7,9.042245370370371e-7,9.042245370370371e-7,0,0,0,0,0,0,0,0,0,0,0,0,8.220223063973065e-7,8.220223063973065e-7,0,0,0,0,0]}