{"startTime":"2025-03-24T20:43:41.882Z","infectedMalesAtStart":1024,"infectedFemalesAtStart":1024,"toxinAntitoxinLength":3,"killRate":0.5735031613552578,"rescueRate":0.3509822309631796,"simulationLength":111,"infectionRatio":[0.08333333333333333,0.08333333333333333,0.08318613153678675,0.0888671875,0.09037272135416667,0.08817545572916667,0.08740234375,0.08931477864583333,0.0941162109375,0.08964029947916667,0.085693359375,0.085205078125,0.08939615885416667,0.08707682291666667,0.08964029947916667,0.08662923177083333,0.08866373697916667,0.0893809271846636,0.08711751302083333,0.074462890625,0.06807454427083333,0.06775178026449644,0.0616455078125,0.061279296875,0.061604817708333336,0.05477110885045778,0.047444661458333336,0.0458984375,0.043904622395833336,0.039593082400813835,0.04118006103763988,0.039306640625,0.0432146490335707,0.04446978335233751,0.04736906360639727,0.045003255208333336,0.038330078125,0.03662109375,0.028971354166666668,0.029134114583333332,0.040364583333333336,0.03813128230171326,0.031941731770833336,0.029988606770833332,0.026896158854166668,0.0257568359375,0.024459728948760733,0.025594075520833332,0.02669488076829169,0.028281923984699274,0.03255473264425816,0.038777669270833336,0.036051432291666664,0.033406575520833336,0.0272216796875,0.02685546875,0.035563151041666664,0.0322265625,0.031494140625,0.031534830729166664,0.02986896720110686,0.027384440104166668,0.025472005208333332,0.02392578125,0.023484879319467623,0.0232075241236106,0.02461851475076297,0.02294921875,0.015828450520833332,0.012736002604166666,0.014363606770833334,0.01249237029501526,0.015055338541666666,0.015869140625,0.014811197916666666,0.013224283854166666,0.010703675064099956,0.01017293997965412,0.009319171448337606,0.008749440442762381,0.00724342801334744,0.00659206510681587,0.01017293997965412,0.007853190104166666,0.006144205729166667,0.00529035933748423,0.013875325520833334,0.009480794270833334,0.008097330729166666,0.0059814453125,0.005289713541666667,0.0046795523906408955,0.004679742817612111,0.004069010416666667,0.0034586588541666665,0.0034587995930824007,0.00341796875,0.0028079599560493222,0.006430868167202572,0.0036214192708333335,0.0019532044760935913,0.0016684300480182307,0.0024820963541666665,0.0009765625,0.0004883408619216213,0.0001220703125,0.00008138020833333333,0.00008138020833333333,0.00008138351983723296,0.00008138351983723296,0.00004069175991861648],"averageToxinCountInMales":[2.4658203125,2.4658203125,2.464071856287425,2.477981651376147,2.4524886877828056,2.47673314339981,2.6207233626588464,2.8186915887850468,2.7089160839160837,2.7405004633920296,2.7714007782101167,2.756572541382668,2.759293680297398,2.8773764258555135,2.9908256880733943,3.0056818181818183,2.984503190519599,2.9683544303797467,3.0121495327102803,3,3.0284023668639053,3.0800942285041226,2.9579617834394902,3.0441558441558443,2.7219387755102042,2.7247838616714697,2.6553480475382005,2.7836879432624113,2.6491862567811935,2.6305220883534135,2.605769230769231,2.6934156378600824,2.723364485981308,2.729090909090909,3.0217755443886096,2.901926444833625,3,2.8722466960352424,2.6714285714285713,3.138810198300283,2.3865030674846626,2.3427947598253276,2.3450134770889486,2.205797101449275,2.019672131147541,1.9795221843003412,1.975,2.1103678929765888,1.9840255591054312,2.229357798165138,2.5175202156334233,1.767032967032967,1.8369829683698298,1.7859007832898173,1.6815286624203822,1.7807308970099667,1.0552884615384615,1.053191489361702,0.9024390243902439,0.8377659574468085,0.8816901408450705,0.9121212121212121,0.85,0.8172043010752689,0.7833935018050542,0.7992700729927007,1.3554006968641115,1.0681003584229392,1.0523560209424083,1.1788079470198676,2.3641618497109826,2.6363636363636362,1.946524064171123,1.6649214659685865,1.6397849462365592,1.5207100591715976,1.802919708029197,1.643939393939394,1.3416666666666666,1.6422018348623852,2.057471264367816,1.6582278481012658,2.525,2.5473684210526315,2.7162162162162162,3.1228070175438596,4.988304093567251,5.283333333333333,4.836538461538462,5.158536585365853,5.166666666666667,5.230769230769231,5.230769230769231,5.3559322033898304,5.408163265306122,5.408163265306122,5.458333333333333,5.578947368421052,4.4787234042553195,4.381818181818182,4.310344827586207,4.36,5.526315789473684,5.066666666666666,5.428571428571429,4.666666666666667,4,4,4,4,4],"averageAntitoxinCountInFemales":[2.4931640625,2.4931640625,2.495601173020528,2.480804387568556,2.482078853046595,2.545780969479354,2.6666666666666665,2.8257777777777777,2.746792130025663,2.76779359430605,2.782003710575139,2.7666354264292408,2.7814451382694023,2.84375,2.993710691823899,2.9841565703634667,2.999075785582255,2.9825688073394496,3.0289449112978524,2.964562569213732,2.9782608695652173,3.036764705882353,2.8917808219178083,3.0067934782608696,2.665753424657534,2.628834355828221,2.467937608318891,2.618794326241135,2.568441064638783,2.473684210526316,2.522357723577236,2.49375,2.519924098671727,2.5387453874538743,2.753086419753086,2.730841121495327,2.7806451612903227,2.6659192825112106,2.6685082872928176,3.002754820936639,2.2882703777335984,2.240083507306889,2.1618357487922704,2.0918367346938775,1.949438202247191,1.9176470588235295,1.8909657320872275,2.036363636363636,1.9416909620991254,2.285326086956522,2.578088578088578,1.7791164658634537,1.8652631578947367,1.735159817351598,1.7352112676056337,1.7270194986072422,1.1834061135371179,1.1538461538461537,0.9382716049382716,0.849624060150376,0.862796833773087,0.924198250728863,0.9478527607361963,1.0258899676375404,1.0466666666666666,1.0202702702702702,1.5628930817610063,1.5333333333333334,1.5252525252525253,1.7037037037037037,2.7555555555555555,2.7712418300653594,2.1530054644808745,1.864321608040201,1.9382022471910112,1.858974358974359,2.1904761904761907,2.1016949152542375,1.8990825688073394,2.1226415094339623,2.4065934065934065,2.2289156626506026,2.8230769230769233,2.836734693877551,3.1948051948051948,3.3698630136986303,4.923529411764706,5.230088495575221,4.778947368421052,5.276923076923077,5.396551724137931,5.6,5.6,5.658536585365853,5.611111111111111,5.611111111111111,5.611111111111111,5.548387096774194,4.53125,4.323529411764706,4.315789473684211,4.25,5.434782608695652,5.111111111111111,6,null,null,null,null,null,null],"reproductiveSuccessOverTime":[0,0,0,0,0.000006781684027777777,0.0000054253472222222224,0.000006539481026785715,0.0000016608205782312925,0.000018699801698022958,0.000034498448502207894,0.00003533371499184469,0.000007387595639273676,0.000007387595639273676,0,0,0,0.000040690104166666664,0.00008140339452155154,0.000040690104166666664,0.000018753271430301773,0,0.000006473689077961712,0.00004707016492139313,0.000008875272089383417,0.000006473425662878788,0.000006473689077961712,0.000006473425662878788,0.000006473425662878788,0.00001310894574578543,0.00009449299900909146,0.000006473689077961712,0.000022297355061026936,0.000006473689077961712,0.00009459405565934539,0.000047169287799247516,0,0,0,0,0,0.000015500992063492063,0,0,0,0,0,0,0,0,0.000045300217594604515,0.0000071995299829367735,0,0,0,0,0,0,0.000040690104166666664,0.000040690104166666664,0,0,0,0,0.000003734614015296979,0.000003735678051200234,0.000005466615128482452,0,0,0,0,0,0,0,0,0,0,0.00008139676854828863,0.00004069175991861648,0.00004069507182680177,0.00004069507182680177,0.0000813868316106454,0.00012207527975584945,0,0,0,0,0,0,0,0,0,0,0,0,0,0,0,0,0.00004070169726077577,0,0,0,0,0,0,0,0,0,0,0.00004069175991861648,0]}