{"startTime":"2025-03-24T20:33:26.773Z","infectedMalesAtStart":1024,"infectedFemalesAtStart":1024,"toxinAntitoxinLength":3,"killRate":0.5239497417140404,"rescueRate":0.38180965979162373,"simulationLength":228,"infectionRatio":[0.17373600271462505,0.17373600271462505,0.17335735117515869,0.17471478463329454,0.1743265306122449,0.16597493489583334,0.15763346354166666,0.15128580729166666,0.15120442708333334,0.15177408854166666,0.15409342447916666,0.15673828125,0.15922037760416666,0.15388997395833334,0.1502685546875,0.14404296875,0.1435546875,0.14296760540452547,0.1415301882180396,0.13822428385416666,0.14436848958333334,0.13920084635416666,0.12589518229166666,0.139892578125,0.14042154947916666,0.13720703125,0.13212076822916666,0.135498046875,0.13142903645833334,0.12646484375,0.12320963541666667,0.11857096354166667,0.12129720052083333,0.1212910578371118,0.12491861979166667,0.1138916015625,0.116943359375,0.11832682291666667,0.10693359375,0.1304931640625,0.12939453125,0.12776692708333334,0.1160888671875,0.11765902893655122,0.11588541666666667,0.1065673828125,0.10628255208333333,0.101806640625,0.09981282552083333,0.096435546875,0.09665472895979163,0.08378092447916667,0.08154296875,0.08162434895833333,0.0714111328125,0.093994140625,0.10567220052083333,0.10762532552083333,0.09957273652085452,0.10270182291666667,0.09395727365208545,0.08989175551395784,0.09379069010416667,0.08748372395833333,0.0859375,0.08719889322916667,0.08761292422885977,0.07889811197916667,0.0738525390625,0.06864420572916667,0.06416829427083333,0.07894201424211597,0.08573404947916667,0.07958984375,0.070068359375,0.07061744474744597,0.07479449825018313,0.07076009114583333,0.06746419270833333,0.06327311197916667,0.06311548791405551,0.06161735379105449,0.06925737538148526,0.06424967447916667,0.054890950520833336,0.051676432291666664,0.05595344673231871,0.059180267817167974,0.04980671414038657,0.0484619140625,0.042724609375,0.036946614583333336,0.038045247395833336,0.032633463541666664,0.033650716145833336,0.03141787400293016,0.03072227873855544,0.030238899515689227,0.040934244791666664,0.044189453125,0.037027994791666664,0.034993489583333336,0.031575520833333336,0.039794921875,0.034510825329643495,0.030517578125,0.027018229166666668,0.025187174479166668,0.0274658203125,0.025634765625,0.023518880208333332,0.021931966145833332,0.02157453390865424,0.02120558427286418,0.03064463617125183,0.040568033854166664,0.0350341796875,0.031290690104166664,0.02587890625,0.033867947569811936,0.0350762970498474,0.030598958333333332,0.024576822916666668,0.021486997924551336,0.019816080729166668,0.022135416666666668,0.0175381485249237,0.01619532044760936,0.016208511504785177,0.015302592487078263,0.026450720273459755,0.02466221715774052,0.025146484375,0.021931966145833332,0.026531027466937945,0.024012046721745145,0.024944048830111903,0.020670572916666668,0.019002278645833332,0.017659505208333332,0.018677517802644965,0.01700915564598169,0.012858072916666666,0.0118408203125,0.011722088811103423,0.010989458260409458,0.01729962958440184,0.02152681696101571,0.022908528645833332,0.019612630208333332,0.023282318463041355,0.018718209562563582,0.01855619760722715,0.014973958333333334,0.0108642578125,0.009888097660223805,0.009074631724586961,0.008219401041666666,0.007568359375,0.007039388020833333,0.007039960934320827,0.006472096715105629,0.009739598190635315,0.014568242858305526,0.010660807291666666,0.006998697916666667,0.005778465044355823,0.007162915632249399,0.006103515625,0.005533854166666667,0.004923502604166667,0.0045166015625,0.004476275738585497,0.004069010416666667,0.0037841796875,0.0034993489583333335,0.0030925737538148525,0.0026864213611201564,0.007041107041107041,0.006389646331040657,0.007039674465920651,0.005818684895833333,0.003744251353221277,0.0032958984375,0.003095344764387244,0.0016682942708333333,0.0016682942708333333,0.0016682942708333333,0.0016682942708333333,0.0015462868769074262,0.0015462868769074262,0.0015462239583333333,0.0015467274503419082,0.0015471682749073736,0.0015479876160990713,0.0002442598925256473,0.0015059015059015058,0.0002442698367463258,0.0001221001221001221,0.0001220703125,0.0001221001221001221,0.000040705010786827856,0.00004069175991861648,0.000040690104166666664,0.000040690104166666664,0.000040690104166666664,0.00004069672798307016,0.000040723244828147904,0.000040733197556008144,0.000040753117613497433,0.000040771394789415744,0.00004071495460282562,0.0006513331976389172,0.0006512536633018561,0.0006512271561724123,0.0006510416666666666,0.0006510946528851632,0.0003662407422479043,0.0003662109375,0.0003662109375,0.0002848307291666667,0.0001220703125,0.0001220703125,0.00012219461529061954,0.00012225437059374872,0.0001222593528404923,0.00008150291372916582,0.00004071163945772096],