{"startTime":"2025-03-24T20:33:55.228Z","infectedMalesAtStart":16,"infectedFemalesAtStart":32,"toxinAntitoxinLength":3,"killRate":0.013055076489070672,"rescueRate":0.5485390086966543,"simulationLength":84,"infectionRatio":[0.00414651002073255,0.00414651002073255,0.0041841004184100415,0.005478353821485837,0.0034993489583333335,0.004475911458333333,0.004150390625,0.006144205729166667,0.004720052083333333,0.0047607421875,0.004231770833333333,0.0036214192708333335,0.004923502604166667,0.004801432291666667,0.004597981770833333,0.004679361979166667,0.003947100712105798,0.003948386046322303,0.004558404558404558,0.00341796875,0.0026041666666666665,0.004109700520833333,0.0034586588541666665,0.0034586588541666665,0.0033772786458333335,0.0035807291666666665,0.0035400390625,0.0035400390625,0.00341796875,0.00341796875,0.003377553511841784,0.0027669270833333335,0.0027263479145473043,0.00256368519573533,0.0056977737983802046,0.0052490234375,0.004435221354166667,0.00390625,0.0033772786458333335,0.0032958984375,0.003173828125,0.003988441658866143,0.0032145182291666665,0.002685546875,0.0023193359375,0.0021161437349936922,0.0017091930167256746,0.001708984375,0.0016276703967446592,0.0014241536458333333,0.009279231614504904,0.009073893229166666,0.006510416666666667,0.004842122395833333,0.0030924479166666665,0.0028076171875,0.0026448567708333335,0.0033367243133265514,0.0032145182291666665,0.00146484375,0.0013834635416666667,0.0012613932291666667,0.0010172526041666667,0.0006510416666666666,0.0006510416666666666,0.0004885595635534566,0.003173828125,0.0030924479166666665,0.0028483072916666665,0.0024820963541666665,0.0023600260416666665,0.0022379557291666665,0.0021158854166666665,0.0010580718674968461,0.0001220703125,0.0001220703125,0.0000813868316106454,0.00008139345596614032,0.00008138020833333333,0.00008138020833333333,0.00008138020833333333,0.00008138020833333333,0.00004069175991861648,0.000040690104166666664],"averageToxinCountInMales":[2.5625,2.5625,2.5625,1.1320754716981132,1.3421052631578947,1.2244897959183674,1.2765957446808511,1.9027777777777777,1.509433962264151,1.7142857142857142,1.6923076923076923,1.5116279069767442,1.3548387096774193,1.3114754098360655,1.3448275862068966,1.3333333333333333,1.4313725490196079,1.4313725490196079,1.8596491228070176,2.4186046511627906,2.5428571428571427,1.962962962962963,1.9555555555555555,1.9555555555555555,1.9090909090909092,2.0425531914893615,2.0434782608695654,2.0434782608695654,1.9772727272727273,1.9772727272727273,1.9534883720930232,2.121212121212121,2.09375,2.033333333333333,2.5245901639344264,2.5090909090909093,2.723404255319149,2.8974358974358974,3.088235294117647,3.090909090909091,3.0625,3.25,3.264705882352941,3.3,3.3461538461538463,3.4285714285714284,3.3125,3.3125,3.3125,3.272727272727273,3.0267857142857144,3.027027027027027,3.011904761904762,3.016949152542373,3.0285714285714285,3.03125,3.033333333333333,3.1714285714285713,3.1818181818181817,3,3,3,3,3,3,3,3,3,3,3,3,3,3,3,3,3,3,3,3,3,3,3,null,null],"averageAntitoxinCountInFemales":[1.96875,1.96875,1.96875,1.2857142857142858,1.5416666666666667,1.3114754098360655,1.2727272727272727,1.7848101265822784,1.6031746031746033,1.6885245901639345,1.6538461538461537,1.434782608695652,1.271186440677966,1.2105263157894737,1.2181818181818183,1.2181818181818183,1.4782608695652173,1.4782608695652173,1.9454545454545455,2.341463414634146,2.3793103448275863,1.6808510638297873,1.65,1.65,1.5897435897435896,1.7073170731707317,1.7073170731707317,1.7073170731707317,1.675,1.675,1.675,1.7714285714285714,1.7714285714285714,1.696969696969697,2.4936708860759493,2.4864864864864864,2.7419354838709675,2.7719298245614037,3.061224489795918,3.0625,3.0652173913043477,3.2586206896551726,3.311111111111111,3.388888888888889,3.4516129032258065,3.4516129032258065,3.3461538461538463,3.3461538461538463,3.375,3.375,3.0689655172413794,3.0535714285714284,3.0657894736842106,3.0833333333333335,3.1219512195121952,3.135135135135135,3.142857142857143,3.3617021276595747,3.369565217391304,3,3,3,3,3,3,3,3,3,3,3,3,3,3,3,3,3,3,3,3,3,3,3,3,3],"reproductiveSuccessOverTime":[0,0,0,0.007070873013075417,0,0,0,0,0,0,0,0,0.00008138020833333333,0,0,0,0.00004069175991861648,0,0.0000407000407000407,0,0,0,0,0,0,0,0,0,0,0.00008138020833333333,0,0,0.00004069175991861648,0.0000813868316106454,0.00008139676854828863,0,0,0,0,0,0,0,0,0,0,0,0.00004069507182680177,0,0,0.0001220703125,0,0,0,0,0,0,0,0,0,0,0,0,0,0,0,0.00004071329696278805,0,0,0,0,0,0,0.000040690104166666664,0,0,0,0,0,0,0,0,0,0,0]}