{"startTime":"2025-03-24T20:43:41.882Z","infectedMalesAtStart":1024,"infectedFemalesAtStart":1024,"toxinAntitoxinLength":3,"killRate":0.9910283024073979,"rescueRate":0.43977620874286294,"simulationLength":108,"infectionRatio":[0.08333333333333333,0.08333333333333333,0.08358331621121841,0.08341471354166667,0.08833821614583333,0.08443196614583333,0.09220377604166667,0.0919189453125,0.085205078125,0.08805338541666667,0.08308919270833333,0.09049479166666667,0.0897216796875,0.08841959635416667,0.09147135416666667,0.09423828125,0.09187825520833333,0.09176068097584816,0.0906205493387589,0.08345540364583333,0.07694498697916667,0.0660400390625,0.058675130208333336,0.054890950520833336,0.057779947916666664,0.050252278645833336,0.0467529296875,0.04757447501220902,0.043986002604166664,0.0418701171875,0.04602238046795524,0.044596354166666664,0.043212890625,0.04492918769330946,0.047037760416666664,0.041015625,0.0416259765625,0.0340576171875,0.027669270833333332,0.025919596354166668,0.028116861979166668,0.024658203125,0.0213623046875,0.020263671875,0.019575126159856748,0.017618815104166668,0.02197265625,0.0205078125,0.019816887080366226,0.0207943354765199,0.02201603385829976,0.020508646998982707,0.019287109375,0.020955403645833332,0.018147786458333332,0.014404296875,0.024576822916666668,0.0272216796875,0.024415055951169887,0.02429396923577765,0.024088541666666668,0.020833333333333332,0.026814778645833332,0.025472005208333332,0.022989908854166668,0.027018229166666668,0.027180989583333332,0.025309244791666668,0.021809895833333332,0.019449869791666668,0.017008463541666668,0.013142903645833334,0.0135498046875,0.0269775390625,0.022379557291666668,0.019368489583333332,0.01909142717577139,0.0172119140625,0.015299479166666666,0.014933875890132248,0.013468424479166666,0.013267673273371047,0.012574777194481749,0.010335286458333334,0.0091552734375,0.005900065104166667,0.004475911458333333,0.0037027994791666665,0.0020751953125,0.006754557291666667,0.005289713541666667,0.003622303622303622,0.003540183112919634,0.005330403645833333,0.0037436419125127162,0.0037027994791666665,0.0028076171875,0.0028076171875,0.002685984046882631,0.0017496744791666667,0.0016682942708333333,0.0007731119791666666,0.0006103515625,0.0005289713541666666,0.0004069010416666667,0.0011393229166666667,0.0002848307291666667,0.0001220802474159681],"averageToxinCountInMales":[2.572265625,2.572265625,2.5746785361028683,2.507345739471107,2.4220018034265105,2.3266856600189936,2.1537807986406117,2.1833188531711554,2.2124645892351276,2.170093457943925,2.100297914597815,2.132911392405063,2.057377049180328,2.118628359592215,2.049638989169675,2.0485436893203883,2.0487364620938626,2.046153846153846,2.0947955390334574,2.0475227502527806,2.024363233665559,2.001321003963012,2.082458770614693,2.21996879875195,2.103953147877013,2.0933333333333333,2.0309653916211294,2.2129963898916967,2.2015655577299413,2.1962421711899793,2.2083333333333335,2.1556420233463034,2.0710059171597632,1.910133843212237,1.7449908925318762,1.9650205761316872,1.892156862745098,1.8878048780487804,1.8727810650887573,1.8695652173913044,1.5994236311239194,1.49,1.4242424242424243,1.4489795918367347,1.4,1.2816901408450705,1.1254752851711027,1.0740740740740742,1.0638297872340425,1.128099173553719,1.027237354085603,1.5627705627705628,1.6698564593301435,1.5260869565217392,1.24,1.4,0.5763888888888888,0.43174603174603177,0.3415492957746479,0.34275618374558303,0.3309608540925267,0.31092436974789917,0.498371335504886,0.4594594594594595,0.4790874524714829,0.9904761904761905,1.0254777070063694,1.2959183673469388,1.2433460076045628,1.2627118644067796,1.2619047619047619,1.342281879194631,0.84375,0.38924050632911394,0.4122137404580153,0.40772532188841204,0.37554585152838427,0.3384615384615385,0.6077348066298343,0.5232558139534884,0.5533333333333333,0.5510204081632653,0.5217391304347826,0.45454545454545453,0.4387755102040816,0.5,0.08333333333333333,0.05128205128205128,0.125,0.024691358024691357,0.031746031746031744,0.05128205128205128,0.05263157894736842,0.03225806451612903,0.043478260869565216,0,0,0,0,0,0,0,0,0,0,0,0,null],"averageAntitoxinCountInFemales":[2.576171875,2.576171875,2.5777126099706744,2.477162293488824,2.3728813559322033,2.309197651663405,2.1313131313131315,2.145306859205776,2.196135265700483,2.1325411334552102,2.080193236714976,2.1457960644007157,2.05420054200542,2.1252285191956126,2.0736842105263156,2.024513947590871,2.0591304347826087,2.057491289198606,2.0947002606429193,1.9990583804143127,1.958502024291498,1.9122401847575057,1.9316129032258065,2.019774011299435,1.9077340569877883,1.8503937007874016,1.8166666666666667,1.9772357723577236,1.9807017543859649,1.9327272727272726,1.9601990049751243,1.9278350515463918,1.8558558558558558,1.7435456110154905,1.6556836902800658,1.9137931034482758,1.8966861598440545,1.9976580796252927,2.073099415204678,2.015873015873016,1.6424418604651163,1.5359477124183007,1.4789272030651341,1.466403162055336,1.4605809128630705,1.3727272727272728,1.2346570397111913,1.157088122605364,1.1031746031746033,1.2267657992565055,1.1443661971830985,1.7765567765567765,1.849056603773585,1.7017543859649122,1.4634146341463414,1.4264705882352942,0.7531645569620253,0.596045197740113,0.5126582278481012,0.5031847133757962,0.5016077170418006,0.5255474452554745,0.6306818181818182,0.6090909090909091,0.6158940397350994,1.0773638968481376,1.0932203389830508,1.2652439024390243,1.120879120879121,1.0537190082644627,1.0576923076923077,1.028735632183908,0.7225433526011561,0.30835734870317005,0.2881944444444444,0.30864197530864196,0.26666666666666666,0.2149122807017544,0.37435897435897436,0.35384615384615387,0.3370165745856354,0.329608938547486,0.30994152046783624,0.3541666666666667,0.3464566929133858,0.3116883116883117,0.16129032258064516,0.15384615384615385,0.11428571428571428,0.047058823529411764,0.05970149253731343,0.08,0.08163265306122448,0.057971014492753624,0.08695652173913043,0.08695652173913043,0.05263157894736842,0.05263157894736842,0.05405405405405406,0.07692307692307693,0.08,0.16666666666666666,0,0,0,0,0,0],"reproductiveSuccessOverTime":[0,0,0,0,0,0,0,0.0000022605613425925925,0,0,0,0,0,0,0.000041152491714015156,5.425347222222222e-7,0,0,0,0,0,0,0.0000012715657552083333,0.000007870331096222683,0,0,0,0.000041153994589621515,0,0,0,0,0,0,0,0,0,0,0,0,0,0,0.000040690104166666664,0.00008138020833333333,0.00012209018394921048,0,0.000040690104166666664,0.000040690104166666664,0.00004069175991861648,0.0000406934158053227,0.00004069507182680177,0,0,0,0,0,0,0,0,0.0000406934158053227,0.00016276041666666666,0,0.000040690104166666664,0.000040690104166666664,0.000040690104166666664,0.000040690104166666664,0.000040690104166666664,0,0,0,0,0.000040690104166666664,0,0.000040690104166666664,0.000040690104166666664,0.000040690104166666664,0.000040706667752177804,0,0.000040690104166666664,0,0,0.0000832466951062043,0.00004069507182680177,0,0,0,0,0,0,0,0,0,0.00004069175991861648,0,0.00004069175991861648,0,0,0,0,0,0,0,0,0,0,0,0,0]}