{"startTime":"2025-03-24T20:33:55.228Z","infectedMalesAtStart":16,"infectedFemalesAtStart":32,"toxinAntitoxinLength":3,"killRate":0.860557565166468,"rescueRate":0.8460005940063737,"simulationLength":55,"infectionRatio":[0.003940886699507389,0.003940886699507389,0.003988698687053349,0.00654722406547224,0.004380578072545648,0.0054931640625,0.004679361979166667,0.0032552083333333335,0.006062825520833333,0.005777994791666667,0.0062255859375,0.006062825520833333,0.0045166015625,0.00439453125,0.006388346354166667,0.006022135416666667,0.0059814453125,0.005982905982905983,0.00577822990844354,0.005126953125,0.0034993489583333335,0.004353841145833333,0.004069010416666667,0.002930045171529728,0.0024820963541666665,0.0018310546875,0.0017903645833333333,0.0017903645833333333,0.0015055338541666667,0.00146484375,0.0013021363173957273,0.0010579857578840285,0.0010172526041666667,0.0009359104781281791,0.0009359866520164408,0.0007324516785350967,0.0003662109375,0.0002848307291666667,0.0011800130208333333,0.0011801570829772514,0.000244140625,0.000244140625,0.000244140625,0.000244140625,0.000244140625,0.00020345052083333334,0.00020345052083333334,0.00020345052083333334,0.00020345052083333334,0.00020350848630387887,0.0001220802474159681,0.00008138020833333333,0.000040690104166666664,0.000040690104166666664,0.0005289713541666666],"averageToxinCountInMales":[2.9375,2.9375,2.9375,2.960526315789474,3.6037735849056602,2.9827586206896552,2.3137254901960786,1.78125,1.8533333333333333,1.9027777777777777,2.0625,2.050632911392405,2.126984126984127,2.066666666666667,1.7011494252873562,2.107142857142857,2.107142857142857,2.107142857142857,2.0875,2.1,2.617021276595745,2.1607142857142856,1.0909090909090908,1.105263157894737,0.9696969696969697,0.6086956521739131,0.5454545454545454,0.5454545454545454,0.3157894736842105,0.3333333333333333,0.375,0.15384615384615385,0.15384615384615385,0,0,0,0,0,0,0,0,0,0,0,0,0,0,0,0,0,0,0,null,null,0],"averageAntitoxinCountInFemales":[2.65625,2.65625,2.65625,3.0694444444444446,3.2962962962962963,2.5454545454545454,1.546875,1.2083333333333333,1.527027027027027,1.3428571428571427,1.4657534246575343,1.4428571428571428,1.6666666666666667,1.6666666666666667,1.4285714285714286,1.59375,1.619047619047619,1.619047619047619,1.6290322580645162,1.7142857142857142,2.0256410256410255,1.5490196078431373,1.1555555555555554,1.2941176470588236,1.2857142857142858,1,1,1,0.7777777777777778,0.7777777777777778,0.875,0.9230769230769231,1,0.9090909090909091,0.9090909090909091,0.3333333333333333,0,0,0,0,0,0,0,0,0,0,0,0,0,0,0,0,0,0,0],"reproductiveSuccessOverTime":[0,0,0,0.006859492303889041,0.0004236034870838534,0,0,0,0,0,0,0,0,0,0,0,0,0.0000026258090774219805,0,0,0,0,0,0,8.304102891156462e-7,0,0.000040690104166666664,0,0,0,0,0,0,0.00004069175991861648,0,0,0,0,0,0,0,0,0,0,0,0,0,0,0,0.00004070169726077577,0,0,0,0,0]}