{"startTime":"2025-03-24T20:33:55.228Z","infectedMalesAtStart":16,"infectedFemalesAtStart":32,"toxinAntitoxinLength":3,"killRate":0.09783595079706431,"rescueRate":0.9279420370361429,"simulationLength":40,"infectionRatio":[0.004055424129773572,0.004055424129773572,0.00409626216077829,0.0020759059524346766,0.0014256619144602852,0.00390625,0.0035807291666666665,0.005615234375,0.0087890625,0.006022135416666667,0.005696614583333333,0.004435221354166667,0.0033365885416666665,0.0027262369791666665,0.0026856561546286877,0.0025227864583333335,0.002482399381434908,0.0024836122307723627,0.0023193359375,0.0015869140625,0.0014241536458333333,0.0006917317708333334,0.0005289713541666666,0.0004475911458333333,0.003092699601204525,0.0030924479166666665,0.0030924479166666665,0.0030924479166666665,0.003092699601204525,0.0030924479166666665,0.0030924479166666665,0.0030110677083333335,0.0027669270833333335,0.0027680534071480908,0.0025227864583333335,0.0015462239583333333,0.0008138020833333334,0.0008138020833333334,0.0001220703125,0.0001220703125],"averageToxinCountInMales":[2.6875,2.6875,2.6875,2.5714285714285716,2.5833333333333335,2.0232558139534884,2,2.34375,1.6476190476190475,1.7397260273972603,1.671641791044776,1.196078431372549,1.225,0.9333333333333333,0.9333333333333333,0.9629629629629629,0.9629629629629629,0.9629629629629629,0.9615384615384616,0.7222222222222222,0.8125,1.2,1.1666666666666667,1,0.717948717948718,0.717948717948718,0.717948717948718,0.717948717948718,0.717948717948718,0.717948717948718,0.717948717948718,0.6842105263157895,0.7272727272727273,0.7272727272727273,0.7333333333333333,0.7333333333333333,1,1,0,0],"averageAntitoxinCountInFemales":[2.40625,2.40625,2.40625,2.40625,2.3043478260869565,1.8113207547169812,1.8125,1.9864864864864864,1.4954954954954955,1.4133333333333333,1.4246575342465753,1.1379310344827587,1.119047619047619,1.162162162162162,1.1666666666666667,1.1428571428571428,1.1176470588235294,1.1176470588235294,1.064516129032258,0.8571428571428571,0.7894736842105263,1.2857142857142858,1.2857142857142858,1,0.8108108108108109,0.8108108108108109,0.8108108108108109,0.8108108108108109,0.8108108108108109,0.8108108108108109,0.8108108108108109,0.7777777777777778,0.7714285714285715,0.7714285714285715,0.84375,0.8260869565217391,0.8461538461538461,0.8461538461538461,0.5,0.5],"reproductiveSuccessOverTime":[0,0,0,0.007987725077846473,0.00020366598778004074,0,0,0,0,0,0,0,0,0,0,0.000040690104166666664,0.00012208521548040532,0.00012214486380847684,0,0,0,0,0,0,0,0,0,0,0,0,0,0,0,0,0,0,0,0,0,0]}