{"startTime":"2025-03-24T20:33:55.229Z","infectedMalesAtStart":16,"infectedFemalesAtStart":32,"toxinAntitoxinLength":3,"killRate":0.5852442116142499,"rescueRate":0.5558352754804061,"simulationLength":134,"infectionRatio":[0.003953871499176277,0.003953871499176277,0.003829185049529676,0.010213027088629789,0.0078125,0.0103759765625,0.009318033854166666,0.00830078125,0.008504231770833334,0.007283528645833333,0.007161458333333333,0.008748372395833334,0.007283528645833333,0.007039388020833333,0.007080078125,0.0068359375,0.006510681586978637,0.006516249898183595,0.007609978431611932,0.013387044270833334,0.0103759765625,0.020222981770833332,0.0185546875,0.0179443359375,0.0174560546875,0.016236012207527975,0.01570701932858596,0.014363606770833334,0.0135498046875,0.014729817708333334,0.0137939453125,0.01375381485249237,0.013468972533062055,0.012455226310647997,0.013021893057703264,0.015218098958333334,0.011637369791666666,0.032796223958333336,0.031534830729166664,0.030436197916666668,0.028523763020833332,0.028279622395833332,0.028118006103763988,0.026208692821097185,0.02563580874872838,0.02474059003051882,0.0245361328125,0.024495442708333332,0.024334662651582975,0.023640950520833332,0.019856770833333332,0.01676636959264233,0.011800130208333334,0.0391845703125,0.038777669270833336,0.037638346354166664,0.0360107421875,0.035603841145833336,0.035563151041666664,0.034871419270833336,0.03361549731401595,0.030643389085581736,0.029337565104166668,0.0291748046875,0.0291748046875,0.028361002604166668,0.0267333984375,0.024335652952427463,0.014404296875,0.033528645833333336,0.036946614583333336,0.036824544270833336,0.034383138020833336,0.034261067708333336,0.0325927734375,0.030436197916666668,0.034627278645833336,0.03260338651904917,0.031982421875,0.031580660914862446,0.031580660914862446,0.03023766889142113,0.028036622583926755,0.022870630366662596,0.015625,0.035807291666666664,0.038981119791666664,0.0369873046875,0.033894856770833336,0.03263744760509502,0.032514039228452835,0.029908443540183113,0.027384440104166668,0.028564453125,0.028402848423194304,0.02840978468802149,0.028362156663275687,0.02836677383907859,0.0274658203125,0.024499430245808237,0.013142903645833334,0.0189208984375,0.018880208333333332,0.013875325520833334,0.012125651041666666,0.011637369791666666,0.011353463009685033,0.01123046875,0.011150449680543685,0.0135498046875,0.0133056640625,0.013312706102674755,0.013317585729412723,0.013315416564866846,0.012288911495422177,0.00964433954586148,0.0037434895833333335,0.004842122395833333,0.006062825520833333,0.004313151041666667,0.003946940104166667,0.00390625,0.0039073629370344745,0.003908953947636304,0.003908635641871259,0.003909113119960909,0.0037047591906526076,0.0037053625961969137,0.0037061171295919198,0.003711710241872986,0.0037031008382843655,0.00122110061869098,0.0004069010416666667,0.00016276041666666666],"averageToxinCountInMales":[2.6875,2.6875,2.642857142857143,1.8181818181818181,1.7012987012987013,1.5700934579439252,1.5052631578947369,1.3181818181818181,1.3978494623655915,1.2125,1.2025316455696202,1.32,1.2142857142857142,1.1927710843373494,1.1904761904761905,1.1645569620253164,1.1578947368421053,1.1578947368421053,2.5238095238095237,1.5771812080536913,1.811965811965812,0.8284518828451883,0.8066037735849056,0.7317073170731707,0.729064039408867,0.7010869565217391,0.659217877094972,0.5802469135802469,0.618421052631579,0.8690476190476191,0.8375,0.8375,0.8064516129032258,0.5211267605633803,1.5971223021582734,1.2183908045977012,1.4912280701754386,0.2912621359223301,0.22493887530562348,0.14066496163682865,0.12162162162162163,0.12362637362637363,0.11570247933884298,0.12209302325581395,0.12574850299401197,0.08695652173913043,0.08722741433021806,0.0875,0.0875,0.06752411575562701,0.13108614232209737,0.15217391304347827,0.2631578947368421,0.04535637149028078,0.04565217391304348,0.03167420814479638,0.03271028037383177,0.0330188679245283,0.03309692671394799,0.03398058252427184,0,0,0,0,0,0,0,0,0,0,0,0,0,0,0,0,0,0,0,0,0,0,0,0,0,0,0,0,0,0,0,0,0,0,0,0,0,0,0,0,0,0,0,0,0,0,0,0,0,0,0,0,0,0,0,0,0,0,0,0,0,0,0,0,0,0,0,0,0,0,0,0,0,0],"averageAntitoxinCountInFemales":[2.5,2.5,2.5,2.1343283582089554,2.139130434782609,1.7567567567567568,1.7686567164179106,1.5862068965517242,1.6293103448275863,1.494949494949495,1.4329896907216495,1.4,1.263157894736842,1.1888888888888889,1.1111111111111112,1.1235955056179776,1.119047619047619,1.119047619047619,2.3883495145631066,1.4722222222222223,1.7826086956521738,0.8875968992248062,0.889344262295082,0.826271186440678,0.8230088495575221,0.8232558139534883,0.7971014492753623,0.7329842931937173,0.7016574585635359,0.9020618556701031,0.7932960893854749,0.7808988764044944,0.7727272727272727,0.5609756097560976,1.5524861878453038,1.23,1.308139534883721,0.3730964467005076,0.31693989071038253,0.2549019607843137,0.2326283987915408,0.2326283987915408,0.17073170731707318,0.18666666666666668,0.16891891891891891,0.1258741258741259,0.1276595744680851,0.1276595744680851,0.10431654676258993,0.10740740740740741,0.12669683257918551,0.038461538461538464,0.044585987261146494,0.014,0.014198782961460446,0.014492753623188406,0.015317286652078774,0,0,0,0,0,0,0,0,0,0,0,0,0,0.0022624434389140274,0.0022935779816513763,0.0024390243902439024,0.0024509803921568627,0.0025575447570332483,0.002688172043010753,0.0024096385542168677,0.002570694087403599,0.002631578947368421,0.0026595744680851063,0.0026595744680851063,0.002717391304347826,0,0,0,0,0.002109704641350211,0.0022471910112359553,0.0024813895781637717,0.002583979328165375,0.002583979328165375,0.002785515320334262,0.0030120481927710845,0.002824858757062147,0.002857142857142857,0.002857142857142857,0.0028653295128939827,0.0028653295128939827,0,0,0,0.0040650406504065045,0.004201680672268907,0.005714285714285714,0.006493506493506494,0.006756756756756757,0.007042253521126761,0.007194244604316547,0.007246376811594203,0.006060606060606061,0.006134969325153374,0.006134969325153374,0.006134969325153374,0.006134969325153374,0.006756756756756757,0,0,0,0,0,0,0,0,0,0,0,0,0,0,0,0,0,0,0],"reproductiveSuccessOverTime":[0,0,0,0.0073200666257561145,0,0,0,0,0,0,0,0,0.000040690104166666664,0.000040690104166666664,0,0,0,0,0.00004069507182680177,0,0,0,0,0,0,0,0,0,0,0,0.000040690104166666664,0,0,0.00016281341582546403,0,0,0,0,0,0.000040690104166666664,0,0,0,0,0,0,0,0.00008138020833333333,0,0.000040690104166666664,0,0.00004069507182680177,0,0,0,0,0,0,0,0,0,0,0,0.000040690104166666664,0.000040690104166666664,0,0,0,0,0,0,0,0,0,0,0,0,0,0,0.00016278691193228064,0.00004069672798307016,0,0,0,0,0,0,0.000040690104166666664,0,0.00004069507182680177,0.0000406934158053227,0.00004069175991861648,0.00008138020833333333,0.000040690104166666664,0.00004069175991861648,0.00004070169726077577,0.00004069175991861648,0.000040698384274144313,0,0,0,0,0,0,0,0.000040690104166666664,0.0001220802474159681,0.000040690104166666664,0.00004069507182680177,0.00008138020833333333,0.00008138020833333333,0.00004071163945772096,0.00008145312372729494,0,0,0,0,0,0,0,0,0,0,0.00004071827028787817,0,0,0,0,0,0.00016315209854386752,0.0000813868316106454,0.00004070335395636601,0,0]}