{"startTime":"2025-03-24T21:01:06.836Z","infectedMalesAtStart":2056,"infectedFemalesAtStart":4096,"toxinAntitoxinLength":3,"killRate":1,"rescueRate":1,"simulationLength":232,"infectionRatio":[0.2503255208333333,0.2503255208333333,0.2509758803467971,0.292724609375,0.316162109375,0.3224283854166667,0.3369547526041667,0.338623046875,0.35693359375,0.3488362630208333,0.3399658203125,0.3489176432291667,0.3472493489583333,0.3503560528992879,0.3511149088541667,0.3444417317708333,0.3497721354166667,0.34959051460701623,0.3498472193929517,0.3446044921875,0.31201171875,0.3104220078948439,0.2971598307291667,0.2811686197916667,0.2776285807291667,0.26943426943426946,0.2644389271032602,0.26492491759247955,0.2555876725155722,0.25094669978419315,0.24270540837504578,0.2387792472024415,0.23466688372471614,0.23328035212128623,0.23195435092724678,0.23360188802083334,0.21537272135416666,0.2144775390625,0.210693359375,0.21329752604166666,0.20747884114583334,0.20756022135416666,0.19047037760416666,0.18653102746693795,0.18185887523398714,0.1787109375,0.16885759635342476,0.16743977864583334,0.16680909941806046,0.16529598566891948,0.15874373701576439,0.16811134171651812,0.15572102864583334,0.14758901322482199,0.1500366240742248,0.13704427083333334,0.14054361979166666,0.13675944010416666,0.12459309895833333,0.12626653102746693,0.11962715727775969,0.11410433791812485,0.10664876302083333,0.10164388020833333,0.098876953125,0.09692777212614445,0.09076109076109076,0.12093098958333333,0.11897786458333333,0.1070556640625,0.09820520125351023,0.0870361328125,0.09073893229166667,0.0748291015625,0.07073091323457593,0.07499186197916667,0.07422177009155646,0.07098376002279295,0.06523950999145334,0.061083302812029464,0.057210286458333336,0.054976804752990965,0.04839628785411918,0.08186848958333333,0.080810546875,0.08406575520833333,0.08463541666666667,0.06962076822916667,0.0673828125,0.0616455078125,0.05224821973550356,0.052327473958333336,0.050821940104166664,0.05002035002035002,0.04838447139252869,0.046307222787385555,0.0441912512716175,0.04228734228734229,0.03853980139996744,0.06730417090539166,0.07173665364583333,0.07230925737538149,0.07503255208333333,0.06608072916666667,0.0635986328125,0.055623372395833336,0.03975746724180028,0.03548321464903357,0.03414038657171923,0.0306396484375,0.0301994301994302,0.029708611427641217,0.029503927074431287,0.028812110853375657,0.02572975613727965,0.051228841145833336,0.052897135416666664,0.05492894661834765,0.055216471354166664,0.043212890625,0.044881184895833336,0.037353515625,0.029012044270833332,0.0244140625,0.021363173957273652,0.020833333333333332,0.02075871051774666,0.02039072039072039,0.02040816326530612,0.02036493971977843,0.018657324425615122,0.029459635416666668,0.028889973958333332,0.028253877783658347,0.02377075871051775,0.020060221354166668,0.017008463541666668,0.017740885416666668,0.012736002604166666,0.008544921875,0.007325411036952629,0.0062255859375,0.00618539920240905,0.006145456025395792,0.006106497313141182,0.005983880159570138,0.0053343106116133234,0.014485677083333334,0.014689127604166666,0.0114760102551581,0.00964473202295202,0.009318033854166666,0.009033203125,0.006063318954993082,0.0037854119179420386,0.0023199967438642193,0.0017909475740801042,0.0011802531439501851,0.000854526958290946,0.0008140339452155155,0.0008140339452155155,0.0008143322475570033,0.0006923515516820071,0.005700093644395586,0.007364908854166667,0.005868209788499939,0.004720436233417433,0.0035400390625,0.0034586588541666665,0.0029703776041666665,0.002238320039068859,0.0015872369866916283,0.0013428827215756492,0.0013431560096056005,0.0008954008954008954,0.0008955831467535111,0.0008957654723127036,0.0008960573476702509,0.0007743407914577984,0.0036228934299438248,0.003946940104166667,0.002850859330455323,0.002808645744291122,0.002685546875,0.0026041666666666665,0.0024009115325140393,0.0022381378692927483,0.0015055951169888097,0.0004478280340349306,0.0004481747066492829,0.000447955693109627,0.0004478827361563518,0.0004480104264244695,0.00044813818952171435,0.00044813818952171435,0.000406934158053227,0.0003662109375,0.00028526019805208034,0.00016279353709657725,0.0001220703125,0.000040690104166666664,0.00004069175991861648,0.00004069507182680177,0.000040690104166666664,0.000040690104166666664,0.0000406934158053227,0.000040690104166666664,0.000040705010786827856,0.00004072656186364747,0.00004074315514993481,0.00004074481522226297,0.000040706667752177804,0.000040690104166666664,0.000040716612377850165,0.0000406934158053227,0.00004076308495026904,0.000040690104166666664,0.00004069507182680177,0.00004069175991861648,0.000040690104166666664,0.000040690104166666664,0.000040709982087607885,0.000040708324852432325,0.00004071163945772096,0.00004072656186364747,0.000040749796251018746,0.00004075145686458291,0.00004071827028787817,0.000040690104166666664,0.0000406934158053227,0.000040706667752177804,0.000040842999509884004],