{"startTime":"2025-03-24T20:33:55.229Z","infectedMalesAtStart":16,"infectedFemalesAtStart":32,"toxinAntitoxinLength":3,"killRate":0.5852442116142499,"rescueRate":0.9279420370361429,"simulationLength":37,"infectionRatio":[0.003975484512174921,0.003975484512174921,0.004019763838874466,0.00212794856703038,0.0045328324077098985,0.00435437268546779,0.00390625,0.0035400390625,0.003173828125,0.0028889973958333335,0.0028076171875,0.0024820963541666665,0.0023600260416666665,0.0021158854166666665,0.0021158854166666665,0.0020751953125,0.0020345052083333335,0.0020354162426216163,0.0018717447916666667,0.0006510416666666666,0.0002848307291666667,0.0002848307291666667,0.0025227864583333335,0.0004475911458333333,0.0003255208333333333,0.000244140625,0.00020345052083333334,0.00020345052083333334,0.00016276041666666666,0.00016276041666666666,0.00016276041666666666,0.00016276041666666666,0.0001627736632212908,0.0001627670396744659,0.0001220703125,0.000040690104166666664,0.000040690104166666664],"averageToxinCountInMales":[3.375,3.375,3.375,3.4,3.8867924528301887,3.7966101694915255,3.7142857142857144,3.6923076923076925,3.6444444444444444,3.8095238095238093,3.7804878048780486,3.6216216216216215,3.7714285714285714,3.6774193548387095,3.6774193548387095,3.6774193548387095,3.566666666666667,3.566666666666667,3.586206896551724,3.3333333333333335,2.5,6.25,4.333333333333333,5.6,6,6,6.666666666666667,6.666666666666667,6.666666666666667,6.666666666666667,6.666666666666667,6.666666666666667,6.666666666666667,6.666666666666667,6,5,5],"averageAntitoxinCountInFemales":[2.65625,2.65625,2.65625,2.65625,3.4310344827586206,3.8333333333333335,4.025,4.057142857142857,4.03030303030303,3.9655172413793105,4.071428571428571,3.7916666666666665,3.9130434782608696,4,4,4.05,4.05,4.05,4.235294117647059,5.571428571428571,6.333333333333333,6.333333333333333,4.184210526315789,5.166666666666667,5.75,7.5,7.5,7.5,8,8,8,8,8,8,8,null,null],"reproductiveSuccessOverTime":[0,0,0,0.007730865874601541,0.0005308722639660242,0.00004069507182680177,0,0,0,0,0,0,0,0,0,0,0.000040690104166666664,0.000040708324852432325,0.000040690104166666664,0,0,0,0,0,0,0,0,0,0,0,0,0,0.0000406934158053227,0,0,0,0]}