{"startTime":"2025-03-24T20:33:55.229Z","infectedMalesAtStart":16,"infectedFemalesAtStart":32,"toxinAntitoxinLength":3,"killRate":0.04081100388175807,"rescueRate":0.8459915163146887,"simulationLength":86,"infectionRatio":[0.004010360096917035,0.004010360096917035,0.0039649063607221195,0.0027216856892010536,0.0021573655717018764,0.0018310546875,0.0034586588541666665,0.0032552083333333335,0.0029296875,0.0028076171875,0.0027262369791666665,0.0024820963541666665,0.0024820963541666665,0.00244140625,0.0024007161458333335,0.0021158854166666665,0.0030517578125,0.003053248656570591,0.0029296875,0.0037027994791666665,0.0018310546875,0.0014241536458333333,0.0013427734375,0.0011800130208333333,0.0011800130208333333,0.0010986328125,0.0010986328125,0.0010986328125,0.0010986328125,0.0010987222267437129,0.0010986328125,0.001017293997965412,0.0017496744791666667,0.002035747730141281,0.0019938151041666665,0.0016682942708333333,0.0015464127294184675,0.0011393229166666667,0.0028483072916666665,0.0022379557291666665,0.0020345052083333335,0.0018717447916666667,0.00146484375,0.0014245014245014246,0.0014241536458333333,0.0014241536458333333,0.0013834635416666667,0.001220703125,0.001220703125,0.0024821973550356053,0.0024820963541666665,0.0011800130208333333,0.0009358723958333334,0.0005696614583333334,0.007161458333333333,0.005818684895833333,0.005696614583333333,0.005167643229166667,0.004231770833333333,0.0041507284121429155,0.0041100349963375925,0.004109700520833333,0.00398909105710913,0.0036214192708333335,0.003418107833163784,0.003377416073245168,0.0027262369791666665,0.0019124348958333333,0.0018717447916666667,0.0010986328125,0.004353841145833333,0.004069010416666667,0.0031740864328151704,0.0013427734375,0.0008544921875,0.0006103515625,0.0004475911458333333,0.0004069010416666667,0.0004069010416666667,0.00040695071826801776,0.0003662109375,0.0003662109375,0.0003662109375,0.0003255208333333333,0.00028484231943031536,0.00008138020833333333],"averageToxinCountInMales":[2.25,2.25,2.3333333333333335,3.4782608695652173,3.736842105263158,4.0588235294117645,3.6666666666666665,3.6363636363636362,3.6129032258064515,3.7,3.5,3.36,3.36,3.36,3.36,3.090909090909091,2.5625,2.5625,2.375,3.282608695652174,4.666666666666667,5,5.076923076923077,5.076923076923077,5.076923076923077,5.333333333333333,5.333333333333333,5.333333333333333,5.333333333333333,5.333333333333333,5.333333333333333,6,4,3.9047619047619047,3.9047619047619047,4.222222222222222,3.6666666666666665,3.3636363636363638,5.823529411764706,6.2592592592592595,6.6,6.791666666666667,6.705882352941177,6.705882352941177,6.705882352941177,6.705882352941177,6.6875,7,7,4.6923076923076925,4.6923076923076925,7,7,7,6.989795918367347,6.987179487179487,6.986666666666666,6.985074626865671,6.981132075471698,6.981132075471698,6.981132075471698,6.981132075471698,6.980392156862745,6.977777777777778,6.976190476190476,6.976190476190476,6.9714285714285715,6.961538461538462,6.96,6.923076923076923,6.981481481481482,6.979166666666667,7,7,7,7,7,7,7,7,7,7,7,7,7,7],"averageAntitoxinCountInFemales":[2.53125,2.53125,2.53125,3.230769230769231,3.411764705882353,3.607142857142857,3.36734693877551,3.234042553191489,3.4878048780487805,3.641025641025641,3.641025641025641,3.5277777777777777,3.5277777777777777,3.5428571428571427,3.4705882352941178,3.2333333333333334,2.8372093023255816,2.8372093023255816,2.7,2.8,4,3.7142857142857144,3.7,3.875,3.875,4,4,4,4,4,4,4,3.3043478260869565,3.0344827586206895,3.0714285714285716,3.3043478260869565,3.3043478260869565,2.588235294117647,5.194444444444445,5.928571428571429,6.2,6.7727272727272725,6.7368421052631575,6.722222222222222,6.722222222222222,6.722222222222222,6.722222222222222,6.6875,6.6875,4.142857142857143,4.142857142857143,7,7,7,7,7,7,7,7,7,7,7,7,7,7,7,7,7,7,7,7,7,7,7,7,7,7,7,7,7,7,7,7,7,7,7],"reproductiveSuccessOverTime":[0,0,0,0.006014047410008779,0.0002035250539341393,0,0,0,0,0,0.00008138020833333333,0,0,0,0,0,0,0,0,0,0,0,0,0,0,0,0,0,0,0,0.000040690104166666664,0,0,0,0.000040690104166666664,0,0,0,0,0,0,0,0,0,0.000040690104166666664,0,0,0,0.000040690104166666664,0,0,0,0,0,0,0,0,0,0,0,0,0,0.00016282004314731142,0,0,0,0,0,0,0,0,0,0,0,0,0,0,0,0,0.00004069507182680177,0,0,0,0,0,0]}