{"startTime":"2025-03-24T20:33:26.773Z","infectedMalesAtStart":1024,"infectedFemalesAtStart":1024,"toxinAntitoxinLength":3,"killRate":0.7112147486099324,"rescueRate":0.8046252589365104,"simulationLength":197,"infectionRatio":[0.16653114327532934,0.16653114327532934,0.166680364921509,0.16027441410746351,0.18133932217231524,0.18518518518518517,0.18255066330267763,0.16910807291666666,0.16178385416666666,0.16312662760416666,0.1627197265625,0.16361490885416666,0.156982421875,0.16304524739583334,0.16727701822916666,0.1719970703125,0.17375381485249236,0.17382979590173953,0.17060164454937718,0.1600341796875,0.15958658854166666,0.1545066124109868,0.1605224609375,0.15006510416666666,0.1495829094608342,0.153564453125,0.14790852864583334,0.14242115971515767,0.14200846354166666,0.14547896150402864,0.143798828125,0.15096028645833334,0.1573486328125,0.15776619993487465,0.14701334635416666,0.12890625,0.13704427083333334,0.14437436419125127,0.1431943031536114,0.12569173177083334,0.12223714739284405,0.11857096354166667,0.10685221354166667,0.10433367243133265,0.1043701171875,0.10176595052083333,0.09891764322916667,0.09903971354166667,0.10054524739583333,0.10545380545380545,0.11328284062220051,0.10205078125,0.1124267578125,0.11555989583333333,0.13151576805696846,0.11105233173272565,0.10227920227920229,0.09151204427083333,0.08251953125,0.07888952210372059,0.07621256510416667,0.07454427083333333,0.07157389322916667,0.07076009114583333,0.07046037367199902,0.07354198038337878,0.07646292829820135,0.06917317708333333,0.0870361328125,0.09130859375,0.10123697916666667,0.08349609375,0.08023610828414411,0.07442220052083333,0.06717936197916667,0.06417874002930164,0.0654323499491353,0.061482747395833336,0.0596923828125,0.059185085684047706,0.05815562428780726,0.059984535872705816,0.07200261085954392,0.0728759765625,0.07454427083333333,0.07963377416073245,0.07840983072916667,0.05810783316378433,0.05380107439361875,0.049112955729166664,0.043863932291666664,0.039187759420525756,0.0364990234375,0.034757834757834755,0.03378653423430758,0.03190233977619532,0.03149926745889631,0.029591338326278086,0.032538580876949455,0.030843098958333332,0.028933018637584438,0.036095059819321235,0.0330824008138352,0.025839267548321464,0.02382115807476179,0.020304361979166668,0.0172119140625,0.013346354166666666,0.0113525390625,0.010948310948310948,0.010912052117263843,0.010665581111337268,0.010621413746795262,0.00981070628943619,0.009018199624581735,0.011800130208333334,0.0140380859375,0.018880208333333332,0.020875722308130545,0.020105001831427292,0.018925518925518924,0.017294701717262148,0.016642252604166668,0.015462239583333334,0.015299479166666666,0.015300724342801334,0.015308822930662432,0.015315058449757647,0.015223054379680885,0.014939347065049255,0.012700233520422795,0.01318359375,0.009562174479166666,0.011963377416073246,0.019979654120040692,0.018391927083333332,0.01733821733821734,0.01631872380254751,0.014852492370295015,0.0125732421875,0.011881510416666666,0.011841783999348906,0.011850464244991041,0.01185625814863103,0.011854326218021835,0.01160092807424594,0.010326311441553077,0.00830078125,0.007120768229166667,0.008260091145833334,0.010865142020021161,0.00992919345649874,0.00907684793226962,0.008754071661237785,0.00826109958084076,0.007405598958333333,0.006510416666666667,0.006510946528851632,0.006513066840348449,0.0065125366330185605,0.006511211492288284,0.006435058852278744,0.005883078948451063,0.004475911458333333,0.005290574637799121,0.010504885993485343,0.008719745741993317,0.008598207008964956,0.008565485173553045,0.006522093592043046,0.0060675163904385715,0.004966213465765692,0.004313326551373347,0.004191080729166667,0.0041510662542731565,0.004153094462540716,0.0041537709724710865,0.003990228013029316,0.003737166324435318,0.0033365885416666665,0.005330403645833333,0.006104509197460524,0.0040289760703239455,0.003500061047576411,0.00321844699747413,0.0026874058389999593,0.0020752797558494405,0.0020347535913400887,0.001505778935373596,0.0015058402181433398,0.0015060240963855422,0.001506514657980456,0.0015072510998859377,0.001506453320304548,0.0015173262251384047,0.0013020833333333333,0.0003662407422479043],"averageToxinCountInMales":[2.4599609375,2.4599609375,2.463681592039801,2.588303416328894,2.516289592760181,2.694642857142857,2.7092811646951773,2.705710102489019,2.8253968253968256,2.761592741935484,2.682069311903566,2.6012941762070683,2.5681462140992166,2.532032032032032,2.4492472073822245,2.437233538607295,2.4698738907052777,2.4698457223001404,2.4182254196642687,2.409297625063163,2.2412569690826154,2.3638275499474237,2.3470111448834854,2.4420368364030334,2.4279499728113105,2.470464135021097,2.462973121228744,2.4284900284900286,2.3399433427762037,2.421875,2.3615209988649264,2.3539775760811534,2.339989759344598,2.3514344262295084,2.3191964285714284,2.341650671785029,1.8414779499404053,1.710972850678733,1.7202247191011235,1.7135517019910083,1.6886979510905487,1.7486486486486486,1.658371040723982,1.651840490797546,1.5544401544401545,1.537788385043755,1.49553208773355,1.4813614262560777,1.47444089456869,1.4453781512605042,1.4268379728765168,1.5443983402489627,1.0521675238795003,0.8324946081955428,1.2857142857142858,1.3186490455212923,1.3125499600319743,1.3377777777777777,1.3946850393700787,1.2171664943123062,0.9827586206896551,0.9779005524861878,0.9606936416184971,0.9096244131455399,0.902122641509434,0.9,0.9063876651982379,0.918918918918919,0.565425023877746,0.4188191881918819,0.545530492898914,0.5348837209302325,0.5590386624869383,0.5774011299435028,0.544766708701135,0.5139813581890812,0.4551282051282051,0.4665757162346521,0.4327731092436975,0.4241573033707865,0.41117478510028654,0.4368131868131868,0.5170068027210885,0.7027027027027027,0.559447983014862,0.46176470588235297,0.4254473161033797,0.456,0.5122302158273381,0.5244865718799369,0.5352622061482821,0.4457831325301205,0.4511930585683297,0.4518348623853211,0.44208037825059104,0.42039800995024873,0.41309823677581864,0.3626373626373626,0.4605263157894737,0.56,0.6648199445983379,0.6357615894039735,0.562962962962963,0.6369426751592356,0.671280276816609,0.6587301587301587,0.6186046511627907,0.6144578313253012,0.6928571428571428,0.7132352941176471,0.7132352941176471,0.7142857142857143,0.7196969696969697,0.7333333333333333,0.7981651376146789,0.8740740740740741,0.9388888888888889,0.979253112033195,0.9923664122137404,1,1,1,1,1,1,1,1,1,1,1,1,1,1,1.006993006993007,1.0042372881355932,1.0046296296296295,1.0049261083743843,1.0052356020942408,1.005813953488372,1.0068493150684932,1.0072992700729928,1.0073529411764706,1.0073529411764706,1.0073529411764706,1.0073529411764706,1.0075757575757576,1.0086206896551724,1.010989010989011,1,1,1,1,1,1,1,1,1,1,1,1,1,1,1,1,1,1,1,1,1,1,1,1,1,1,1,1,1,1,1,1,1.0149253731343284,1.0138888888888888,1,1,1,1,1,1,1,1,1,1,1,1,1,1,1],