{"startTime":"2025-03-24T20:33:55.229Z","infectedMalesAtStart":16,"infectedFemalesAtStart":32,"toxinAntitoxinLength":3,"killRate":0.03914184661412512,"rescueRate":0.3110429482723832,"simulationLength":84,"infectionRatio":[0.004011030333416896,0.004011030333416896,0.004049607694254619,0.013253603462894373,0.011362248014660965,0.008097330729166666,0.005777994791666667,0.0064697265625,0.005818684895833333,0.005045572916666667,0.004150390625,0.003946940104166667,0.0038655598958333335,0.0036214192708333335,0.0035807291666666665,0.00341796875,0.004475911458333333,0.0044780980296368665,0.003989415835538367,0.01123046875,0.0108642578125,0.009033203125,0.007528281923984699,0.007364908854166667,0.0067138671875,0.0064292980671414035,0.006388346354166667,0.006062825520833333,0.005818684895833333,0.004923502604166667,0.004801432291666667,0.004313151041666667,0.005411783854166667,0.004801432291666667,0.004598917422978308,0.005900065104166667,0.010579427083333334,0.008829752604166666,0.007405598958333333,0.006510416666666667,0.005289713541666667,0.0045166015625,0.004313326551373347,0.0042731564382223666,0.0036215666327568665,0.003255738238645613,0.0032552083333333335,0.002685546875,0.002685546875,0.0026448567708333335,0.0021974444534874258,0.0072021484375,0.015421549479166666,0.011515299479166666,0.0101318359375,0.009562174479166666,0.007161458333333333,0.0057373046875,0.004313151041666667,0.004272634791454731,0.004191421827948238,0.0037027994791666665,0.0032958984375,0.0030110677083333335,0.002970619353788557,0.0026448567708333335,0.0019532044760935913,0.002197265625,0.007364908854166667,0.008994342924585895,0.006023115741494384,0.005411783854166667,0.0047607421875,0.004720052083333333,0.004679361979166667,0.004435221354166667,0.004314906781730848,0.0032958984375,0.0028484231943031535,0.0026448567708333335,0.0026448567708333335,0.0025227864583333335,0.0006510416666666666,0.000040690104166666664],"averageToxinCountInMales":[2.5,2.5,2.5,2.4402985074626864,2.6470588235294117,2.2717391304347827,2.303030303030303,2.23943661971831,2.2857142857142856,2.232142857142857,2.2448979591836733,2.3617021276595747,2.369565217391304,2.372093023255814,2.380952380952381,2.380952380952381,1.7166666666666666,1.7166666666666666,1.588235294117647,1.7841726618705036,1.7462686567164178,1.7179487179487178,1.683673469387755,1.6736842105263159,1.6395348837209303,1.6265060240963856,1.6265060240963856,1.6538461538461537,1.63013698630137,1.5873015873015872,1.5806451612903225,1.5849056603773586,1.4696969696969697,1.5,1.2884615384615385,1.7681159420289856,1.7459016393442623,1.7941176470588236,1.7341772151898733,1.7777777777777777,1.8035714285714286,1.7916666666666667,1.7777777777777777,1.7727272727272727,1.7435897435897436,1.7647058823529411,1.7647058823529411,1.8064516129032258,1.8064516129032258,1.8333333333333333,1.75,1.9898989898989898,2,2,2,2,2,2,2,2,2,2,2,2,2,2,2,2.0416666666666665,2.010204081632653,2.0081967213114753,2,2,2,2,2,2,2,2,2,2,2,2,2,2],"averageAntitoxinCountInFemales":[2.1875,2.1875,2.1875,2.374233128834356,2.5804195804195804,2.3738317757009346,2.486842105263158,2.3181818181818183,2.2875,2.264705882352941,2.339622641509434,2.36,2.306122448979592,2.3260869565217392,2.3260869565217392,2.4047619047619047,1.82,1.82,1.7872340425531914,1.8686131386861313,1.8270676691729324,1.7714285714285714,1.7471264367816093,1.744186046511628,1.7215189873417722,1.7066666666666668,1.7027027027027026,1.704225352112676,1.7,1.6379310344827587,1.625,1.6415094339622642,1.507462686567164,1.5862068965517242,1.5081967213114753,1.75,1.6884057971014492,1.7304347826086957,1.6990291262135921,1.7386363636363635,1.7432432432432432,1.7142857142857142,1.7049180327868851,1.7049180327868851,1.74,1.7608695652173914,1.7608695652173914,1.8,1.8,1.8,1.7941176470588236,1.9871794871794872,2,2,2,2,2,2,2,2,2,2,2,2,2,2,2,2,2.0120481927710845,2,2,2,2,2,2,2,2,2,2,2,2,2,2,null],"reproductiveSuccessOverTime":[0,0,0,0.007318488107456825,0.000040724903278354713,0,0,0,0,0,0.000040690104166666664,0,0.000040690104166666664,0,0,0,0,0,0,0,0,0,0,0,0,0,0.000040690104166666664,0,0,0,0,0,0.000040690104166666664,0.000040690104166666664,0,0,0,0,0,0,0,0,0,0,0,0,0,0,0,0,0,0,0,0,0,0,0,0,0,0.00004069175991861648,0,0,0,0,0,0,0,0,0,0,0,0,0,0,0.00016276041666666666,0.0001220703125,0.00016282667100871122,0,0,0,0,0,0,0]}