{"startTime":"2025-03-24T20:43:41.882Z","infectedMalesAtStart":1024,"infectedFemalesAtStart":1024,"toxinAntitoxinLength":3,"killRate":0.2588474289675051,"rescueRate":0.8282960660197604,"simulationLength":270,"infectionRatio":[0.08333333333333333,0.08333333333333333,0.08342918172855734,0.083984375,0.08150227864583333,0.0784912109375,0.07393391927083333,0.07560221354166667,0.08048502604166667,0.08052571614583333,0.0797119140625,0.07877604166666667,0.0736083984375,0.07661946614583333,0.07271321614583333,0.07491048177083333,0.07661946614583333,0.07653476632470281,0.07620288203207685,0.09468587239583333,0.1024169921875,0.0985107421875,0.08988444010416667,0.08243815104166667,0.08260091145833333,0.0809326171875,0.0770263671875,0.07438756409212989,0.07112630208333333,0.0748291015625,0.06770833333333333,0.06795247395833333,0.07063802083333333,0.06748890788456059,0.061930338541666664,0.08638509114583333,0.08675130208333333,0.09246296597753541,0.08060709635416667,0.0831298828125,0.0933837890625,0.0908646998982706,0.09029134114583333,0.0821533203125,0.08894856770833333,0.08772786458333333,0.08487955729166667,0.08577473958333333,0.08533756562080332,0.0844354018311292,0.07499491353001017,0.09183756510416667,0.095703125,0.1090087890625,0.09940592447916667,0.10725911458333333,0.11124674479166667,0.10196940104166667,0.09444557477110885,0.08524576822916667,0.09346516927083333,0.08699544270833333,0.0845947265625,0.07979329427083333,0.07976234078053147,0.07943678020591706,0.07259114583333333,0.1019287109375,0.11295572916666667,0.12894694010416666,0.11177571614583333,0.11238606770833333,0.10770670572916667,0.10299084435401831,0.09468587239583333,0.0853271484375,0.09126790364583333,0.08382161458333333,0.078215928051113,0.0757742237415049,0.07449016973989499,0.07269027269027269,0.06693522135416667,0.089599609375,0.1114501953125,0.13123092573753814,0.11279296875,0.12186686197916667,0.11601692846097501,0.10600634817286562,0.09334309895833333,0.08455403645833333,0.07987467447916667,0.07369277721261444,0.06767590444797135,0.062418619791666664,0.060477799031378454,0.05985098326615366,0.05494058277714472,0.07963053385416667,0.10477701822916667,0.1355090746317246,0.11006673177083333,0.11076297049847406,0.1135938135938136,0.110107421875,0.10477701822916667,0.09895833333333333,0.07865717192268566,0.06612141927083333,0.05705913475235033,0.05029296875,0.04797558494404883,0.044677734375,0.03914547304170905,0.06571451822916667,0.08406575520833333,0.091064453125,0.07735188802083333,0.07149251302083333,0.0692138671875,0.06473795572916667,0.061971028645833336,0.0577392578125,0.047607421875,0.044108072916666664,0.03850380560869388,0.033935546875,0.031697591145833336,0.029459635416666668,0.025146484375,0.03764294143979164,0.051472981770833336,0.0491943359375,0.042887369791666664,0.041707356770833336,0.04130381704240254,0.03715308863025962,0.0367431640625,0.036295572916666664,0.029622395833333332,0.031453450520833336,0.028849283854166668,0.026613493936681044,0.024255249877909817,0.023606023606023607,0.021243692007162623,0.024903357070193286,0.0377197265625,0.0362548828125,0.032511393229166664,0.029947916666666668,0.0284423828125,0.02795751434501282,0.02730528200537153,0.031819661458333336,0.016072591145833332,0.01505778935373596,0.014005944383372012,0.013229667019457787,0.012784495745287243,0.01261547226630855,0.011801090583543583,0.014078776041666666,0.019775390625,0.020062670410613274,0.017171223958333332,0.016927083333333332,0.01676500508646999,0.016643607064376984,0.014892578125,0.020182291666666668,0.007486979166666667,0.0063901664699417965,0.006269847732269359,0.005820816542516384,0.005171430898281619,0.005088747760950985,0.004723511686619431,0.004762680127004803,0.008465263929022018,0.008912220730069588,0.008301119023397762,0.008138020833333334,0.008016276703967446,0.010094842675133308,0.00891476023772694,0.008341471354166666,0.005330403645833333,0.0037434895833333335,0.0037434895833333335,0.003662258392675483,0.003540615334527104,0.003540183112919634,0.0033365885416666665,0.004842122395833333,0.0118408203125,0.009195963541666666,0.009521484375,0.00927734375,0.009197460524173856,0.01013348526778447,0.008668403060393945,0.007858306188925081,0.0034993489583333335,0.0030924479166666665,0.0027263479145473043,0.0026041666666666665,0.002605651005618435,0.0026052267361393795,0.0026041666666666665,0.0018310546875,0.005533854166666667,0.006632486979166667,0.005900065104166667,0.005901746102812487,0.005740574871753114,0.005575678645557771,0.00525329858283108,0.005331271365782191,0.0017903645833333333,0.0014244434495950511,0.0008545965083628373,0.0008545617319117766,0.000855431993156544,0.0008550140466593379,0.0008547356424762913,0.0006514127514046088,0.006837050301155787,0.007162041181736795,0.0061042607740202665,0.006104509197460524,0.006106248727864848,0.006836493855294213,0.007447417955642851,0.007041393626114209,0.00288911495422177,0.0026044845969153134,0.002441604948319362,0.0020757020757020757,0.0020354162426216163,0.002036493971977843,0.0019963332654308412,0.0011810702940457767,0.005742679102350019,0.0075313466862074584,0.006756756756756757,0.006716326779826596,0.006719882707501833,0.006510946528851632,0.005577040504783228,0.005047010460336196,0.00390625,0.0031740864328151704,0.0025227864583333335,0.0022789240223008993,0.0008143985666585227,0.0002852253280091272,0.0002853067047075606,0.0002852485737571312,0.0002851788478774546,0.000040709982087607885,0.000040705010786827856,0.00004071992833292614,0.000040733197556008144,0.00004072656186364747,0.00004084633608365329,0.0013428280773143438,0.0006917317708333334,0.0000406934158053227],