{"startTime":"2025-03-24T20:33:55.229Z","infectedMalesAtStart":16,"infectedFemalesAtStart":32,"toxinAntitoxinLength":3,"killRate":0.04081100388175807,"rescueRate":0.3110429482723832,"simulationLength":103,"infectionRatio":[0.0036416053410211666,0.0036416053410211666,0.003670285976448998,0.0018033886931722864,0.0011393229166666667,0.0009358723958333334,0.001708984375,0.0015055338541666667,0.0014241536458333333,0.0013834635416666667,0.001708984375,0.001708984375,0.0016276041666666667,0.0025227864583333335,0.0024820963541666665,0.004720052083333333,0.004720052083333333,0.0047219734592526255,0.00443612388588173,0.0035807291666666665,0.0021565755208333335,0.0017498880885524763,0.004801432291666667,0.004597981770833333,0.004557291666666667,0.0045166015625,0.006754557291666667,0.005533854166666667,0.004557291666666667,0.004842122395833333,0.004679361979166667,0.0111083984375,0.011109754608716884,0.011115182606571393,0.011027018229166666,0.009033203125,0.0074462890625,0.006022135416666667,0.015922788727805833,0.017051929024906397,0.018147786458333332,0.020060221354166668,0.018229166666666668,0.017008463541666668,0.014363606770833334,0.011800130208333334,0.011719703751932938,0.01171875,0.011394156425490356,0.011313229967850892,0.0111083984375,0.009602864583333334,0.006795247395833333,0.005330403645833333,0.013875325520833334,0.017619532044760935,0.022792950466034433,0.021728515625,0.019571940104166668,0.015421549479166666,0.012248718157402132,0.01220703125,0.0118408203125,0.01171875,0.011680911680911682,0.011639737902405274,0.010904947916666666,0.007771809895833333,0.005818684895833333,0.0036214192708333335,0.005453805453805454,0.008056640625,0.009523809523809525,0.008260091145833334,0.006754557291666667,0.006022135416666667,0.0042724609375,0.0030924479166666665,0.0030517578125,0.00244140625,0.0024014978834255942,0.0021975338786472958,0.0021565755208333335,0.001953125,0.0016682942708333333,0.0019124348958333333,0.0029311187103077674,0.0021566632756866736,0.0034586588541666665,0.00341796875,0.0030924479166666665,0.0027669270833333335,0.0025634765625,0.0017903645833333333,0.0015462868769074262,0.0015055951169888097,0.001505778935373596,0.0015055338541666667,0.0014241536458333333,0.000732421875,0.0004069010416666667,0.0001220703125,0.000040690104166666664],"averageToxinCountInMales":[2.4375,2.4375,2.4375,2.5,2.4,2.4444444444444446,1.7647058823529411,1.6,1.6428571428571428,1.6428571428571428,1.3333333333333333,1.3333333333333333,1.3333333333333333,1.7419354838709677,1.7419354838709677,2,2,2,2.061224489795918,2.097560975609756,1.9583333333333333,1.9444444444444444,1.9333333333333333,1.9761904761904763,2,2,3.9863013698630136,3.327272727272727,2.9047619047619047,3.1333333333333333,3.2045454545454546,2.769230769230769,2.769230769230769,2.769230769230769,2.744186046511628,2.8773584905660377,2.853932584269663,2.8714285714285714,2.2938144329896906,2.404040404040404,2.328638497652582,2.139830508474576,2.163551401869159,2.3768844221105527,2.484472049689441,2.384,2.3548387096774195,2.3548387096774195,2.3529411764705883,2.364406779661017,2.341880341880342,2.485148514851485,2.6666666666666665,3.076923076923077,2.408839779005525,1.7400881057268722,2.4526315789473685,2.5071942446043165,2.4979591836734696,2.6927083333333335,2.509677419354839,2.4551282051282053,2.46,2.47972972972973,2.45578231292517,2.45578231292517,2.371212121212121,2.234042553191489,1.9861111111111112,1.9090909090909092,1.391304347826087,1.297029702970297,2.926829268292683,3.1682242990654204,3.577777777777778,3.8860759493670884,4.065573770491803,4.23404255319149,4.195652173913044,5.057142857142857,5.176470588235294,5.125,5.096774193548387,5.107142857142857,5.041666666666667,4.357142857142857,2.4761904761904763,2.625,3.702127659574468,3.760869565217391,4.175,4.735294117647059,4.848484848484849,4.565217391304348,4.2631578947368425,4.166666666666667,4.166666666666667,4.166666666666667,4.0588235294117645,4.5,6,6,6],"averageAntitoxinCountInFemales":[2.375,2.375,2.375,2.3793103448275863,2.388888888888889,2.142857142857143,2.04,2,2.0476190476190474,1.95,1.9523809523809523,1.9523809523809523,2.0526315789473686,1.8709677419354838,1.8666666666666667,1.7868852459016393,1.7868852459016393,1.7868852459016393,1.7833333333333334,1.7659574468085106,1.896551724137931,1.84,2,2.0140845070422535,2.0140845070422535,2.0142857142857142,3.064516129032258,2.6296296296296298,2.4571428571428573,2.5135135135135136,2.563380281690141,2.6503496503496504,2.6503496503496504,2.6503496503496504,2.6619718309859155,2.8189655172413794,2.7872340425531914,2.8076923076923075,2.238578680203046,2.3846153846153846,2.3304721030042916,2.190661478599222,2.3547008547008548,2.547945205479452,2.5520833333333335,2.521212121212121,2.518292682926829,2.518292682926829,2.546583850931677,2.55625,2.532051282051282,2.688888888888889,2.5473684210526315,2.632911392405063,2.29375,1.7427184466019416,2.578181818181818,2.55078125,2.597457627118644,2.871657754010695,2.719178082191781,2.611111111111111,2.624113475177305,2.6357142857142857,2.6357142857142857,2.633093525179856,2.514705882352941,2.2989690721649483,2.1971830985915495,2.3555555555555556,1.6,1.4845360824742269,2.720720720720721,2.8958333333333335,3.3947368421052633,3.5652173913043477,3.9545454545454546,4.482758620689655,4.482758620689655,5.04,5.04,4.909090909090909,4.909090909090909,4.8,4.764705882352941,3.789473684210526,2.2,2.7142857142857144,4.184210526315789,4.184210526315789,4.361111111111111,4.5588235294117645,5.033333333333333,4.857142857142857,4.7368421052631575,4.7368421052631575,4.7368421052631575,4.7368421052631575,4.666666666666667,5.625,6,6,null],"reproductiveSuccessOverTime":[0,0,0,0.004904002452724317,0,0,0,0,0,0,0,0,0,0,0.00008138020833333333,0.000040690104166666664,0.00008138020833333333,0.000040706667752177804,0,0,0,0,0,0,0,0,0,0.000040690104166666664,0,0,0,0,0,0,0,0,0,0,0,0,0,0,0,0,0,0.00008138020833333333,0,0.00008138020833333333,0.0000813868316106454,0,0,0,0,0,0,0,0,0,0,0,0,0,0,0,0,0.00008139676854828863,0,0,0,0,0.0000407000407000407,0.000040690104166666664,0,0,0,0,0.000040690104166666664,0,0,0,0,0,0,0,0,0,0,0,0,0,0,0,0,0,0,0,0,0,0,0,0,0,0]}