{"startTime":"2025-03-24T21:01:06.836Z","infectedMalesAtStart":4096,"infectedFemalesAtStart":4096,"toxinAntitoxinLength":3,"killRate":0.5,"rescueRate":1,"simulationLength":248,"infectionRatio":[0.3333333333333333,0.3333333333333333,0.33353886628026475,0.3472900390625,0.3541259765625,0.34375,0.3300374348958333,0.3416341145833333,0.3384602864583333,0.3401285807291667,0.3489583333333333,0.3472086588541667,0.3359375,0.3411458333333333,0.3410237630208333,0.3378499348958333,0.3412272135416667,0.34117742854816385,0.33045778229908446,0.327392578125,0.3240559895833333,0.3312174479166667,0.3147379557291667,0.3194173177083333,0.3122151692708333,0.32014813006144954,0.3083902994791667,0.29570701932858595,0.2810465494791667,0.2753499348958333,0.2663167317708333,0.265380859375,0.2567545572916667,0.2548022139020023,0.25685684056319685,0.2584228515625,0.2543538411458333,0.2655436197916667,0.2598063151041667,0.2624918619791667,0.2602132161458333,0.27070271150557773,0.2655029296875,0.2613118489583333,0.24454752604166666,0.23234049479166666,0.21818033854166666,0.208251953125,0.19437662760416666,0.18902860863549426,0.19124348958333334,0.19287109375,0.19783528645833334,0.20406087239583334,0.19893391927083334,0.1949462890625,0.18701171875,0.1966138944283912,0.17724609375,0.18904622395833334,0.17606608072916666,0.18513997395833334,0.17635808748728382,0.16194661458333334,0.14982096354166666,0.13614908854166666,0.1317138671875,0.14949544270833334,0.142578125,0.14607747395833334,0.13839267548321466,0.13663736979166666,0.13045247395833334,0.132896450667535,0.12361653645833333,0.11979166666666667,0.11088053385416667,0.11474609375,0.10750325520833333,0.10042317708333333,0.09395345052083333,0.0863037109375,0.08072916666666667,0.12064615885416667,0.11482747395833333,0.11442057291666667,0.10812240579474242,0.10237630208333333,0.09700520833333333,0.09908040364583333,0.087646484375,0.07474772135416667,0.06974283854166667,0.06689453125,0.06111902339776195,0.0665283203125,0.06465657552083333,0.062744140625,0.053426106770833336,0.10009765625,0.09456380208333333,0.08829752604166667,0.08081383519837233,0.0704345703125,0.06848423194303153,0.06832424513713681,0.0665283203125,0.06315104166666667,0.063232421875,0.061604817708333336,0.06160732451678535,0.06453450520833333,0.0736083984375,0.0750762970498474,0.06787109375,0.11027018229166667,0.10074869791666667,0.09794108072916667,0.09643947100712105,0.08345540364583333,0.08204794269667494,0.08082699116845062,0.07670396744659207,0.07666015625,0.0784912109375,0.07527669270833333,0.07698567708333333,0.07503255208333333,0.07861328125,0.0786356791078188,0.06901041666666667,0.12654622395833334,0.1258544921875,0.126708984375,0.11490885416666667,0.10469563802083333,0.09999593016157259,0.09870108717781668,0.09744779582366589,0.0958814911281133,0.09583689415211818,0.08622233072916667,0.07666015625,0.073486328125,0.07320149739583333,0.07161458333333333,0.06486002604166667,0.09855143229166667,0.095947265625,0.10087076822916667,0.087890625,0.0848388671875,0.0806884765625,0.08008790135514589,0.07986973336047222,0.07935539006226346,0.07924297924297924,0.07173665364583333,0.060872395833333336,0.05126953125,0.0477294921875,0.0437065071419851,0.0380859375,0.06437174479166667,0.07417805989583333,0.06547037760416667,0.055419921875,0.04842319430315361,0.0438232421875,0.04367114367114367,0.04360216585921915,0.04362880886426593,0.046777673736921384,0.04265711494627157,0.039510091145833336,0.036905924479166664,0.0352783203125,0.03173828125,0.028208572475271705,0.05709286237486775,0.0582275390625,0.047770182291666664,0.03759765625,0.0330810546875,0.028523763020833332,0.026774088541666668,0.02677953685238696,0.026631917579508897,0.03196514374134701,0.026792621849423836,0.022786458333333332,0.020426432291666668,0.021769205729166668,0.018638342896675212,0.014493343646948662,0.01806640625,0.013468972533062055,0.011555989583333334,0.011271158854166666,0.009928385416666666,0.0057373046875,0.005452473958333333,0.0054526958290946085,0.005371312309257375,0.0053317053317053316,0.0050048828125,0.004109700520833333,0.0037434895833333335,0.0026041666666666665,0.002034587995930824,0.0029703776041666665,0.003662407422479043,0.0040283203125,0.0028076171875,0.001220703125,0.0008951822916666666,0.0008951822916666666,0.0008544921875,0.0008545965083628373,0.0008547008547008547,0.0008549444286121402,0.0008547008547008547,0.000854526958290946,0.0007731119791666666,0.000732421875,0.0002035250539341393,0.0006104012370798405,0.0011804453128180078,0.0010986328125,0.0010986328125,0.0009358723958333334,0.0008544921875,0.0003255208333333333,0.0003255340793489318,0.0003255340793489318,0.0003255870741931545,0.00032578595862518323,0.00032598508618230716,0.00032602494090797947,0.00028514399771884804,0.000285074322948483,0.00028505110559107384,0.0002442797817767283,0.001017790986443024,0.0009765625,0.0009765625,0.0009765625,0.0009765625],