{"startTime":"2025-03-24T21:01:06.836Z","infectedMalesAtStart":1024,"infectedFemalesAtStart":4096,"toxinAntitoxinLength":3,"killRate":0.5,"rescueRate":0.5,"simulationLength":169,"infectionRatio":[0.20833333333333334,0.20833333333333334,0.20958453311394487,0.2391357421875,0.2580973307291667,0.2802327473958333,0.2882080078125,0.3109537760416667,0.3241780598958333,0.3287353515625,0.3306477864583333,0.3334554036458333,0.3390299479166667,0.3368733723958333,0.3274332682291667,0.3243815104166667,0.32177734375,0.32187792662567694,0.3245442708333333,0.3116048177083333,0.2977294921875,0.3127848307291667,0.2886555989583333,0.2900390625,0.2779947916666667,0.2847086588541667,0.2810872395833333,0.2840169270833333,0.2855631510416667,0.2771809895833333,0.2757975260416667,0.264404296875,0.26229908443540184,0.26194935265857827,0.26205493387589013,0.23095703125,0.230224609375,0.24979654947916666,0.22074381510416666,0.2205810546875,0.20975748697916666,0.19903129960519353,0.189453125,0.20439471007121057,0.20430501302083334,0.196044921875,0.2015380859375,0.20467122395833334,0.19755849440488302,0.19619892560638125,0.1959228515625,0.17106119791666666,0.15763346354166666,0.17268880208333334,0.16031901041666666,0.18790690104166666,0.16609700520833334,0.15464756633566662,0.14424641927083334,0.15731434384537132,0.1514892578125,0.14127604166666666,0.14921061197916666,0.14998372395833334,0.1463623046875,0.141357421875,0.13623046875,0.11783854166666667,0.11881510416666667,0.12086436332560127,0.12744140625,0.15104166666666666,0.14558919270833334,0.13777669270833334,0.12689756216678197,0.13029501525940998,0.12552897135416666,0.11844889322916667,0.11937321937321937,0.11959794905184341,0.11808268229166667,0.11295572916666667,0.10107421875,0.08760579427083333,0.078857421875,0.08496439471007121,0.09440104166666667,0.1046142578125,0.10213216145833333,0.0906982421875,0.08211263020833333,0.08016929149879949,0.07377115885416667,0.07377115885416667,0.07540183112919634,0.07508546312876445,0.07135878856956769,0.06515015870432164,0.06091804346056808,0.046793619791666664,0.040120442708333336,0.057088216145833336,0.0579833984375,0.06926301224921662,0.062052408854166664,0.05424653074512677,0.050048828125,0.05201041836236366,0.049723307291666664,0.045206705729166664,0.046105640107430616,0.04667534792870513,0.04656463692608271,0.04195661905343263,0.03764294143979164,0.029012044270833332,0.02197265625,0.024820963541666668,0.025309244791666668,0.031941731770833336,0.028645833333333332,0.030152594099694813,0.0260009765625,0.02522889114954222,0.024454752604166668,0.02437436419125127,0.02510681586978637,0.02502645072027346,0.02498982498982499,0.0244140625,0.020955403645833332,0.012410481770833334,0.009440104166666666,0.008219401041666666,0.007853190104166666,0.014689127604166666,0.019369277721261444,0.017011232296923327,0.015096642929806715,0.012451171875,0.010824448604215837,0.010498474059003051,0.010501037893280149,0.010503602980092008,0.010457782299084435,0.009724934895833334,0.009116438077408327,0.006511211492288284,0.005696614583333333,0.003946940104166667,0.0027669270833333335,0.0015055338541666667,0.0021565755208333335,0.001994139671170438,0.0017910933810958234,0.0015462868769074262,0.001546475663356666,0.0015468533745827567,0.001547231270358306,0.0015464127294184675,0.0015462239583333333,0.0015462239583333333,0.0015466015466015467,0.0011393229166666667,0.0009358723958333334,0.00048828125,0.0001220703125,0.000040690104166666664,0.000040690104166666664],"averageToxinCountInMales":[2.5224609375,2.5224609375,2.5213082259663033,2.561786085150571,2.360418342719228,2.383384405856316,2.447663551401869,2.460272417707151,2.3403973509933773,2.442627206645898,2.4811296534017973,2.4831064044377205,2.4887124782932273,2.509696668324217,2.4919499105545615,2.4529517916988914,2.4345576823590274,2.4347826086956523,2.453333333333333,2.499205929062996,2.5002768549280177,2.4458999214042443,2.496739438616388,2.547532757178701,2.5065425995929047,2.5252383623107124,2.508219954648526,2.467764443204019,2.3834857301191468,2.3983414355161567,2.365986785406492,2.329943164822016,2.3007859733978235,2.3083459787556904,2.3491087891825444,2.414305459571527,2.3380968978738235,2.4252122795558457,2.4652124858969535,2.37295690936107,2.511755485893417,2.534468438538206,2.5658643326039385,2.4890243902439027,2.4643435980551054,2.341994970662196,2.3874388254486134,2.3097738287560583,2.309045226130653,2.2926725963574754,2.270442930153322,2.292009685230024,2.2755741127348643,2.6248203162434116,2.7944643772424396,2.5524140930839496,2.609167077378019,2.710970464135021,2.7361581920903957,2.582983193277311,2.5272054939249866,2.3834373227453205,2.183368869936034,2.0517333333333334,2.0411635565312842,2.04498861047836,2.0365135453474674,2.1180836707152495,1.9201909959072305,1.965931863727455,2.4392950391644908,2.175764192139738,2.2621744054360136,2.247441300421433,2.2514773473407748,2.1111805121798874,2.046374918354017,1.8674531575294935,1.769496204278813,1.7683182135380322,1.7669491525423728,1.7180811808118082,1.7732128184059162,1.6753731343283582,1.6663306451612903,1.6026490066225165,2.2223168654173766,2.1753986332574033,2.1595238095238094,2.142602495543672,2.1726546906187623,2.293577981651376,2.201111111111111,1.8177826564215147,1.7317339149400217,1.732967032967033,1.8,1.6427672955974844,1.6240105540897098,1.4293193717277486,1.3237113402061855,1.1225071225071226,1.257975034674064,1.508650519031142,1.6191082802547772,1.51506456241033,1.4544025157232705,1.4992435703479576,1.4896988906497624,1.4333333333333333,1.3900343642611683,1.323679727427598,1.4742268041237114,1.5353728489483747,1.3598326359832635,1.3466666666666667,1.5555555555555556,1.2861736334405145,1.2307692307692308,1.2564766839378239,1.4662921348314606,1.2865013774104683,1.0974025974025974,1.1077441077441077,1.0769230769230769,1.0771929824561404,1.0442176870748299,1.0273037542662116,1.0273037542662116,1.0104166666666667,0.9961089494163424,0.8741721854304636,0.8141592920353983,0.7319587628865979,0.8068181818181818,0.8010752688172043,0.468,0.4954954954954955,0.5255102040816326,0.5857988165680473,0.5138888888888888,0.5035460992907801,0.5035460992907801,0.5035460992907801,0.5035460992907801,0.4230769230769231,0.4098360655737705,0.34444444444444444,0.3125,0.11538461538461539,0.12121212121212122,0.11764705882352941,0.06666666666666667,0,0,0,0,0,0,0,0,0,0,0,0,0,0,0,0],