{"startTime":"2025-03-24T20:43:41.882Z","infectedMalesAtStart":1024,"infectedFemalesAtStart":1024,"toxinAntitoxinLength":3,"killRate":0.18988532376533052,"rescueRate":0.8215420341663875,"simulationLength":278,"infectionRatio":[0.08333333333333333,0.08333333333333333,0.08351133749589221,0.0875244140625,0.08247884114583333,0.09757486979166667,0.10188802083333333,0.1102294921875,0.10392252604166667,0.11177571614583333,0.1094970703125,0.10884602864583333,0.108642578125,0.11234537760416667,0.11385091145833333,0.1103515625,0.11079915364583333,0.110871335504886,0.10809050952303435,0.109130859375,0.1043701171875,0.093505859375,0.10648600260416667,0.10738118489583333,0.11165364583333333,0.11161295572916667,0.10892740885416667,0.10493977864583333,0.10274251302083333,0.1094970703125,0.1087646484375,0.10384114583333333,0.10335286458333333,0.10140799218686417,0.10136729877105884,0.10595703125,0.10498046875,0.094970703125,0.09981282552083333,0.11165364583333333,0.1268310546875,0.12577311197916666,0.12129720052083333,0.1185302734375,0.123779296875,0.12296549479166667,0.11966959635416667,0.11714680989583333,0.11299641927083333,0.11353925039677695,0.10795084635416667,0.10237630208333333,0.12398274739583333,0.12849934895833334,0.12451171875,0.13330078125,0.13134765625,0.11710611979166667,0.1077880859375,0.1059742796679147,0.1112060546875,0.10896809895833333,0.10710071210579858,0.11153157552083333,0.11226856561546286,0.10966429298067142,0.1038818359375,0.1107177734375,0.1572265625,0.17106119791666666,0.169677734375,0.1703773047336074,0.16733132579148693,0.14888509114583334,0.13773600260416666,0.13492838541666666,0.12788899739583334,0.12273559943008346,0.12610376398779247,0.12406412760416667,0.12910970052083334,0.12720761780743875,0.12964922275575813,0.11116536458333333,0.1533203125,0.17386881510416666,0.16650390625,0.1806821882123087,0.17716471354166666,0.149169921875,0.1353001017293998,0.13191731770833334,0.12601725260416666,0.1197509765625,0.11873168349071964,0.11629231770833333,0.11682604272634792,0.11592787072088574,0.117431640625,0.10453287760416667,0.15523274739583334,0.194580078125,0.19169108072916666,0.18813614526504358,0.17903645833333334,0.15494791666666666,0.13496907552083334,0.1281894762544256,0.12386067708333333,0.11801570829772515,0.1175872033863812,0.11548321464903358,0.11411362526452873,0.11183058440236204,0.10595703125,0.09611393692777212,0.1490478515625,0.19781069422967365,0.21712239583333334,0.2145211835090147,0.20402018229166666,0.17374674479166666,0.1501119023397762,0.14359537760416666,0.13163248697916666,0.12516276041666666,0.12256278747913868,0.11928510361112242,0.11907961718590919,0.11595913549595017,0.10875493508079287,0.10799153645833333,0.14896647135416666,0.1881103515625,0.19698079427083334,0.19600423177083334,0.17986489785952633,0.150390625,0.12691243489583334,0.11491353001017295,0.1014404296875,0.09659830729166667,0.09241098677517802,0.09104599104599105,0.09110902944650348,0.08793580971000325,0.08927408854166667,0.08992513020833333,0.1307373046875,0.15723296032553408,0.1861572265625,0.19151189312479636,0.18612410986775177,0.163818359375,0.13736979166666666,0.12403353137462358,0.11527506510416667,0.10893184130213632,0.103271484375,0.10235643644947295,0.10155073466563555,0.0984521384928717,0.09383138020833333,0.08024088541666667,0.10205078125,0.12272135416666667,0.1435546875,0.15067545572916666,0.16190592447916666,0.13460834181078332,0.10955559173042487,0.09705774630692224,0.09025799625620574,0.08355038254924305,0.0771484375,0.07483823708948846,0.07307942708333333,0.07220863895680521,0.06666395344104839,0.058146158854166664,0.0792236328125,0.07979329427083333,0.08369954427083333,0.08694058720527752,0.09051320662569697,0.07462565104166667,0.06376658256694066,0.05517578125,0.05066330267762676,0.04668294668294668,0.040242513020833336,0.038655598958333336,0.038330078125,0.03820462691430433,0.03492205624974561,0.030965169270833332,0.04585961342828077,0.038248697916666664,0.03617644665093188,0.038806091701278606,0.04598168870803662,0.0301513671875,0.021647135416666668,0.022379557291666668,0.018722018722018723,0.016398111979166668,0.015543619791666666,0.014446162610889558,0.014404296875,0.0141613087002523,0.012658227848101266,0.012898763020833334,0.023396809895833332,0.0230712890625,0.021648016276703968,0.022147131865000204,0.026123046875,0.023844401041666668,0.0167236328125,0.015340169270833334,0.015260651935050665,0.015137950679580044,0.014080494852073414,0.013265513733468973,0.01253459221878561,0.011882960973426119,0.008952187182095625,0.005533854166666667,0.018269856770833332,0.0240478515625,0.023885091145833332,0.02360122075279756,0.020426432291666668,0.0152587890625,0.0115966796875,0.011433919270833334,0.010294596354166666,0.010009765625,0.008708036622583926,0.008138020833333334,0.008057624221706751,0.007486979166666667,0.00984940984940985,0.005087712157596971,0.0126953125,0.015719172503665092,0.015178644095385366,0.013795067958004396,0.014652014652014652,0.0115966796875,0.0103759765625,0.009480794270833334,0.008707682291666666,0.008098648868630962,0.00744780432216841,0.007244017580986489,0.007204786909268531,0.007002116919068556,0.005496742671009772,0.0033368600960364614,0.007853190104166666,0.009643947100712105,0.009278853980139997,0.009114583333333334,0.008992513020833334,0.007283528645833333,0.005777994791666667,0.0056561546286876905,0.00451696915439082,0.004191592398160583,0.0038660318235461686,0.00362171400667372,0.002890173410404624,0.0027672648842225205,0.0005698469553891241,0.00040696727983070163,0.0009358723958333334,0.0004069010416666667],