{"startTime":"2025-03-24T20:33:55.228Z","infectedMalesAtStart":16,"infectedFemalesAtStart":32,"toxinAntitoxinLength":3,"killRate":0.03914184661412512,"rescueRate":0.21846305747320338,"simulationLength":35,"infectionRatio":[0.00407401120353081,0.00407401120353081,0.004110644857412006,0.0022034520749173708,0.0057014864589696596,0.005167643229166667,0.003987630208333333,0.00439453125,0.005086263020833333,0.004842122395833333,0.005289713541666667,0.005086263020833333,0.005208333333333333,0.005167643229166667,0.004638671875,0.004638671875,0.005167643229166667,0.0051703782111305625,0.004801432291666667,0.0025227864583333335,0.0015462239583333333,0.0006103515625,0.00048828125,0.00020345052083333334,0.00020345052083333334,0.00020345052083333334,0.00020345052083333334,0.00020345052083333334,0.0025638938629334203,0.0025635808748728384,0.0025634765625,0.0025634765625,0.0025634765625,0.002522889114954222,0.0025227864583333335],"averageToxinCountInMales":[2.0625,2.0625,2.0625,2.0625,1.3582089552238805,2.0606060606060606,2.1875,2.1132075471698113,2.365079365079365,2.433333333333333,2.2941176470588234,2.3230769230769233,2.4057971014492754,2.4057971014492754,2.35,2.35,2.4615384615384617,2.4615384615384617,2.3559322033898304,2.0303030303030303,2.5238095238095237,2.875,3,3,3,3,3,3,3,3,3,3,3,3,3],"averageAntitoxinCountInFemales":[2.46875,2.46875,2.46875,2.46875,1.6986301369863013,2.1639344262295084,2.48,2.4,2.661290322580645,2.610169491525424,2.693548387096774,2.6333333333333333,2.694915254237288,2.6724137931034484,2.6481481481481484,2.6481481481481484,2.693548387096774,2.693548387096774,2.389830508474576,1.9310344827586208,2.588235294117647,3.142857142857143,2.8333333333333335,3,3,3,3,3,3,3,3,3,3,3,3],"reproductiveSuccessOverTime":[0,0,0,0.009777818582445832,0.0004886988393402566,0,0,0,0,0,0,0.000040690104166666664,0,0,0,0,0.000040690104166666664,0,0,0,0,0,0,0,0,0,0,0,0,0,0,0,0,0,0]}