{"startTime":"2025-03-24T20:33:55.229Z","infectedMalesAtStart":16,"infectedFemalesAtStart":32,"toxinAntitoxinLength":3,"killRate":0.09783595079706431,"rescueRate":0.8459915163146887,"simulationLength":21,"infectionRatio":[0.003988698687053349,0.003988698687053349,0.003948584390489792,0.0029111429595127195,0.0027265698123957187,0.0052490234375,0.0033365885416666665,0.0030110677083333335,0.0022379557291666665,0.0020751953125,0.0019124348958333333,0.0017903645833333333,0.0016276041666666667,0.0015869786368260428,0.0013834635416666667,0.0013427734375,0.001220703125,0.0012214983713355048,0.0005289713541666666,0.00016276041666666666,0.00008138020833333333],"averageToxinCountInMales":[2.8125,2.8125,2.8,3.5925925925925926,4.0606060606060606,3.392857142857143,3.35,3.2857142857142856,3.259259259259259,3.2,3.25,3.260869565217391,3.25,3.25,3.25,3.25,3.2777777777777777,3.2777777777777777,3.8,3,null],"averageAntitoxinCountInFemales":[2.5,2.5,2.5,2.973684210526316,3.6176470588235294,3.3013698630136985,3.1666666666666665,3,2.9285714285714284,2.9615384615384617,2.9565217391304346,2.857142857142857,2.85,2.8421052631578947,3.0714285714285716,3,3,3,3,3,3],"reproductiveSuccessOverTime":[0,0,0,0.006852382658545324,0.00012208521548040532,0,0,0,0,0,0,0,0,0,0,0,0.000040690104166666664,0.000040716612377850165,0,0,0.000040690104166666664]}