{"startTime":"2025-03-24T20:33:55.229Z","infectedMalesAtStart":16,"infectedFemalesAtStart":32,"toxinAntitoxinLength":3,"killRate":0.5852442116142499,"rescueRate":0.05942219180203834,"simulationLength":62,"infectionRatio":[0.003909431503502199,0.003909431503502199,0.003790063442366318,0.0018319811567652448,0.0018722018722018721,0.002197265625,0.001708984375,0.0014241536458333333,0.0012613932291666667,0.0017496744791666667,0.0015055338541666667,0.0024820963541666665,0.0024007161458333335,0.0023600260416666665,0.0023193359375,0.0022379557291666665,0.002197265625,0.002199055220719987,0.0021158854166666665,0.0017903645833333333,0.0047607421875,0.0045166015625,0.0037027994791666665,0.0032145182291666665,0.003173828125,0.0029703776041666665,0.002685546875,0.0025227864583333335,0.0023193359375,0.002197265625,0.0020751953125,0.0015869140625,0.0015869140625,0.0015060853991126309,0.0015055338541666667,0.0013834635416666667,0.0016682942708333333,0.00244140625,0.00244140625,0.001953125,0.0011393229166666667,0.0010579427083333333,0.0010579427083333333,0.0010172526041666667,0.0009358723958333334,0.0009361390369978428,0.0006917317708333334,0.0006510416666666666,0.0005289713541666666,0.0005290359337484231,0.0004883011190233978,0.0004475911458333333,0.0021158854166666665,0.0016682942708333333,0.00048828125,0.0003662109375,0.0002848307291666667,0.0002848307291666667,0.0001220703125,0.00012207527975584945,0.0001220703125,0.00012211503236048357],"averageToxinCountInMales":[2.625,2.625,2.642857142857143,2.727272727272727,3.1666666666666665,2.2916666666666665,3.5555555555555554,3.5625,3.6,3.869565217391304,3.55,3.3333333333333335,3.4193548387096775,3.4193548387096775,3.433333333333333,3.3793103448275863,3.3793103448275863,3.3793103448275863,3.4444444444444446,3.64,2.792452830188679,2.7916666666666665,2.6315789473684212,2.3823529411764706,2.3823529411764706,2.3548387096774195,2.2758620689655173,2.3076923076923075,2.32,2.3333333333333335,2.3181818181818183,2.2666666666666666,2.2666666666666666,2.2666666666666666,2.2666666666666666,2.2857142857142856,3.6470588235294117,2.806451612903226,2.806451612903226,2.5555555555555554,2.5625,2.642857142857143,2.642857142857143,2.6923076923076925,2.8181818181818183,2.8181818181818183,2.375,2.4285714285714284,2,2,2,2,4.739130434782608,3.25,2,2,2,2,2,2,2,2],"averageAntitoxinCountInFemales":[2.46875,2.46875,2.46875,2.5161290322580645,2.857142857142857,2.6333333333333333,3.1666666666666665,3.3157894736842106,3.5,3.6,3.2941176470588234,3.1785714285714284,3.1785714285714284,3.185185185185185,3.185185185185185,3.230769230769231,3.32,3.32,3.32,3.263157894736842,2.828125,2.8253968253968256,2.792452830188679,2.7333333333333334,2.7045454545454546,2.738095238095238,2.6486486486486487,2.6666666666666665,2.75,2.7,2.689655172413793,2.8333333333333335,2.8333333333333335,2.6363636363636362,2.6363636363636362,2.7,4,3.5517241379310347,3.5517241379310347,3,3.25,3.25,3.25,3.25,3.25,3.25,3.3333333333333335,3.3333333333333335,3.125,3.125,3.125,3.2857142857142856,4.586206896551724,3.0588235294117645,2,2,2,2,null,null,null,null],"reproductiveSuccessOverTime":[0,0,0,0.006062985256913548,0.0000814000814000814,0,0,0,0,0,0,0,0,0.000040690104166666664,0,0.000040690104166666664,0.00008138020833333333,0.000040723244828147904,0,0,0,0,0,0,0,0,0,0,0,0,0,0,0,0,0,0,0.0000021415844298245613,0,0,0,0,0,0,0,0.00008138020833333333,0,0,0.000040690104166666664,0,0,0,0,0,0,0,0,0,0,0,0,0,0]}