{"startTime":"2025-03-24T20:33:55.229Z","infectedMalesAtStart":16,"infectedFemalesAtStart":32,"toxinAntitoxinLength":3,"killRate":0.5852442116142499,"rescueRate":0.9115629132559072,"simulationLength":106,"infectionRatio":[0.004173187271778821,0.004173187271778821,0.004124616059675296,0.0020462916647719523,0.0047219734592526255,0.004923502604166667,0.007242838541666667,0.0069580078125,0.007446592065106816,0.007120768229166667,0.006876627604166667,0.006591796875,0.006510416666666667,0.008748372395833334,0.009724934895833334,0.009724934895833334,0.0093994140625,0.009404388714733543,0.010215710215710216,0.005533854166666667,0.008870442708333334,0.007040247426036707,0.005533854166666667,0.005452473958333333,0.0048828125,0.0034993489583333335,0.0030110677083333335,0.0028483072916666665,0.0025634765625,0.006388606307222788,0.006144205729166667,0.005940755208333333,0.005900545291771792,0.005533854166666667,0.006144205729166667,0.005208333333333333,0.003987630208333333,0.00390625,0.0034993489583333335,0.0031331380208333335,0.002685546875,0.0024820963541666665,0.0021565755208333335,0.0020345052083333335,0.0019124348958333333,0.004842516480833402,0.004801432291666667,0.0047607421875,0.004679361979166667,0.0045576625701961426,0.008219401041666666,0.0091552734375,0.0076904296875,0.007283528645833333,0.005533854166666667,0.004638671875,0.0031331380208333335,0.002685546875,0.0025634765625,0.0024007161458333335,0.0023193359375,0.0022786458333333335,0.0022786458333333335,0.0022786458333333335,0.0022786458333333335,0.002035250539341393,0.004923502604166667,0.009195963541666666,0.009318033854166666,0.007283528645833333,0.0050048828125,0.00439453125,0.0034993489583333335,0.003173828125,0.002767039674465921,0.0025634765625,0.0024415055951169887,0.0024007161458333335,0.0024007161458333335,0.0024007161458333335,0.0024010092377813046,0.001994139671170438,0.009236653645833334,0.014851888020833334,0.012166341145833334,0.011231382762269065,0.01025390625,0.008626302083333334,0.006998697916666667,0.004964394710071211,0.0038657171922685655,0.0035410476616874924,0.0033772786458333335,0.002685546875,0.0026857654431512983,0.002685546875,0.0024014978834255942,0.0020347535913400887,0.004842122395833333,0.004964192708333333,0.0034993489583333335,0.0028076171875,0.0030517578125,0.0025227864583333335,0.0015055338541666667,0.0002848307291666667],"averageToxinCountInMales":[3,3,3,2.769230769230769,3.018867924528302,2.983050847457627,2.870967741935484,2.852272727272727,2.808080808080808,2.8229166666666665,2.782608695652174,2.772727272727273,2.772727272727273,2.375,2.4274193548387095,2.4274193548387095,2.457627118644068,2.457627118644068,2.5078125,2.3768115942028984,2.482456140350877,2.2613636363636362,2.0704225352112675,2.072463768115942,1.9322033898305084,2.292682926829268,2.1944444444444446,2.1470588235294117,2.2580645161290325,1.2380952380952381,1.2125,1.2207792207792207,1.2207792207792207,1.2465753424657535,1.5853658536585367,1.5,1.54,1.530612244897959,1.6304347826086956,1.7619047619047619,1.75,1.8181818181818181,2.0689655172413794,2.0689655172413794,2.230769230769231,1.7017543859649122,1.6785714285714286,1.709090909090909,1.7037037037037037,1.6274509803921569,1.6868686868686869,2.2522522522522523,2.391304347826087,2.3636363636363638,2.6470588235294117,2.6315789473684212,2.4324324324324325,2.4838709677419355,2.5517241379310347,2.642857142857143,2.8461538461538463,2.8461538461538463,2.8461538461538463,2.8461538461538463,2.8461538461538463,2.909090909090909,3,1.9189189189189189,1.9285714285714286,1.896551724137931,1.5535714285714286,1.2391304347826086,1.4545454545454546,1.4,1.6153846153846154,1.68,1.68,1.68,1.68,1.68,1.68,2.0625,2.9134615384615383,2.268292682926829,2.111111111111111,2.032258064516129,1.8879310344827587,1.696969696969697,1.3461538461538463,1.5535714285714286,1.434782608695652,1.5,1.425,1.21875,1.21875,1.21875,1.0384615384615385,0.782608695652174,2.7457627118644066,2.4915254237288136,2.302325581395349,1.4166666666666667,1.105263157894737,0.967741935483871,1.05,3],"averageAntitoxinCountInFemales":[2.40625,2.40625,2.40625,2.40625,2.746031746031746,2.774193548387097,2.5764705882352943,2.602409638554217,2.5476190476190474,2.518987341772152,2.5064935064935066,2.4864864864864864,2.4444444444444446,1.9611650485436893,2.0608695652173914,2.0608695652173914,2.0442477876106193,2.0442477876106193,2.138211382113821,2.074626865671642,2.4038461538461537,2.223529411764706,1.9846153846153847,1.9846153846153847,1.901639344262295,2.1555555555555554,2.1578947368421053,2.2777777777777777,2.15625,1.1506849315068493,1.1690140845070423,1.2028985507246377,1.161764705882353,1.2063492063492063,1.536231884057971,1.3275862068965518,1.3541666666666667,1.3404255319148937,1.575,1.6285714285714286,1.8,1.9285714285714286,2,2.0476190476190474,2.0476190476190474,1.4193548387096775,1.4193548387096775,1.4193548387096775,1.4262295081967213,1.4262295081967213,1.6796116504854368,2.0701754385964914,2.216494845360825,2.2967032967032965,2.6470588235294117,2.5789473684210527,2.475,2.657142857142857,2.735294117647059,2.806451612903226,2.806451612903226,2.8,2.8,2.8,2.8,2.7857142857142856,2.953125,1.982608695652174,2,1.9565217391304348,1.7014925373134329,1.596774193548387,1.6981132075471699,1.75,2,2.1315789473684212,2.142857142857143,2.2058823529411766,2.2058823529411766,2.2058823529411766,2.2058823529411766,2.272727272727273,2.8292682926829267,1.9701492537313432,1.7560975609756098,1.6578947368421053,1.6544117647058822,1.4336283185840708,1.1170212765957446,1.3636363636363635,1.2244897959183674,1.2,1.186046511627907,0.8823529411764706,0.8823529411764706,0.8823529411764706,0.8181818181818182,0.7777777777777778,2.6,2.238095238095238,1.8837209302325582,1.2727272727272727,0.8108108108108109,0.5806451612903226,0.8823529411764706,2.25],"reproductiveSuccessOverTime":[0,0,0,0.008099978326434602,0.00012212000325653342,0,0,0,0,0.000040690104166666664,0,0,0,0,0,0,0.000040690104166666664,0.00004071163945772096,0.0000407000407000407,0,0,0,0,0,0,0,0,0,0,0,0,0,0,0,0,0,0,0,0,0,0,0.000040690104166666664,0,0,0,0.0000406934158053227,0,0,0,0,0.000005090796232081848,0,6.165167297979799e-7,0,0,0,0.000040690104166666664,0,0,0,0,0,0,0,0,0,0.00005977855009191177,0,0,0,0,0,0.000040690104166666664,0,0,0,0,0,0,0,0,0,0,0,0,0,0,0,0,0,0,0.00004070169726077577,0,0,0,0,0,0,0,0,0,0,0,0.000040690104166666664,0.000040690104166666664,0]}