{"startTime":"2025-03-24T20:33:55.229Z","infectedMalesAtStart":16,"infectedFemalesAtStart":32,"toxinAntitoxinLength":3,"killRate":0.6686469150128361,"rescueRate":0.5558352754804061,"simulationLength":121,"infectionRatio":[0.00402347024308466,0.00402347024308466,0.003983050847457627,0.009663597410885221,0.013179436804191225,0.011843711843711843,0.012288411458333334,0.0108642578125,0.010335286458333334,0.008992513020833334,0.010294596354166666,0.00927734375,0.009562174479166666,0.008748372395833334,0.007486979166666667,0.007242838541666667,0.007120768229166667,0.007043113626185727,0.006103515625,0.009969075520833334,0.009765625,0.0091552734375,0.008219401041666666,0.007242838541666667,0.006998697916666667,0.0068359375,0.007242838541666667,0.006551106770833333,0.00529035933748423,0.0047607421875,0.0045166015625,0.004353841145833333,0.004353841145833333,0.004231770833333333,0.0035404712489317544,0.014973958333333334,0.014567057291666666,0.013509114583333334,0.013102213541666666,0.0126953125,0.011881993896236013,0.011233668443974113,0.009847005208333334,0.0064697265625,0.0057373046875,0.005574544270833333,0.005574544270833333,0.005574771108850457,0.005575678645557771,0.0054942818770094826,0.004355436154190581,0.022420247395833332,0.027547200520833332,0.021402994791666668,0.01823065028078457,0.016682942708333332,0.0145263671875,0.013224283854166666,0.011271158854166666,0.010457782299084435,0.007771809895833333,0.0074462890625,0.0074462890625,0.007446592065106816,0.007405900305188199,0.007366407553620121,0.00630953350158756,0.0281982421875,0.025227864583333332,0.021158854166666668,0.017008463541666668,0.015584309895833334,0.014933268229166666,0.014444986979166666,0.0130615234375,0.01045948475845509,0.009195963541666666,0.008341471354166666,0.008341471354166666,0.008342829236529382,0.008341810783316379,0.008344187561055032,0.005128205128205128,0.011678059895833334,0.013916015625,0.010335286458333334,0.0091552734375,0.008707682291666666,0.007527669270833333,0.004720052083333333,0.004150559511698881,0.0031339031339031338,0.0026448567708333335,0.0021158854166666665,0.002115971515768057,0.0021164882575603404,0.0021163159822555045,0.0021179537308569567,0.0020755331271365782,0.0009765625,0.0029703776041666665,0.0024820963541666665,0.0016276041666666667,0.0015462239583333333,0.0015462239583333333,0.0013834635416666667,0.0013834635416666667,0.0010175010175010174,0.0010172526041666667,0.0010172526041666667,0.0003255340793489318,0.0003255473264425816,0.0003255605746144142,0.0003256003256003256,0.00032564008629462285,0.00020345052083333334,0.0010986328125,0.0010986328125,0.0010579427083333333,0.0010172526041666667,0.00008138020833333333],"averageToxinCountInMales":[1.625,1.625,1.7333333333333334,1.4495412844036697,2.1646341463414633,1.9735099337748345,2.0454545454545454,1.8613138686131387,1.8863636363636365,1.8103448275862069,2.1923076923076925,2.15,2.1880341880341883,2.259259259259259,2.106382978723404,2.119565217391304,2.119565217391304,2.119565217391304,2.2666666666666666,1.1592920353982301,1.091743119266055,0.8932038834951457,0.7555555555555555,0.5526315789473685,0.5135135135135135,0.4722222222222222,0.8641975308641975,0.6266666666666667,0.65,0.6346153846153846,0.2553191489361702,0.18181818181818182,0.18181818181818182,0.18604651162790697,0,0,0,0,0,0,0,0,0,0,0,0,0,0,0,0,0,0,0.002840909090909091,0,0,0,0,0,0,0,0,0,0,0,0,0,0,0,0,0,0,0,0,0,0,0,0,0,0,0,0,0,0,0,0,0,0,0,0,0,0,0,0,0,0,0,0,0,0,0,0,0,0,0,0,0,0,0,0,0,0,0,0,0,0,0,0,0,0,0,0],"averageAntitoxinCountInFemales":[2.5625,2.5625,2.5625,1.6893203883495145,2.3734177215189876,2.3642857142857143,2.4864864864864864,2.276923076923077,2.2704918032786887,2.1809523809523808,2.4715447154471546,2.324074074074074,2.5,2.5233644859813085,2.3222222222222224,2.36046511627907,2.325301204819277,2.271604938271605,2.2533333333333334,1.0151515151515151,1,0.8114754098360656,0.7053571428571429,0.5392156862745098,0.5,0.4895833333333333,0.5463917525773195,0.3372093023255814,0.18571428571428572,0.1076923076923077,0.046875,0,0,0,0,0,0,0,0,0,0,0,0,0,0,0,0,0,0,0,0,0,0,0,0,0,0,0,0,0,0,0,0,0,0,0,0,0,0,0,0,0,0,0,0,0,0,0,0,0,0,0,0,0,0,0,0,0,0,0,0,0,0,0,0,0,0,0,0,0,0,0,0,0,0,0,0,0,0,0,0,0,0,0,0,0,0,0,0,0,null],"reproductiveSuccessOverTime":[0,0,0,0.008786124532774182,0.0011869679109364768,0.0001628001628001628,0,0,0,0,0,0,0.000040690104166666664,0,0,0.000040690104166666664,0,0,0,0,0,0,0,0,0,0,0.0000023251488095238093,0.0000023251488095238093,0.00004302050450261901,0.0000023251488095238093,0,0,0,0.000040690104166666664,0,0,0,0.000040690104166666664,0.000040690104166666664,0.000040690104166666664,0,0.00008140339452155154,0,0,0,0.000040690104166666664,0.000040690104166666664,0,0.000040698384274144313,0,0.00008141002157365571,0,0,0,0,0,0,0,0,0,0,0,0,0,0,0.000040698384274144313,0.000040706667752177804,0,0,0,0,0,0,0.000040690104166666664,0,0,0,0,0,0,0.00008138351983723296,0.00016281341582546403,0,0,0,0,0,0,0,0,0,0,0,0,0,0,0.000040698384274144313,0.00012218963831867058,0,0,0,0,0,0,0,0,0,0,0,0,0,0.0000406934158053227,0.00004069507182680177,0.0000407000407000407,0.000040705010786827856,0,0,0,0,0,0]}