{"startTime":"2025-03-24T20:43:41.882Z","infectedMalesAtStart":1024,"infectedFemalesAtStart":1024,"toxinAntitoxinLength":3,"killRate":0.8663055042335296,"rescueRate":0.43977620874286294,"simulationLength":192,"infectionRatio":[0.08333333333333333,0.08333333333333333,0.08344289235825801,0.08723958333333333,0.07840983072916667,0.08772786458333333,0.08610026041666667,0.09574381510416667,0.10286458333333333,0.0980224609375,0.10493977864583333,0.10099283854166667,0.101318359375,0.09615071614583333,0.10123697916666667,0.09993489583333333,0.10184733072916667,0.10184054076064826,0.10014649629689916,0.097412109375,0.0816650390625,0.08601888020833333,0.07588704427083333,0.09004720052083333,0.0911865234375,0.08536783854166667,0.08406575520833333,0.07840983072916667,0.07609049479166667,0.071533203125,0.07235289330186376,0.06844075520833333,0.07023683567998698,0.07074242917616412,0.07828776041666667,0.07035319010416667,0.06201171875,0.0654296875,0.056602238046795525,0.05416514060147316,0.0540771484375,0.052042643229166664,0.047810872395833336,0.040486653645833336,0.0372314453125,0.0374755859375,0.037516276041666664,0.034952799479166664,0.03744098974442455,0.03790407947235567,0.042032877604166664,0.041422526041666664,0.039143880208333336,0.03938962360122075,0.041666666666666664,0.03466796875,0.0416259765625,0.04171075120045577,0.042399088541666664,0.039225260416666664,0.036580403645833336,0.037801106770833336,0.0360107421875,0.038859049479166664,0.04216867469879518,0.041999023278528405,0.040079752604166664,0.036865234375,0.037882486979166664,0.036256358087487284,0.033203125,0.027058919270833332,0.036865234375,0.03988117039026574,0.035685221354166664,0.03381622853422316,0.03173828125,0.027994791666666668,0.025838216145833332,0.023805648246113777,0.02783203125,0.027670396744659206,0.021809895833333332,0.02457882314641491,0.021443684895833332,0.021280924479166668,0.022258392675483216,0.018680558381832243,0.0244140625,0.032351265565231546,0.032633463541666664,0.031131729947503357,0.02661457697472836,0.026043786115406527,0.0233154296875,0.0216064453125,0.02185236428745829,0.02449643947100712,0.022137218198095547,0.020516160547097616,0.0174560546875,0.013020833333333334,0.01171875,0.01021487872375061,0.020670572916666668,0.020955403645833332,0.022501627604166668,0.024455747711088504,0.02254323499491353,0.01941075933913893,0.015462239583333334,0.0118408203125,0.0111083984375,0.010824008138351984,0.010173767956700443,0.009648265754763068,0.0074462890625,0.0068359375,0.006430083021325085,0.005699397492265104,0.022867838541666668,0.026983028773757682,0.032999674479166664,0.029952791795539637,0.02975294069762709,0.023397761953204477,0.018513997395833332,0.0140380859375,0.012451171875,0.011842265901599317,0.010254323499491354,0.009249073055453694,0.006306966145833333,0.0037434895833333335,0.0033783783783783786,0.003135689851767389,0.010255992837084367,0.012859642697269361,0.013712565104166666,0.010538736979166666,0.011435315183331298,0.01025390625,0.009521484375,0.007609049479166667,0.0068359375,0.006754557291666667,0.0062255859375,0.005223423791063048,0.003987630208333333,0.0030517578125,0.0024820963541666665,0.002156838806820494,0.004069010416666667,0.00402930402930403,0.010498046875,0.008708036622583926,0.011962890625,0.009728101595571475,0.008993610873723192,0.00728382502543235,0.005005290144054692,0.004842516480833402,0.004232631964511009,0.0033526862376318588,0.0025634765625,0.0018310546875,0.00146484375,0.0013428827215756492,0.004191080729166667,0.005615462868769074,0.0032558707419315454,0.0030521303870101333,0.007528588287958328,0.0072021484375,0.006754557291666667,0.005045778229908444,0.0052490234375,0.0041519111002564415,0.0034182469276471065,0.0016758634784385857,0.0014241536458333333,0.0011800130208333333,0.0006917317708333334,0.0002035250539341393,0.0002035002035002035,0.0002035250539341393,0.0002035416242621616,0.0002035747730141281,0.00020353333876088904,0.00008138020833333333,0.00008139345596614032,0.00004069507182680177],"averageToxinCountInMales":[2.525390625,2.525390625,2.541211519364449,2.405306495882891,2.3623623623623624,2.3036363636363637,2.2914714151827553,2.2745936698032505,2.2439024390243905,2.241350906095552,2.202052091554854,2.2415776499589155,2.233064516129032,2.2256410256410257,2.3437250199840127,2.319545823195458,2.276,2.274619695756605,2.357676348547718,2.2527472527472527,2.1859979101358413,2.062130177514793,2.002242152466368,2.381170018281536,2.193665158371041,2.1731141199226305,2.1048466864490605,2.0917721518987342,2.103896103896104,2.1061130334486737,2.184476940382452,2.088270858524788,2.0404280618311534,1.9893491124260354,2.5270413573700954,2.545138888888889,2.5280312907431552,2.5354037267080747,2.3613933236574747,2.581818181818182,2.4151234567901234,2.2646592709984152,2.0815972222222223,2.1216494845360825,2.0199556541019956,1.8040089086859687,1.9932279909706547,2.2995169082125604,2.183257918552036,2.0896860986547083,2.6613545816733066,2.1693227091633465,2.2615062761506275,2.0985626283367558,2.254368932038835,2.104265402843602,1.5172413793103448,1.0300601202404809,0.9005736137667304,0.7411273486430062,0.690744920993228,0.8747252747252747,0.8778801843317973,1.3326226012793176,1.1115618661257607,1.2093495934959348,1.0572033898305084,0.8571428571428571,0.9145496535796767,0.7536231884057971,0.7636363636363637,0.6828478964401294,0.4409090909090909,0.30021141649048627,0.3133971291866029,0.30512820512820515,0.29476584022038566,0.3159509202453988,0.2631578947368421,0.42160278745644597,0.5747800586510264,0.5809248554913294,0.5851851851851851,0.3860759493670886,0.34701492537313433,0.39492753623188404,0.4852941176470588,0.5657894736842105,0.3938356164383562,0.25257731958762886,0.20300751879699247,0.19843342036553524,0.19939577039274925,0.20245398773006135,0.2222222222222222,0.22388059701492538,0.2536764705882353,0.3538961038961039,0.3204225352112676,0.30566037735849055,0.3755656108597285,0.4319526627218935,0.41935483870967744,0.4552238805970149,0.22393822393822393,0.18181818181818182,0.08856088560885608,0.052083333333333336,0.051094890510948905,0.042735042735042736,0.05319148936170213,0.06040268456375839,0.056338028169014086,0.051094890510948905,0.0078125,0,0,0,0,0,0,0,0,0,0,0,0,0,0,0,0,0,0,0,0,0,0,0,0,0,0,0,0,0,0,0,0,0,0,0,0,0,0,0,0,0,0,0,0,0,0,0,0,0,0,0,0,0,0,0,0,0,0,0,0,0,0,0,0,0,0,0,0,0,0,0,0,0,0,0,0,null],