{"startTime":"2025-03-24T20:43:41.882Z","infectedMalesAtStart":1024,"infectedFemalesAtStart":1024,"toxinAntitoxinLength":3,"killRate":0.3438794215079337,"rescueRate":0.526280618620328,"simulationLength":282,"infectionRatio":[0.08333333333333333,0.08333333333333333,0.08336075012337556,0.080322265625,0.082275390625,0.084228515625,0.07002766927083333,0.07145182291666667,0.068603515625,0.06534830729166667,0.0660400390625,0.07014973958333333,0.06925455729166667,0.0721435546875,0.071533203125,0.07255045572916667,0.06758626302083333,0.06749989822090136,0.06663136887549383,0.0693359375,0.06449381510416667,0.06490071614583333,0.059163411458333336,0.05949377390738179,0.055257161458333336,0.053914388020833336,0.05704984740590031,0.053181966145833336,0.0535888671875,0.053019205729166664,0.0494384765625,0.048095703125,0.048502604166666664,0.048186886980586874,0.05342828077314344,0.060343424479166664,0.06441243489583333,0.06392415364583333,0.058308919270833336,0.0626220703125,0.0538330078125,0.05428280773143439,0.055989583333333336,0.054402669270833336,0.06222276482317991,0.060343424479166664,0.054524739583333336,0.053019205729166664,0.05591047812817904,0.055826822916666664,0.0555962555962556,0.060791015625,0.048746744791666664,0.056559244791666664,0.053995768229166664,0.059366861979166664,0.055257161458333336,0.05782769706588532,0.0751953125,0.07421875,0.07568359375,0.07275390625,0.06396484375,0.061604817708333336,0.06522623697916667,0.06657171922685656,0.06412760416666667,0.09126790364583333,0.07958984375,0.09408317734190608,0.10111490885416667,0.10367838541666667,0.0948486328125,0.09659830729166667,0.10066731770833333,0.09513346354166667,0.09590657552083333,0.09016927083333333,0.083984375,0.07715157680569684,0.08447609359104781,0.08353678385416667,0.07019614226418165,0.109130859375,0.099853515625,0.109619140625,0.1116943359375,0.11116988809766022,0.09814453125,0.09969075520833333,0.09641447234544788,0.09248860677083333,0.09257375381485249,0.0892333984375,0.07861328125,0.069580078125,0.07307942708333333,0.07222493489583333,0.0596182802262646,0.08174641927083333,0.08935546875,0.0816650390625,0.08223470052083333,0.08284505208333333,0.0748443286801514,0.0743408203125,0.07077737077737077,0.0655517578125,0.0619785943922191,0.05712890625,0.048421223958333336,0.0426025390625,0.043497721354166664,0.04468500732541104,0.041056315104166664,0.055013020833333336,0.05517578125,0.052978515625,0.048177083333333336,0.054443359375,0.048787434895833336,0.049527917955396385,0.04748921624481159,0.047526041666666664,0.044514973958333336,0.04732451678535097,0.043294270833333336,0.03662109375,0.041056315104166664,0.039794921875,0.044108072916666664,0.04931640625,0.046793619791666664,0.04293330077727587,0.039471007121057985,0.0419921875,0.043172200520833336,0.043986002604166664,0.03466796875,0.031290690104166664,0.0279541015625,0.025349934895833332,0.022786458333333332,0.018269856770833332,0.02425228891149542,0.023763987792472026,0.026164801627670396,0.036417643229166664,0.030965169270833332,0.0279541015625,0.02294921875,0.022177009155645983,0.027791341145833332,0.031747972449769735,0.023966471354166668,0.018961588541666668,0.0159912109375,0.014324665283034225,0.011844676001302507,0.009724934895833334,0.011759440104166666,0.010701497395833334,0.015504822366011476,0.024373372395833332,0.025066124109867752,0.021484375,0.019694010416666668,0.01953125,0.02360314165954503,0.026158171372692825,0.0194091796875,0.018229166666666668,0.0135498046875,0.013102746693794506,0.01107086165493101,0.0079345703125,0.00732421875,0.006754832146490336,0.006551106770833333,0.007853190104166666,0.01025390625,0.009033203125,0.006754557291666667,0.006062825520833333,0.00590030518819939,0.0074101217377142625,0.004231770833333333,0.0032552083333333335,0.0030517578125,0.004842122395833333,0.004315609478055533,0.004353841145833333,0.003784641679892565,0.0033365885416666665,0.0030110677083333335,0.0025634765625,0.0019938151041666665,0.0024820963541666665,0.00244140625,0.0023600260416666665,0.0019532839586554897,0.005090820232955933,0.004313151041666667,0.0038248697916666665,0.0025227864583333335,0.0024820963541666665,0.0024007161458333335,0.001953125,0.0017903645833333333,0.0017908017908017909,0.0017904374364191252,0.0017907289080623498,0.0016276041666666667,0.0016276041666666667,0.0016276041666666667,0.0016276703967446592,0.0015462239583333333,0.011564930569694995,0.0023193359375,0.0023193359375,0.0021566632756866736,0.0020751953125,0.0020753642060714578,0.002034670790266135,0.0019938151041666665,0.0019943019943019944,0.0019938962360122074,0.001994058519513287,0.0019938151041666665,0.0019938151041666665,0.0019938151041666665,0.0019938962360122074,0.0015871078012452693,0.010173767956700443,0.0033772786458333335,0.0032552083333333335,0.0031331380208333335,0.0031331380208333335,0.003133265513733469,0.003051881993896236,0.0030111902339776194,0.0028889973958333335,0.0028889973958333335,0.0028889973958333335,0.0028889973958333335,0.0028889973958333335,0.0028889973958333335,0.0028889973958333335,0.002523505230168098,0.013841819443877343,0.0019938151041666665,0.001953125,0.0019125127161749745,0.0018717447916666667,0.0018717447916666667,0.0018724304961940815,0.0018717447916666667,0.0018717447916666667,0.0018718209562563581,0.0018718209562563581,0.0018717447916666667,0.0018717447916666667,0.0018717447916666667,0.0018721256766106385,0.001384083044982699,0.0058075334342153695,0.000244140625,0.0002441505595116989,0.000244140625,0.000244140625,0.000244140625,0.00024417043096081065,0.000244140625,0.000244140625,0.000244140625,0.0002441505595116989,0.00020345052083333334,0.00020345052083333334,0.00020345052083333334,0.00020345052083333334,0.00016276041666666666,0.0015626927663774314],