{"startTime":"2025-03-24T20:33:55.229Z","infectedMalesAtStart":16,"infectedFemalesAtStart":32,"toxinAntitoxinLength":3,"killRate":0.013055076489070672,"rescueRate":0.5558352754804061,"simulationLength":41,"infectionRatio":[0.003978450062163282,0.003978450062163282,0.003925499039505554,0.0023874789990273233,0.004232631964511009,0.004597981770833333,0.005086263020833333,0.0032958984375,0.0025634765625,0.0017903645833333333,0.00341796875,0.0025634765625,0.0025634765625,0.00244140625,0.0023600260416666665,0.0022786458333333335,0.0022786458333333335,0.0022797589969060414,0.0021566632756866736,0.0010986328125,0.0006103515625,0.0005696614583333334,0.00048828125,0.0002848307291666667,0.000244140625,0.00020345052083333334,0.0018717447916666667,0.0019124348958333333,0.0017498880885524763,0.0015869140625,0.0015462239583333333,0.001220703125,0.0011800130208333333,0.0011800130208333333,0.0010986328125,0.0010172526041666667,0.0008951822916666666,0.0007731119791666666,0.0007731119791666666,0.0004475911458333333,0.00004069175991861648],"averageToxinCountInMales":[2.75,2.75,2.8,2.736842105263158,2.25,2.2857142857142856,2.185185185185185,2.272727272727273,2.259259259259259,2.3333333333333335,2.8444444444444446,2.9714285714285715,2.9714285714285715,2.878787878787879,2.967741935483871,3,3,3,3,3.0555555555555554,3.4,3.5555555555555554,3.5555555555555554,3.4,3.25,3.3333333333333335,0,0,0,0,0,0,0,0,0,0,0,0,0,0,0],"averageAntitoxinCountInFemales":[2.625,2.625,2.625,2.7142857142857144,2.328125,2.1875,2.1971830985915495,2.3958333333333335,2.388888888888889,2.4347826086956523,2.6666666666666665,2.857142857142857,2.857142857142857,2.8518518518518516,2.8518518518518516,2.923076923076923,2.923076923076923,2.923076923076923,2.9565217391304346,2.4444444444444446,1.8,1.8,1,0,0,0,0,0,0,0,0,0,0,0,0,0,0,0,0,0,null],"reproductiveSuccessOverTime":[0,0,0,0.007029799274913785,0.000040698384274144313,0,0,0,0,0,0,0,0,0,0,0,0,0,0,0,0,0,0,0,0,0.000040690104166666664,0,0,0,0,0,0.000040690104166666664,0,0,0,0,0,0,0,0,0]}