{"startTime":"2025-03-24T20:33:55.228Z","infectedMalesAtStart":16,"infectedFemalesAtStart":32,"toxinAntitoxinLength":3,"killRate":0.03914184661412512,"rescueRate":0.9115629132559072,"simulationLength":89,"infectionRatio":[0.0038458456854418717,0.0038458456854418717,0.0038885288399222295,0.006720138738348146,0.0068029982075932865,0.007568359375,0.009440104166666666,0.008544921875,0.0079345703125,0.008341471354166666,0.007609049479166667,0.006266276041666667,0.006266276041666667,0.007731119791666667,0.007161458333333333,0.008544921875,0.0084228515625,0.00842902516491571,0.007568667344862666,0.008626302083333334,0.007283528645833333,0.006876627604166667,0.006388346354166667,0.005208333333333333,0.0032145182291666665,0.002685546875,0.002685546875,0.0022379557291666665,0.0019124348958333333,0.0016276041666666667,0.0038248697916666665,0.0037434895833333335,0.0037027994791666665,0.003703703703703704,0.0034586588541666665,0.009195963541666666,0.0078125,0.006917317708333333,0.006754557291666667,0.005045983559860015,0.004475911458333333,0.004435221354166667,0.0030110677083333335,0.00288911495422177,0.0028076171875,0.0027263479145473043,0.0027262369791666665,0.002685546875,0.0025634765625,0.0025642069274288736,0.001953125,0.006632486979166667,0.010538736979166666,0.0076904296875,0.0064697265625,0.005940755208333333,0.00537109375,0.005167643229166667,0.0043947100712105796,0.0035807291666666665,0.0028889973958333335,0.0020345052083333335,0.0018722780739956857,0.0017903645833333333,0.0017903645833333333,0.0017905102954341987,0.0013427734375,0.006632486979166667,0.008829752604166666,0.008504231770833334,0.0045166015625,0.004842122395833333,0.0041098677517802645,0.002197265625,0.0013838013838013837,0.0009358723958333334,0.0009359485635224221,0.0005291005291005291,0.0005290789955638761,0.0002848307291666667,0.00028484231943031536,0.0002848307291666667,0.000244140625,0.000244140625,0.00020345052083333334,0.000040690104166666664,0.000040690104166666664,0.000040690104166666664,0.000040716612377850165],"averageToxinCountInMales":[2.125,2.125,2.125,3.35,2.9558823529411766,2.5595238095238093,2.6576576576576576,2.826530612244898,2.924731182795699,3.1881188118811883,3.141304347826087,3.076923076923077,3.1875,2.5533980582524274,2.594059405940594,2.4833333333333334,2.46218487394958,2.46218487394958,2.303921568627451,3.850467289719626,4.066666666666666,4.341463414634147,4.036144578313253,3.8028169014084505,4.2444444444444445,4.914285714285715,4.914285714285715,4.766666666666667,4.615384615384615,4.869565217391305,2.6470588235294117,2.6470588235294117,2.58,2.58,2.347826086956522,3.2704918032786887,3.4571428571428573,3.6344086021505375,3.659340659340659,4.071428571428571,4.225806451612903,4.225806451612903,4.560975609756097,4.525,4.631578947368421,4.694444444444445,4.694444444444445,4.6571428571428575,4.735294117647059,4.735294117647059,4.863636363636363,5.962025316455696,6,6,6,6,6,6,6,6,6,6,6,6,6,6,6,6.027777777777778,6.01980198019802,6,6,6,6,6,6,6,6,6,6,6,6,6,6,6,6,null,null,null,null],"averageAntitoxinCountInFemales":[2.46875,2.46875,2.46875,3.126315789473684,2.8484848484848486,2.7058823529411766,2.7768595041322315,2.919642857142857,2.9901960784313726,3.2211538461538463,3.305263157894737,3.026315789473684,3.135135135135135,2.5402298850574714,2.4,2.3666666666666667,2.3181818181818183,2.3181818181818183,2.261904761904762,4.066666666666666,4.247191011235955,4.241379310344827,3.891891891891892,3.4035087719298245,4.176470588235294,4.387096774193548,4.387096774193548,4.32,4.238095238095238,3.823529411764706,2,1.9268292682926829,1.9268292682926829,1.9268292682926829,1.7179487179487178,3.2403846153846154,3.574712643678161,3.8181818181818183,3.8266666666666667,4.277777777777778,4.583333333333333,4.553191489361702,5.181818181818182,5.129032258064516,5.129032258064516,5.129032258064516,5.129032258064516,5.129032258064516,5.206896551724138,5.206896551724138,5.269230769230769,5.892857142857143,5.971631205673759,6,6,6,6,6,6,6,6,6,6,6,6,6,6,6,5.991379310344827,5.991228070175438,6,6,6,6,6,6,6,6,6,6,6,6,6,6,6,6,6,6,6],"reproductiveSuccessOverTime":[0,0,0,0.0056362453934532845,0.00008147303242626691,0,0,0,0,0,0,0.000040690104166666664,0.00008138020833333333,0.000040690104166666664,0,0,0.0002848307291666667,0.00028503949833048295,0,0,0,0,0.000040690104166666664,0.000040690104166666664,0,0.000040690104166666664,0,0,0,0,0,0,0,0,0,0,0,0,0,0,0,0,0,0,0,0,0,0,0,0,0,0,0,0,0,0,0,0,0,0,0.000040690104166666664,0.000040690104166666664,0.00004070169726077577,0.000040690104166666664,0.000040690104166666664,0.0000406934158053227,0,0,0,0,0,0,0,0,0,0,0.0001220802474159681,0.0000814000814000814,0.00008139676854828863,0.00008138020833333333,0,0,0,0,0,0,0,0,0]}