{"startTime":"2025-03-24T20:43:41.882Z","infectedMalesAtStart":1024,"infectedFemalesAtStart":1024,"toxinAntitoxinLength":3,"killRate":0.91096844280749,"rescueRate":0.6293436027334597,"simulationLength":118,"infectionRatio":[0.08333333333333333,0.08333333333333333,0.08337096178317803,0.08553059895833333,0.08231608072916667,0.08378092447916667,0.08182779947916667,0.07466634114583333,0.07523600260416667,0.07527669270833333,0.07523600260416667,0.06888834635416667,0.07173665364583333,0.07450358072916667,0.077880859375,0.079345703125,0.07722981770833333,0.07700765597002769,0.07719241104144614,0.07124837239583333,0.07222493489583333,0.06868489583333333,0.058919270833333336,0.050821940104166664,0.053466796875,0.060384114583333336,0.05615234375,0.050699869791666664,0.049031575520833336,0.045702425524987794,0.04411345786025312,0.0440673828125,0.04052734375,0.03935053308374705,0.040288121108533755,0.032063802083333336,0.029825846354166668,0.029459635416666668,0.02624725319443314,0.022298177083333332,0.028727213541666668,0.036092122395833336,0.033487955729166664,0.030558268229166668,0.030113127695938796,0.031866834886655,0.030601448685602668,0.032674153645833336,0.031901041666666664,0.031290690104166664,0.030069986979166668,0.0269775390625,0.026163736979166668,0.025960286458333332,0.0228271484375,0.016845703125,0.016072591145833332,0.016194661458333332,0.013346354166666666,0.014974567650050865,0.014576547231270357,0.014363606770833334,0.01261598567475175,0.011922200520833334,0.0118408203125,0.014485677083333334,0.013998535037031008,0.012776692708333334,0.01025390625,0.010904947916666666,0.012166341145833334,0.010660807291666666,0.007121057985757884,0.006063072227873855,0.004597981770833333,0.0069580078125,0.006836215666327568,0.006674535020959668,0.00646998982706002,0.00634765625,0.006022135416666667,0.0059409969481180065,0.005737771628550501,0.005330403645833333,0.004923502604166667,0.0032552083333333335,0.002034587995930824,0.0019124348958333333,0.0016684300480182307,0.001668633755239917,0.0013427734375,0.001220703125,0.0011394156425490356,0.001017293997965412,0.0009360247436106137,0.0008138020833333334,0.0007731119791666666,0.0006917599186164802,0.0006917317708333334,0.0006917317708333334,0.0005696614583333334,0.0004475911458333333,0.000244140625,0.000244140625,0.00020345052083333334,0.0001627670396744659,0.00016276041666666666,0.00016276041666666666,0.00016279353709657725,0.0001627670396744659,0.0001628001628001628,0.0001220703125,0.00012207527975584945,0.0001220703125,0.00012212994626282364,0.00012207527975584945,0.0001220703125,0.000040690104166666664],"averageToxinCountInMales":[2.421875,2.421875,2.4180734856007944,2.3793103448275863,2.402321083172147,2.5277246653919696,2.360576923076923,2.1566523605150216,2.377497371188223,2.4247144340602285,2.340270551508845,2.2852233676975944,2.219889502762431,2.1876988335100744,2.2054655870445345,2.175834970530452,2.2097902097902096,2.2038152610441766,2.217391304347826,2.20995670995671,2.510917030567686,2.5730858468677495,2.561797752808989,2.4704918032786884,2.537290715372907,2.327001356852103,2.2404692082111435,2.3166397415185784,2.2859531772575252,2.277173913043478,2.2332089552238807,2.151851851851852,2.2016129032258065,2.223849372384937,2.22020202020202,2.289002557544757,2.4123989218328843,2.9519774011299433,2.9585987261146496,2.712121212121212,3.213256484149856,2.8261851015801356,2.8710462287104623,3.0594594594594593,2.963687150837989,2.8523316062176165,2.8657534246575342,2.730077120822622,2.779255319148936,2.7349726775956285,2.5754189944134076,2.5286624203821657,2.294915254237288,2.0418118466898956,1.9770114942528736,1.8112244897959184,2.7875647668393784,2.8900523560209423,2.9691358024691357,3.183333333333333,3.152542372881356,3.1271676300578033,2.8684210526315788,2.924137931034483,2.832167832167832,2.4,2.3559322033898304,2.448717948717949,2.1627906976744184,1.4264705882352942,1.3012820512820513,1.1428571428571428,1.2359550561797752,1.3733333333333333,1.1578947368421053,2.590909090909091,2.5632183908045976,2.6,2.63855421686747,2.6790123456790123,2.8421052631578947,2.8421052631578947,2.8513513513513513,2.887323943661972,2.8955223880597014,3.840909090909091,4.115384615384615,4.2,5,5,5,5,5,5,5,5,5,5,5,5,5,null,null,null,null,null,null,null,null,null,null,null,null,null,null,null,null,null],"averageAntitoxinCountInFemales":[2.458984375,2.458984375,2.458984375,2.4003887269193394,2.4509605662285137,2.552813425468904,2.423274974253347,2.2336655592469548,2.4487750556792873,2.491544532130778,2.4527027027027026,2.368292682926829,2.3181818181818183,2.2927927927927927,2.316414686825054,2.2414163090128754,2.2597547380156078,2.2603351955307263,2.2502756339581036,2.240628778718259,2.561117578579744,2.6271186440677967,2.5720108695652173,2.5320813771518,2.5007610350076104,2.2784471218206157,2.194842406876791,2.2791068580542264,2.260296540362438,2.285464098073555,2.2171532846715327,2.143646408839779,2.218,2.210633946830266,2.195959595959596,2.2141057934508814,2.4226519337016574,3.1486486486486487,3.1268882175226587,2.6514084507042255,3.116991643454039,2.740990990990991,2.8907766990291264,3.0341207349081363,2.9659685863874348,2.906801007556675,2.8449612403100777,2.6932367149758454,2.698529411764706,2.7096774193548385,2.58005249343832,2.6103151862464182,2.3706896551724137,2.242165242165242,2.0966666666666667,1.9678899082568808,2.737623762376238,2.7342995169082127,2.783132530120482,3.117021276595745,3.044198895027624,3.05,2.778481012658228,2.831081081081081,2.722972972972973,2.4545454545454546,2.3892215568862274,2.392405063291139,2.178861788617886,1.3257575757575757,1.1748251748251748,1.124031007751938,1.2093023255813953,1.364864864864865,1.2678571428571428,2.5301204819277108,2.567901234567901,2.607594936708861,2.6842105263157894,2.72,2.8194444444444446,2.9,2.8059701492537314,2.85,3.037037037037037,3.9444444444444446,4.416666666666667,4.636363636363637,4.809523809523809,4.809523809523809,4.809523809523809,4.809523809523809,4.8,4.8,4.7894736842105265,4.777777777777778,5,5,5,5,5,5,5,5,5,5,5,5,5,5,5,5,5,5,5,5,5,5],"reproductiveSuccessOverTime":[0,0,0,0.000013563368055555555,0,0,0,0,0.000008400662227100142,8.304102891156462e-7,0,0.000040690104166666664,0.000040690104166666664,0.0000457763671875,0,0,0.000001937624007936508,0.0000019392021346737096,0,0.000004962207825203252,0.000025756556090144505,0.000016025144198972322,0,0,0,0,0,0,0,0.00004069672798307016,0,0.0000033908420138888887,0.0000033908420138888887,0.000002368848689424681,0.000048499129356440664,0.00001549499322755418,0.000011265422642375768,0.0000023935355392156862,0,0.0000075418070641150454,0.000003431695532128514,0.000040690104166666664,0.000040690104166666664,0.000040690104166666664,0.0000813868316106454,0.000040698384274144313,0.0000406934158053227,0,0,0,0,0,0,0.000007552845422240802,0.00004824294958890747,0.000007552845422240802,0.000007552845422240802,0,0,0,0.000040716612377850165,0,0,0,0,0,0.0000406934158053227,0,0,0,0,0,0,0.00004069175991861648,0,0,0,0,0,0,0.000040690104166666664,0.00004069175991861648,0,0,0,0,0,0,0,0,0,0,0,0,0,0,0,0,0,0,0,0,0,0.000040690104166666664,0.000040690104166666664,0.00012207527975584945,0.000040690104166666664,0.00008138020833333333,0.00012209515282243295,0.00004069175991861648,0.0000407000407000407,0.000040690104166666664,0,0,0.000040709982087607885,0,0,0]}