{"startTime":"2025-03-24T20:43:41.882Z","infectedMalesAtStart":1024,"infectedFemalesAtStart":1024,"toxinAntitoxinLength":3,"killRate":0.8663055042335296,"rescueRate":0.512501964649485,"simulationLength":137,"infectionRatio":[0.08333333333333333,0.08333333333333333,0.08303901437371664,0.08858235677083333,0.0880126953125,0.0909423828125,0.09285481770833333,0.09256998697916667,0.08984375,0.08492024739583333,0.0828857421875,0.0853271484375,0.0826416015625,0.082275390625,0.08614095052083333,0.08235677083333333,0.08101399739583333,0.08094462540716613,0.08009116067068207,0.0850830078125,0.07279459635416667,0.08011881510416667,0.07035319010416667,0.0654296875,0.06884765625,0.0623779296875,0.060139973958333336,0.055419921875,0.0509033203125,0.053507486979166664,0.054402669270833336,0.051595052083333336,0.049235026041666664,0.048506551639944655,0.05078125,0.058634440104166664,0.0523681640625,0.053670247395833336,0.045166015625,0.0384521484375,0.03369140625,0.03515625,0.036092122395833336,0.035481770833333336,0.0311279296875,0.028605143229166668,0.0306396484375,0.030436197916666668,0.0296630859375,0.0283203125,0.027262369791666668,0.0347900390625,0.0296630859375,0.029134114583333332,0.024617513020833332,0.017903645833333332,0.015828450520833332,0.014200846354166666,0.012491861979166666,0.015096642929806715,0.016276041666666668,0.013509114583333334,0.017333984375,0.0169677734375,0.016398111979166668,0.0159912109375,0.013468424479166666,0.031046549479166668,0.024497436314804263,0.02323499491353001,0.019856770833333332,0.013712565104166666,0.011962890625,0.011067708333333334,0.008463541666666666,0.008748372395833334,0.009195963541666666,0.008504231770833334,0.0087890625,0.00752889467686798,0.00634765625,0.0057373046875,0.006673177083333333,0.016642252604166668,0.016357421875,0.014526958290946083,0.011881510416666666,0.0069580078125,0.005045572916666667,0.004231770833333333,0.0032958984375,0.0032145182291666665,0.0030521303870101333,0.002685546875,0.004191080729166667,0.0036625564644121597,0.003662109375,0.0035807291666666665,0.0072457868598876495,0.007120768229166667,0.008056640625,0.007609978431611932,0.007161458333333333,0.005452473958333333,0.005167643229166667,0.0044355823227801745,0.004354727117333442,0.004354549894188507,0.0037034022464593848,0.0022786458333333335,0.0018310546875,0.0015876246692448606,0.0038655598958333335,0.0034993489583333335,0.0071626241250203485,0.006429036458333333,0.005940755208333333,0.0062255859375,0.0038248697916666665,0.002685546875,0.0025227864583333335,0.0021973550356052898,0.0020347535913400887,0.0019539995929167514,0.001750814332247557,0.0011393229166666667,0.0006917317708333334,0.0006103515625,0.0002848307291666667,0.00020345052083333334,0.0012613932291666667,0.001220703125,0.0011800130208333333,0.0010986328125,0.0010986328125,0.0010986328125,0.0010986328125],"averageToxinCountInMales":[2.4296875,2.4296875,2.426,2.6783088235294117,2.735970561177553,2.594547053649956,2.663793103448276,2.750439367311072,2.6115555555555554,2.7325800376647833,2.722332015810277,2.8009708737864076,2.803410230692076,2.7567839195979897,2.731328806983511,2.7338129496402876,2.6704781704781704,2.66875,2.7308934337997846,3.0495238095238095,3.0435267857142856,2.7494949494949497,2.6015981735159817,2.5469879518072287,2.5228310502283104,2.4732824427480917,2.4681697612732094,2.387696709585122,2.3912363067292643,2.2349397590361444,2.306766917293233,2.2332268370607027,2.244628099173554,2.2348993288590604,2.268292682926829,2.3009708737864076,2.107936507936508,2.317700453857791,2.3187613843351547,2.246808510638298,2.019464720194647,2.0350467289719627,1.8603603603603605,1.8367816091954023,1.7872340425531914,1.785294117647059,1.9452054794520548,2.0786516853932584,2.0228571428571427,2.036036036036036,1.7738853503184713,1.541062801932367,1.9224137931034482,1.5828729281767955,1.3639240506329113,1.5021276595744681,1.4928909952606635,1.382198952879581,1.2962962962962963,1.1443298969072164,1.0970873786407767,0.8757763975155279,1.78743961352657,1.7761194029850746,1.7794871794871794,1.801047120418848,2.031847133757962,0.7519582245430809,0.8529411764705882,0.8122743682310469,0.7106382978723405,0.8273809523809523,0.6736111111111112,0.42748091603053434,0.14285714285714285,0.14,0.35344827586206895,0.3577981651376147,1.0869565217391304,1.1458333333333333,0.8780487804878049,0.8,1.0240963855421688,0.8341463414634146,0.8203883495145631,0.9184782608695652,1.0342465753424657,1.0333333333333334,0.5166666666666667,0.46296296296296297,0.30952380952380953,0.3170731707317073,0.325,0.38235294117647056,2.574074074074074,2.75,2.75,2.75,1.8144329896907216,1.7575757575757576,1.6037735849056605,1.45,1.5326086956521738,1.732394366197183,1.835820895522388,2.0847457627118646,2.1228070175438596,2.1228070175438596,2.269230769230769,0.8125,0.8571428571428571,0.8461538461538461,0.92,0.9534883720930233,0.9777777777777777,0.9753086419753086,0.9864864864864865,1,1,1,1,1,1,1,1,1,1,1,1,1,1,1,1,1,1,1,1],"averageAntitoxinCountInFemales":[2.458984375,2.458984375,2.458904109589041,2.696969696969697,2.679368029739777,2.6193078324225865,2.698752228163993,2.767810026385224,2.638965835641736,2.735609756097561,2.7326829268292685,2.7938144329896906,2.7843326885880075,2.7633885102239533,2.7117863720073663,2.708848715509039,2.67444120505345,2.674124513618677,2.706448508180943,2.9807877041306434,2.954087346024636,2.6772216547497445,2.511137162954279,2.4640102827763495,2.4583333333333335,2.4792503346720216,2.4447513812154695,2.3755656108597285,2.4101307189542482,2.3010752688172045,2.255952380952381,2.216510903426791,2.1801652892561982,2.2013422818791946,2.259083728278041,2.5083333333333333,2.267884322678843,2.39209726443769,2.358288770053476,2.265263157894737,2.196642685851319,2.18348623853211,2.0451467268623027,2.004576659038902,2.005141388174807,1.980716253443526,2.0412371134020617,2.13265306122449,2.0659630606860158,2.0523415977961434,1.8932584269662922,1.5873015873015872,1.7926509186351707,1.5310734463276836,1.28719723183391,1.3902439024390243,1.3146067415730338,1.1898734177215189,1.1517241379310346,1.0282485875706215,1.0515463917525774,1.04093567251462,1.9863013698630136,1.9722222222222223,1.9519230769230769,2.00990099009901,2.1436781609195403,0.8236842105263158,0.9256756756756757,0.8673469387755102,0.8735177865612648,0.834319526627219,0.74,0.5460992907801419,0.35454545454545455,0.3826086956521739,0.4727272727272727,0.52,1.2574257425742574,1.3370786516853932,1.2837837837837838,1.2121212121212122,1.2098765432098766,0.8235294117647058,0.8520408163265306,0.9595375722543352,0.9657534246575342,0.8024691358024691,0.453125,0.46,0.5897435897435898,0.6052631578947368,0.6285714285714286,0.6875,2.8979591836734695,3.0869565217391304,3.0869565217391304,3.090909090909091,2.0987654320987654,2.210526315789474,1.7391304347826086,1.6091954022988506,1.6428571428571428,1.746031746031746,1.8333333333333333,2.08,2.08,2.08,2.230769230769231,1.0416666666666667,0.8823529411764706,0.8461538461538461,0.9555555555555556,0.9767441860465116,0.9883720930232558,0.987012987012987,0.9861111111111112,0.987012987012987,1,1,1,1,1,1,1,1,1,1,1,1,1,1,1,1,1,1,1],