{"startTime":"2025-03-24T20:33:55.229Z","infectedMalesAtStart":16,"infectedFemalesAtStart":32,"toxinAntitoxinLength":3,"killRate":0.860557565166468,"rescueRate":0.3110429482723832,"simulationLength":88,"infectionRatio":[0.003789074834227976,0.003789074834227976,0.003826530612244898,0.004169711559128229,0.0027669270833333335,0.005411783854166667,0.0040283203125,0.0018717447916666667,0.0015869140625,0.0030110677083333335,0.0014241536458333333,0.0012613932291666667,0.001220703125,0.0011800130208333333,0.0010986328125,0.0010579427083333333,0.0013021363173957273,0.0013029315960912053,0.002849118808254304,0.0030110677083333335,0.0022379557291666665,0.0017903645833333333,0.0023193359375,0.0020751953125,0.0019124348958333333,0.0023600260416666665,0.0023600260416666665,0.0023600260416666665,0.0022379557291666665,0.0022379557291666665,0.0018717447916666667,0.0015462868769074262,0.0015055338541666667,0.001424327513938062,0.005374374007572982,0.0042724609375,0.0027262369791666665,0.0024007161458333335,0.0032552083333333335,0.0032552083333333335,0.0019124348958333333,0.0027669270833333335,0.0025227864583333335,0.002482904591338326,0.0023600260416666665,0.002115971515768057,0.0020751953125,0.0018310546875,0.0018310546875,0.0016276703967446592,0.0034221461745294547,0.0018717447916666667,0.001220703125,0.0011393229166666667,0.0009765625,0.0040283203125,0.0024820963541666665,0.0067138671875,0.006429036458333333,0.006306966145833333,0.004435221354166667,0.0037029501525940997,0.0034586588541666665,0.0032958984375,0.0031331380208333335,0.0030118030118030117,0.002930880078156802,0.0027669270833333335,0.0024007161458333335,0.0020345052083333335,0.0007731119791666666,0.0009765625,0.0006917317708333334,0.0006917317708333334,0.0006917317708333334,0.0006917317708333334,0.0006917317708333334,0.0006917599186164802,0.0006917317708333334,0.0006917317708333334,0.0006917599186164802,0.0006917317708333334,0.0006918162210556301,0.0005289713541666666,0.0005289713541666666,0.0004475911458333333,0.0003255208333333333,0.000040690104166666664],"averageToxinCountInMales":[2.1875,2.1875,2.1875,2.0681818181818183,2.033333333333333,2.0428571428571427,2,1.5,1.368421052631579,1.0909090909090908,1.2142857142857142,1.2307692307692308,1.2307692307692308,1.25,1.2727272727272727,1.2727272727272727,2,2,3.257142857142857,2.948717948717949,3.3333333333333335,3.4545454545454546,2.7419354838709675,2.9285714285714284,3.16,2.7586206896551726,2.7586206896551726,2.7586206896551726,2.8214285714285716,2.8214285714285716,2.5652173913043477,2.1666666666666665,2.0588235294117645,1.8,3.4923076923076923,3.3773584905660377,3.272727272727273,3.3793103448275863,2.5,2.5,3.52,2.2,2.064516129032258,2.1,2.0344827586206895,1.72,1.625,1.7142857142857142,1.7142857142857142,1.8333333333333333,3.0930232558139537,2.65,2.0714285714285716,2.25,2.5,1.3,1.4137931034482758,1.1318681318681318,1.103448275862069,1.1058823529411765,1.15,1.1730769230769231,1.183673469387755,1.1914893617021276,1.2,1.2142857142857142,1.15,1.0789473684210527,1,1,1,1,1,1,1,1,1,1,1,1,1,1,1,1,1,1,1,1],"averageAntitoxinCountInFemales":[2.28125,2.28125,2.28125,2.1132075471698113,2.0789473684210527,2.4126984126984126,1.803921568627451,1.5384615384615385,1.6,1.2682926829268293,1.5238095238095237,1.5,1.5294117647058822,1.5294117647058822,1.5,1.5333333333333334,1.4444444444444444,1.4444444444444444,2.8285714285714287,2.8857142857142857,3.4,3.3181818181818183,2.9615384615384617,3.217391304347826,3.3181818181818183,2.7586206896551726,2.7586206896551726,2.7586206896551726,2.6666666666666665,2.6666666666666665,2.4347826086956523,2.2,2.2,2.2,3.462686567164179,3.3076923076923075,3.2058823529411766,3.2,2.8333333333333335,2.8333333333333335,3.4545454545454546,2.1818181818181817,2.064516129032258,2.064516129032258,1.9310344827586208,1.7777777777777777,1.7777777777777777,1.875,1.875,1.9545454545454546,2.902439024390244,2.730769230769231,1.9375,1.9375,2.0714285714285716,1.2448979591836735,1.375,1.162162162162162,1.0845070422535212,1.0857142857142856,1.1224489795918366,1.1538461538461537,1.1666666666666667,1.088235294117647,1.09375,1.09375,1.09375,1,1,1,1,1,1,1,1,1,1,1,1,1,1,1,1,1,1,1,1,null],"reproductiveSuccessOverTime":[0,0,0,0.00644800756566221,0,0,0,0,0,0,0,0,0,0,0.000040690104166666664,0.000040690104166666664,0,0,0,0,0,0,0,0,0,0,0,0,0,0,0,0,0,0,0.00008142990920565123,0,0,0,0,0,0,0,0,0,0,0,0,0,0.00008138020833333333,0.00008138351983723296,0.00004073983541106494,0,0,0,0,0,0,0,0.00008138020833333333,0,0,0,0,0,0,0.0000407000407000407,0,0,0,0,0,0,0,0,0,0,0,0,0,0,0,0.00016276041666666666,0,0,0,0,0,0.000040690104166666664]}