{"startTime":"2025-03-24T20:43:41.882Z","infectedMalesAtStart":1024,"infectedFemalesAtStart":1024,"toxinAntitoxinLength":3,"killRate":0.8408391744235656,"rescueRate":0.6293436027334597,"simulationLength":311,"infectionRatio":[0.08333333333333333,0.08333333333333333,0.08347375775759319,0.08463541666666667,0.07877604166666667,0.077880859375,0.0804443359375,0.0836181640625,0.07926432291666667,0.08203125,0.07991536458333333,0.0888671875,0.09423828125,0.09309895833333333,0.09505208333333333,0.09598795572916667,0.094323499491353,0.09427815108939117,0.09359866520164407,0.09842936197916667,0.08610026041666667,0.08524576822916667,0.08882649739583333,0.08695475260416667,0.08638509114583333,0.08060709635416667,0.07401529947916667,0.07381184895833333,0.0755615234375,0.06799593082400814,0.06791178385416667,0.06563313802083333,0.06563580874872839,0.06583658854166667,0.06385056769625198,0.080078125,0.06681315104166667,0.07523600260416667,0.0712890625,0.07462565104166667,0.07466634114583333,0.0682373046875,0.06442029870182721,0.060506184895833336,0.056681315104166664,0.0482177734375,0.046956380208333336,0.04692141781630245,0.045613606770833336,0.043660481770833336,0.04074737441992998,0.0537109375,0.051798502604166664,0.049845377604166664,0.047200520833333336,0.05241311955725564,0.05419921875,0.053385416666666664,0.05043145555193748,0.04204143095519108,0.038859049479166664,0.035847981770833336,0.03414872400179087,0.037312825520833336,0.03784333672431333,0.0367431640625,0.036581892166836216,0.054768880208333336,0.051717122395833336,0.0416259765625,0.045084635416666664,0.04252635005900785,0.042073567708333336,0.04590030518819939,0.04417932326234782,0.03695112521873601,0.036580403645833336,0.0328369140625,0.0311279296875,0.031087239583333332,0.03108850457782299,0.033650716145833336,0.027994791666666668,0.060506184895833336,0.059122721354166664,0.051798502604166664,0.0501708984375,0.04728574916578498,0.049357096354166664,0.0521240234375,0.051188151041666664,0.0406934158053227,0.036783854166666664,0.031941731770833336,0.029703776041666668,0.0294189453125,0.029339952795637666,0.028688858142752502,0.02396842190933507,0.0498046875,0.06302897135416667,0.05517578125,0.053995768229166664,0.05060662812474554,0.04972533062054934,0.052083333333333336,0.048543294270833336,0.041427583119684204,0.036539713541666664,0.033165133881338,0.029256184895833332,0.028483072916666668,0.028402848423194304,0.028299197850075328,0.02681805233386237,0.045613606770833336,0.06266276041666667,0.051106770833333336,0.047607421875,0.045613606770833336,0.04207699194270367,0.039591471354166664,0.035237630208333336,0.030192057291666668,0.026495726495726495,0.021443684895833332,0.018961588541666668,0.017416781964678114,0.017254710454563952,0.016931906060482723,0.0152242937393145,0.0242919921875,0.038818359375,0.036376953125,0.039998372395833336,0.038289388020833336,0.03674465920651068,0.034303153611393696,0.027628580729166668,0.023152669270833332,0.019734700520833332,0.0177001953125,0.015584944048830112,0.014811197916666666,0.014776520394040545,0.014328747048766587,0.013142903645833334,0.017293294270833332,0.036295572916666664,0.0390297505189044,0.037638346354166664,0.035603841145833336,0.036092122395833336,0.03390175410036222,0.026570638020833332,0.023274739583333332,0.020914713541666668,0.017985026041666668,0.017376088548872792,0.017178213791419036,0.017186609106459232,0.017195713296116702,0.016408794788273614,0.011393692777212614,0.048990885416666664,0.05103577387977697,0.044514973958333336,0.037190755208333336,0.03515625,0.03715611264854306,0.0360107421875,0.0347900390625,0.030598958333333332,0.025716145833333332,0.025399926730980585,0.025406131672163185,0.025425800668242196,0.025097783572359842,0.024075281081961872,0.018229908443540183,0.045166015625,0.05196760672282587,0.0440673828125,0.035603841145833336,0.0316162109375,0.03072477922923534,0.026896158854166668,0.0242919921875,0.022054036458333332,0.018269856770833332,0.018067141403865717,0.01806640625,0.017994544640312665,0.01795895096921323,0.01710097719869707,0.012744818600105868,0.03007365808000651,0.0341149649894154,0.039347330729166664,0.033284505208333336,0.029055098885000408,0.0283699506786777,0.026205493387589013,0.0244140625,0.021402994791666668,0.0181884765625,0.017985026041666668,0.017985026041666668,0.017986489785952634,0.017664536611176687,0.016646316646316647,0.013593260347564202,0.034059003051881996,0.03369277721261445,0.032796223958333336,0.028767903645833332,0.026448567708333332,0.024606860588283222,0.023685495686146835,0.020548502604166668,0.016072591145833332,0.014078776041666666,0.013427734375,0.012613932291666666,0.012585532746823069,0.012546335899629312,0.012340148244685184,0.00993485342019544,0.016201913291268064,0.03150439596222729,0.026407877604166668,0.019978841145833332,0.018798828125,0.017845501955671448,0.01868207904269608,0.016398111979166668,0.0142822265625,0.011555989583333334,0.010498046875,0.010213216145833334,0.010221118214765647,0.010017510282200595,0.009528463229904716,0.00797850687942685,0.008548052265233851,0.01786949973541743,0.0125732421875,0.009847005208333334,0.008707682291666666,0.008472850217931484,0.008301456824285831,0.007405598958333333,0.006429036458333333,0.005167643229166667,0.004638671875,0.0046394269900699985,0.004640749033177285,0.004601351901620653,0.004316839747505599,0.003746233406629204,0.0027276798436673046,0.0052507326603712145,0.006348172865630341,0.0033365885416666665,0.0028076171875,0.0027694062067280282,0.002522889114954222,0.0022379557291666665,0.0010986328125,0.0008544921875,0.0008544921875,0.0008545965083628373,0.0008551881413911061,0.000814663951120163,0.0007334066740007334,0.000692577201988104,0.0004887585532746823,0.0017912392118547469,0.0004070832485243232,0.00008141002157365571,0.00008141996417521577,0.00008140670791273201,0.00008138351983723296,0.00008141996417521577,0.00008138020833333333,0.00008138020833333333,0.000040690104166666664,0.000040690104166666664,0.00004070335395636601,0.000040705010786827856,0.00004071992833292614,0.00004074647542987532,0.00004073153843020651,0.00004071827028787817,0.0008549444286121402,0.000854840022795734,0.000854979236218549,0.0006514392736452099,0.0006510416666666666,0.0006510946528851632,0.000244140625,0.00008138020833333333,0.00008138020833333333,0.00008138351983723296,0.00008141333550435561,0.00008150291372916582,0.00008154943934760448,0.00008160267656779142,0.00008157272208173587,0.000040748135772788395,0.000040736516213133455],