{"startTime":"2025-03-24T20:10:07.200Z","infectedMalesAtStart":1024,"infectedFemalesAtStart":1024,"toxinAntitoxinLength":3,"killRate":0.75,"rescueRate":0.25,"simulationLength":253,"infectionRatio":[0.17189860668121537,0.17189860668121537,0.17205121682353938,0.1732750689972401,0.18310433399926612,0.18391927083333334,0.17923990885416666,0.1883544921875,0.17862955729166666,0.1717529296875,0.16471354166666666,0.1744384765625,0.17403865717192268,0.1704785935210809,0.17110188802083334,0.17118326822916666,0.1689453125,0.16894010342440652,0.15818818167019372,0.15205891927083334,0.1595458984375,0.15450032552083334,0.15486653645833334,0.15837232960325534,0.1541748046875,0.15462239583333334,0.1419677734375,0.14847819010416666,0.1446533203125,0.1343994140625,0.12748728382502544,0.13252766927083334,0.13529459635416666,0.13177821201758672,0.12439471007121058,0.1307373046875,0.14127604166666666,0.130126953125,0.1368408203125,0.12556966145833334,0.1170654296875,0.11383338081478166,0.1038818359375,0.10230324733458127,0.10236060236060236,0.09310653536257833,0.08897391021205585,0.0941162109375,0.09749348958333333,0.10081400081400081,0.09510051273703915,0.09663899739583333,0.10347493489583333,0.0927734375,0.11393229166666667,0.10633189549930822,0.09721657035891593,0.08817545572916667,0.09037272135416667,0.08817904374364191,0.08293318141124766,0.07524518780775648,0.06697591145833333,0.0633544921875,0.06360122075279756,0.06478128179043743,0.061197916666666664,0.058067141403865714,0.063232421875,0.054158528645833336,0.06514485677083333,0.06282552083333333,0.0598843836508712,0.056039394432687614,0.0540771484375,0.049275716145833336,0.04737484737484737,0.045005086469989825,0.040445963541666664,0.037638346354166664,0.036580403645833336,0.03572881907707333,0.034098307291666664,0.030723528933018638,0.031412760416666664,0.025838216145833332,0.040974934895833336,0.0465087890625,0.046427408854166664,0.041595441595441596,0.041219075520833336,0.036824544270833336,0.03280022789240223,0.0352783203125,0.029500325520833332,0.0262451171875,0.024658203125,0.02392578125,0.020670572916666668,0.01949293940503805,0.016886393229166668,0.013346354166666666,0.025716145833333332,0.029175991861648015,0.032958984375,0.03434524293969236,0.03466796875,0.031209309895833332,0.031618784080735735,0.027587890625,0.0233154296875,0.021728515625,0.021241963050378447,0.021081763054006757,0.020755331271365782,0.019086765424059907,0.015584309895833334,0.012410481770833334,0.027750651041666668,0.032674153645833336,0.03785103785103785,0.036458333333333336,0.0360107421875,0.0328382502543235,0.032527275687998694,0.030478128179043745,0.023722330729166668,0.0206298828125,0.01994058519513287,0.0191650390625,0.019002278645833332,0.017537434895833332,0.015584309895833334,0.0113525390625,0.024373372395833332,0.030843098958333332,0.0379638671875,0.039593082400813835,0.041910807291666664,0.0369873046875,0.03727694940112442,0.041666666666666664,0.030314127604166668,0.025960286458333332,0.023966471354166668,0.023763020833333332,0.024334662651582975,0.02254598730262087,0.019126683758596833,0.013834635416666666,0.031046549479166668,0.0360107421875,0.03577096813575876,0.0375178026449644,0.038655598958333336,0.036946614583333336,0.04125768745163524,0.038614908854166664,0.031982421875,0.028971354166666668,0.02925737538148525,0.026653102746693795,0.024944048830111903,0.023446086213212848,0.021692238818118922,0.0164794921875,0.028076171875,0.034016927083333336,0.03312848479915347,0.03304170905391658,0.0313720703125,0.031982421875,0.03727694940112442,0.038535096642929804,0.030476888020833332,0.02254323499491353,0.01770235624465877,0.01904994504823544,0.018615071283095724,0.017215416547963047,0.01339085839879523,0.01123046875,0.015665690104166668,0.019246419270833332,0.018286971042235166,0.022501627604166668,0.021321614583333332,0.025066124109867752,0.02242937393144997,0.0218505859375,0.019856770833333332,0.0146484375,0.010335707019328585,0.009766022380467955,0.009033203125,0.008424222692495523,0.008016276703967446,0.006591796875,0.008138020833333334,0.009562174479166666,0.010579857578840285,0.010009765625,0.010538736979166666,0.012044270833333334,0.010585457210324892,0.012451678535096643,0.009236653645833334,0.006103515625,0.004679361979166667,0.004354195491169529,0.004354727117333442,0.004153432689958466,0.0039065679173109795,0.0032958984375,0.0037027994791666665,0.0038658745015056565,0.0037440989744424546,0.0036214192708333335,0.0026041666666666665,0.0023600260416666665,0.001953522445158927,0.001708984375,0.0016682942708333333,0.0011393229166666667,0.0010986328125,0.0010986328125,0.0011004687181577339,0.0010997515376155757,0.0010986328125,0.0003255208333333333,0.00020345052083333334,0.00016276041666666666,0.0001627670396744659,0.00008138020833333333,0.00008138020833333333,0.00008139676854828863,0.00008141333550435561,0.0015462239583333333,0.0012613932291666667,0.0002034670790266135,0.00008139014365360354,0.00008138020833333333,0.0000813868316106454,0.00008147967082212988,0.00008141002157365571,0.00008138020833333333,0.00008138020833333333,0.00008138351983723296,0.00008138351983723296,0.00008138020833333333,0.00008138020833333333,0.00008147303242626691,0.00004070169726077577],