{"startTime":"2025-03-24T20:33:26.773Z","infectedMalesAtStart":1024,"infectedFemalesAtStart":1024,"toxinAntitoxinLength":3,"killRate":0.06426672891790253,"rescueRate":0.38180965979162373,"simulationLength":179,"infectionRatio":[0.1795074064335174,0.1795074064335174,0.1793170559094126,0.1888476173219786,0.1738387004844685,0.16719563802083334,0.17732747395833334,0.18806966145833334,0.18623860677083334,0.18961588541666666,0.1893310546875,0.1878662109375,0.18656412760416666,0.18729654947916666,0.19026692708333334,0.18611653645833334,0.182706002034588,0.1824731357863888,0.18013509114583334,0.199462890625,0.2109375,0.19868977864583334,0.20894368489583334,0.19392903645833334,0.19490559895833334,0.18473307291666666,0.18555442522889115,0.17670519290249065,0.171881993896236,0.16800944010416666,0.16597493489583334,0.1652085452695829,0.16183112919633774,0.16072446072446073,0.16312662760416666,0.1796875,0.19893391927083334,0.17281087239583334,0.15877278645833334,0.15275065104166666,0.15279134114583334,0.1609083140031742,0.15397135416666666,0.1484375,0.14485677083333334,0.14168294270833334,0.14204915364583334,0.13936360677083334,0.13313802083333334,0.1327988278865329,0.12980143229166666,0.14717610677083334,0.15629069010416666,0.13370768229166666,0.13028971354166666,0.11380194554112906,0.10929361979166667,0.11373346897253306,0.11186164801627671,0.10697428385416667,0.10367838541666667,0.09880361357532351,0.09419759114583333,0.09346516927083333,0.08683268229166667,0.08525270611215105,0.0867919921875,0.09297688802083333,0.11600748697916667,0.101318359375,0.0948486328125,0.08369290889847757,0.07755533854166667,0.08345540364583333,0.07723312433840893,0.07446592065106816,0.07295735677083333,0.0704345703125,0.06815592447916667,0.06660970052083333,0.06254069010416667,0.057576497395833336,0.0614013671875,0.07084147135416667,0.0911865234375,0.08451334635416667,0.09305826822916667,0.08415740853782606,0.0823974609375,0.08915201822916667,0.08465263929022018,0.08050140409425746,0.0777619532044761,0.07157389322916667,0.06892903645833333,0.0681207780581102,0.06673448626653103,0.0640869140625,0.0577392578125,0.06201171875,0.0827263479145473,0.06801253612275632,0.06953938802083333,0.06360380890371937,0.053141276041666664,0.05860805860805861,0.054117838541666664,0.05139369277721261,0.050130208333333336,0.04981887744718955,0.047281901041666664,0.04888671795498026,0.04826435518658691,0.045206705729166664,0.038655598958333336,0.056722005208333336,0.059773763020833336,0.051310221354166664,0.056602238046795525,0.05375381485249237,0.047078450520833336,0.04949729311678268,0.044637044270833336,0.04016276703967447,0.038330078125,0.03759765625,0.03670546105640107,0.03671591972971873,0.036260784632915516,0.03402108004720628,0.026123046875,0.031941731770833336,0.032511393229166664,0.02608447953121185,0.030436197916666668,0.029873829873829874,0.0247802734375,0.02446470731905886,0.021809895833333332,0.019816887080366226,0.018310546875,0.017375381485249235,0.017049153645833332,0.016891891891891893,0.01607717041800643,0.015545517437838278,0.012858072916666666,0.0128173828125,0.021565755208333332,0.017985026041666668,0.017822265625,0.015137334689725331,0.014200846354166666,0.011564459646551022,0.010498474059003051,0.008222412178939228,0.0078125,0.0084228515625,0.00809766022380468,0.007976234078053148,0.007897415021371871,0.006795247395833333,0.006022135416666667,0.00390625,0.006917599186164801,0.00687802694233039,0.0046795523906408955,0.004028484231943031,0.0032552083333333335,0.0028083028083028083,0.0022385022385022386,0.0017904374364191252,0.0016276041666666667,0.0013427734375,0.0010987669393236479,0.0010580288109383901,0.001017293997965412,0.0005696614583333334,0.00008138020833333333],"averageToxinCountInMales":[2.5458984375,2.5458984375,2.5408366533864544,2.4841802492809206,2.4493290143452104,2.433606953162723,2.3652416356877324,2.3828867761452033,2.4016681299385425,2.426470588235294,2.5032794053344993,2.5202132385606397,2.4953062136790343,2.5674955595026643,2.5821616871704745,2.5744489428699957,2.5892857142857144,2.5894495412844036,2.5801131008482563,2.42875157629256,2.459920634920635,2.351160862354892,2.2945977458219975,2.2397489539748956,2.248421052631579,2.1496203662349265,2.3125278644672314,2.2963483146067416,2.2935203094777563,2.3012406947890818,2.319416498993964,2.354887983706721,2.3692147685907434,2.3986380303823993,2.4260230849947533,2.272166903745851,2.2577962577962576,2.1830378533780546,2.0635504201680672,2.177837837837838,2.1288043478260867,1.9820051413881747,2.066027689030884,2.043263964950712,2.0922818791946307,2.205069124423963,2.241657077100115,2.296037296037296,2.3506336753168378,2.3605359317904995,2.491772151898734,2.3998890737659457,2.4265085095410006,2.351807228915663,2.304977945809704,2.3612303290414878,2.310192023633678,2.2747330960854093,2.3025270758122742,2.2216338880484114,2.298355520751762,2.2285012285012287,2.362456747404844,2.344887348353553,2.4169776119402986,2.414750957854406,2.44069431051109,2.1797651309846433,2.129979035639413,2.0602409638554215,2.1429801894918175,2.0832526621490803,2.018987341772152,2.2323135755258128,2.198142414860681,2.0672358591248665,2.1514818880351263,2.1839080459770117,2.210340775558167,2.1918951132300357,2.197969543147208,2.2019099590723057,2.3797634691195797,2.346774193548387,2.2393238434163703,2.20532319391635,2.102272727272727,2.143953934740883,1.9604743083003953,2.341485507246377,2.4017175572519083,2.3319959879638916,2.3326424870466322,2.34733257661748,2.356132075471698,2.339328537170264,2.3587223587223587,2.3786906290115533,2.3559077809798272,2.2394179894179893,2.241446725317693,2.287787182587666,2.2418604651162792,2.2256410256410257,2.1138461538461537,2.492997198879552,2.490284005979073,2.4913385826771655,2.500810372771475,2.5049019607843137,2.5258620689655173,2.5806988352745424,2.5905245346869714,2.546594982078853,2.6427015250544663,2.2885431400282887,2.1870794078061913,2.3134556574923546,2.264069264069264,2.2328358208955223,2.14878892733564,2.436482084690554,2.5268817204301075,2.5562130177514795,2.538302277432712,2.542016806722689,2.5206073752711498,2.5206073752711498,2.525164113785558,2.563380281690141,2.8451612903225807,2.413265306122449,2.1844660194174756,2.1733746130030958,2.058047493403694,2.0531914893617023,2.0319488817891376,2.1493506493506493,2.151624548736462,2.16600790513834,2.171673819742489,2.182648401826484,2.18348623853211,2.186046511627907,2.1970443349753697,2.193877551020408,2.3096774193548386,2.289308176100629,2.063380281690141,2.033195020746888,2.024489795918367,2.0095693779904304,2,2,2,2,2,2,2,2,2,2,2,2,2,2,2,2,2,2,2,2,2,2,2,2,2,2,2],