{"startTime":"2025-03-24T18:23:05.935Z","infectedMalesAtStart":1024,"infectedFemalesAtStart":1024,"toxinAntitoxinLength":3,"killRate":0.5,"rescueRate":0.375,"simulationLength":159,"infectionRatio":[0.157805517028818,0.157805517028818,0.15779230888992682,0.17897764413648842,0.1944467062942757,0.206298828125,0.1978759765625,0.18131510416666666,0.1845703125,0.182373046875,0.18294270833333334,0.1878662109375,0.18159993489583334,0.18717447916666666,0.189697265625,0.18693033854166666,0.19002278645833334,0.18998371335504885,0.1883621566632757,0.18208821614583334,0.18998209635416666,0.19478352864583334,0.17964680989583334,0.15894201424211596,0.15327962239583334,0.1513671875,0.15018717447916666,0.15283203125,0.14998372395833334,0.15238444010416666,0.15346111585886948,0.1513671875,0.15074681535143056,0.1489439628860945,0.14302571614583334,0.14937337239583334,0.15873209635416666,0.17020670572916666,0.14774576822916666,0.131881993896236,0.12202962239583333,0.118408203125,0.113525390625,0.11662258392675483,0.10640462239583333,0.1099853515625,0.11185709635416667,0.11181640625,0.11002604166666667,0.10999430292178726,0.11665852864583333,0.12394205729166667,0.13016764322916666,0.12744140625,0.12093098958333333,0.10404459635416667,0.08247884114583333,0.07512310259227607,0.07748341675823057,0.084716796875,0.075439453125,0.071533203125,0.06783040364583333,0.06987059493773908,0.06897253306205493,0.07467849584893374,0.07548014322916667,0.09366861979166667,0.1083984375,0.100830078125,0.09375,0.0784912109375,0.0650634765625,0.0609130859375,0.06136317395727365,0.069091796875,0.06498209635416667,0.06071210579857579,0.058390299479166664,0.052372426141450316,0.0527001180157083,0.051920572916666664,0.049737474052668,0.055216471354166664,0.07425944010416667,0.07002766927083333,0.06575520833333333,0.0606689453125,0.049560546875,0.048583984375,0.047566731770833336,0.057291666666666664,0.052001953125,0.046712239583333336,0.0413818359375,0.0379638671875,0.046105640107430616,0.048095703125,0.046305338541666664,0.04009443562502544,0.045654296875,0.045491536458333336,0.042683919270833336,0.040120442708333336,0.034586588541666664,0.03466796875,0.0352783203125,0.041910807291666664,0.04301469092092947,0.036214192708333336,0.0328369140625,0.02938184185895088,0.042321152437535606,0.04598168870803662,0.04603549332464995,0.043425176020511984,0.045939127604166664,0.0404052734375,0.045574771108850456,0.0428466796875,0.036865234375,0.0341796875,0.024983723958333332,0.025105794270833332,0.023396809895833332,0.019856770833333332,0.015096642929806715,0.011109302514853097,0.01908598868677003,0.0201855770796028,0.01904684384029954,0.01754743099096165,0.0169677734375,0.015299479166666666,0.0135498046875,0.01416015625,0.0115966796875,0.0108642578125,0.008544921875,0.005818684895833333,0.004801432291666667,0.004069010416666667,0.0026856561546286877,0.0025634765625,0.0025634765625,0.0027271247150765223,0.003418107833163784,0.003094336549814747,0.0028895852834642465,0.00341796875,0.0028483072916666665,0.0023600260416666665,0.00146484375,0.0014241536458333333,0.0013020833333333333,0.0012613932291666667,0.0001627670396744659,0.0001220703125,0.00008138020833333333],"averageToxinCountInMales":[2.46484375,2.46484375,2.4681274900398407,2.6346525096525095,2.6557925554161437,2.586828694629557,2.5976161117961363,2.705987488829312,2.5843293492695882,2.5522388059701493,2.5960413855150697,2.5843188786684186,2.5930814747382795,2.6058458813108945,2.644230769230769,2.6119469026548674,2.674750974447813,2.6743278404163053,2.678241758241758,2.8465368945224085,2.8413910093299406,2.617366015787287,2.566847335140018,2.5611510791366907,2.502939604489578,2.431414739107047,2.338403041825095,2.3401790416008423,2.306442880346508,2.327193932827736,2.322944653412144,2.302388707926167,2.274605764002175,2.2614451185879756,2.4099485420240137,2.8380801687763713,2.7652347652347653,2.6040816326530614,2.5570015616866217,2.549122807017544,2.547919293820933,2.5234014502307187,2.5305555555555554,2.4613297150610585,2.5122131754256105,2.1897546897546896,2.415014164305949,2.3541076487252126,2.3510791366906476,2.2945007235890014,2.2537931034482757,3.0652741514360313,2.9411400247831474,2.8725992317541613,2.788666666666667,2.91996891996892,3.043179587831207,3.0747065101387405,2.857442348008386,2.4952651515151514,2.425373134328358,2.2075688073394497,2.2737094837935174,2.1960556844547563,2.1967020023557127,2.4095860566448803,2.106312292358804,3.3506944444444446,3.4004441154700222,3.4142628205128207,3.3445887445887448,3.386243386243386,3.5172855313700384,3.669467787114846,3.446280991735537,3.052380952380952,2.9756410256410257,2.722598105548038,2.579608938547486,2.5007751937984497,2.4,2.3046875,1.7516129032258065,2.6199095022624435,3.0793650793650795,3.2903614457831325,3.1561290322580646,2.9595536959553694,2.7328881469115194,3.0750853242320817,2.6457242582897034,2.1956204379562045,2.1563517915309447,2.056363636363636,2.0020366598778003,2.0807174887892375,1.839928057553957,1.8213058419243986,1.6388384754990926,1.9956803455723542,2.810055865921788,2.806859205776173,3.117764471057884,3.1790123456790123,3.159144893111639,3.357476635514019,2.8258823529411763,2.5009861932938855,2.269449715370019,2.311926605504587,2.27455919395466,2.4127906976744184,1.9537223340040242,1.809090909090909,1.752212389380531,1.9888059701492538,2.5636363636363635,2.7104166666666667,3.3037735849056604,3.269461077844311,3.197752808988764,3.457627118644068,3.8225806451612905,3.33974358974359,3.1305841924398625,3.154471544715447,3.192513368983957,3.84,2.5707964601769913,2.377049180327869,2.4545454545454546,2.3721973094170403,2.3923444976076556,2.876923076923077,2.6342857142857143,2.907608695652174,2.9194630872483223,3.5314685314685317,3.5405405405405403,4.054054054054054,4.103448275862069,4.829787234042553,5.107142857142857,5.074074074074074,5.074074074074074,4.548387096774194,3.8205128205128207,3.972972972972973,3.727272727272727,5.069767441860465,4.947368421052632,4.787878787878788,4.25,4.421052631578948,4.529411764705882,4.4375,1,1,null],