{"startTime":"2025-03-24T20:33:55.229Z","infectedMalesAtStart":16,"infectedFemalesAtStart":32,"toxinAntitoxinLength":3,"killRate":0.04081100388175807,"rescueRate":0.9279420370361429,"simulationLength":95,"infectionRatio":[0.0041127581184131606,0.0041127581184131606,0.004149377593360996,0.007305656415416247,0.0077462491846053486,0.010904947916666666,0.009033203125,0.0084228515625,0.007853190104166666,0.006754557291666667,0.008585611979166666,0.008382161458333334,0.010538736979166666,0.009928385416666666,0.009969075520833334,0.009806315104166666,0.009724934895833334,0.009731270358306189,0.009766022380467955,0.0140380859375,0.012532552083333334,0.015421549479166666,0.013753255208333334,0.009847005208333334,0.008626302083333334,0.00728382502543235,0.004231943031536114,0.0037027994791666665,0.005086263020833333,0.005086263020833333,0.0048828125,0.0045166015625,0.00451696915439082,0.004720244150559512,0.0037434895833333335,0.008341471354166666,0.009684244791666666,0.0093994140625,0.0079345703125,0.007568359375,0.00732421875,0.006876627604166667,0.005859375,0.005615234375,0.003946940104166667,0.0032958984375,0.00244140625,0.0021160576218767803,0.002115971515768057,0.0021173500549696647,0.001708984375,0.0059814453125,0.0101318359375,0.0079345703125,0.0067138671875,0.006591796875,0.005330403645833333,0.00439453125,0.004191080729166667,0.00390625,0.003173828125,0.0023193359375,0.001953125,0.0016682942708333333,0.00146484375,0.0014652611013879278,0.0010986328125,0.0026448567708333335,0.007120768229166667,0.005818684895833333,0.005452473958333333,0.007405598958333333,0.007364908854166667,0.007283528645833333,0.00496459672824937,0.004191080729166667,0.0031331380208333335,0.0023600260416666665,0.0021162298551196486,0.001708984375,0.0015055338541666667,0.0014659174199853407,0.0013834635416666667,0.0011393229166666667,0.0035807291666666665,0.003540183112919634,0.0038248697916666665,0.0054931640625,0.004435221354166667,0.0039472613331163016,0.0013427734375,0.0009358723958333334,0.0003662109375,0.00016276041666666666,0.00008138020833333333],"averageToxinCountInMales":[3.125,3.125,3.125,3.0675675675675675,2.6555555555555554,3.417910447761194,3.4070796460176993,3.5283018867924527,3.613861386138614,3.5714285714285716,3.4895833333333335,3.532608695652174,3.4956521739130433,3.532710280373832,3.5779816513761467,3.532710280373832,3.532710280373832,3.532710280373832,3.5428571428571427,3.3013698630136985,2.9133858267716537,3.2,3.2465753424657535,3.080357142857143,3.107843137254902,3.127906976744186,2.843137254901961,2.7857142857142856,3.6206896551724137,3.5483870967741935,3.6,3.6964285714285716,3.6964285714285716,3.7758620689655173,3.4318181818181817,2.6732673267326734,2.5121951219512195,2.520661157024793,2.411764705882353,2.3979591836734695,2.404255319148936,2.411111111111111,2.282051282051282,2.2739726027397262,2.0980392156862746,2.097560975609756,2,2,2,2,2,2.0422535211267605,2.0232558139534884,2.04,2,2,2,2,2,2,2,2,2,2,2,2,2,2,2,2,2,2,2,2,2,2,2,2,2,2,2,2,2,2,2,2,2,2,2,2,2,2,2,2,2],"averageAntitoxinCountInFemales":[2.3125,2.3125,2.3125,2.4086021505376345,2.25,3.0074626865671643,3.238532110091743,3.287128712871287,3.4239130434782608,3.3658536585365852,3.1565217391304348,3.1666666666666665,3.3680555555555554,3.4306569343065694,3.463235294117647,3.455223880597015,3.4242424242424243,3.4242424242424243,3.437037037037037,3.4170854271356785,3.154696132596685,3.2429906542056073,3.3385416666666665,3.1307692307692307,3.1636363636363636,3.3548387096774195,2.943396226415094,2.938775510204082,3.746268656716418,3.7936507936507935,3.8833333333333333,4.054545454545455,4.054545454545455,4.206896551724138,3.9791666666666665,3.105769230769231,2.982608695652174,2.890909090909091,2.849462365591398,2.8181818181818183,2.7790697674418605,2.721518987341772,2.4696969696969697,2.476923076923077,2.4565217391304346,2.4,2.3666666666666667,2.3846153846153846,2.3846153846153846,2.3846153846153846,2.1818181818181817,2.0526315789473686,2.033333333333333,2.042105263157895,2,2,2,2,2,2,2,2,2,2,2,2,2,2,2.0113636363636362,2,2,2,2,2,2,2,2,2,2,2,2,2,2,2,2,2,2,2,2,2,2,2,2,2,2],"reproductiveSuccessOverTime":[0,0,0,0.007568135089024017,0.00040769732550554466,0,0,0,0,0,0,0,0,0,0,0.000040690104166666664,0,0,0.00004069175991861648,0,0,0,0,0.000040690104166666664,0,0.00004069175991861648,0,0,0,0,0,0,0,0,0,0,0,0,0,0,0,0,0,0,0,0,0,0,0.00004069175991861648,0.00004071827028787817,0,0,0,0,0,0,0,0,0,0,0,0,0,0,0.000040690104166666664,0,0,0,0,0,0,0,0,0,0,0,0,0,0.00016278691193228064,0,0,0.00004071992833292614,0,0,0,0,0,0.000040690104166666664,0,0,0,0,0,0,0.000040690104166666664]}