{"startTime":"2025-03-24T20:33:55.228Z","infectedMalesAtStart":16,"infectedFemalesAtStart":32,"toxinAntitoxinLength":3,"killRate":0.08534495669114994,"rescueRate":0.9115629132559072,"simulationLength":67,"infectionRatio":[0.0038744047138590683,0.0038744047138590683,0.0038314176245210726,0.003383793410507569,0.005818684895833333,0.007731119791666667,0.0059814453125,0.0067138671875,0.0068359375,0.007364908854166667,0.006306966145833333,0.005940755208333333,0.005452473958333333,0.005289713541666667,0.004964192708333333,0.004475911458333333,0.004353841145833333,0.004356145421976143,0.004231943031536114,0.0033772786458333335,0.0013834635416666667,0.0005289713541666666,0.000244140625,0.00020345052083333334,0.000732421875,0.0006917317708333334,0.0006917317708333334,0.0006917317708333334,0.0006918443757121927,0.0006917317708333334,0.0006917317708333334,0.0006917317708333334,0.0006917317708333334,0.0006917599186164802,0.0006917599186164802,0.0008138020833333334,0.0005696614583333334,0.000244140625,0.000244140625,0.00020363280931823735,0.0001220703125,0.0001220703125,0.0001220703125,0.00008138020833333333,0.00008138351983723296,0.00008138020833333333,0.00008138351983723296,0.00008138020833333333,0.00008138020833333333,0.00008138020833333333,0.0011800130208333333,0.00048828125,0.00048828125,0.00048828125,0.00048828125,0.0004883607357968419,0.0004883408619216213,0.00048828125,0.00048828125,0.0004069010416666667,0.0004069838427414432,0.0003662109375,0.0003662109375,0.0003662109375,0.0003662109375,0.00028484231943031536,0.0011804933648131564],"averageToxinCountInMales":[2.5,2.5,2.5,2.586206896551724,3.0140845070422535,1.907216494845361,1.7808219178082192,1.6746987951807228,1.5176470588235293,1.631578947368421,1.379746835443038,1.2533333333333334,1.295774647887324,1.2608695652173914,1.1846153846153846,1.05,1.0172413793103448,1.0172413793103448,1.0357142857142858,0.9130434782608695,0.9444444444444444,1.5555555555555556,1.3333333333333333,1.3333333333333333,1.1111111111111112,1,1,1,1,1,1,1,1,1,1,1,1,1,1,1,1,1,1,1,1,1,1,1,1,1,1,1,1,1,1,1,1,1,1,1,1,1,1,1,1,1,1],"averageAntitoxinCountInFemales":[2.28125,2.28125,2.2903225806451615,2.574468085106383,3.0277777777777777,1.881720430107527,1.5945945945945945,1.6097560975609757,1.5421686746987953,1.5116279069767442,1.4605263157894737,1.5211267605633803,1.4603174603174602,1.4262295081967213,1.2280701754385965,1.24,1.163265306122449,1.163265306122449,1.1041666666666667,0.5945945945945946,0.5625,1.25,1.3333333333333333,1,1,1,1,1,1,1,1,1,1,1,1,1,1,1,1,1,1,1,1,1,1,1,1,1,1,1,1,1,1,1,1,1,1,1,1,1,1,1,1,1,1,1,1],"reproductiveSuccessOverTime":[0,0,0,0.006163337997710214,0,0,0,0,0,0,0,0,0,0,0.000040690104166666664,0,0,0,0,0,0,0,0,0,0,0,0,0,0.00004069672798307016,0.000040690104166666664,0,0,0,0.00004069175991861648,0,0,0,0,0,0.00004072656186364747,0,0,0,0,0,0,0,0,0,0,0,0,0,0,0,0.00008139345596614032,0,0,0,0,0.00008139676854828863,0,0,0,0,0,0.00008141333550435561]}