{"startTime":"2025-03-24T20:43:41.882Z","infectedMalesAtStart":1024,"infectedFemalesAtStart":1024,"toxinAntitoxinLength":3,"killRate":0.057648241313183246,"rescueRate":0.3509822309631796,"simulationLength":200,"infectionRatio":[0.08333333333333333,0.08333333333333333,0.08331621543897129,0.0877685546875,0.0897216796875,0.10371907552083333,0.0872802734375,0.08390299479166667,0.07963053385416667,0.07979329427083333,0.07722981770833333,0.0704345703125,0.06905110677083333,0.07352701822916667,0.0772705078125,0.0762939453125,0.07682291666666667,0.07680722891566265,0.07825343859363555,0.07609049479166667,0.089599609375,0.08199055989583333,0.07645670572916667,0.07731119791666667,0.07340494791666667,0.0804443359375,0.07938639322916667,0.07491048177083333,0.06966145833333333,0.064208984375,0.06648763020833333,0.06388346354166667,0.072265625,0.07183264824386472,0.08072916666666667,0.07466634114583333,0.07320149739583333,0.06306966145833333,0.05542894351294156,0.054117838541666664,0.05419921875,0.055419921875,0.05473264425815903,0.052775065104166664,0.048299153645833336,0.0404052734375,0.046793619791666664,0.045572916666666664,0.054728190104166664,0.05425094623743437,0.06977122852723276,0.06819661458333333,0.07230631510416667,0.057413736979166664,0.04809766022380468,0.0406494140625,0.045572916666666664,0.0450439453125,0.043906408952187184,0.042399088541666664,0.038818359375,0.0341796875,0.04345703125,0.040974934895833336,0.04541015625,0.044400130229529544,0.051078551078551075,0.05001424327513938,0.058390299479166664,0.044148763020833336,0.035115559895833336,0.02880859375,0.025797526041666668,0.02449643947100712,0.021688708036622584,0.019612630208333332,0.018351236979166668,0.017374674479166668,0.016684300480182306,0.0159912109375,0.0152587890625,0.014935091360436251,0.022716170004885197,0.018925518925518924,0.039754231770833336,0.033935546875,0.029541015625,0.025390625,0.020467122395833332,0.0181884765625,0.017008463541666668,0.016072591145833332,0.015871078012452692,0.015055951169888098,0.014567057291666666,0.014119466145833334,0.013997395833333334,0.013550356052899289,0.016240638228590037,0.012044270833333334,0.023844401041666668,0.018107096354166668,0.018107096354166668,0.015625,0.013346354166666666,0.010457356770833334,0.009928789420142421,0.009847806624888093,0.009400944164089207,0.009359485635224221,0.009037248117239976,0.008504231770833334,0.008423537071701799,0.008342150240091153,0.007815362071070949,0.00634765625,0.0181884765625,0.013468424479166666,0.013956705729166666,0.0125732421875,0.009724934895833334,0.009602864583333334,0.009602864583333334,0.009562952714250833,0.00956801433166402,0.009571521668295863,0.009576592363176983,0.009563731076021488,0.009571521668295863,0.009564509564509565,0.00957113183725003,0.008056640625,0.027628580729166668,0.018839518229166668,0.017781575520833332,0.017051235095429943,0.013264973958333334,0.0126953125,0.012654622395833334,0.012616499124984738,0.01261803972647346,0.012624720016289961,0.01197409685170855,0.011972633979475485,0.0119721464348251,0.011965324976598428,0.01188634698363592,0.009643947100712105,0.033894856770833336,0.020670572916666668,0.016927083333333332,0.014856119500183158,0.010782877604166666,0.0098876953125,0.009806315104166666,0.009806714140386572,0.00981070628943619,0.009813902349635542,0.00981790035442213,0.009821901617964706,0.009825906144249195,0.009817100492891768,0.009809109039846962,0.007937154021491371,0.034586588541666664,0.024169921875,0.016398111979166668,0.012125651041666666,0.008504231770833334,0.007080078125,0.007039388020833333,0.0070405339410711375,0.007043113626185727,0.007044547601596222,0.007047991526114235,0.007051151416343999,0.0070537388893419225,0.007058343533251734,0.007054026503567788,0.003825803825803826,0.015380859375,0.014404296875,0.009073893229166666,0.005005086469989827,0.0031331380208333335,0.0020751953125,0.0019124348958333333,0.0018310546875,0.0018315018315018315,0.001832172957127153,0.0018326206475259622,0.0018337408312958435,0.0018343388227621067,0.0018353113911660345,0.001793064102041648,0.0010588474852372225,0.0026041666666666665,0.0005289713541666666,0.0002848307291666667,0.0001220703125],"averageToxinCountInMales":[2.5263671875,2.5263671875,2.5312810327706057,2.599815157116451,2.6415607985480944,2.6,2.7255434782608696,2.623809523809524,2.745967741935484,2.955,2.967380224260958,2.957471264367816,2.9653937947494033,3.0110987791342954,2.941997851772288,2.8619565217391303,2.822006472491909,2.822006472491909,2.8460710441334767,2.602577873254565,2.74792243767313,2.8126272912423627,2.688841201716738,2.5096153846153846,2.3704954954954953,2.5548654244306417,2.5698035160289554,2.611410118406889,2.5511627906976746,2.5835443037974684,2.6606280193236715,2.6759493670886076,2.5418552036199094,2.545766590389016,2.5540950455005054,2.7582781456953644,3.1803097345132745,3.119078104993598,3.1991150442477876,3.132330827067669,2.9939024390243905,2.9863842662632374,2.876923076923077,3.0233644859813085,3.0222602739726026,2.8977505112474438,2.823843416370107,2.9361313868613137,2.7710843373493974,2.76,2.6587677725118484,2.8611449451887943,3.2646720368239355,3.15,3.2720848056537104,3.266112266112266,2.8318264014466545,2.9612546125461257,2.926553672316384,2.9940944881889764,3.0797413793103448,3.075980392156863,2.9700374531835205,3,2.8380281690140845,2.8633879781420766,2.8256735340729002,2.7295081967213113,3.765277777777778,3.790960451977401,3.7634146341463413,3.91812865497076,3.829032258064516,3.7898305084745765,4.089147286821706,4.244635193133047,4.350467289719626,4.49,4.544502617801047,4.619565217391305,4.773255813953488,4.825301204819277,4.16600790513834,3.9390862944162435,5.079470198675497,4.96401028277635,5.050746268656717,5.171929824561404,5.468619246861925,5.5610859728506785,5.673076923076923,5.673366834170854,5.712820512820513,5.756756756756757,5.75,5.76,5.76,5.785714285714286,5.197115384615385,4.921259842519685,5.557142857142857,5.4772727272727275,5.555555555555555,5.627027027027027,5.574193548387097,5.512820512820513,5.477064220183486,5.472222222222222,5.592233009708738,5.588235294117647,5.6020408163265305,5.833333333333333,5.863636363636363,5.863636363636363,5.63855421686747,5.473684210526316,5.925742574257426,5.901315789473684,5.9411764705882355,6,6,6,6,6,6,6,6,6,6,6,6,6,6.002857142857143,6.0042194092827,6.004405286343612,6,6,6,6,6,6,6,6,6,6,6,6,6,6,6,6,6,6,6,6,6,6,6,6,6,6,6,6,6,6,6,6,6,6,6,6,6,6,6,6,6,6,6,6,6,6.005347593582887,6.005524861878453,6.008849557522124,6.016666666666667,6.029411764705882,6,6,6,6,6,6,6,6,6,6,6,6,6,6,6],