{"startTime":"2025-03-24T20:33:55.228Z","infectedMalesAtStart":16,"infectedFemalesAtStart":32,"toxinAntitoxinLength":3,"killRate":0.5852442116142499,"rescueRate":0.4408720361461895,"simulationLength":36,"infectionRatio":[0.003822264691829909,0.003822264691829909,0.003858210754762479,0.00180632654859459,0.0010182055146010672,0.00146484375,0.000732421875,0.0015462239583333333,0.001220703125,0.0008138020833333334,0.0005696614583333334,0.0005696614583333334,0.0005696614583333334,0.0005289713541666666,0.0005289713541666666,0.0005289713541666666,0.0005289713541666666,0.0004883607357968419,0.0008544921875,0.000732421875,0.0003255208333333333,0.0003255208333333333,0.0003255208333333333,0.0002848307291666667,0.0002848307291666667,0.0002848307291666667,0.0001220703125,0.0001220703125,0.0001220703125,0.0001220703125,0.0001220703125,0.0001220703125,0.0001220703125,0.00012208521548040532,0.00008138020833333333,0.0010172526041666667],"averageToxinCountInMales":[2.625,2.625,2.625,2.533333333333333,2.7777777777777777,2.3529411764705883,2.7142857142857144,3.2,3.0625,3.4444444444444446,3.8,3.8,3.8,3.8,3.8,3.8,3.8,4.25,3.8181818181818183,3.7,4.2,4.2,4.2,4.2,4.2,4.2,4,4,4,4,4,4,4,4,5,5],"averageAntitoxinCountInFemales":[2.46875,2.46875,2.46875,2.5384615384615383,2.4375,2.210526315789474,2.3636363636363638,2.9444444444444446,2.9285714285714284,3.3636363636363638,3.2222222222222223,3.2222222222222223,3.2222222222222223,3.125,3.125,3.125,3.125,3.125,3.2,3.125,4.333333333333333,4.333333333333333,4.333333333333333,5,5,5,5,5,5,5,5,5,5,5,5,5],"reproductiveSuccessOverTime":[0,0,0,0.0066981987085079865,0.00032582576467234147,0,0,0,0,0,0,0,0,0,0,0,0,0,0,0,0,0,0,0,0,0,0,0,0,0,0,0,0.00008138020833333333,0.00012208521548040532,0,0]}