{"startTime":"2025-03-24T20:43:41.881Z","infectedMalesAtStart":1024,"infectedFemalesAtStart":1024,"toxinAntitoxinLength":3,"killRate":0.9910283024073979,"rescueRate":0.3509822309631796,"simulationLength":148,"infectionRatio":[0.08333333333333333,0.08333333333333333,0.08301142434453851,0.0882568359375,0.08162434895833333,0.06669108072916667,0.07686360677083333,0.0806884765625,0.08243815104166667,0.07967122395833333,0.0787353515625,0.08333333333333333,0.07889811197916667,0.077880859375,0.080078125,0.07767740885416667,0.07779947916666667,0.07769678706682412,0.07956210320690217,0.07381184895833333,0.06815592447916667,0.05493611133718564,0.0526123046875,0.060872395833333336,0.0587158203125,0.055704752604166664,0.057902018229166664,0.06104012370798405,0.05517578125,0.050740559895833336,0.0501708984375,0.047648111979166664,0.04614633352323594,0.045269500081419965,0.0521240234375,0.047444661458333336,0.045166015625,0.034710071210579854,0.030517578125,0.037150065104166664,0.037436419125127164,0.033406575520833336,0.031656901041666664,0.03393968990355268,0.029378255208333332,0.026774088541666668,0.026133680696898153,0.024332682291666668,0.023519837232960326,0.022588522588522588,0.033406575520833336,0.032307942708333336,0.032999674479166664,0.028523763020833332,0.025960286458333332,0.02783203125,0.030152594099694813,0.02820053715308863,0.0269775390625,0.024658203125,0.023518880208333332,0.021443684895833332,0.01977780490782566,0.0179443359375,0.017333984375,0.01595376663546457,0.032145182291666664,0.02685546875,0.0325927734375,0.027791341145833332,0.024617513020833332,0.021484375,0.028523763020833332,0.026814778645833332,0.024251302083333332,0.022221317813682796,0.018717447916666668,0.015950520833333332,0.015506715506715507,0.013753255208333334,0.013713123092573753,0.012859119394481974,0.02001953125,0.014689127604166666,0.030029296875,0.0286865234375,0.025187174479166668,0.021931966145833332,0.02189305770326361,0.021769205729166668,0.021199544270833332,0.01977619532044761,0.018229166666666668,0.016398111979166668,0.015178026449643948,0.013713123092573753,0.013470068774671388,0.013429920234413154,0.012858072916666666,0.009236653645833334,0.026814778645833332,0.033406575520833336,0.026570638020833332,0.023844401041666668,0.023967446592065105,0.023111979166666668,0.0219735503560529,0.018798828125,0.0166015625,0.015706380208333332,0.015299479166666666,0.014322916666666666,0.014200846354166666,0.014083360468902637,0.013468424479166666,0.009074631724586961,0.016357421875,0.028564453125,0.023844401041666668,0.020182291666666668,0.019412339247924466,0.018513997395833332,0.0166015625,0.015869140625,0.013631184895833334,0.011068158697863683,0.0101318359375,0.0096435546875,0.009522259298445511,0.009443178117876913,0.008504231770833334,0.005818921668362157,0.0042322874699873845,0.006917317708333333,0.004231770833333333,0.003947582614357806,0.00390672689537297,0.0037027994791666665,0.0034993489583333335,0.003173828125,0.0037841796875,0.0018717447916666667,0.0017496744791666667,0.0013834635416666667,0.0013834635416666667,0.000813868316106454,0.0008138351983723296,0.00008138020833333333],"averageToxinCountInMales":[2.537109375,2.537109375,2.5244755244755246,2.4600550964187327,2.611111111111111,2.4655380894800483,2.558700209643606,2.615539858728557,2.646942800788955,2.681204569055036,2.7767393561786085,2.7016683022571146,2.740165631469979,2.740354535974974,2.749216300940439,2.7375271149674623,2.7621621621621624,2.764386536373507,2.720464135021097,2.8719101123595507,2.9180722891566266,2.8840361445783134,2.654320987654321,2.8135818908122503,2.883720930232558,2.811614730878187,2.8207547169811322,2.820838627700127,2.870422535211268,2.9262672811059907,2.8738170347003154,2.928452579034942,2.972413793103448,2.984126984126984,2.7333333333333334,3.359861591695502,3.0608856088560885,3.088235294117647,3.0484330484330484,3.1605504587155964,3.1319444444444446,3.1243523316062176,3.136871508379888,2.9451697127937337,2.933534743202417,2.927392739273927,2.9366666666666665,2.942652329749104,2.896678966789668,2.9800796812749004,1.4818652849740932,1.8488063660477454,1.8682170542635659,1.9424242424242424,1.9271523178807948,1.6579710144927535,1.696969696969697,1.5663716814159292,1.4018691588785046,1.4673539518900343,1.4852941176470589,1.493877551020408,1.5695067264573992,1.6519607843137254,1.5808080808080809,1.8092485549132948,0.7596899224806202,0.6277602523659306,1.4545454545454546,1.494047619047619,1.580327868852459,1.7386363636363635,1.5,1.4572271386430677,1.5819397993311037,1.6159420289855073,1.6752136752136753,1.8731707317073172,1.8838383838383839,2.0344827586206895,2.046242774566474,2.170886075949367,1.3307392996108949,1.0982658959537572,2.335958005249344,2.358695652173913,2.3074534161490683,2.485611510791367,2.5168539325842696,2.5283018867924527,2.5294117647058822,2.4896265560165975,2.5391705069124426,2.673575129533679,2.6353591160220993,2.9235668789808917,2.8758169934640523,2.8758169934640523,2.838926174496644,3.03,3.1265060240963853,2.55125284738041,2.782857142857143,2.864353312302839,2.652037617554859,2.633986928104575,2.3993288590604025,2.4817813765182186,2.4220183486238533,2.367149758454106,2.345,2.3138297872340425,2.28494623655914,2.255434782608696,2.17816091954023,1.8214285714285714,2.392670157068063,1.9881656804733727,1.8953068592057762,1.8869565217391304,1.7962962962962963,1.7729468599033817,1.6526315789473685,1.5966850828729282,1.6233766233766234,1.504201680672269,1.424778761061947,1.3047619047619048,1.3076923076923077,1.3137254901960784,1.1777777777777778,1.2622950819672132,1.3076923076923077,1.1411764705882352,1.1568627450980393,1,1,1,1,1,1,1,1,1,1,1,1,1],