{"startTime":"2025-03-24T20:43:41.882Z","infectedMalesAtStart":1024,"infectedFemalesAtStart":1024,"toxinAntitoxinLength":3,"killRate":0.057648241313183246,"rescueRate":0.43977620874286294,"simulationLength":117,"infectionRatio":[0.08333333333333333,0.08333333333333333,0.08341543513957307,0.09647623697916667,0.09700520833333333,0.0950927734375,0.0928955078125,0.09138997395833333,0.08349609375,0.07755533854166667,0.0718994140625,0.07076009114583333,0.06884765625,0.0697021484375,0.066162109375,0.06575520833333333,0.06441243489583333,0.06439270595897102,0.0657958984375,0.06925455729166667,0.07979329427083333,0.07845052083333333,0.06917317708333333,0.07059733072916667,0.07381184895833333,0.06302897135416667,0.061767578125,0.058634440104166664,0.05652085452695829,0.05546512574265484,0.053995768229166664,0.051066080729166664,0.048665364583333336,0.04770433083686096,0.044514973958333336,0.0599365234375,0.075439453125,0.07523600260416667,0.06791178385416667,0.059733072916666664,0.055745442708333336,0.050862630208333336,0.043375651041666664,0.04150728412142915,0.038330078125,0.036580403645833336,0.033650716145833336,0.032145182291666664,0.0323486328125,0.031412760416666664,0.032307942708333336,0.048868815104166664,0.06294759114583333,0.056966145833333336,0.048543294270833336,0.038614908854166664,0.0362548828125,0.03271617497456765,0.030843098958333332,0.0279541015625,0.027058919270833332,0.028238932291666668,0.025838216145833332,0.023152669270833332,0.025676500508646997,0.02413021363173957,0.033162434895833336,0.045613606770833336,0.0509033203125,0.048258463541666664,0.040486653645833336,0.033284505208333336,0.028401692708333332,0.02274669379450661,0.020589192708333332,0.015300101729399796,0.012898763020833334,0.0135498046875,0.0118408203125,0.010660807291666666,0.010459059091649032,0.013064181352000326,0.012941559498616311,0.014363606770833334,0.011474609375,0.0089111328125,0.006388346354166667,0.006388346354166667,0.0057373046875,0.0047607421875,0.003987630208333333,0.0037031008382843655,0.0036627055184763144,0.0018717447916666667,0.0016682942708333333,0.0013020833333333333,0.001261598567475175,0.0037029501525940997,0.0032562683165092803,0.001708984375,0.0013427734375,0.0011393229166666667,0.0007731119791666666,0.0004475911458333333,0.0004475911458333333,0.000244140625,0.000244140625,0.00020348363991535081,0.00020345052083333334,0.00020345052083333334,0.00020345052083333334,0.00020345052083333334,0.00020345052083333334,0.00020345052083333334,0.0008551184949914489,0.0008138020833333334,0.000040690104166666664],"averageToxinCountInMales":[2.4794921875,2.4794921875,2.4811507936507935,2.338051623646961,2.383980181668043,2.2782018659881254,2.3531468531468533,2.443562610229277,2.436606291706387,2.3868986693961105,2.4087837837837838,2.4062140391254316,2.4602609727164886,2.52046783625731,2.5767790262172285,2.5216836734693877,2.5280312907431552,2.528720626631854,2.535211267605634,2.5649038461538463,2.1642561983471076,2.1708595387840672,2.2799043062200957,2.426056338028169,2.3082039911308203,2.3027166882276844,2.557894736842105,2.4146005509641872,2.413940256045519,2.4364963503649637,2.3504398826979473,2.3405909797822706,2.3109656301145662,2.300500834724541,2.352087114337568,2.2741046831955924,1.8659574468085107,1.7736842105263158,1.7776484284051222,1.704,1.804005722460658,1.797147385103011,1.77882797731569,1.764,1.7223427331887202,1.834841628959276,1.8866995073891626,1.890625,2.0432569974554706,2.00531914893617,1.8071625344352618,1.5825932504440496,1.3847203274215552,1.264487369985141,1.2334494773519165,1.0723684210526316,1.0604651162790697,1.0458015267175573,1.0481283422459893,1.0833333333333333,1.0804953560371517,1.4444444444444444,1.4825396825396826,1.5018450184501846,1.974025974025974,1.8456140350877193,2.2777777777777777,2.0703971119133575,1.6507692307692308,1.5758564437194127,1.6,1.599056603773585,1.5702479338842976,1.5694444444444444,1.5265151515151516,1.74,1.8187134502923976,2.016949152542373,2.0784313725490198,2.110294117647059,2.112781954887218,2.729559748427673,3.052980132450331,2.963636363636364,3.3484848484848486,3.1359223300970873,3.0416666666666665,2.4096385542168677,2.1733333333333333,2.230769230769231,2.1724137931034484,2.142857142857143,2.142857142857143,3.3703703703703702,3.3333333333333335,3.888888888888889,3.823529411764706,4.45945945945946,4.625,4.466666666666667,4.636363636363637,4.555555555555555,5,5,5,5,5,5,5,5,5,5,5,5,5,5,null],"averageAntitoxinCountInFemales":[2.396484375,2.396484375,2.396484375,2.270940170940171,2.3282182438192667,2.2823834196891193,2.321334503950834,2.4235611510791366,2.4386839481555334,2.4434876210979546,2.507394766780432,2.4770114942528734,2.477031802120141,2.5641025641025643,2.5733333333333333,2.5048076923076925,2.5232843137254903,2.5232843137254903,2.576555023923445,2.5839080459770116,2.205438066465257,2.2104722792607805,2.3136574074074074,2.3680634201585504,2.3048245614035086,2.3002577319587627,2.532981530343008,2.4111888111888113,2.4183673469387754,2.4601769911504423,2.4449612403100773,2.433006535947712,2.405128205128205,2.3891797556719023,2.4567219152854514,2.2623828647925035,1.8654266958424508,1.7664071190211346,1.7987654320987654,1.7353760445682451,1.7257824143070044,1.741518578352181,1.722532588454376,1.7788461538461537,1.7567567567567568,1.8336980306345734,1.8669833729216152,1.8522167487684729,1.9676616915422886,1.9595959595959596,1.7795823665893271,1.59717868338558,1.3906633906633907,1.3053645116918844,1.2439418416801293,1.0912778904665315,1.0911062906724511,1.0559610705596107,1.0729166666666667,1.0940170940170941,1.0994152046783625,1.4573863636363635,1.490625,1.5604026845637584,1.8637770897832817,1.75,2.01909307875895,1.9171075837742504,1.637271214642263,1.5165794066317626,1.4833333333333334,1.50253807106599,1.5343283582089553,1.5313653136531364,1.5165289256198347,1.75,1.9589041095890412,2.3076923076923075,2.4130434782608696,2.492063492063492,2.4838709677419355,3.111111111111111,3.251497005988024,3.0638297872340425,3.42,3.1982758620689653,3.2,2.891891891891892,2.6363636363636362,2.8461538461538463,2.4,2.6,2.6470588235294117,3.9473684210526314,3.823529411764706,4.142857142857143,4.142857142857143,4.777777777777778,4.833333333333333,4.851851851851852,5,5,5,5,5,5,5,5,5,5,5,5,5,5,5,5,5],"reproductiveSuccessOverTime":[0,0,0,0,0,0,0,0,0,0,0,0,0,0,0,0,0,0,0,0,0,0,0,0,0,0,0,0,0,0,0,0,0,0.00008140670791273201,0,0,0,0,0,0,0,0,0,0,0,0,0,0.000040690104166666664,0.00016276041666666666,0.000040690104166666664,0,0,0,0,0,0,0,0,0.000040690104166666664,0.000040690104166666664,0,0,0,0.000040690104166666664,0.00004069175991861648,0,0.00008138020833333333,0,0,0,0,0,0,0,0,0,0,0,0,0,0.00004069672798307016,0,0.00004069672798307016,0,0,0,0,0,0,0,0.000040690104166666664,0,0,0,0,0,0,0,0,0,0,0,0,0,0,0,0,0.00004069672798307016,0,0,0,0,0,0,0.00008143985666585227,0,0]}