{"startTime":"2025-03-24T20:43:41.882Z","infectedMalesAtStart":1024,"infectedFemalesAtStart":1024,"toxinAntitoxinLength":3,"killRate":0.2588474289675051,"rescueRate":0.6532275710262173,"simulationLength":271,"infectionRatio":[0.08333333333333333,0.08333333333333333,0.08347718865598028,0.0833740234375,0.07796223958333333,0.08430989583333333,0.0828857421875,0.0809326171875,0.08662923177083333,0.08443196614583333,0.07918294270833333,0.07454427083333333,0.072265625,0.07303873697916667,0.07539876302083333,0.07316080729166667,0.07527669270833333,0.07526356494484471,0.07300695885728238,0.07206217447916667,0.06917317708333333,0.10135904947916667,0.10099283854166667,0.08500162760416667,0.09000651041666667,0.08671061197916667,0.08329264322916667,0.08109537760416667,0.07893880208333333,0.07600911458333333,0.082275390625,0.08353678385416667,0.08223470052083333,0.08323497089828646,0.08064778645833333,0.07889811197916667,0.08101399739583333,0.11600748697916667,0.11018880208333333,0.10062662760416667,0.0965576171875,0.101806640625,0.09281412760416667,0.0880126953125,0.09086100260416667,0.08683974932855863,0.09102376302083333,0.08821614583333333,0.08793131510416667,0.08484231943031537,0.08549338758901323,0.07674153645833333,0.06290690104166667,0.09525553385416667,0.0999755859375,0.0941162109375,0.08443196614583333,0.08821614583333333,0.0836181640625,0.09220752797558494,0.09708658854166667,0.09316239316239316,0.09521871820956257,0.08895218718209563,0.08548990885416667,0.08040691759918617,0.08003743489583333,0.0792236328125,0.0657958984375,0.09810384114583333,0.0955810546875,0.0919189453125,0.08516438802083333,0.07825980791144392,0.07247497354927973,0.07307942708333333,0.07869466145833333,0.07722981770833333,0.078369140625,0.0780938428356326,0.0758056640625,0.0730824008138352,0.07861648016276704,0.09077962239583333,0.0767822265625,0.10970052083333333,0.11173502604166667,0.11177571614583333,0.10453287760416667,0.0931396484375,0.076171875,0.06612141927083333,0.06917599186164802,0.06678061286778171,0.06693522135416667,0.06614833509728893,0.06693522135416667,0.0650634765625,0.06913248697916667,0.06632756866734486,0.051676432291666664,0.09285481770833333,0.09883626302083333,0.09676106770833333,0.08931477864583333,0.08081383519837233,0.07486979166666667,0.06693522135416667,0.06888834635416667,0.0674262461851475,0.0671820956256358,0.0594482421875,0.054850260416666664,0.050333658854166664,0.04680123718053068,0.04345703125,0.030843098958333332,0.07417805989583333,0.08199055989583333,0.09175618489583333,0.08638509114583333,0.08285516623936841,0.0816650390625,0.07666327568667344,0.07600911458333333,0.07537034022464593,0.07098087098087098,0.060465494791666664,0.054239908854166664,0.051106770833333336,0.046101888020833336,0.04264496439471007,0.02978515625,0.09952799479166667,0.12158203125,0.12190755208333333,0.11434384537131231,0.10832146490335708,0.09993489583333333,0.09366861979166667,0.09122721354166667,0.090542850166843,0.09415690104166667,0.08687337239583333,0.08162434895833333,0.072021484375,0.06302897135416667,0.0567626953125,0.0406494140625,0.113037109375,0.12858072916666666,0.13623046875,0.1324462890625,0.13310816309921056,0.11751780264496439,0.10664876302083333,0.10400390625,0.10250671441360788,0.10516236808866072,0.09383138020833333,0.08589680989583333,0.07682291666666667,0.068115234375,0.052490234375,0.039998372395833336,0.0853271484375,0.09140485104997559,0.0947265625,0.09684244791666667,0.09673612241575777,0.09391276041666667,0.08455403645833333,0.08060709635416667,0.07883277033901755,0.08130213631739573,0.07527669270833333,0.06998697916666667,0.0634765625,0.0552978515625,0.0438232421875,0.03341337348907249,0.0443115234375,0.046843840299540106,0.049560546875,0.0498046875,0.06005859375,0.06103515625,0.051676432291666664,0.048502604166666664,0.04924504497171462,0.048746744791666664,0.043863932291666664,0.039347330729166664,0.033528645833333336,0.0299072265625,0.024454752604166668,0.019250335761670262,0.023722330729166668,0.0352783203125,0.039754231770833336,0.039632161458333336,0.058067141403865714,0.053181966145833336,0.04635168681072722,0.041463216145833336,0.03972485652651716,0.039585796404256184,0.034505208333333336,0.028889973958333332,0.024007161458333332,0.02030601448685603,0.016846388606307224,0.012981199641897942,0.0108642578125,0.01265668240273482,0.016438802083333332,0.019856770833333332,0.040364583333333336,0.0438232421875,0.03755294884327142,0.034912109375,0.029435713704095756,0.031023236852833265,0.028157552083333332,0.025309244791666668,0.020222981770833332,0.018474059003051883,0.013712565104166666,0.012125651041666666,0.009765625,0.0079345703125,0.007731119791666667,0.006348689565358945,0.012452185236428746,0.011067708333333334,0.009402092067239205,0.008585611979166666,0.007409216739944635,0.010471844185477957,0.0074462890625,0.005777994791666667,0.0037027994791666665,0.0034586588541666665,0.0030110677083333335,0.0030116804362866796,0.0017496744791666667,0.0016276041666666667,0.0016276041666666667,0.0013433200358218677,0.0026450720273459754,0.00341796875,0.003377553511841784,0.0033772786458333335,0.0033787909627518826,0.004498057656920875,0.001953125,0.0006917317708333334,0.0006917317708333334,0.0006917317708333334,0.0006917317708333334,0.0006919570172582221,0.0006510416666666666,0.0002848307291666667,0.0002848307291666667,0.00024418036789842097,0.0005289928789420143,0.0005289928789420143,0.0004883011190233978,0.00048828125,0.0004885197850512946,0.0004902161035990032],