{"startTime":"2025-03-24T20:33:55.229Z","infectedMalesAtStart":16,"infectedFemalesAtStart":32,"toxinAntitoxinLength":3,"killRate":0.9783495857942636,"rescueRate":0.8459915163146887,"simulationLength":52,"infectionRatio":[0.004168475900998697,0.004168475900998697,0.0042079424914526166,0.011291779584462511,0.008544921875,0.01025390625,0.011759440104166666,0.012491861979166666,0.011474609375,0.011189778645833334,0.010335286458333334,0.010294596354166666,0.009114583333333334,0.0089111328125,0.008870442708333334,0.009114583333333334,0.008871525658242787,0.008875498737887793,0.0078125,0.0091552734375,0.007568359375,0.007080078125,0.0052490234375,0.0050048828125,0.004557291666666667,0.004231770833333333,0.0037434895833333335,0.0032145182291666665,0.0032958984375,0.0026041666666666665,0.002441604948319362,0.0022379557291666665,0.0022385933493426677,0.0021975338786472958,0.001953125,0.00146484375,0.0008951822916666666,0.0002848307291666667,0.000244140625,0.00020345052083333334,0.00008139345596614032,0.00008138020833333333,0.00008138351983723296,0.00008138020833333333,0.00008138020833333333,0.00008138020833333333,0.00008138020833333333,0.00008138351983723296,0.00008138351983723296,0.00008138020833333333,0.000040690104166666664,0.000040690104166666664],"averageToxinCountInMales":[2.625,2.625,2.625,1.721311475409836,1.9702970297029703,2.0232558139534884,2.061224489795918,2.2,2.2867132867132867,2.3093525179856114,2.3435114503816794,2.3358208955223883,2.4274193548387095,2.466666666666667,2.466666666666667,2.424,2.4132231404958677,2.4132231404958677,2.439252336448598,2.3333333333333335,2.5434782608695654,2.3736263736263736,2.435483870967742,2.3620689655172415,2.30188679245283,2.2291666666666665,2.375,2.4375,2.411764705882353,2.6538461538461537,2.869565217391304,2.8,2.8,2.8421052631578947,3.0588235294117645,1.1428571428571428,1.25,1,1,1,null,null,null,null,null,null,null,null,null,null,null,null],"averageAntitoxinCountInFemales":[2.0625,2.0625,2.0625,1.8515625,2.036697247706422,2.032520325203252,2,2.138157894736842,2.2014388489208634,2.213235294117647,2.3008130081300813,2.26890756302521,2.35,2.3535353535353534,2.36734693877551,2.3333333333333335,2.350515463917526,2.350515463917526,2.376470588235294,2.456140350877193,2.74468085106383,2.8072289156626504,2.91044776119403,2.4,2.3728813559322033,2.267857142857143,2.2115384615384617,2.234042553191489,2.276595744680851,2.473684210526316,2.4864864864864864,2.4,2.4,2.4,2.3225806451612905,1.5,2,2,2,2,2,2,2,2,2,2,2,2,2,2,2,2],"reproductiveSuccessOverTime":[0,0,0,0.007994579945799458,0,0,0,0,0,0,0,0,0,0,0.0001220703125,0,0,0,0,0,0,0,0,0,0,0,0,0,0,0,0,0,0.00004070169726077577,0,0,0,0,0,0,0,0,0,0,0,0,0,0,0,0.0001627670396744659,0.000040690104166666664,0,0]}