{"startTime":"2025-03-24T20:33:55.229Z","infectedMalesAtStart":16,"infectedFemalesAtStart":32,"toxinAntitoxinLength":3,"killRate":0.04081100388175807,"rescueRate":0.21846305747320338,"simulationLength":44,"infectionRatio":[0.004148301788955146,0.004148301788955146,0.004203520448375514,0.003518391592414896,0.003255738238645613,0.002197265625,0.0020345052083333335,0.0030924479166666665,0.0035807291666666665,0.0033772786458333335,0.0026041666666666665,0.00244140625,0.0038655598958333335,0.0036214192708333335,0.00341796875,0.0033365885416666665,0.0032958984375,0.0032961666802311385,0.0032150415106625427,0.0025227864583333335,0.0014241536458333333,0.0012613932291666667,0.0012613932291666667,0.0010986328125,0.0020345052083333335,0.0020347535913400887,0.001953125,0.0017903645833333333,0.003662109375,0.0034587995930824007,0.003418107833163784,0.0033772786458333335,0.003377553511841784,0.0031740864328151704,0.0028889973958333335,0.0025227864583333335,0.0017496744791666667,0.0008138020833333334,0.0008138020833333334,0.0004475911458333333,0.0004069010416666667,0.00040695071826801776,0.000040690104166666664,0.000040690104166666664],"averageToxinCountInMales":[1.9375,1.9375,1.9375,2.909090909090909,1.65,2.08,2.1739130434782608,2.5,2.0930232558139537,1.8974358974358974,2.0714285714285716,1.9583333333333333,0.82,0.717391304347826,0.7333333333333333,0.7333333333333333,0.6818181818181818,0.6818181818181818,0.6666666666666666,0.6666666666666666,0.6470588235294118,0.5,0.5,0.3076923076923077,0,0,0,0,1.2040816326530612,1.2553191489361701,1.2553191489361701,1.2826086956521738,1.2826086956521738,1.3409090909090908,1.5128205128205128,1.6857142857142857,1.608695652173913,1.5384615384615385,1.5384615384615385,1.4444444444444444,1.625,1.625,0,0],"averageAntitoxinCountInFemales":[2.75,2.75,2.75,3.0681818181818183,2.075,2.1724137931034484,2.185185185185185,2.3181818181818183,1.8666666666666667,1.8181818181818181,2,2,1.3333333333333333,1.3255813953488371,1.3333333333333333,1.2432432432432432,1.2432432432432432,1.2432432432432432,1.2432432432432432,1.1724137931034482,1.4444444444444444,1.4666666666666666,1.4666666666666666,1.2857142857142858,0.08,0.08,0.08333333333333333,0.08333333333333333,1.3414634146341464,1.4473684210526316,1.4864864864864864,1.4864864864864864,1.4864864864864864,1.6176470588235294,1.71875,2.037037037037037,2.25,2.7142857142857144,2.7142857142857144,3,3,3,null,null],"reproductiveSuccessOverTime":[0,0,0,0.007950651130911583,0.00004069672798307016,0,0,0,0,0,0,0,0.000040690104166666664,0.00008138020833333333,0,0,0,0,0,0,0,0,0,0,0,0,0,0,0,0,0.00008138351983723296,0,0.0000813868316106454,0.0000813868316106454,0,0,0,0,0,0,0,0,0,0]}