{"startTime":"2025-03-24T18:23:05.935Z","infectedMalesAtStart":1024,"infectedFemalesAtStart":1024,"toxinAntitoxinLength":3,"killRate":0.5,"rescueRate":0.25,"simulationLength":193,"infectionRatio":[0.17465461367900392,0.17465461367900392,0.17459771104035798,0.18067349926793558,0.1912280701754386,0.18204752604166666,0.17354329427083334,0.17122395833333334,0.18143717447916666,0.17911783854166666,0.183837890625,0.19462076822916666,0.19254557291666666,0.1934814453125,0.19047812817904375,0.189453125,0.18754069010416666,0.18749236594601196,0.18353889363780682,0.18705240885416666,0.18766276041666666,0.16845703125,0.159423828125,0.1728515625,0.177734375,0.18135579427083334,0.19437662760416666,0.1966305851713193,0.18299829087653618,0.17692057291666666,0.17586263020833334,0.17476399739583334,0.17525227864583334,0.1772558915706785,0.16880315793757375,0.16015625,0.14265950520833334,0.12886555989583334,0.13118489583333334,0.13628779554795914,0.13956705729166666,0.14009602864583334,0.14579264322916666,0.14436848958333334,0.13200406917599186,0.12337239583333333,0.12711588541666666,0.1251220703125,0.12009604427804005,0.12074227811012087,0.12247721354166667,0.112060546875,0.10306803385416667,0.09891764322916667,0.08980305989583333,0.08357747395833333,0.08443196614583333,0.08626302083333333,0.08158365885416667,0.0732421875,0.06340292190615716,0.053548177083333336,0.05074262461851475,0.04932644174026291,0.0491943359375,0.04810549021203858,0.055704752604166664,0.041544596354166664,0.034871419270833336,0.0399169921875,0.036173502604166664,0.032023111979166664,0.033406575520833336,0.03426525047816709,0.035359700520833336,0.031941731770833336,0.029383037603776658,0.0283203125,0.026123046875,0.028727213541666668,0.027058919270833332,0.024584825789645066,0.03615193583845622,0.020263671875,0.0133056640625,0.013671875,0.0135498046875,0.010986328125,0.007975260416666666,0.00683788513981033,0.007528281923984699,0.0054931640625,0.004516785350966429,0.004069010416666667,0.003988279342340876,0.004150559511698881,0.0030925737538148525,0.0026448567708333335,0.007446592065106816,0.0032145182291666665,0.0027262369791666665,0.0021566632756866736,0.0018717447916666667,0.001708984375,0.001628001628001628,0.004231770833333333,0.0033367243133265514,0.0032145182291666665,0.002685546875,0.002685546875,0.0026448567708333335,0.002645179668742115,0.002644964394710071,0.0026041666666666665,0.008057296329453895,0.0033365885416666665,0.0026448567708333335,0.0025635808748728384,0.0013427734375,0.0013427734375,0.0013428827215756492,0.0009358723958333334,0.0009358723958333334,0.0008544921875,0.000732421875,0.000732541103695263,0.000732421875,0.0007324814844958086,0.0006917599186164802,0.0005696614583333334,0.006226345989500672,0.0018717447916666667,0.0018717447916666667,0.0018717447916666667,0.0018717447916666667,0.0018718971270448442,0.0018719733040328816,0.0018717447916666667,0.0010579427083333333,0.0010172526041666667,0.0010172526041666667,0.0010172526041666667,0.0010172526041666667,0.00101758384890915,0.001017293997965412,0.0007731434384537131,0.00512737039147066,0.003662109375,0.0017905102954341987,0.0017904374364191252,0.0016682942708333333,0.0016682942708333333,0.0016687695876918067,0.0016682942708333333,0.0016682942708333333,0.0016276041666666667,0.0015869140625,0.0013427734375,0.0013429373702844585,0.001302295295458245,0.0011800130208333333,0.0007326901941629015,0.004518072289156626,0.004231770833333333,0.0022786458333333335,0.0013834635416666667,0.0013427734375,0.0013427734375,0.0013021893057703264,0.0011393229166666667,0.0007731119791666666,0.0007731119791666666,0.0007731119791666666,0.000732421875,0.000732421875,0.000732660371214588,0.0007324814844958086,0.0006104509197460524,0.00227966619173621,0.0020345052083333335,0.0019938151041666665,0.0015462239583333333,0.001261444557477111,0.0011801570829772514,0.0009359104781281791,0.0006510416666666666,0.00008138020833333333,0.00008138020833333333,0.00008138020833333333,0.000040690104166666664,0.000040690104166666664,0.0000406934158053227,0.000040706667752177804],"averageToxinCountInMales":[2.447265625,2.447265625,2.4558969276511395,2.3593582887700535,2.2601867572156196,2.3077262693156735,2.419672131147541,2.411820781696854,2.3896103896103895,2.428249097472924,2.3533333333333335,2.372959397237338,2.420178799489144,2.4732597623089982,2.4843414843414844,2.458604247941049,2.464049404499338,2.461776403004861,2.452511415525114,2.3448729184925505,2.1683297180043386,2.20935841775205,2.1818181818181817,2.2805280528052805,2.261420171867933,2.280794701986755,2.0926152590779274,2.066265060240964,2.0823986194995685,2.058139534883721,2.093044263775971,2.094650205761317,2.126715462031107,2.1769230769230767,2.193313953488372,2.0280701754385966,1.781979977753059,1.960518198642813,1.9081947011706717,1.9472140762463344,2.076388888888889,2.0425407925407923,1.9118316268486917,1.8282596209075244,1.965625,1.9361277445109781,2.0839251129761136,2.007227332457293,2.1088904203997245,2.157642220699109,2.102880658436214,2.098909090909091,1.5686746987951807,1.908939014202172,1.7688766114180479,1.803196803196803,1.9815533980582525,1.8409961685823755,1.800817160367722,1.8164414414414414,1.944809461235217,1.998435054773083,2.0050167224080266,1.8556701030927836,1.8293515358361774,1.945326278659612,1.8305084745762712,2.216386554621849,1.8284313725490196,1.6163522012578617,1.7645687645687647,1.719676549865229,1.8791773778920309,1.8878048780487804,1.6713615023474178,1.7506297229219143,1.7723577235772359,1.828080229226361,1.759375,1.4776536312849162,1.528358208955224,1.6166666666666667,1.9013452914798206,1.7946768060836502,1.7818181818181817,1.5348837209302326,1.5209580838323353,1.696,1.6,1.3428571428571427,0.9767441860465116,1.3559322033898304,1.6382978723404256,1.8333333333333333,1.825,1.6222222222222222,1.75,1.4285714285714286,2.7777777777777777,0.9722222222222222,1.0606060606060606,0.64,0.6666666666666666,0.6,0.4444444444444444,1.56,1.736842105263158,1.7777777777777777,1.7419354838709677,1.7419354838709677,1.8,1.8,1.8,1.8,0.5714285714285714,1.1111111111111112,1,1,0.36363636363636365,0.36363636363636365,0.36363636363636365,0.23529411764705882,0.23529411764705882,0,0,0,0,0,0,0,0,0,0,0,0,0,0,0,0,0,0,0,0,0,0,0,0,0,0,0,0,0,0,0,0,0,0,0,0,0,0,0,0,0,0,0,0,0,0,0,0,0,0,0,0,0,0,0,0,0,0,0,0,0,0,0,0,0,0,0,0,0,0],