{"startTime":"2025-03-24T20:33:26.773Z","infectedMalesAtStart":1024,"infectedFemalesAtStart":1024,"toxinAntitoxinLength":3,"killRate":0.6064770335283373,"rescueRate":0.959316441810315,"simulationLength":246,"infectionRatio":[0.17108011026647732,0.17108011026647732,0.17108372721134368,0.16152926021347075,0.14997147281767056,0.16556803385416666,0.16630045572916666,0.1649169921875,0.1541748046875,0.15047200520833334,0.15523274739583334,0.16068522135416666,0.16678873697916666,0.1717529296875,0.1748046875,0.17801920572916666,0.17374674479166666,0.1737307112902569,0.1756014165343754,0.16231282552083334,0.13818359375,0.14876302083333334,0.142578125,0.13513733468972533,0.13313802083333334,0.13142903645833334,0.14009602864583334,0.13728841145833334,0.13199869791666666,0.134765625,0.13212076822916666,0.12784830729166666,0.12927772126144454,0.12825104806870447,0.12538661891583916,0.11665852864583333,0.10347493489583333,0.1317138671875,0.13212076822916666,0.12931315104166666,0.11763509114583333,0.1126708984375,0.1434326171875,0.13895670572916666,0.13111418572474973,0.12338243672173842,0.11800130208333333,0.11591371591371591,0.11263020833333333,0.11402759125869857,0.11458799593082401,0.0953369140625,0.09322102864583333,0.10506184895833333,0.1119384765625,0.09989420572916667,0.09228515625,0.08951822916666667,0.135498046875,0.1466064453125,0.14254323499491353,0.13907877604166666,0.14371744791666666,0.1436767578125,0.1412870924410795,0.1439326117034264,0.14412434895833334,0.12019856770833333,0.09920247395833333,0.10050455729166667,0.10843912760416667,0.09696451822916667,0.08318072681398282,0.085205078125,0.14351399739583334,0.16825358072916666,0.171142578125,0.16898600260416666,0.17147507629704986,0.17126577126577128,0.17043881787836848,0.16982744587335177,0.17228190104166666,0.14473470052083334,0.11695287702449744,0.108642578125,0.101806640625,0.09619140625,0.0844354018311292,0.07763671875,0.1607666015625,0.18619791666666666,0.19055951169888097,0.19502766927083334,0.199951171875,0.19983723296032554,0.19919427036705462,0.20148950024418036,0.21024576822916666,0.1827392578125,0.1583251953125,0.150390625,0.1331787109375,0.12198893229166667,0.10762532552083333,0.091796875,0.18370171368095412,0.23247202441505596,0.24336751302083334,0.24825032552083334,0.2478942014242116,0.24841153470185728,0.24556261195245074,0.2481267307379052,0.2626546223958333,0.22212727864583334,0.1976318359375,0.174560546875,0.15763346354166666,0.13705542443232685,0.11391014162461338,0.09130859375,0.18268056347202996,0.23539225260416666,0.24117024739583334,0.24428257507935217,0.2448107448107448,0.2452661155678625,0.24312767257177764,0.24409609120521172,0.2666422526041667,0.24625651041666666,0.21199544270833334,0.19547526041666666,0.18269856770833334,0.1563720703125,0.13313802083333334,0.106689453125,0.1754914329901103,0.22538248697916666,0.24283854166666666,0.24325424280656058,0.2445928882733901,0.24425615121394817,0.24177524429967426,0.24874832091830504,0.2781168619791667,0.24161783854166666,0.20467122395833334,0.1923828125,0.17974281761211036,0.15691381134532434,0.1337592577520957,0.10677083333333333,0.15555826822916666,0.21424211597151577,0.23291015625,0.2332424402751211,0.23304291181499878,0.2327438676554478,0.23450859050565914,0.24230706610224684,0.2644856770833333,0.2205810546875,0.18717948717948718,0.17376969104896814,0.15967755068805473,0.1442354665363947,0.12115908998412762,0.09427897135416667,0.12383006429559697,0.16917691117805098,0.19319661458333334,0.2004884004884005,0.20182365871529756,0.20174189084693336,0.1991290900211623,0.20160501873879746,0.22545987302620868,0.18623860677083334,0.1668701171875,0.14213053385416666,0.12810808611077198,0.11253561253561253,0.09208170572916667,0.07132975260416667,0.060221354166666664,0.0882568359375,0.10458207861967933,0.10867795506349723,0.10897096550881623,0.11340877635756737,0.11255851821697538,0.10981270358306189,0.12755185366650335,0.11075846354166667,0.095947265625,0.08321803532188492,0.08268229166666667,0.067282644089873,0.05095230343480384,0.04183623636659613,0.02474059003051882,0.03857578840284842,0.04762486262058859,0.049085502464458836,0.04914024936842963,0.049916466321665784,0.050897837859847715,0.04963355048859935,0.060271055971829836,0.0634765625,0.04395067757294591,0.03561253561253561,0.03178543811810671,0.025506254329136616,0.020308493752798015,0.014201424211597152,0.008992513020833334,0.006673177083333333,0.010744810744810745,0.010750498839434785,0.01075619295958279,0.010718506744915842,0.010546461438227869,0.011321062062225119,0.012176746080228059,0.012776692708333334,0.00850527001180157,0.006430344715314802,0.006430083021325085,0.004397573191090842,0.0035808748728382504,0.002685546875,0.0015462239583333333,0.000732421875,0.0006103515625,0.0006106000162826672,0.0006108237976951582,0.0006109481915933529,0.0006110228522546743,0.0006123448726322665,0.00040807998367680065,0.000244140625,0.0001220703125,0.000040690104166666664],