{"startTime":"2025-03-24T20:33:55.229Z","infectedMalesAtStart":16,"infectedFemalesAtStart":32,"toxinAntitoxinLength":3,"killRate":0.6686469150128361,"rescueRate":0.5111496538385711,"simulationLength":39,"infectionRatio":[0.004154405400727021,0.004154405400727021,0.004021330535886004,0.006719581491837287,0.0071699189310302685,0.007853190104166666,0.007039388020833333,0.005818684895833333,0.005574544270833333,0.004801432291666667,0.005289713541666667,0.0038655598958333335,0.0034586588541666665,0.0029296875,0.0027669270833333335,0.0023600260416666665,0.0019125905428501668,0.0019132912680643191,0.0017497456765005086,0.00048828125,0.0004069010416666667,0.0013427734375,0.0013427734375,0.0013428280773143438,0.0013427734375,0.0013427734375,0.0013427734375,0.0013427734375,0.0013427734375,0.0013020833333333333,0.0005696614583333334,0.0005696614583333334,0.0005696614583333334,0.0005696614583333334,0.0005289713541666666,0.0004069010416666667,0.000040690104166666664,0.000040690104166666664,0.000040706667752177804],"averageToxinCountInMales":[2.3125,2.3125,2.0714285714285716,1.903225806451613,2.168831168831169,1.588235294117647,1.4736842105263157,1.4754098360655739,1.4655172413793103,1.4,1.728813559322034,1.627906976744186,1.4444444444444444,1.5161290322580645,1.5714285714285714,1.4782608695652173,1.5,1.5,1.6470588235294117,2.5,3,1.3333333333333333,1.3333333333333333,1.3333333333333333,1.3333333333333333,1.3333333333333333,1.3333333333333333,1.3333333333333333,1.3333333333333333,1.3333333333333333,1.7142857142857142,1.7142857142857142,1.7142857142857142,1.7142857142857142,2.2857142857142856,1.8,null,null,null],"averageAntitoxinCountInFemales":[2.40625,2.40625,2.40625,2.1379310344827585,2.242424242424242,1.8981481481481481,1.731958762886598,1.829268292682927,1.860759493670886,1.7205882352941178,1.9014084507042253,1.75,1.6326530612244898,1.6829268292682926,1.7,1.6285714285714286,1.6206896551724137,1.6206896551724137,1.5384615384615385,2,2,1.2222222222222223,1.2222222222222223,1.2222222222222223,1.2222222222222223,1.2222222222222223,1.2222222222222223,1.2222222222222223,1.2222222222222223,1.2352941176470589,1.5714285714285714,1.5714285714285714,1.5714285714285714,1.5714285714285714,2.3333333333333335,2.6,5,5,5],"reproductiveSuccessOverTime":[0,0,0,0.008142063013581577,0.0002036908787224508,0,0,0,0,0,0,0,0,0,0,0,0,0,0,0,0,0,0,0,0,0,0,0,0,0.0001220703125,0,0.000040690104166666664,0,0,0,0,0,0,0]}