{"startTime":"2025-03-24T20:33:55.229Z","infectedMalesAtStart":16,"infectedFemalesAtStart":32,"toxinAntitoxinLength":3,"killRate":0.09783595079706431,"rescueRate":0.8460005940063737,"simulationLength":68,"infectionRatio":[0.004140072451267897,0.004140072451267897,0.004176455233620465,0.002031353499668801,0.0030110677083333335,0.004069010416666667,0.005208333333333333,0.007080078125,0.005859613428280773,0.005330403645833333,0.005289713541666667,0.005086263020833333,0.004923502604166667,0.004638671875,0.0045166015625,0.0054931640625,0.00537109375,0.005373498880521067,0.004476457900948195,0.0018717447916666667,0.0017903645833333333,0.0004476275738585497,0.0003255208333333333,0.0003255208333333333,0.0003255208333333333,0.0026448567708333335,0.0026448567708333335,0.0026448567708333335,0.0026448567708333335,0.0026448567708333335,0.0026041666666666665,0.002441604948319362,0.00244140625,0.0024009115325140393,0.0021158854166666665,0.0016276041666666667,0.0010986328125,0.0008951822916666666,0.0008544921875,0.0004475911458333333,0.0004475911458333333,0.0018310546875,0.0018310546875,0.0018310546875,0.0018310546875,0.0018311291963377416,0.0018310546875,0.0017496744791666667,0.001709053916581892,0.001708984375,0.0025227864583333335,0.0023193359375,0.0022786458333333335,0.0022786458333333335,0.0021158854166666665,0.0016682942708333333,0.0010986328125,0.0020752797558494405,0.0019124348958333333,0.0015055951169888097,0.0015055338541666667,0.0015057176575916657,0.0015055338541666667,0.0014241536458333333,0.0014241536458333333,0.0014242695531862944,0.000732421875,0.0005289713541666666],"averageToxinCountInMales":[2.375,2.375,2.375,2.4,3.1538461538461537,2.7804878048780486,2.3333333333333335,2.134831460674157,2,2.057142857142857,2.057142857142857,2.0434782608695654,2.073529411764706,1.984375,1.9516129032258065,1.972972972972973,2,2,2.0701754385964914,1.8214285714285714,1.7777777777777777,1.625,1.6,1.4,1.4,0.21875,0.21875,0.21875,0.21875,0.21875,0.16129032258064516,0.16666666666666666,0.16666666666666666,0.1724137931034483,0.12,0.11764705882352941,0.18181818181818182,0.2222222222222222,0.2222222222222222,0,0,0,0,0,0,0,0,0,0,0,0,0,0,0,0,0,0,0,0,0,0,0,0,0,0,0,0,0],"averageAntitoxinCountInFemales":[2.875,2.875,2.875,2.806451612903226,3.4791666666666665,3.0508474576271185,2.8309859154929575,2.6470588235294117,2.588235294117647,2.639344262295082,2.6333333333333333,2.5714285714285716,2.6037735849056602,2.58,2.5714285714285716,2.459016393442623,2.459016393442623,2.459016393442623,2.547169811320755,2.7777777777777777,2.764705882352941,2,2,2,2,0.18181818181818182,0.18181818181818182,0.18181818181818182,0.18181818181818182,0.18181818181818182,0.18181818181818182,0.2,0.2,0.2,0.2222222222222222,0,0,0,0,0,0,0,0,0,0,0,0,0,0,0,0.02702702702702703,0.029411764705882353,0.030303030303030304,0.030303030303030304,0.03225806451612903,0,0,0,0,0,0,0,0,0,0,0,0,0],"reproductiveSuccessOverTime":[0,0,0,0.0065356590858909255,0,0,0,0,0,0,0,0.000040690104166666664,0.000040690104166666664,0.00008138020833333333,0,0,0,0,0,0,0,0,0,0,0,0,0,0,0,0,0,0.0000406934158053227,0,0,0,0,0,0,0,0,0,0,0,0,0,0.00004069175991861648,0,0,0,0.000040690104166666664,0,0,0,0,0,0,0,0,0.000040690104166666664,0,0,0,0.000040690104166666664,0,0,0.0000406934158053227,0,0]}