{"startTime":"2025-03-24T20:33:55.229Z","infectedMalesAtStart":16,"infectedFemalesAtStart":32,"toxinAntitoxinLength":3,"killRate":0.04081100388175807,"rescueRate":0.05942219180203834,"simulationLength":56,"infectionRatio":[0.003988698687053349,0.003988698687053349,0.004028197381671702,0.001980465409371202,0.002486244141023028,0.0026448567708333335,0.002197265625,0.00439453125,0.005452473958333333,0.0069580078125,0.0067138671875,0.006429036458333333,0.0078125,0.005533854166666667,0.005411783854166667,0.005452473958333333,0.0052490234375,0.0052513739059637694,0.004966820013841957,0.004150390625,0.0030924479166666665,0.0026448567708333335,0.0024009115325140393,0.001953125,0.0028483072916666665,0.0026041666666666665,0.00390625,0.0024820963541666665,0.0069580078125,0.008341471354166666,0.007853190104166666,0.0078125,0.007771809895833333,0.008016276703967446,0.007080366225839268,0.006917317708333333,0.004191080729166667,0.0030924479166666665,0.0028076171875,0.0015869140625,0.0011393229166666667,0.0010172526041666667,0.0010172526041666667,0.0006103515625,0.004964192708333333,0.005411783854166667,0.005289713541666667,0.005086263020833333,0.00504618890652342,0.004842319430315361,0.004313677613640988,0.0040283203125,0.0029296875,0.0015055338541666667,0.0011800130208333333,0.0006917317708333334],"averageToxinCountInMales":[2.75,2.75,2.75,2.642857142857143,1.5161290322580645,2.9393939393939394,3.769230769230769,2.7916666666666665,2.508771929824561,2.935064935064935,2.3835616438356166,2.3835616438356166,1.8,2,2.016949152542373,1.9344262295081966,1.8305084745762712,1.8305084745762712,1.6785714285714286,1.34,1.2972972972972974,1.2903225806451613,1.1724137931034482,1.0909090909090908,1.0588235294117647,1,0.7,0.9565217391304348,0.9861111111111112,0.9882352941176471,1,1,1,1.0123456790123457,1.0135135135135136,0.9861111111111112,0.9583333333333334,0.9428571428571428,0.9411764705882353,1,1,1,1,1,0.7878787878787878,0.8108108108108109,0.8082191780821918,0.8028169014084507,0.8028169014084507,0.7971014492753623,0.7741935483870968,0.7543859649122807,0.75,1,1,1],"averageAntitoxinCountInFemales":[2.3125,2.3125,2.3125,2.4,2.033333333333333,2.71875,3.5714285714285716,2.683333333333333,2.311688311688312,2.617021276595745,2.239130434782609,2.3176470588235296,1.911764705882353,2.1052631578947367,2.0945945945945947,2.0821917808219177,2.0142857142857142,2.0142857142857142,1.9090909090909092,1.5192307692307692,1.0512820512820513,1,1,0.9615384615384616,1.0277777777777777,1.0285714285714285,0.5892857142857143,0.7105263157894737,0.8888888888888888,0.9083333333333333,0.9292035398230089,0.9292035398230089,0.9292035398230089,0.9396551724137931,0.95,0.9693877551020408,0.9636363636363636,0.9512195121951219,0.9714285714285714,1,1.0714285714285714,1.0833333333333333,1.0833333333333333,0.875,0.9107142857142857,0.9152542372881356,0.9122807017543859,0.9074074074074074,0.9056603773584906,0.9,0.8863636363636364,0.8809523809523809,0.875,1,1,1],"reproductiveSuccessOverTime":[0,0,0,0.007201692397713463,0.000489097208070104,0,0,0,0,0,0,0,0.00008138020833333333,0,0,0,0.000040690104166666664,0,0,0,0,0,0,0,0,0,0,0,0,0,0,0,0,0,0,0,0,0,0,0,0,0,0,0,0,0,0,0.000040690104166666664,0.00008139014365360354,0,0,0,0,0,0,0]}