{"startTime":"2025-03-24T20:43:41.881Z","infectedMalesAtStart":1024,"infectedFemalesAtStart":1024,"toxinAntitoxinLength":3,"killRate":0.5735031613552578,"rescueRate":0.858666051456542,"simulationLength":212,"infectionRatio":[0.08333333333333333,0.08333333333333333,0.08343941198209666,0.10054524739583333,0.10465494791666667,0.097900390625,0.10091145833333333,0.0999755859375,0.0997314453125,0.0953369140625,0.09016927083333333,0.0887451171875,0.08536783854166667,0.090087890625,0.09464518229166667,0.09322102864583333,0.09391658189216684,0.09346631386118462,0.09513733468972534,0.09733072916666667,0.1011962890625,0.08817904374364191,0.08280436197916667,0.0728759765625,0.06266276041666667,0.058146158854166664,0.052205403645833336,0.046671549479166664,0.047607421875,0.045166015625,0.0487060546875,0.049235026041666664,0.04927772126144456,0.049136948379742716,0.04884203671293093,0.050010172939979655,0.051920572916666664,0.04419304956458045,0.052693684895833336,0.047322591145833336,0.038818359375,0.032267252604166664,0.031046549479166668,0.028849283854166668,0.027833163784333672,0.025797526041666668,0.028605143229166668,0.027058919270833332,0.026529947916666668,0.025960286458333332,0.02666829526485078,0.022383200390688588,0.027058919270833332,0.024495442708333332,0.0494384765625,0.049159646766776546,0.0435791015625,0.037801106770833336,0.036539713541666664,0.03576951249287865,0.035319010416666664,0.03430873794310366,0.0389404296875,0.039469401041666664,0.038492838541666664,0.03841927475479223,0.036865234375,0.035319010416666664,0.033203125,0.027791341145833332,0.050333658854166664,0.050374348958333336,0.043050130208333336,0.036702473958333336,0.035074869791666664,0.034832146490335704,0.033772786458333336,0.032066411654594285,0.033040364583333336,0.031941731770833336,0.0318603515625,0.031697591145833336,0.0311279296875,0.028157552083333332,0.022705078125,0.014322916666666666,0.0413818359375,0.062255859375,0.0462646484375,0.044718424479166664,0.0433349609375,0.043175714169447384,0.04313502075364206,0.04262682192003908,0.042805989583333336,0.042439778645833336,0.042317708333333336,0.04224148455622024,0.04069175991861648,0.034586588541666664,0.024698893229166668,0.018351236979166668,0.047037760416666664,0.06864420572916667,0.06787109375,0.06005859375,0.057169596354166664,0.0567626953125,0.05624516706686745,0.05603746691101608,0.054158528645833336,0.054036458333333336,0.054015549314120566,0.05278580440356518,0.050577799479166664,0.043172200520833336,0.032267252604166664,0.021199544270833332,0.041910807291666664,0.0555419921875,0.060262044270833336,0.0552978515625,0.05509888500040693,0.054754925907832604,0.053732801432874705,0.056014654996946876,0.05009155645981689,0.04972937777235177,0.049700818170716816,0.04938120827226836,0.048624674479166664,0.0439471007121058,0.030029296875,0.019287109375,0.0350341796875,0.0352783203125,0.035685221354166664,0.0313733468972533,0.03031659477496541,0.030169781360693784,0.028870429188044628,0.027001710515598274,0.022380467955239063,0.02144543012940506,0.02116143734993692,0.01782516685658473,0.017950909756991085,0.01607324516785351,0.01123046875,0.0042724609375,0.01513671875,0.009847005208333334,0.011271158854166666,0.010498901277773256,0.010303400529423743,0.01031053875621485,0.010186618857468828,0.010140087962208829,0.008588757276020677,0.008220404509013958,0.00809766022380468,0.007894843934399544,0.006920978707812563,0.005777994791666667,0.004313151041666667,0.003173828125,0.008015950520833334,0.007446592065106816,0.0074462890625,0.007366407553620121,0.007326603712145881,0.007287976873905785,0.007166999226289856,0.007128019225286139,0.006761435379414281,0.006759508103265738,0.006759232867787776,0.006756756756756757,0.006754832146490336,0.006754557291666667,0.005940755208333333,0.0030110677083333335,0.00244140625,0.0019124348958333333,0.0019124348958333333,0.0019124348958333333,0.0019125127161749745,0.001913213384352357,0.0019141484075914312,0.0019151623813210546,0.0018754076973255054,0.0018752547900529964,0.0018747198108978278,0.001873116703314602,0.0018722018722018721,0.0018717447916666667,0.0018717447916666667,0.0006917317708333334,0.0026448567708333335,0.0026448567708333335,0.0026448567708333335,0.002645179668742115,0.002646041115408101,0.0026487367563162185,0.0026501406613120234,0.0026514378951662245,0.0026524116542887455,0.0026534944480731547,0.0026543613198301208,0.0026591392570774015,0.0026534944480731547,0.002564415679570155],"averageToxinCountInMales":[2.505859375,2.505859375,2.5094152626362733,2.3759811616954476,2.4705438066465257,2.4922826969943137,2.539607843137255,2.63614262560778,2.4802631578947367,2.4544666088464875,2.4534562211981568,2.4371482176360226,2.392118226600985,2.5314814814814817,2.4907813871817384,2.4051647373107747,2.404031551270815,2.406167400881057,2.436347673397717,2.6023489932885906,2.648192771084337,2.5456221198156683,2.622330097087379,2.6393805309734515,2.571609632446134,2.542119565217391,2.436834094368341,2.4965870307167237,2.408026755852843,2.3652482269503547,2.4116693679092385,2.324193548387097,2.32741935483871,2.3295454545454546,2.319932998324958,2.1465378421900163,2.0977443609022557,1.9839285714285715,1.8803680981595092,1.7487091222030982,1.7664543524416136,1.6185567010309279,1.5973333333333333,1.5441176470588236,1.5106382978723405,1.4481605351170568,1.28698224852071,1.2826086956521738,1.2681388012618298,1.2604501607717042,1.2222222222222223,1.1915708812260537,1.3404907975460123,1.4683098591549295,1.2240527182866556,1.2610837438423645,1.2244897959183674,1.186836518046709,1.1736263736263737,1.1707865168539326,1.1712328767123288,1.1749408983451537,0.9628099173553719,0.9188640973630832,0.9037656903765691,0.89937106918239,0.9240780911062907,0.8858447488584474,0.9878640776699029,1.0707692307692307,1.1293929712460065,1.0923566878980893,1.0979284369114877,1.0807174887892377,1.0638297872340425,1.062052505966587,1.0393120393120394,1.0626631853785902,0.9629629629629629,0.9871134020618557,0.9870801033591732,0.9896373056994818,0.896,0.8850574712643678,0.8480565371024735,0.8580645161290322,0.9616161616161616,0.982620320855615,0.9892665474060823,1.007380073800738,1.0133333333333334,1.0153256704980842,1.0153256704980842,1.0155038759689923,0.974757281553398,0.97265625,0.9705882352941176,0.9705304518664047,0.9692622950819673,0.9605911330049262,0.9452054794520548,0.9473684210526315,0.980072463768116,0.9864864864864865,0.9861809045226131,0.9857142857142858,0.9925595238095238,0.992503748125937,0.9923780487804879,0.9984591679506933,0.9984025559105432,0.9983948635634029,1,1,1,1,1,1,0.9980430528375733,0.9985443959243085,0.9986772486772487,0.9985693848354793,0.9985590778097982,0.9985486211901307,0.9985185185185185,0.9985855728429985,0.9984399375975039,0.9984276729559748,0.9984251968503937,0.9984152139461173,0.998371335504886,0.9981981981981982,0.9973684210526316,0.9957627118644068,0.9976415094339622,0.9976851851851852,0.9724137931034482,0.9691516709511568,0.9681697612732095,0.9680851063829787,0.9666666666666667,0.9642857142857143,0.9678571428571429,0.9704797047970479,0.9700374531835206,0.9649122807017544,0.9658119658119658,0.9617224880382775,0.9865771812080537,0.9803921568627451,1,1.007936507936508,1.0069444444444444,1.007462686567164,1.0076335877862594,1.0076335877862594,1.0076335877862594,1.0076923076923077,1.0089285714285714,1.0093457943925233,1.009433962264151,1.0096153846153846,1.010989010989011,1.0135135135135136,1.018181818181818,1,1,1,1,1,1,1,1,1,1,1,1,1,1,1,1,1,1,1,1,1,1,1,1,1,1,1,1,1,1,1,1,1,1,1,1,1,1,1,1,1,1,1,1,1,1,1],