{"startTime":"2025-03-24T20:33:55.228Z","infectedMalesAtStart":16,"infectedFemalesAtStart":32,"toxinAntitoxinLength":3,"killRate":0.08534495669114994,"rescueRate":0.5485390086966543,"simulationLength":100,"infectionRatio":[0.004212373848179026,0.004212373848179026,0.00425418771603297,0.0020496576140122047,0.0023200911755128623,0.0034586588541666665,0.0030110677083333335,0.0027262369791666665,0.0021158854166666665,0.003987630208333333,0.0035807291666666665,0.0032958984375,0.0032552083333333335,0.0032552083333333335,0.0028483072916666665,0.0024820963541666665,0.005126953125,0.00512737039147066,0.004516785350966429,0.0037841796875,0.0035400390625,0.0032552083333333335,0.0024820963541666665,0.00244140625,0.0021565755208333335,0.0036214192708333335,0.0034993489583333335,0.0034586588541666665,0.0024820963541666665,0.0020751953125,0.0015462239583333333,0.001220703125,0.004679361979166667,0.004598917422978308,0.00496459672824937,0.004313151041666667,0.0030924479166666665,0.0028889973958333335,0.0020345052083333335,0.0017496744791666667,0.0016682942708333333,0.0011800130208333333,0.0011396939107782482,0.0010579857578840285,0.0008951822916666666,0.0008138020833333334,0.000732421875,0.0005696614583333334,0.0038248697916666665,0.00341796875,0.0033772786458333335,0.0032958984375,0.0030110677083333335,0.0028483072916666665,0.0018717447916666667,0.0016276041666666667,0.0012613932291666667,0.0012613932291666667,0.0009769997964583757,0.0009765625,0.000732511292882432,0.0005696614583333334,0.0005289713541666666,0.000244140625,0.0017497456765005086,0.0017507430479215015,0.0017496744791666667,0.0037841796875,0.0032958984375,0.002685546875,0.002197265625,0.0016682942708333333,0.0016682942708333333,0.0012613932291666667,0.0010990800293088007,0.0010986328125,0.000244140625,0.000040690104166666664,0.000040690104166666664,0.00004069175991861648,0.000040690104166666664,0.000040690104166666664,0.000040690104166666664,0.0019938151041666665,0.0019938151041666665,0.0019938962360122074,0.0018310546875,0.0018310546875,0.001220703125,0.00048828125,0.0004883607357968419,0.0003255208333333333,0.00028484231943031536,0.0002848307291666667,0.000244140625,0.0002441903056448659,0.000244140625,0.00020345052083333334,0.0001220703125,0.000040690104166666664],"averageToxinCountInMales":[2.6875,2.6875,2.6875,2.5384615384615383,2.1739130434782608,2,2,2,1.9230769230769231,2.5,2.5714285714285716,2.627906976744186,2.642857142857143,2.675,2.5405405405405403,2.5588235294117645,2.95,2.95,3.056603773584906,3.022727272727273,3.0714285714285716,3.15,2.967741935483871,3.033333333333333,3.076923076923077,3.5434782608695654,3.590909090909091,3.604651162790698,3.1666666666666665,2.875,3.3529411764705883,3,5.470588235294118,5.591836734693878,5.611111111111111,5.844444444444444,5.774193548387097,5.758620689655173,5.826086956521739,5.95,5.947368421052632,6,6,6,6,6,6,6,6,6,6,6,6,6,6,6,6,6,6,6,6,6,6,null,5.956521739130435,5.956521739130435,5.956521739130435,5.981132075471698,6,6,6,6,6,6,6,6,6,null,null,null,null,null,null,6,6,6,6,6,6,6,6,6,6,6,6,6,6,6,6,null],"averageAntitoxinCountInFemales":[2.65625,2.65625,2.65625,2.7096774193548385,2.5,2.2888888888888888,2.175,2.2857142857142856,2.269230769230769,2.4523809523809526,2.4615384615384617,2.473684210526316,2.473684210526316,2.95,2.6363636363636362,2.7777777777777777,2.893939393939394,2.893939393939394,2.8793103448275863,2.8979591836734695,2.9555555555555557,2.925,2.8666666666666667,2.8666666666666667,2.925925925925926,3.0697674418604652,3.0952380952380953,3.0952380952380953,2.7419354838709675,2.4444444444444446,2.8095238095238093,2.789473684210526,5.21875,5.21875,5.176470588235294,5.278688524590164,5.155555555555556,5.095238095238095,5.148148148148148,5,4.954545454545454,5.333333333333333,5.285714285714286,5.285714285714286,5.090909090909091,5,4.888888888888889,4.888888888888889,5.851063829787234,5.829268292682927,5.829268292682927,6,6,6,6,6,6,6,6,6,6,6,6,6,6,6,6,6,6,6,6,6,6,6,6,6,6,6,6,6,6,6,6,6,6,6,6,6,6,6,6,6,6,6,6,6,6,6,6,6],"reproductiveSuccessOverTime":[0,0,0,0.008478129221595939,0.00032562683165092806,0,0,0,0,0,0,0,0,0,0.00008138020833333333,0,0,0,0,0,0,0,0,0,0.000040690104166666664,0.000040690104166666664,0,0,0,0,0,0,0,0,0,0,0,0,0,0,0,0,0,0,0,0,0.000040690104166666664,0.00008138020833333333,0.000040690104166666664,0,0,0,0,0,0,0,0,0,0,0,0,0,0,0,0.00004069175991861648,0,0,0,0,0,0,0,0,0,0,0,0,0,0,0,0,0,0,0,0,0,0,0,0,0,0,0,0,0,0,0,0,0.000040690104166666664,0,0]}