{"startTime":"2025-03-24T20:43:41.882Z","infectedMalesAtStart":1024,"infectedFemalesAtStart":1024,"toxinAntitoxinLength":3,"killRate":0.2588474289675051,"rescueRate":0.43977620874286294,"simulationLength":219,"infectionRatio":[0.08333333333333333,0.08333333333333333,0.08348405129891483,0.07950846354166667,0.07478841145833333,0.06717936197916667,0.06632486979166667,0.0653076171875,0.0616455078125,0.069091796875,0.07368977864583333,0.07295735677083333,0.067138671875,0.068603515625,0.06982421875,0.07210286458333333,0.0721435546875,0.07213808825924116,0.07650984860817191,0.0816650390625,0.08736165364583333,0.08268229166666667,0.074951171875,0.07222493489583333,0.07039388020833333,0.07173665364583333,0.0816650390625,0.07918938715715797,0.08003743489583333,0.0787353515625,0.07813771772749471,0.07942708333333333,0.07743326822916667,0.07991861648016277,0.08266851188537935,0.083984375,0.09468587239583333,0.08341471354166667,0.0855712890625,0.0809326171875,0.08550382549243041,0.08182779947916667,0.08921009771986971,0.08643281517050541,0.08431332655137334,0.08004069175991861,0.07572428385416667,0.0738525390625,0.07344563802083333,0.07251271617497457,0.08003743489583333,0.0950927734375,0.1064453125,0.09444173177083333,0.09859212239583333,0.0966954256877747,0.09395345052083333,0.09073893229166667,0.09413919413919414,0.08972533062054934,0.08098319293533553,0.07919583265505453,0.07564290364583333,0.069091796875,0.06584194677301212,0.06571451822916667,0.06673177083333333,0.06840006510416667,0.07149542217700916,0.06258138020833333,0.08211263020833333,0.08081383519837233,0.0750732421875,0.07340494791666667,0.07320250793909291,0.062255859375,0.059855143229166664,0.059000651041666664,0.052408854166666664,0.047444661458333336,0.044474283854166664,0.0408935546875,0.038411458333333336,0.037882486979166664,0.042561848958333336,0.0396728515625,0.057047526041666664,0.062258392675483214,0.0560302734375,0.057902018229166664,0.058706184098033624,0.04939979654120041,0.044108072916666664,0.037027994791666664,0.031046549479166668,0.030476888020833332,0.0286865234375,0.0263671875,0.024007161458333332,0.019938151041666668,0.029378255208333332,0.031453450520833336,0.0538330078125,0.060551802718320176,0.054646809895833336,0.053914388020833336,0.053670247395833336,0.0433349609375,0.039998372395833336,0.03483498148374232,0.02933875890132248,0.026328640026043786,0.0262451171875,0.0255126953125,0.024861653645833332,0.021402994791666668,0.025349934895833332,0.025472005208333332,0.038818359375,0.04646998982706002,0.043782552083333336,0.042277018229166664,0.048136393229166664,0.041425897289818506,0.03691043014690921,0.029298067141403865,0.023074105725796604,0.019695613249776187,0.0179072890806235,0.015665690104166668,0.013346354166666666,0.011881510416666666,0.025390625,0.026082356770833332,0.0283203125,0.033854166666666664,0.0364990234375,0.03641912512716175,0.04057133555790673,0.035847981770833336,0.040486653645833336,0.0364990234375,0.0299072265625,0.02637040654376755,0.023763020833333332,0.02392578125,0.021933751119068933,0.01864061864061864,0.024943033854166668,0.024698893229166668,0.020345052083333332,0.02335707019328586,0.022705078125,0.022503458940343453,0.020100911458333332,0.0169677734375,0.017496744791666668,0.016398111979166668,0.016480162767039674,0.012654622395833334,0.010091145833333334,0.008219401041666666,0.007893880208333334,0.007161749745676501,0.022664388020833332,0.0235595703125,0.021769205729166668,0.018717447916666668,0.017906560312550873,0.016897394136807818,0.014811800610376399,0.012736520854526959,0.013024013024013023,0.010050864699898271,0.011515299479166666,0.008791208791208791,0.008544921875,0.007283528645833333,0.007039960934320827,0.0059422059422059425,0.0101318359375,0.012044270833333334,0.012125651041666666,0.011881510416666666,0.011555989583333334,0.011200716845878136,0.008504231770833334,0.0072021484375,0.005778465044355823,0.004150390625,0.0035400390625,0.0026455026455026454,0.0026448567708333335,0.0026448567708333335,0.00244140625,0.0012616499124984738,0.005942447800073263,0.005900065104166667,0.005859375,0.004638671875,0.004355081606903008,0.004196886969277157,0.0025227864583333335,0.0025227864583333335,0.0019938151041666665,0.0015462239583333333,0.0015055338541666667,0.001465082207390526,0.00146484375,0.00146484375,0.0014241536458333333,0.0008546312876444734,0.0006510416666666666,0.0006510416666666666,0.0006510681586978636,0.0006510416666666666,0.0006512536633018561,0.0006522891271556117,0.0006510416666666666],