{"startTime":"2025-03-24T20:33:55.228Z","infectedMalesAtStart":16,"infectedFemalesAtStart":32,"toxinAntitoxinLength":3,"killRate":0.3694216197287058,"rescueRate":0.5485390086966543,"simulationLength":103,"infectionRatio":[0.003977131493910017,0.003977131493910017,0.004015392337292956,0.006555316091954023,0.007815362071070949,0.006917317708333333,0.00537109375,0.004597981770833333,0.004679361979166667,0.0045166015625,0.003987630208333333,0.0033772786458333335,0.005208333333333333,0.007283528645833333,0.008951822916666666,0.0086669921875,0.0086669921875,0.00867475767695691,0.007691681588800261,0.010172526041666666,0.016438802083333332,0.014729817708333334,0.0135498046875,0.0107421875,0.011637369791666666,0.011555989583333334,0.010986328125,0.0107421875,0.009318033854166666,0.0079345703125,0.007527669270833333,0.007283528645833333,0.007080078125,0.007039674465920651,0.007039388020833333,0.004679361979166667,0.019816080729166668,0.015787760416666668,0.013956705729166666,0.011922200520833334,0.01123046875,0.010498046875,0.009318792219418897,0.008911858061365671,0.008382502543234995,0.008015950520833334,0.006795247395833333,0.006510681586978637,0.006266276041666667,0.005615691381134533,0.005249237029501526,0.0047607421875,0.021484375,0.018636067708333332,0.0169677734375,0.018107096354166668,0.01676500508646999,0.01554488483763327,0.0135498046875,0.01306205493387589,0.011683289232648077,0.010539165818921668,0.009034305945549994,0.008707682291666666,0.00830078125,0.006999837213088068,0.0062255859375,0.004435221354166667,0.0186767578125,0.019205729166666668,0.015909830729166668,0.016520182291666668,0.015055338541666666,0.012166836215666327,0.0113525390625,0.0107421875,0.009929597525739632,0.0081787109375,0.007527669270833333,0.006998697916666667,0.0064697265625,0.00618539920240905,0.005493387589013225,0.003662109375,0.007364908854166667,0.008992513020833334,0.0067138671875,0.006876627604166667,0.005045572916666667,0.0042724609375,0.0036214192708333335,0.00362171400667372,0.0032145182291666665,0.0027262369791666665,0.0020345052083333335,0.0019125127161749745,0.0015055338541666667,0.0011801090583543582,0.0006510416666666666,0.0005696846388606307,0.0016682942708333333,0.00020345052083333334,0.00016276041666666666],"averageToxinCountInMales":[2.75,2.75,2.75,4.17741935483871,3.5604395604395602,3.3125,3.540983606557377,3.7058823529411766,3.9622641509433962,3.9019607843137254,4.022222222222222,3.9210526315789473,2.3559322033898304,3.2613636363636362,3.2072072072072073,3.207547169811321,3.207547169811321,3.207547169811321,2.875,2.6,3.4106280193236715,3.4702702702702704,3.635294117647059,3.6194029850746268,4,4.006711409395973,4.02054794520548,4.020833333333333,3.967741935483871,3.888888888888889,3.7864077669902914,3.8181818181818183,3.7578947368421054,3.797872340425532,3.872340425531915,4.1525423728813555,4.497991967871486,4.285,4.288135593220339,4.256578947368421,4.330985915492958,4.358208955223881,4.4655172413793105,4.45945945945946,4.490566037735849,4.431372549019608,4.455696202531645,4.533333333333333,4.533333333333333,4.630769230769231,4.612903225806452,4.115384615384615,5.176029962546816,5.026315789473684,4.945,4.76605504587156,4.6911764705882355,4.654255319148936,4.591194968553459,4.61437908496732,4.5,4.520325203252033,4.627450980392157,4.64,4.688172043010753,4.7894736842105265,4.882352941176471,4.769230769230769,5.075117370892019,5.3807339449541285,5.589887640449438,5.163043478260869,5.1878787878787875,5.333333333333333,5.283333333333333,5.267857142857143,5.203883495145631,5.349397590361446,5.333333333333333,5.306666666666667,5.4,5.373134328358209,5.389830508474576,5.111111111111111,5.7317073170731705,5.865384615384615,5.868421052631579,5.654320987654321,5.9655172413793105,6,6,6,6,6,6,6,6,6,6,6,6,6,6],"averageAntitoxinCountInFemales":[2.625,2.625,2.625,3.261904761904762,3.257425742574257,3.1777777777777776,3.352112676056338,3.4838709677419355,3.6129032258064515,3.6,3.641509433962264,3.6666666666666665,2.217391304347826,2.758241758241758,2.8073394495412844,2.803738317757009,2.803738317757009,2.803738317757009,2.712871287128713,2.6,3.467005076142132,3.4915254237288136,3.7177914110429446,3.9,4.161764705882353,4.17037037037037,4.25,4.25,4.295238095238095,4.206896551724138,4.085365853658536,4.1125,4.1265822784810124,4.1265822784810124,4.063291139240507,4.375,4.5588235294117645,4.377659574468085,4.379518072289157,4.50354609929078,4.544776119402985,4.57258064516129,4.610619469026549,4.62037037037037,4.62,4.673684210526316,4.659090909090909,4.635294117647059,4.658227848101266,4.657534246575342,4.537313432835821,4.2615384615384615,5.176245210727969,5.091304347826087,5.018433179723503,4.814977973568282,4.764423076923077,4.768041237113402,4.712643678160919,4.690476190476191,4.569536423841059,4.544117647058823,4.55,4.56140350877193,4.576576576576577,4.645833333333333,4.729411764705882,4.8,4.943089430894309,5.299212598425197,5.492957746478873,5.081081081081081,5.131707317073171,5.280487804878049,5.283018867924528,5.2894736842105265,5.23404255319149,5.322033898305085,5.364485981308412,5.381443298969073,5.46067415730337,5.458823529411765,5.473684210526316,5.407407407407407,5.818181818181818,5.94017094017094,5.910112359550562,5.7272727272727275,6,6,6,6,6,6,6,6,6,6,6,6,6,6,6],"reproductiveSuccessOverTime":[0,0,0,0.006375718390804598,0,0,0,0,0,0,0,0,0,0,0,0,0,0,0,0.000010022193144499179,0,0,0,0,0,0,0,0.000040690104166666664,0,0.000040690104166666664,0.000040690104166666664,0.000040690104166666664,0.000040690104166666664,0.00012207527975584945,0,0.0000012330334595959597,0.000004071877936340146,0,0,0,0,0,0,0,0,0,0,0,0,0.0000406934158053227,0.00004069175991861648,0,0,0,0,0,0.00004069175991861648,0,0.00008138020833333333,0.00008138351983723296,0.000040708324852432325,0,0,0,0,0.00004069672798307016,0,0,0.000019793209167347497,0,0,0,0.000040690104166666664,0.00008138351983723296,0.0001220703125,0.00008138020833333333,0,0,0,0.000040690104166666664,0,0,0,0,0,0,0,0,0,0,0.000040690104166666664,0.0000813868316106454,0,0.000040690104166666664,0,0,0,0,0,0,0,0,0]}