{"startTime":"2025-03-24T20:33:55.229Z","infectedMalesAtStart":16,"infectedFemalesAtStart":32,"toxinAntitoxinLength":3,"killRate":0.6686469150128361,"rescueRate":0.9279420370361429,"simulationLength":42,"infectionRatio":[0.004183371099877985,0.004183371099877985,0.004225352112676056,0.007662835249042145,0.007039388020833333,0.0025634765625,0.0034586588541666665,0.001953125,0.0030517578125,0.00341796875,0.005574544270833333,0.005574544270833333,0.004191080729166667,0.004109700520833333,0.003946940104166667,0.0038248697916666665,0.0037434895833333335,0.003745013433200358,0.0037027994791666665,0.0024820963541666665,0.0017496744791666667,0.0015055338541666667,0.0010579427083333333,0.0009765625,0.0025227864583333335,0.002197265625,0.0021974444534874258,0.0021158854166666665,0.0020751953125,0.0020751953125,0.0020752797558494405,0.0019938151041666665,0.0015055338541666667,0.0014241536458333333,0.0014241536458333333,0.0011393229166666667,0.0011393229166666667,0.0011393229166666667,0.00008138020833333333,0.00004069175991861648,0.000040690104166666664,0.000040690104166666664],"averageToxinCountInMales":[2.5625,2.5625,2.5625,2.015151515151515,2.1194029850746268,2.48,1.8108108108108107,2.8823529411764706,2.4827586206896552,2.6470588235294117,3.2666666666666666,3.2666666666666666,3.1136363636363638,3.119047619047619,3.1219512195121952,3.076923076923077,3.1578947368421053,3.1578947368421053,3.1578947368421053,2.962962962962963,3.05,2.8,3.076923076923077,3.1666666666666665,2.76,2.65,2.65,2.4444444444444446,2.411764705882353,2.411764705882353,2.411764705882353,2.411764705882353,3,3,3,3,3,3,null,null,null,null],"averageAntitoxinCountInFemales":[2.53125,2.53125,2.53125,2.1132075471698113,2.188679245283019,2.3947368421052633,1.8541666666666667,2.2903225806451615,2.3043478260869565,2.4,3.168831168831169,3.168831168831169,2.830508474576271,2.830508474576271,2.875,2.8545454545454545,2.8703703703703702,2.8703703703703702,2.9245283018867925,2.7941176470588234,2.739130434782609,2.772727272727273,2.6923076923076925,2.5,2.4594594594594597,2.588235294117647,2.588235294117647,2.588235294117647,2.588235294117647,2.588235294117647,2.588235294117647,2.5625,3,3,3,3,3,3,3,3,3,3],"reproductiveSuccessOverTime":[0,0,0,0.009266684487213758,0,0,0,0,0,0,0,0,0,0,0,0,0,0,0,0,0,0,0,0,0,0,0,0,0,0,0,0.000040690104166666664,0,0,0,0,0,0,0,0,0,0]}