{"startTime":"2025-03-24T20:43:41.882Z","infectedMalesAtStart":1024,"infectedFemalesAtStart":1024,"toxinAntitoxinLength":3,"killRate":0.8663055042335296,"rescueRate":0.6532275710262173,"simulationLength":132,"infectionRatio":[0.08333333333333333,0.08333333333333333,0.08309019930141771,0.0810546875,0.0960693359375,0.09110514322916667,0.08935546875,0.08951822916666667,0.08943684895833333,0.08784993489583333,0.08333333333333333,0.08015950520833333,0.0736083984375,0.07975260416666667,0.08182779947916667,0.07991536458333333,0.07792154947916667,0.07785967341287617,0.07449623447995116,0.07889811197916667,0.08744303385416667,0.07893880208333333,0.065673828125,0.072509765625,0.06608072916666667,0.06559511698880977,0.06608072916666667,0.060546875,0.0614852492370295,0.059407552083333336,0.061116536458333336,0.061116536458333336,0.0595703125,0.058112562568672935,0.050374348958333336,0.050374348958333336,0.049763997395833336,0.044718424479166664,0.045247395833333336,0.0474853515625,0.041585286458333336,0.038544507305954656,0.044392903645833336,0.036905924479166664,0.035481770833333336,0.03333740383441201,0.033284505208333336,0.030232747395833332,0.028728382502543236,0.028157552083333332,0.021443684895833332,0.018107096354166668,0.015909830729166668,0.011962890625,0.012654622395833334,0.011393229166666666,0.0096435546875,0.005696846388606307,0.01171875,0.010417090539165818,0.008464230487507121,0.008059592135791917,0.007527669270833333,0.007405598958333333,0.007405900305188199,0.007364908854166667,0.006673177083333333,0.005900065104166667,0.005167643229166667,0.003946940104166667,0.0027669270833333335,0.0022786458333333335,0.0016682942708333333,0.0013835198372329604,0.0025634765625,0.0027262369791666665,0.0035807291666666665,0.0034994913530010173,0.0031331380208333335,0.0037849497374954216,0.0037436419125127162,0.003662109375,0.0030517578125,0.0029703776041666665,0.0029296875,0.00244140625,0.0022786458333333335,0.0022786458333333335,0.0017903645833333333,0.0015055338541666667,0.008056640625,0.0067138671875,0.006551373346897253,0.006429036458333333,0.006103515625,0.007934893184130213,0.0076904296875,0.00732421875,0.006673177083333333,0.005859375,0.005208333333333333,0.0033365885416666665,0.0031331380208333335,0.002197265625,0.0015055338541666667,0.0009358723958333334,0.005086263020833333,0.0038655598958333335,0.0038248697916666665,0.0037027994791666665,0.0035400390625,0.0033772786458333335,0.0032146490335707018,0.0030517578125,0.002685546875,0.0021565755208333335,0.0019124348958333333,0.0010986328125,0.0009765625,0.0003255340793489318,0.0001220703125,0.00012207527975584945,0.0010579427083333333,0.001017293997965412,0.0010172526041666667,0.0009766817238432426,0.0009765625,0.0009765625,0.0009765625,0.0009765625,0.0009766817238432426,0.0005290144054691951],"averageToxinCountInMales":[2.48828125,2.48828125,2.4980039920159682,2.4339622641509435,2.449251247920133,2.4028144239226035,2.4597495527728084,2.393859649122807,2.441255605381166,2.3885819521178635,2.4338883447600392,2.402464065708419,2.4705882352941178,2.582383419689119,2.6022044088176353,2.5822267620020427,2.464509394572025,2.4607329842931938,2.4890350877192984,2.5881104033970277,2.6517273576097105,2.7880041365046537,2.8585485854858548,2.901455767077268,3.041147132169576,2.90875,3.068043742405832,3.1301460823373173,3.1681997371879107,3.2578875171467763,3.1464379947229553,3.080368906455863,3.1331521739130435,3.127094972067039,3.175409836065574,2.9643435980551054,3.017741935483871,2.9609929078014185,2.882661996497373,2.9242174629324547,2.806451612903226,2.7738589211618256,3.0108108108108107,3.0643776824034337,3.064367816091954,3.169576059850374,3.0976863753213366,3.1267217630853996,3.108187134502924,3.062130177514793,3,2.923076923076923,2.8022598870056497,2.628787878787879,2.5074626865671643,2.553719008264463,2.717171717171717,2.7547169811320753,4.641221374045801,4.725806451612903,4.744897959183674,4.771739130434782,4.850574712643678,4.892857142857143,4.892857142857143,4.892857142857143,5.144736842105263,5.2388059701492535,5.322033898305085,5.295454545454546,5.107142857142857,5.08,5,5,5.521739130434782,5.5,5.805555555555555,5.852941176470588,5.90625,5.75,5.75,5.769230769230769,5.735294117647059,5.7272727272727275,5.71875,5.678571428571429,5.666666666666667,5.666666666666667,5.833333333333333,5.857142857142857,5.978260869565218,5.972222222222222,5.971014492753623,5.970149253731344,5.968253968253968,5.977011494252873,6,6,6,6,6,6,6,6,6,6,6,6,6,6,6,6,6,6,6,6,6,6,6,6,6,6,6,6,6,6,6,6,6,6,6,6],"averageAntitoxinCountInFemales":[2.5869140625,2.5869140625,2.5843137254901962,2.5543147208121826,2.488352027610009,2.4927404718693285,2.5352504638218925,2.4943396226415095,2.556786703601108,2.5610438024231126,2.5764362220058423,2.5572289156626504,2.5783783783783782,2.685427135678392,2.6890424481737414,2.684263959390863,2.6018808777429467,2.6018808777429467,2.627450980392157,2.61283851554664,2.564935064935065,2.7276464542651593,2.8139825218476906,2.8233970753655795,2.9744525547445257,2.8288177339901477,2.8963795255930087,2.9782312925170067,3.005333333333333,3.1203830369357046,3.0120967741935485,2.9502018842530284,3.032967032967033,3.039325842696629,3.0414012738853504,2.892109500805153,2.9038142620232175,2.897196261682243,2.77634011090573,2.8625,2.816161616161616,2.8860215053763443,3.0186567164179103,3.00453514739229,3.004576659038902,3.047846889952153,2.9627039627039626,3.0710526315789473,3.0631868131868134,3.031073446327684,3.076363636363636,3.050632911392405,2.9018691588785046,2.8209876543209877,2.5706214689265536,2.7861635220125787,2.789855072463768,3.160919540229885,4.43312101910828,4.681818181818182,4.672727272727273,4.7075471698113205,4.826530612244898,4.826530612244898,4.826530612244898,4.835051546391752,4.954545454545454,5.038461538461538,5.102941176470588,4.962264150943396,4.9,5.129032258064516,5.24,5.291666666666667,5.575,5.488888888888889,5.596153846153846,5.596153846153846,5.6,5.622641509433962,5.615384615384615,5.647058823529412,5.7317073170731705,5.725,5.725,5.78125,5.862068965517241,5.862068965517241,5.923076923076923,5.913043478260869,5.990566037735849,5.989247311827957,5.989130434782608,5.989010989010989,5.988505747126437,5.9907407407407405,5.990384615384615,5.99009900990099,5.988636363636363,6,6,6,6,6,6,6,6,6,6,6,6,6,6,6,6,6,6,6,6,6,6,6,6,6,6,6,6,6,6,6,6,6],"reproductiveSuccessOverTime":[0,0,0,0,0,0.0000015070408950617283,6.56292002688172e-7,6.56292002688172e-7,0,0,0,0,0.0000021631233536877395,0.000002160294508848566,0.00008138020833333333,0.00008138020833333333,0,0.0000014341195510105077,0,0.0000018495501893939394,0,8.220223063973065e-7,0,0,0.0000036928470498025653,0.00008138351983723296,0.0000012330334595959597,6.165167297979799e-7,0.00004175060347381105,0.000011002148838805912,0.000004734521236783903,0.000002815951154851366,0.000002815951154851366,4.844651407952592e-7,0,0,0,0,0.000005086263020833333,0.000010479225426311353,0.0000047870710784313725,0,0,0,0,0.00004240105290294569,0.000004080558175847093,0.00008138020833333333,0,0,0.00008138020833333333,0,0.000005271592442645074,0,0,0,0,0,0,0,0,0,0,0,0.00004069175991861648,0,0,0,0,0,0.000040690104166666664,0,0,0,0,0,0.00008138020833333333,0.00008138351983723296,0.00008138020833333333,0.00008139676854828863,0.00008138351983723296,0.000040690104166666664,0,0,0,0,0,0,0,0.000040690104166666664,0,0,0,0.000040690104166666664,0,0,0,0.000040690104166666664,0,0,0,0,0,0,0,0,0,0,0,0,0,0,0,0.000040690104166666664,0,0,0,0,0,0,0,0,0,0,0,0.00004069507182680177,0.000040690104166666664,0.000040690104166666664,0.000040690104166666664,0.000040690104166666664,0.00004069507182680177,0]}