{"startTime":"2025-03-24T20:33:55.228Z","infectedMalesAtStart":16,"infectedFemalesAtStart":32,"toxinAntitoxinLength":3,"killRate":0.6686469150128361,"rescueRate":0.8459915163146887,"simulationLength":89,"infectionRatio":[0.0038875840285089495,0.0038875840285089495,0.003927022825820175,0.00466683951257454,0.0026041666666666665,0.0015055338541666667,0.0028889973958333335,0.0033772786458333335,0.0067138671875,0.006429036458333333,0.005289713541666667,0.004191080729166667,0.005574544270833333,0.005615234375,0.005777994791666667,0.005208333333333333,0.0050048828125,0.005007531653299678,0.004476093591047813,0.0030517578125,0.0028889973958333335,0.0027262369791666665,0.0032145182291666665,0.0038248697916666665,0.007120768229166667,0.005045572916666667,0.004557291666666667,0.0038248697916666665,0.004353841145833333,0.0048828125,0.004231770833333333,0.004109700520833333,0.004070501078682786,0.003990552976626761,0.0037434895833333335,0.0028483072916666665,0.0026041666666666665,0.0026041666666666665,0.0024007161458333335,0.001708984375,0.005330403645833333,0.003946940104166667,0.004558590093206887,0.004069010416666667,0.003987630208333333,0.0037841796875,0.003662109375,0.0036214192708333335,0.00362171400667372,0.0034993489583333335,0.0026041666666666665,0.0018310546875,0.0028483072916666665,0.002808645744291122,0.002685546875,0.0026041666666666665,0.01009319929998779,0.008790135514589183,0.010094431781178768,0.009969075520833334,0.009114583333333334,0.008829752604166666,0.009724934895833334,0.009724934895833334,0.009197834845956616,0.00895291580189639,0.007893880208333334,0.005574544270833333,0.004842122395833333,0.003257328990228013,0.002522889114954222,0.0018717447916666667,0.0030517578125,0.0028889973958333335,0.0028892325221779114,0.0028076171875,0.0027262369791666665,0.002685546875,0.0023193359375,0.002197265625,0.002197802197802198,0.002076040055361068,0.0016276041666666667,0.001220703125,0.0005289713541666666,0.0002848307291666667,0.0002441505595116989,0.0001220703125,0.000040690104166666664],"averageToxinCountInMales":[2.375,2.375,2.375,2.1627906976744184,2.130434782608696,2.75,2.2916666666666665,2.40625,2.2133333333333334,2.1805555555555554,2.0344827586206895,1.9318181818181819,1.9264705882352942,2,2.207792207792208,2.2753623188405796,2.264705882352941,2.264705882352941,2.1475409836065573,2.125,2.0256410256410255,2,1.875,1.5272727272727273,1.0777777777777777,1.0161290322580645,0.9444444444444444,0.8775510204081632,1,1.1694915254237288,1.0961538461538463,1.02,0.9795918367346939,0.9375,0.8863636363636364,0.6111111111111112,0.5,0.5,0.2,0.42857142857142855,0.1111111111111111,0.16216216216216217,0.13043478260869565,0,0,0,0,0,0,0,0,0,0,0,0,0,0,0,0,0,0,0,0,0,0,0,0,0,0,0,0,0,0,0,0,0,0,0,0,0,0,0,0,0,0,0,0,0,0],"averageAntitoxinCountInFemales":[2.375,2.375,2.375,2.5538461538461537,2.2195121951219514,2.6,2.3191489361702127,2.3137254901960786,2.2111111111111112,2.1511627906976742,1.9444444444444444,1.847457627118644,1.8405797101449275,1.876923076923077,1.9384615384615385,1.9661016949152543,1.981818181818182,1.981818181818182,1.8775510204081634,1.7428571428571429,1.59375,1.5806451612903225,1.641025641025641,1.3333333333333333,0.8235294117647058,0.6290322580645161,0.5,0.37777777777777777,0.7058823529411765,1.5573770491803278,1.4807692307692308,1.5098039215686274,1.5098039215686274,1.48,1.4791666666666667,0.4411764705882353,0.40625,0.40625,0.13793103448275862,0.14285714285714285,0.03896103896103896,0.05,0.045454545454545456,0.05,0.05,0.05454545454545454,0.05555555555555555,0.05660377358490566,0.05660377358490566,0.058823529411764705,0,0,0,0,0,0,0,0,0,0,0,0,0,0,0,0,0,0,0,0,0,0,0,0,0,0,0,0,0,0,0,0,0,0,0,0,0,null,null],"reproductiveSuccessOverTime":[0,0,0,0.006832814795609714,0,0,0,0,0,0,0,0,0.000040690104166666664,0,0,0.000040690104166666664,0.0001220703125,0.00008142327891544193,0,0,0,0,0,0,0.000029076127066464234,0.000029076127066464234,0.0001137555330349327,0.00003237532470159937,0,0,0.00008138020833333333,0,0,0,0,0,0,0.00008138020833333333,0,0,0.000040690104166666664,0.000040690104166666664,0.00004070169726077577,0,0,0,0,0,0.0000406934158053227,0,0,0,0,0,0.000040690104166666664,0,0,0,0.00004070335395636601,0,0,0,0,0,0,0.00004069507182680177,0,0,0,0.00008143322475570033,0,0.00008138020833333333,0.000040690104166666664,0.000040690104166666664,0.0000406934158053227,0.000040690104166666664,0,0,0,0,0,0,0,0,0,0,0,0.000040690104166666664,0.000040690104166666664]}