{"startTime":"2025-03-24T20:33:55.228Z","infectedMalesAtStart":16,"infectedFemalesAtStart":32,"toxinAntitoxinLength":3,"killRate":0.6686469150128361,"rescueRate":0.9115629132559072,"simulationLength":61,"infectionRatio":[0.003993344425956739,0.003993344425956739,0.003947257915511883,0.005755654480866945,0.00615999673642557,0.005859375,0.005574544270833333,0.00537109375,0.0048828125,0.004638671875,0.004475911458333333,0.006673177083333333,0.006388346354166667,0.006103515625,0.006103515625,0.005818684895833333,0.007365208545269583,0.007368806741847494,0.007002687077599544,0.011393229166666666,0.010091145833333334,0.008870442708333334,0.007854148862572742,0.007242838541666667,0.008707682291666666,0.007609049479166667,0.007405598958333333,0.007364908854166667,0.0069580078125,0.006876627604166667,0.006306966145833333,0.006184895833333333,0.012410481770833334,0.01310487973627447,0.012858072916666666,0.012654622395833334,0.0093994140625,0.006795247395833333,0.005411783854166667,0.0045166015625,0.0034993489583333335,0.004028812110853376,0.0038655598958333335,0.0037027994791666665,0.003662258392675483,0.003173828125,0.0031337755891091123,0.0028889973958333335,0.003946940104166667,0.0038660318235461686,0.0035400390625,0.003662109375,0.0029296875,0.0025634765625,0.0013021893057703264,0.0013020833333333333,0.0006510416666666666,0.00028488868991901023,0.000244140625,0.0001627802873072071,0.00012209018394921048],"averageToxinCountInMales":[2.6875,2.6875,2.6666666666666665,0.7272727272727273,0.9076923076923077,1.0188679245283019,0.9803921568627451,1.1224489795918366,1.2745098039215685,1.2653061224489797,1.3191489361702127,2.038961038961039,2.0945945945945947,2.1285714285714286,2.1285714285714286,2.1343283582089554,1.6987951807228916,1.6987951807228916,1.88,0.8244274809160306,0.9724770642201835,0.8910891089108911,0.8275862068965517,0.8271604938271605,1.556701030927835,1.6235294117647059,1.6666666666666667,1.670731707317073,1.7012987012987013,1.6973684210526316,1.7361111111111112,1.7428571428571429,1.3732394366197183,1.3533333333333333,1.4335664335664335,1.0211267605633803,0.75,0.7922077922077922,0.7704918032786885,0.7547169811320755,0.675,1.1111111111111112,1.0731707317073171,1.1025641025641026,1.1025641025641026,1.125,1.125,1.1538461538461537,1.0909090909090908,1.0930232558139534,1.1842105263157894,1.25,1.303030303030303,1.3548387096774193,1.3529411764705883,1.3529411764705883,1,1,1,1,1],"averageAntitoxinCountInFemales":[2.46875,2.46875,2.46875,1.0136986301369864,1.1511627906976745,1.164835164835165,1.058139534883721,0.9518072289156626,1.0579710144927537,1.0461538461538462,1.0793650793650793,1.5517241379310345,1.5542168674698795,1.5375,1.5375,1.5394736842105263,1.2755102040816326,1.2755102040816326,1.288659793814433,0.6241610738255033,0.8848920863309353,0.9743589743589743,0.9150943396226415,0.9381443298969072,1.6581196581196582,1.7450980392156863,1.7623762376237624,1.7676767676767677,1.851063829787234,1.8602150537634408,1.9397590361445782,1.9390243902439024,1.4723926380368098,1.447674418604651,1.4566473988439306,0.9644970414201184,0.7317073170731707,0.8555555555555555,0.7777777777777778,0.7413793103448276,0.6739130434782609,1.2407407407407407,1.2407407407407407,1.2692307692307692,1.2745098039215685,1.3043478260869565,1.3111111111111111,1.3111111111111111,1.2641509433962264,1.2692307692307692,1.3061224489795917,1.32,1.435897435897436,1.65625,2.1333333333333333,2.1333333333333333,1.5,1,1,1,1],"reproductiveSuccessOverTime":[0,0,0,0.007059669949188363,0.0004895361644841513,0.0000054253472222222224,0,0,0,0,0,0,0,0,0,0,0.00004069175991861648,0.00004071163945772096,0.00004071329696278805,0,0,0,0,0,0,0,0,0,0.000040690104166666664,0,0,0.00008138020833333333,0,0.00008139676854828863,0.000040690104166666664,0,0,0,0,0,0.00008138020833333333,0.00004069507182680177,0,0,0,0,0,0.00008138020833333333,0.00008138020833333333,0.00004069507182680177,0,0,0,0,0,0,0,0.000040698384274144313,0,0.00004069507182680177,0]}