{"startTime":"2025-03-24T20:33:26.773Z","infectedMalesAtStart":1024,"infectedFemalesAtStart":1024,"toxinAntitoxinLength":3,"killRate":0.343824650017551,"rescueRate":0.4148857228285425,"simulationLength":289,"infectionRatio":[0.1734564241551622,0.1734564241551622,0.17326139088729017,0.1809988043778166,0.1805419921875,0.1776123046875,0.17533365885416666,0.17041015625,0.17032877604166666,0.16707356770833334,0.16560872395833334,0.1666259765625,0.17472330729166666,0.17236328125,0.17057291666666666,0.17500813802083334,0.17293294270833334,0.17423872333496174,0.17789713541666666,0.1912841796875,0.18636067708333334,0.18562825520833334,0.17301432291666666,0.1668701171875,0.1776123046875,0.17167154947916666,0.16634114583333334,0.154052734375,0.16227213541666666,0.1654052734375,0.1629638671875,0.17427571614583334,0.1676025390625,0.16844375712192738,0.17130533854166666,0.17936197916666666,0.189697265625,0.18391927083333334,0.1663818359375,0.16031901041666666,0.14840284842319432,0.13692220052083334,0.13435872395833334,0.12809244791666666,0.12923177083333334,0.12581892166836214,0.13102213541666666,0.14497884114583334,0.14143880208333334,0.14278157552083334,0.15027466937945066,0.1614990234375,0.18387858072916666,0.17411295572916666,0.16414388020833334,0.15751139322916666,0.1429443359375,0.14994303385416666,0.14005533854166666,0.1342828077314344,0.12980143229166666,0.1268310546875,0.13098677517802645,0.14058430989583334,0.1373402783429641,0.13594563802083334,0.1395263671875,0.15592447916666666,0.17012532552083334,0.15743001302083334,0.14945475260416666,0.13655598958333334,0.12662760416666666,0.13297526041666666,0.12556966145833334,0.12255859375,0.12679036458333334,0.12418619791666667,0.12410481770833333,0.125244140625,0.12032553407934893,0.12291912572754284,0.12101236979166667,0.13985188802083334,0.15034993489583334,0.14249674479166666,0.1326904296875,0.11698404947916667,0.09916985431757142,0.1048583984375,0.0986328125,0.10091145833333333,0.11002604166666667,0.10989010989010989,0.1029052734375,0.0982666015625,0.09318033854166667,0.09165309446254072,0.08821614583333333,0.0928955078125,0.09952799479166667,0.09110514322916667,0.09769694010416667,0.0889892578125,0.0826416015625,0.08870442708333333,0.0775146484375,0.08795994789970693,0.097412109375,0.0975341796875,0.09033203125,0.0848388671875,0.07564290364583333,0.06882096780757804,0.06181078331637843,0.06888834635416667,0.0782470703125,0.073974609375,0.07650050864699898,0.06966145833333333,0.061930338541666664,0.07271321614583333,0.059122721354166664,0.06998697916666667,0.080078125,0.07421875,0.0703125,0.06461588541666667,0.06005859375,0.05680800846423049,0.052937825520833336,0.055788402848423194,0.057291666666666664,0.053873697916666664,0.04915764629282982,0.043497721354166664,0.041259765625,0.055338541666666664,0.048380533854166664,0.058064778645833336,0.06534830729166667,0.06949869791666667,0.06446099377365401,0.061442057291666664,0.059733072916666664,0.054280598958333336,0.05245167853509664,0.0517578125,0.050048828125,0.050130208333333336,0.051839192708333336,0.047932942708333336,0.05367243133265514,0.058430989583333336,0.0478515625,0.06685384114583333,0.07316080729166667,0.07686673448626653,0.0711669921875,0.06599934895833333,0.06103515625,0.05810783316378433,0.0574951171875,0.056477864583333336,0.054890950520833336,0.0550537109375,0.05412444552964636,0.052897135416666664,0.05050052901440547,0.0491943359375,0.03662109375,0.059488932291666664,0.053141276041666664,0.057657877604166664,0.049967447916666664,0.044881184895833336,0.042195638020833336,0.041422526041666664,0.04131222271968741,0.041097005208333336,0.040690104166666664,0.04021327689364647,0.036990314967038335,0.041585286458333336,0.040201822916666664,0.034505208333333336,0.024454752604166668,0.052775065104166664,0.048787434895833336,0.05828245828245828,0.056437174479166664,0.052571614583333336,0.048665364583333336,0.045491536458333336,0.0454175484291063,0.04455747711088504,0.04386571719226857,0.042032877604166664,0.039210097719869705,0.038004557291666664,0.041422526041666664,0.035400390625,0.0289306640625,0.0513916015625,0.0465087890625,0.050008138020833336,0.052978515625,0.0501708984375,0.043497721354166664,0.041748046875,0.040852864583333336,0.040364583333333336,0.03955078125,0.03886221209408318,0.036946614583333336,0.032798893139090096,0.027913411458333332,0.024983723958333332,0.0174560546875,0.037150065104166664,0.038536664767640595,0.037556966145833336,0.037272135416666664,0.034952799479166664,0.03271484375,0.031046549479166668,0.031129196337741607,0.031049076259461218,0.028767903645833332,0.0255126953125,0.0257568359375,0.022216796875,0.017740885416666668,0.017374674479166668,0.012980143229166666,0.022420247395833332,0.025472005208333332,0.025431315104166668,0.0255126953125,0.020263671875,0.021402994791666668,0.021038495971351837,0.030436197916666668,0.027102917836649983,0.02274947094253622,0.019287109375,0.019084435401831128,0.015871723913397362,0.010416666666666666,0.006917317708333333,0.006429036458333333,0.005533854166666667,0.013142903645833334,0.013717030283295344,0.015910478128179043,0.014363606770833334,0.012939453125,0.012736002604166666,0.014485677083333334,0.01534266644961745,0.012939453125,0.011761354387107277,0.008870803662258392,0.007370607158854909,0.006388606307222788,0.0047607421875,0.0029703776041666665,0.002522889114954222,0.004801432291666667,0.004843107728623174,0.007731749003011313,0.007609049479166667,0.007527669270833333,0.007405598958333333,0.0072021484375,0.007080942497863509,0.007039388020833333,0.007039388020833333,0.005696614583333333,0.004028812110853376,0.001709053916581892,0.0013427734375,0.0003255208333333333,0.0003255208333333333,0.000244140625,0.0001220703125,0.0000813868316106454,0.000040690104166666664,0.000040690104166666664],