{"startTime":"2025-03-24T20:33:55.229Z","infectedMalesAtStart":16,"infectedFemalesAtStart":32,"toxinAntitoxinLength":3,"killRate":0.9783495857942636,"rescueRate":0.9115629132559072,"simulationLength":49,"infectionRatio":[0.003830194701563996,0.003830194701563996,0.003870967741935484,0.0049964008976584665,0.006591796875,0.0029703776041666665,0.0033365885416666665,0.0029296875,0.0057373046875,0.004720052083333333,0.004597981770833333,0.004313151041666667,0.00390625,0.0037841796875,0.0030517578125,0.0029296875,0.0028889973958333335,0.0028908794788273617,0.0026856561546286877,0.0021565755208333335,0.004679361979166667,0.0038248697916666665,0.004150390625,0.0037841796875,0.0036214192708333335,0.0024007161458333335,0.0024007161458333335,0.002197265625,0.0015055338541666667,0.00146484375,0.0013427734375,0.0013427734375,0.0013021363173957273,0.0013024543123448247,0.0013020833333333333,0.0008138020833333334,0.0020345052083333335,0.0016682942708333333,0.00146484375,0.0013020833333333333,0.00008138020833333333,0.00008138020833333333,0.00008138020833333333,0.00008138020833333333,0.00008138351983723296,0.000040690104166666664,0.000040690104166666664,0.000040690104166666664,0.000040690104166666664],"averageToxinCountInMales":[2.4375,2.4375,2.4375,1.4545454545454546,1.3372093023255813,1.1515151515151516,1.7777777777777777,1.875,1.911764705882353,1.9245283018867925,1.9423076923076923,1.9423076923076923,1.8571428571428572,1.826086956521739,2,2,1.9736842105263157,1.9736842105263157,2.0285714285714285,2.423076923076923,1.7058823529411764,1.55,3.017543859649123,3.12,3.0789473684210527,2.652173913043478,2.652173913043478,2.727272727272727,3.533333333333333,3.5,3.6153846153846154,3.6153846153846154,3.6153846153846154,3.6153846153846154,3.6153846153846154,3.4,1.84,1.2777777777777777,1.1176470588235294,1.125,3,3,3,3,3,null,null,null,null],"averageAntitoxinCountInFemales":[2.34375,2.34375,2.34375,1.5396825396825398,1.644736842105263,1.9,2.391304347826087,2.475,2.041095890410959,2.1587301587301586,2.180327868852459,2.240740740740741,2.0851063829787235,2.0851063829787235,2.4857142857142858,2.4242424242424243,2.4242424242424243,2.4242424242424243,2.3548387096774195,2.4814814814814814,1.578125,1.5925925925925926,2.4,2.441860465116279,2.980392156862745,2.8333333333333335,2.8333333333333335,2.875,3.590909090909091,3.590909090909091,3.55,3.55,3.6842105263157894,3.6842105263157894,3.6842105263157894,3.4,1.72,1.5217391304347827,1.1578947368421053,1.1875,4,4,4,4,4,4,4,4,4],"reproductiveSuccessOverTime":[0,0,0,0.004827031375703942,0,0,0,0,0,0,0,0,0,0,0.000040690104166666664,0,0.0001220703125,0.0001221498371335505,0,0,0,0,0,0,0,0.000040690104166666664,0,0.000040690104166666664,0,0,0,0,0.00004069175991861648,0.00008140339452155154,0,0,0,0,0,0,0,0,0,0,0,0,0,0,0]}