{"startTime":"2025-03-24T18:23:05.935Z","infectedMalesAtStart":1024,"infectedFemalesAtStart":1024,"toxinAntitoxinLength":3,"killRate":0.375,"rescueRate":0.25,"simulationLength":183,"infectionRatio":[0.16087981146897093,0.16087981146897093,0.16074825618262523,0.15905253069234632,0.1672228552824353,0.18513997395833334,0.170654296875,0.16805013020833334,0.16776529947916666,0.1552734375,0.15397135416666666,0.16365559895833334,0.1611328125,0.16158040364583334,0.1612548828125,0.165771484375,0.16475423177083334,0.1639190784385558,0.16952877024497437,0.15694173177083334,0.15059407552083334,0.15901692708333334,0.1549072265625,0.1424560546875,0.13077799479166666,0.13179524739583334,0.13981119791666666,0.13529459635416666,0.1322398144002605,0.13496907552083334,0.1326904296875,0.13037109375,0.13018353477393887,0.1298828125,0.12569173177083334,0.12967936197916666,0.14969889322916666,0.15144856770833334,0.14485677083333334,0.12882486979166666,0.12683165092803647,0.12532552083333334,0.12919108072916666,0.12015787760416667,0.12071632071632071,0.11885579427083333,0.10986328125,0.10831705729166667,0.10779247202441505,0.1075570748382371,0.10225423177083333,0.10697428385416667,0.143798828125,0.13863118489583334,0.13228352864583334,0.115966796875,0.10994466145833333,0.11474609375,0.11024743610613706,0.10229908443540184,0.10652669270833333,0.10510681586978637,0.10441080729166667,0.1070556640625,0.106201171875,0.10526315789473684,0.09289928789420142,0.08402506510416667,0.11824544270833333,0.1134033203125,0.11287434895833333,0.11079915364583333,0.10079348931841302,0.09302514853096769,0.08956620818751526,0.08256358087487284,0.0804443359375,0.08247884114583333,0.08121744791666667,0.08113606770833333,0.07768689211736458,0.0762939453125,0.07181803385416667,0.069091796875,0.0888671875,0.087890625,0.08614095052083333,0.08048502604166667,0.08121744791666667,0.0737831678333062,0.0697977290301575,0.06424967447916667,0.061808268229166664,0.0621337890625,0.05904374364191251,0.060709635416666664,0.058797200520833336,0.05847405900305188,0.054931640625,0.045735677083333336,0.07425944010416667,0.09004720052083333,0.08467610677083333,0.08265505453361549,0.080354962142799,0.0743438453713123,0.07028897028897028,0.0662841796875,0.0594482421875,0.05761953204476094,0.055908203125,0.05465793008017582,0.05322265625,0.05485249237029501,0.0493364813156395,0.03283958655489542,0.050333658854166664,0.07047526041666667,0.07010904947916667,0.06718482949458777,0.06473795572916667,0.0634765625,0.06380987262442518,0.0576171875,0.050821940104166664,0.04663465451289981,0.04541200406917599,0.044274436396191094,0.044230143229166664,0.04716942737373326,0.04317922839003744,0.02600203458799593,0.039879547489216245,0.056803385416666664,0.052042643229166664,0.04924504497171462,0.046630859375,0.04561546286876907,0.041637836297773616,0.037516276041666664,0.03564453125,0.033854166666666664,0.03158580267014002,0.031340306890797344,0.030967689427850574,0.03404047396066615,0.039591471354166664,0.026163736979166668,0.035115559895833336,0.041219075520833336,0.03369140625,0.03153611393692777,0.027730201451757606,0.026653102746693795,0.024658203125,0.023316378433367244,0.021609962559010255,0.021624923640806353,0.021586836102965135,0.021588594704684317,0.022082790091264667,0.028491073612130106,0.02795523906408952,0.015380859375,0.022420247395833332,0.024617513020833332,0.019490559895833332,0.014854910260062675,0.012697895893533026,0.011881510416666666,0.010174596068536079,0.0072847143089695586,0.005902466824065782,0.005620723362658847,0.005628058727569331,0.0053427953831722335,0.005260582334230487,0.005909683730029345,0.007448713774014979,0.00244220123738196,0.0026448567708333335,0.0013427734375,0.00016276041666666666],"averageToxinCountInMales":[2.54296875,2.54296875,2.5428286852589643,2.391304347826087,2.4801762114537445,2.324797843665768,2.46172480620155,2.3564064801178204,2.4359726295210167,2.431043523859465,2.3476190476190477,2.3966033966033966,2.4767911200807267,2.5163727959697733,2.5342396777442096,2.5511002444987776,2.5634218289085546,2.5622529644268774,2.5714971209213053,2.397943444730077,2.2973698336017176,2.118831822759315,2.2653061224489797,2.2022598870056496,2.193973634651601,2.3617424242424243,2.2268163024217364,2.261761158021713,2.3052030456852792,2.3111387678904793,2.2259493670886075,2.2056737588652484,2.2094072164948453,2.222871994801819,2.2262228260869565,1.741851368970013,1.610678531701891,1.5115529285330467,1.5301339285714286,1.6169278996865204,1.5417996171027442,1.7937944408532644,1.750620347394541,1.7973421926910298,1.7899271040424123,1.783747481531229,1.8363636363636364,1.7344213649851632,1.728422619047619,1.7274074074074075,1.8089171974522293,1.3631539044730856,1.197191011235955,1.1410404624277457,1.2542682926829267,1.3261021693491952,1.2590673575129534,1.4848275862068965,1.468975468975469,1.5054263565891473,1.4822222222222223,1.4698795180722892,1.5026697177726926,1.41635687732342,1.414488424197162,1.4133533383345835,1.4723874256584537,1.219941348973607,1.1315240083507307,1.1010830324909748,1.0882986360373295,1.119589141599413,1.0841423948220066,1.0646288209606987,1.1120293847566576,1.0806772908366533,1.0601659751037344,1.0895218718209563,1.021671826625387,0.9834710743801653,0.9739413680781759,0.9730337078651685,0.9892984542211652,0.8922872340425532,0.9291949563530553,0.9285714285714286,0.9368932038834952,1.0712041884816754,1.0985626283367556,1.0778781038374718,1.0688836104513064,1.0410783055198973,1.0241286863270778,1.023872679045093,1.0167597765363128,1.0054054054054054,1.0014064697609002,0.9943422913719944,1.0075528700906344,0.8614232209737828,0.9577308120133482,0.9763636363636363,0.9599609375,1.0427435387673956,1.0467005076142133,0.9989023051591658,0.9780600461893765,0.9733009708737864,0.9782608695652174,0.9789029535864979,0.9539568345323741,0.9528023598820059,0.9513677811550152,0.9520958083832335,0.9684908789386402,0.9865591397849462,0.9919093851132686,0.9701149425287356,0.9747995418098511,0.986857825567503,0.9875930521091811,0.9872611464968153,0.9872935196950444,0.9858557284299858,0.9838449111470113,0.9824253075571178,0.982078853046595,0.981651376146789,0.9816176470588235,0.9827586206896551,0.9814126394052045,0.9686520376175548,0.9875518672199171,0.9445234708392604,0.9414483821263482,0.9496753246753247,0.9464594127806563,0.9453262786596119,0.9424184261036468,0.9358974358974359,0.9339407744874715,0.9317647058823529,0.9267676767676768,0.9289340101522843,0.9352331606217616,0.9425837320574163,0.9520958083832335,0.936231884057971,0.988479262672811,1,1,1,1,1,1,1,1,1,1,1,1,1,1,1,1,1,1,1,1,1,1,1,1,1,1,1,1,1,1,1,1,1,1],