{"startTime":"2025-03-24T20:33:55.229Z","infectedMalesAtStart":16,"infectedFemalesAtStart":32,"toxinAntitoxinLength":3,"killRate":0.860557565166468,"rescueRate":0.5485390086966543,"simulationLength":51,"infectionRatio":[0.003747072599531616,0.003747072599531616,0.00378698224852071,0.009430741657420841,0.007812817904374365,0.00732421875,0.009724934895833334,0.0084228515625,0.0074462890625,0.007283528645833333,0.009969075520833334,0.010782877604166666,0.009440104166666666,0.009724934895833334,0.0093994140625,0.009033203125,0.008871164645560349,0.008873331162487789,0.006758407295822816,0.004313151041666667,0.0038248697916666665,0.0062255859375,0.00341796875,0.0016276041666666667,0.0013020833333333333,0.0011800130208333333,0.002970619353788557,0.0028889973958333335,0.0028076171875,0.0027262369791666665,0.002685546875,0.0026452873188995605,0.002644964394710071,0.0026050146532074245,0.0025643112992510585,0.0026448567708333335,0.0011800130208333333,0.0008544921875,0.0007731119791666666,0.0007731119791666666,0.000732421875,0.000732421875,0.0007324516785350967,0.000732421875,0.0006917880686904858,0.0006918443757121927,0.0006917317708333334,0.0006917599186164802,0.000244140625,0.000244140625,0.0002035499104380394],"averageToxinCountInMales":[2.5,2.5,2.5,1.58,1.5824175824175823,2.048780487804878,1.8521739130434782,1.8217821782178218,1.9885057471264367,2.2413793103448274,2.4921875,2.4586466165413534,2.610169491525424,2.4959349593495936,2.5294117647058822,2.575221238938053,2.5585585585585586,2.5585585585585586,2.9770114942528734,3.4615384615384617,3.3191489361702127,4.1066666666666665,4.024390243902439,4.375,4.5,4.384615384615385,3.1842105263157894,3.189189189189189,3.085714285714286,3.1470588235294117,3.212121212121212,3.15625,3.15625,3.15625,3.15625,2.075,1.45,1.5,1.6,1.6,1.6,1.6,1.6,1.6,1,1,1,1,1,1,1],"averageAntitoxinCountInFemales":[2.625,2.625,2.625,1.6942148760330578,1.7227722772277227,2.122448979591837,1.9596774193548387,1.9528301886792452,2.1041666666666665,2.239130434782609,2.4786324786324787,2.3181818181818183,2.508771929824561,2.4827586206896552,2.4732142857142856,2.477064220183486,2.485981308411215,2.485981308411215,3.0126582278481013,3.2037037037037037,3.148936170212766,4.115384615384615,3.7674418604651163,3.4166666666666665,3.3333333333333335,3.625,3.4,3.4705882352941178,3.4705882352941178,3.5454545454545454,3.5454545454545454,3.5454545454545454,3.5454545454545454,3.5,3.4838709677419355,3.08,1.6666666666666667,1.6666666666666667,1.6666666666666667,1.6666666666666667,1,1,1,1,1,1,1,1,1,1,1],"reproductiveSuccessOverTime":[0,0,0,0.0054621490142527955,0.00004069175991861648,0,0,0,0,0,0,0,0,0,0,0,0,0.00004070335395636601,0,0.000010722392314189188,5.498662725225225e-7,5.498662725225225e-7,0,0,0,0,0,0,0,0,0,0,0,0.00004070335395636601,0.00004070335395636601,0,0,0,0,0,0,0,0,0,0,0,0,0,0,0,0.00012212994626282364]}