{"startTime":"2025-03-24T20:33:55.229Z","infectedMalesAtStart":16,"infectedFemalesAtStart":32,"toxinAntitoxinLength":3,"killRate":0.013055076489070672,"rescueRate":0.9279420370361429,"simulationLength":67,"infectionRatio":[0.003852636648206116,0.003852636648206116,0.0038096782037772554,0.0018766527339418237,0.0015462239583333333,0.0013020833333333333,0.004720052083333333,0.0062255859375,0.0037841796875,0.0035400390625,0.0030924479166666665,0.00288911495422177,0.0034993489583333335,0.0034993489583333335,0.0034993489583333335,0.0034993489583333335,0.0052490234375,0.005208969193830627,0.006184895833333333,0.0029703776041666665,0.0026041666666666665,0.0021565755208333335,0.0025634765625,0.0028483072916666665,0.0027669270833333335,0.0027669270833333335,0.0027669270833333335,0.0027265698123957187,0.004353841145833333,0.004313326551373347,0.0043135020753642065,0.004313151041666667,0.0037841796875,0.0037038544507305956,0.005859375,0.004191080729166667,0.0038655598958333335,0.0028889973958333335,0.006103515625,0.005045572916666667,0.005615234375,0.004964192708333333,0.004109700520833333,0.00341796875,0.0026856561546286877,0.0023193359375,0.002197265625,0.0021565755208333335,0.0020751953125,0.0019938962360122074,0.0017904374364191252,0.0013427734375,0.0009765625,0.0005289713541666666,0.0003662109375,0.000244140625,0.0006103515625,0.0006103515625,0.0004069010416666667,0.0004069010416666667,0.0004069175991861648,0.0004069010416666667,0.0004069010416666667,0.0004069010416666667,0.0004069838427414432,0.00040695071826801776,0.0004069010416666667],"averageToxinCountInMales":[3.125,3.125,2.933333333333333,3,3.0833333333333335,3.090909090909091,1.7692307692307692,1.6376811594202898,1.5957446808510638,1.4318181818181819,1.2162162162162162,1.303030303030303,1.131578947368421,1.131578947368421,1.131578947368421,1.131578947368421,1.098360655737705,1.098360655737705,0.8732394366197183,0.7142857142857143,0.7241379310344828,0.7727272727272727,1.2592592592592593,1.1111111111111112,1.1428571428571428,1.1428571428571428,1.1428571428571428,1.1764705882352942,0.7017543859649122,0.7017543859649122,0.7017543859649122,0.7017543859649122,0.8163265306122449,0.851063829787234,0.5,0.37037037037037035,0.38,0.32432432432432434,1.3506493506493507,1.375,1.4666666666666666,1.5072463768115942,1.5517241379310345,1.5510204081632653,1.7,1.6470588235294117,1.625,1.625,1.6129032258064515,1.7241379310344827,1.7857142857142858,1.8,1.8666666666666667,2,2,2,2,2,2,2,2,2,2,2,2,2,2],"averageAntitoxinCountInFemales":[2.375,2.375,2.375,2.4,2.269230769230769,2.238095238095238,1.625,1.7261904761904763,1.4782608695652173,1.3488372093023255,1.358974358974359,1.3421052631578947,1,1,1,1,1,0.9552238805970149,0.6790123456790124,0.631578947368421,0.6,0.6129032258064516,1.1944444444444444,1.0588235294117647,1.0909090909090908,1.0909090909090908,1.0909090909090908,1.0909090909090908,0.72,0.7346938775510204,0.7346938775510204,0.7346938775510204,0.8181818181818182,0.8181818181818182,0.4852941176470588,0.3673469387755102,0.4,0.4117647058823529,1.3424657534246576,1.3333333333333333,1.4285714285714286,1.5471698113207548,1.627906976744186,1.542857142857143,1.9230769230769231,1.9130434782608696,1.9090909090909092,1.9047619047619047,2,2,2,2,2,2,2,2,2,2,2,2,2,2,2,2,2,2,2],"reproductiveSuccessOverTime":[0,0,0,0.006397679774801672,0,0,0,0,0,0,0.000040690104166666664,0,0,0,0,0.000040690104166666664,0,0,0,0,0,0,0,0,0,0,0,0,0,0,0,0,0,0,0,0,0,0,0,0,0,0,0,0,0,0,0,0.000040690104166666664,0,0.0001627670396744659,0.00008138351983723296,0,0,0,0,0,0,0,0,0,0,0,0,0,0,0,0]}