{"startTime":"2025-03-24T21:01:06.836Z","infectedMalesAtStart":4096,"infectedFemalesAtStart":2056,"toxinAntitoxinLength":3,"killRate":1,"rescueRate":0.5,"simulationLength":122,"infectionRatio":[0.2503255208333333,0.2503255208333333,0.24952779830828611,0.22652180989583334,0.2186279296875,0.20951334635416666,0.20125325520833334,0.2047119140625,0.195068359375,0.185302734375,0.17586263020833334,0.17008463541666666,0.17041015625,0.17093912760416666,0.16597493489583334,0.16151216733132578,0.1556396484375,0.15500999143591207,0.15199216997675463,0.15059407552083334,0.16023763020833334,0.16398111979166666,0.1719970703125,0.16971842447916666,0.15401204427083334,0.13468972533062054,0.122802734375,0.11727365208545269,0.115234375,0.11165364583333333,0.1126668837512211,0.107666015625,0.10491189516949498,0.10419127530446826,0.09859212239583333,0.0943603515625,0.10111490885416667,0.0958251953125,0.115234375,0.11519368489583333,0.11271158854166667,0.0975341796875,0.08919633774160732,0.0828144711675416,0.08056640625,0.07303873697916667,0.074951171875,0.0712890625,0.06934158053226988,0.06784420658499858,0.06467236467236467,0.06864420572916667,0.06937662760416667,0.06416829427083333,0.07922685656154628,0.08748372395833333,0.08333333333333333,0.07316080729166667,0.06331380208333333,0.05224609375,0.045125325520833336,0.0416259765625,0.041139369277721265,0.04052734375,0.039225260416666664,0.03780264496439471,0.034141775860665746,0.034383138020833336,0.035319010416666664,0.033121744791666664,0.0374755859375,0.049072265625,0.0482177734375,0.040568033854166664,0.032185872395833336,0.027669270833333332,0.0230712890625,0.019613428280773143,0.019449869791666668,0.019129797712564615,0.018473307291666668,0.0162353515625,0.0142822265625,0.014241536458333334,0.019002278645833332,0.0201416015625,0.019982906678604858,0.021891276041666668,0.021280924479166668,0.019368489583333332,0.015421549479166666,0.0115966796875,0.010701497395833334,0.010416666666666666,0.009603646130056157,0.008790851003215172,0.008260091145833334,0.007161458333333333,0.006144205729166667,0.007527669270833333,0.0125732421875,0.01123046875,0.009237405387808253,0.008138020833333334,0.007039388020833333,0.006184895833333333,0.004801627670396744,0.004191080729166667,0.0035400390625,0.003133265513733469,0.002767039674465921,0.0021976233110857888,0.0021565755208333335,0.0017903645833333333,0.0015462868769074262,0.0033772786458333335,0.004964192708333333,0.0025227864583333335,0.0018311291963377416,0.0008544921875,0.0006917317708333334,0.00036622583926754833],"averageToxinCountInMales":[2.49169921875,2.49169921875,2.4934128759632115,2.4702061564529796,2.506568897036358,2.473947895791583,2.41534008683068,2.3252923976608186,2.299255777516647,2.329308909242298,2.3423985733392776,2.303058823529412,2.413187855787476,2.4857142857142858,2.4871159563924676,2.464028776978417,2.485074626865672,2.4824797843665767,2.497249724972497,2.3751393534002228,2.296239837398374,2.258964143426295,2.148165793234874,2.0463640800390435,2.072269807280514,2.042150274893097,1.9635627530364372,1.9320943531093637,1.8818443804034581,1.947562776957164,1.9558173784977908,1.9544753086419753,1.953062848050915,1.9413654618473895,1.9776247848537005,1.8425760286225403,1.721774193548387,1.6095890410958904,1.4511595221363316,1.3314203730272596,1.3763596809282088,1.3472696245733788,1.221606648199446,1.3141724479682855,1.350453172205438,1.3289036544850499,1.4593716143011917,1.4417808219178083,1.4500587544065804,1.4362980769230769,1.5063613231552162,1.4026442307692308,1.3862815884476534,1.4410187667560321,1.1577801958650706,1.078468899521531,1.0743310208126857,1.100907029478458,1.0182054616384915,1.014018691588785,1.0985401459854014,1.0968379446640317,1.0861723446893787,1.0756646216768917,1.0676532769556026,1.0656455142231946,1.0387409200968523,1.0212264150943395,1.0955710955710956,1.3383458646616542,0.9575371549893843,1.0480769230769231,0.9868852459016394,0.9980392156862745,1.0049627791563276,1.0263157894736843,0.9892857142857143,1.0853658536585367,1.0942622950819672,1.1041666666666667,1.0826086956521739,1.0588235294117647,1.0055555555555555,0.994535519125683,1.2777777777777777,1.5037313432835822,1.255813953488372,1.2387543252595157,1.2355072463768115,1.2401574803149606,1.2561576354679802,1.150943396226415,1.135135135135135,1.1338028169014085,1.1654135338345866,1.2601626016260163,1.3043478260869565,1.2941176470588236,1.2705882352941176,1.1041666666666667,1.457516339869281,1.4351145038167938,1.4095238095238096,1.4333333333333333,1.3875,1.3098591549295775,1.2264150943396226,1.2173913043478262,1.0769230769230769,1,0.875,1.12,1.12,1,1,1.0222222222222221,1.4285714285714286,1.0588235294117647,1,1,1,1],"averageAntitoxinCountInFemales":[2.470817120622568,2.470817120622568,2.471275559883155,2.4185587364264562,2.526190476190476,2.4881670533642692,2.4110907424381303,2.3167755991285404,2.314145470771977,2.3382899628252787,2.324675324675325,2.2720194647201946,2.379326923076923,2.4545454545454546,2.497331392527899,2.4829461196243203,2.499743458183684,2.498972250770812,2.491880565741226,2.3209229155742004,2.2852791878172587,2.21513353115727,2.0690789473684212,1.9679547596606974,1.9900886802295252,1.9438135086670651,1.880859375,1.8678354686446392,1.865650969529086,1.9215827338129496,1.9425531914893617,1.9496296296296296,1.9462528387585163,1.9482102056359483,1.985725614591594,1.8409658617818485,1.770281124497992,1.620050547598989,1.4293825408090846,1.336116910229645,1.3953989935298345,1.3893877551020408,1.2867448151487826,1.3732943469785575,1.4002026342451874,1.4114349775784754,1.5680087051142546,1.5513698630136987,1.5545134818288393,1.5461077844311377,1.6027397260273972,1.4385964912280702,1.3958810068649885,1.4380264741275572,1.2217898832684826,1.0986425339366517,1.0712223291626564,1.044759825327511,0.9326556543837357,0.9610591900311527,1.032085561497326,1.0638297872340425,1.05859375,1.0512820512820513,1.0366598778004072,1.021186440677966,0.9929577464788732,0.9619952494061758,1.1002277904328017,1.272289156626506,0.9888888888888889,1.0206185567010309,0.9878260869565217,1.002053388090349,1.0360824742268042,1.0857988165680474,1.0801393728222997,1.2796610169491525,1.2863247863247864,1.2826086956521738,1.2678571428571428,1.2307692307692308,1.2105263157894737,1.0598802395209581,1.2697674418604652,1.4140969162995596,1.1888412017167382,1.2530120481927711,1.3360323886639676,1.3018018018018018,1.2386363636363635,1.0873015873015872,1.0347826086956522,1.0263157894736843,1.0388349514563107,1.1290322580645162,1.1363636363636365,1.0675675675675675,1,0.9775280898876404,1.435897435897436,1.4413793103448276,1.4836065573770492,1.509090909090909,1.4623655913978495,1.382716049382716,1.3692307692307693,1.3859649122807018,1.2708333333333333,1.146341463414634,1.0277777777777777,1.2758620689655173,1.3214285714285714,1.2272727272727273,1.2380952380952381,1.131578947368421,1.4807692307692308,1.1071428571428572,1,1,1,1],"reproductiveSuccessOverTime":[0,0,0,0,0,0,0,0,0,0,0,0,0,0,0.00008138020833333333,0.0000406934158053227,0,0,0,0,0,0,0,0,0,0,0,0,0,0.000040690104166666664,0.00008140670791273201,0.000040690104166666664,0.00004069507182680177,0,0,0,0,0,0,0,0,0,0,0.00004069507182680177,0,0,0.000040690104166666664,0,0.0000406934158053227,0,0,0,0,0,0,0,0,0,0,0.00008138020833333333,0,0,0.00004069175991861648,0.000040690104166666664,0,0,0,0,0,0,0,0,0,0,0,0.000040690104166666664,0.0001220703125,0.00008138351983723296,0.000040690104166666664,0.00008140339452155154,0.000040690104166666664,0.000040690104166666664,0,0,0,0,0,0,0,0,0,0,0,0,0,0,0.00008138020833333333,0,0,0,0,0,0,0,0,0,0,0,0,0,0,0,0,0.000040690104166666664,0,0.000040690104166666664,0,0,0.00004069175991861648,0,0,0]}