{"startTime":"2025-03-24T20:33:55.229Z","infectedMalesAtStart":16,"infectedFemalesAtStart":32,"toxinAntitoxinLength":3,"killRate":0.6686469150128361,"rescueRate":0.5485390086966543,"simulationLength":76,"infectionRatio":[0.0038213518032003822,0.0038213518032003822,0.003861935795317403,0.0020371895453166313,0.010579427083333334,0.0096435546875,0.010986328125,0.012491861979166666,0.01123046875,0.009195963541666666,0.009806315104166666,0.0123291015625,0.011922200520833334,0.010904947916666666,0.0093994140625,0.009236653645833334,0.008870442708333334,0.008875498737887793,0.008627004150728413,0.006510416666666667,0.009602864583333334,0.009562174479166666,0.007771809895833333,0.006144205729166667,0.0059814453125,0.005411783854166667,0.004964192708333333,0.005330403645833333,0.005126953125,0.00492430408595149,0.004598168870803662,0.004516785350966429,0.004313151041666667,0.0043135020753642065,0.0042724609375,0.0029703776041666665,0.004720052083333333,0.005330403645833333,0.0014241536458333333,0.0009358723958333334,0.0008951822916666666,0.0008951822916666666,0.0008951822916666666,0.0008544921875,0.0008544921875,0.0008138351983723296,0.0007731119791666666,0.0007731119791666666,0.000732421875,0.0006511211492288284,0.0005696614583333334,0.0003255208333333333,0.0010172526041666667,0.0003662109375,0.0003662109375,0.000244140625,0.00020345052083333334,0.00016276041666666666,0.00016276041666666666,0.00008138020833333333,0.0000813868316106454,0.0000813868316106454,0.00008138020833333333,0.00008139345596614032,0.00008138020833333333,0.00008138351983723296,0.00008138020833333333,0.00008138020833333333,0.0006510416666666666,0.0006510416666666666,0.0006510416666666666,0.0006510416666666666,0.0006510416666666666,0.0006510416666666666,0.000244140625,0.0000406934158053227],"averageToxinCountInMales":[2.1875,2.1875,2.1875,2.2,2.5891472868217056,2.6470588235294117,2.801470588235294,2.761006289308176,2.8402777777777777,2.9655172413793105,2.8225806451612905,2.8322147651006713,2.8551724137931034,2.9097744360902253,3.126126126126126,3.1376146788990824,3.141509433962264,3.141509433962264,3.23,3.4054054054054053,3.3125,3.4857142857142858,3.6904761904761907,3.588235294117647,3.537313432835821,3.5081967213114753,3.5185185185185186,3,3.018181818181818,2.980392156862745,2.9791666666666665,2.9791666666666665,3.022222222222222,3.022222222222222,3,2.8,2.3541666666666665,2.111111111111111,1,1,1,1,1,1,1,1,1,1,1,1,1,1,1,1,1,1,1,1,1,null,null,null,null,null,null,null,null,null,1,1,1,1,1,1,1,1],"averageAntitoxinCountInFemales":[2.40625,2.40625,2.40625,2.40625,2.7404580152671754,2.7796610169491527,3.1791044776119404,3.0945945945945947,3.1893939393939394,3.4,3.2393162393162394,3.220779220779221,3.2094594594594597,3.237037037037037,3.3666666666666667,3.3983050847457625,3.4642857142857144,3.4642857142857144,3.419642857142857,3.7790697674418605,3.467741935483871,3.753846153846154,3.7476635514018692,3.8674698795180724,3.825,3.763888888888889,3.7205882352941178,3.1232876712328768,3.112676056338028,3.085714285714286,3,2.984126984126984,2.9672131147540983,2.9672131147540983,2.9672131147540983,2.6458333333333335,2.073529411764706,2.311688311688312,1.5,1.8333333333333333,1.6363636363636365,1.6363636363636365,1.6363636363636365,1.5,1.5,1,1,1,1,1,1,1,1,1,1,1,1,1,1,1,1,1,1,1,1,1,1,1,1,1,1,1,1,1,1,null],"reproductiveSuccessOverTime":[0,0,0,0.00624160201118287,0,0,0,0,0,0,0,0.000040690104166666664,0,0,0,0.0001220703125,0.00008138020833333333,0.0000814265939255761,0.0000813868316106454,0,0,0,0,0,0,0,0,0.00008138020833333333,0.000040690104166666664,0,0,0,0,0.0000406934158053227,0,0,0,0,0,0,0,0,0,0,0,0,0,0.00008138020833333333,0,0,0,0,0,0,0,0,0,0,0,0,0,0,0,0,0,0,0,0,0,0,0,0,0,0,0,0]}