{"startTime":"2025-03-24T20:10:07.200Z","infectedMalesAtStart":1024,"infectedFemalesAtStart":1024,"toxinAntitoxinLength":3,"killRate":0.75,"rescueRate":1,"simulationLength":133,"infectionRatio":[0.1596756588180259,0.1596756588180259,0.15991807152985663,0.14783959943022404,0.1529541015625,0.1573486328125,0.1561279296875,0.15714518229166666,0.16023763020833334,0.15751139322916666,0.1575927734375,0.15096028645833334,0.1624755859375,0.161865234375,0.1656494140625,0.1661376953125,0.16507975260416666,0.16487498982001791,0.1627263479145473,0.14473470052083334,0.14567057291666666,0.14640299479166666,0.13667805989583334,0.1328125,0.13472493489583334,0.12737039147066004,0.12003580729166667,0.108642578125,0.11129649222755758,0.1083523282318463,0.10872395833333333,0.107421875,0.10896809895833333,0.10846022310886735,0.10844354018311292,0.0899658203125,0.08687337239583333,0.09586588541666667,0.10054524739583333,0.1044921875,0.10127766927083333,0.09464518229166667,0.0938504741361768,0.08676542405990559,0.08760579427083333,0.08199055989583333,0.07613118489583333,0.06962076822916667,0.063720703125,0.059496195010784195,0.062052408854166664,0.055623372395833336,0.057820638020833336,0.061767578125,0.06856282552083333,0.075439453125,0.06966145833333333,0.06424967447916667,0.058390299479166664,0.056722005208333336,0.05290144054691951,0.05029296875,0.047037760416666664,0.043701171875,0.043619791666666664,0.040864504049818874,0.042317708333333336,0.03263611947586881,0.026692708333333332,0.037353515625,0.0416259765625,0.0421142578125,0.04533246520712949,0.041302136317395724,0.035563151041666664,0.0308837890625,0.029012044270833332,0.029390214117072377,0.028645833333333332,0.024495442708333332,0.0228271484375,0.0211181640625,0.018269856770833332,0.013875325520833334,0.009236653645833334,0.017171223958333332,0.017578125,0.024332682291666668,0.022745768229166668,0.019694010416666668,0.019369277721261444,0.018961588541666668,0.018555442522889116,0.019655719692345256,0.01896313176528038,0.016072591145833332,0.015218098958333334,0.014241536458333334,0.01318359375,0.010457356770833334,0.00809766022380468,0.016764322916666668,0.012980143229166666,0.011271158854166666,0.011027018229166666,0.009969886872304061,0.009521484375,0.00858631073492309,0.008179043743641912,0.00797558494404883,0.006144205729166667,0.005126953125,0.0034586588541666665,0.0031331380208333335,0.0027669270833333335,0.0019938962360122074,0.000813868316106454,0.0023193359375,0.002197265625,0.0022786458333333335,0.0021565755208333335,0.0021567510376821033,0.0021161437349936922,0.0021162298551196486,0.0021158854166666665,0.002115971515768057,0.0021158854166666665,0.0006510681586978636,0.000447955693109627,0.0002848307291666667,0.0002848307291666667,0.00024418036789842097,0.00020345052083333334],"averageToxinCountInMales":[2.451171875,2.451171875,2.452286282306163,2.5264976958525347,2.5033871808233457,2.60435663627153,2.417702635504724,2.4470647265429,2.3464373464373462,2.3162134944612287,2.4358974358974357,2.5005219206680587,2.4958637469586376,2.525954946131244,2.508220502901354,2.514798641436196,2.536082474226804,2.533727227966519,2.539427423405324,2.367060146149522,2.2,2.3870607919687674,2.1546762589928057,2.056451612903226,2.0314039408866993,2.0703484549638396,2.0435699226985244,2.0515625,1.9178707224334601,1.9070866141732283,1.9676656151419558,2.0153349475383373,2.160347551342812,2.141607000795545,2.2113564668769716,2.1603960396039605,1.9844559585492227,2.668181818181818,2.198680956306678,2.094488188976378,1.9134304207119741,2.004277159965783,2.0458081244598096,2.0601503759398496,2.0674789128397375,2.0172064777327936,2.0822368421052633,2.0023866348448687,1.9557291666666667,1.9615384615384615,2.0759493670886076,2.0697674418604652,1.998489425981873,2.9140845070422534,2.722017220172202,2.359002169197397,2.0772779700115342,2.142681426814268,2.131436314363144,2.136619718309859,2.195195195195195,2.1538461538461537,2.1298482293423273,2.1322463768115942,2.099644128113879,2.0704761904761906,2.4553903345724906,2.2860635696821516,2.106508875739645,3.223849372384937,3.0703125,2.7693836978131214,2.2518382352941178,2.2563600782778863,2.342528735632184,2.4603174603174605,2.404432132963989,2.283746556473829,2.2364672364672367,2.4046052631578947,2.269503546099291,2.34765625,2.2054794520547945,1.9938650306748467,1.5544554455445545,3.2167487684729066,3.4009661835748792,1.9315960912052117,1.3714285714285714,1.4320987654320987,1.4453781512605042,1.4655172413793103,1.4672489082969433,1.6585365853658536,1.6528925619834711,1.502439024390244,1.4375,1.3922651933701657,1.3964497041420119,1.0381679389312977,0.92,3.014851485148515,2.9363057324840764,2.5555555555555554,2.4186046511627906,2.5365853658536586,2.5546218487394956,2.814814814814815,2.784313725490196,2.787878787878788,2.9135802469135803,2.782608695652174,3.450980392156863,3.404255319148936,3.4146341463414633,4,4,4,4,4,4,4,4,4,4,4,4,4,4,4,4,4,4],"averageAntitoxinCountInFemales":[2.4921875,2.4921875,2.4921875,2.5062166962699823,2.485869565217391,2.555203380876915,2.409090909090909,2.428036383092563,2.3294797687861273,2.293368700265252,2.379511677282378,2.4409141583054628,2.4040247678018574,2.4173553719008263,2.399400898652022,2.41295746785361,2.4450495049504952,2.442517343904856,2.460657370517928,2.298650168728909,2.112707182320442,2.3950138504155123,2.147250147841514,2.0617433414043584,2.019561351511559,2.0609073958980733,2.0471512770137523,2.079856115107914,1.9788732394366197,1.9820402298850575,2.0235042735042734,2.062098501070664,2.1975920679886687,2.191186922530206,2.245526127415891,2.1523730224812656,2.0196581196581196,2.5230891719745223,2.1701112877583464,2.071648690292758,1.9465283320031923,2.0216076058772687,2.0670147954743254,2.1385767790262173,2.130755064456722,2.0905550146056475,2.1230448383733056,2.0698739977090495,2.0325814536340854,2.0355263157894736,2.14987714987715,2.1260387811634347,2.1251646903820816,2.922029702970297,2.794724770642202,2.536480686695279,2.2106508875739643,2.1971279373368144,2.116212338593974,2.138888888888889,2.175078864353312,2.1235392320534223,2.0781527531083483,2.0842911877394634,2.0901960784313727,2.0167014613778704,2.3904382470119523,2.2264631043257,2.006289308176101,3.0386363636363636,2.9452054794520546,2.4830827067669174,2.066666666666667,2.1746031746031744,2.2209567198177678,2.2913385826771653,2.190340909090909,2.114206128133705,2.090651558073654,2.2315436241610738,2.164874551971326,2.2699619771863118,2.152173913043478,2.056179775280899,1.626984126984127,2.8447488584474887,3,1.8453608247422681,1.4516129032258065,1.4647302904564314,1.4831932773109244,1.5085470085470085,1.5374449339207048,1.6919831223628692,1.6651785714285714,1.4578947368421054,1.4120879120879122,1.331360946745562,1.3225806451612903,0.9920634920634921,0.8888888888888888,2.895238095238095,2.740740740740741,2.2253521126760565,2.112676056338028,2.4344262295081966,2.4434782608695653,2.6893203883495147,2.6363636363636362,2.649484536082474,2.4714285714285715,2.4035087719298245,3.411764705882353,3.3333333333333335,3.4074074074074074,3.4285714285714284,3.2,4,4,4,4,4,4,4,4,4,4,4,4,4,4,4,4],