{"startTime":"2025-03-24T20:33:55.228Z","infectedMalesAtStart":16,"infectedFemalesAtStart":32,"toxinAntitoxinLength":3,"killRate":0.04081100388175807,"rescueRate":0.8459915163146887,"simulationLength":51,"infectionRatio":[0.003787878787878788,0.003787878787878788,0.0038204393505253103,0.007837457937555905,0.010213216145833334,0.0098876953125,0.00927734375,0.0084228515625,0.007039388020833333,0.005900065104166667,0.005208333333333333,0.0042724609375,0.0037841796875,0.0030110677083333335,0.0026448567708333335,0.0024820963541666665,0.00244140625,0.0024429967426710096,0.005045983559860015,0.00634765625,0.010213216145833334,0.008382161458333334,0.004964192708333333,0.004679361979166667,0.003946940104166667,0.0037841796875,0.0037027994791666665,0.0032145182291666665,0.0026042726347914546,0.00244140625,0.0023600260416666665,0.0022379557291666665,0.0017497456765005086,0.0014243854794074556,0.0015869140625,0.003662109375,0.0030924479166666665,0.003092825458836935,0.0027262369791666665,0.0010172526041666667,0.0004475911458333333,0.0004475911458333333,0.0004475911458333333,0.0004475911458333333,0.0004475911458333333,0.0004069010416666667,0.00012207527975584945,0.00012210509178232733,0.0001220703125,0.0001220703125,0.00008138020833333333],"averageToxinCountInMales":[2.25,2.25,2.25,0.38372093023255816,1.2734375,0.8770491803278688,0.8695652173913043,0.9056603773584906,0.9111111111111111,1.027027027027027,1.0724637681159421,0.8867924528301887,0.9574468085106383,0.9487179487179487,1.088235294117647,0.9333333333333333,0.9655172413793104,0.9655172413793104,1.8970588235294117,1,1.484375,1.3883495145631068,0.9672131147540983,0.9827586206896551,1.14,1.127659574468085,1.1521739130434783,1.0769230769230769,0.8666666666666667,0.9285714285714286,0.9285714285714286,0.9615384615384616,0.9523809523809523,0.6,2,0.04878048780487805,0,0,0,0,0,0,0,0,0,0,null,null,null,null,null],"averageAntitoxinCountInFemales":[2.375,2.375,2.375,0.7040816326530612,1.1300813008130082,0.768595041322314,0.7256637168141593,0.7920792079207921,0.8192771084337349,0.9577464788732394,1.0169491525423728,0.9423076923076923,1.065217391304348,1,1.1290322580645162,1.1290322580645162,1.1290322580645162,1.1290322580645162,1.8571428571428572,0.8205128205128205,1.2357723577235773,1.1650485436893203,0.7049180327868853,0.7192982456140351,0.851063829787234,0.8260869565217391,0.8444444444444444,0.75,0.6470588235294118,0.6875,0.7333333333333333,0.7241379310344828,0.6363636363636364,0.55,1,0.10204081632653061,0.11904761904761904,0.11904761904761904,0.13513513513513514,0.3333333333333333,1,1,1,1,1,1,1.6666666666666667,1.6666666666666667,1.6666666666666667,1.6666666666666667,1],"reproductiveSuccessOverTime":[0,0,0,0.00672999105507518,0,0,0,0,0,0,0,0,0.00008138020833333333,0,0,0.00008138020833333333,0,0,0,0,0,0,0,0,0,0,0.000040690104166666664,0,0.00004069175991861648,0.000040690104166666664,0.000040690104166666664,0,0,0,0,0,0,0,0,0,0,0,0,0,0,0,0,0.00004070169726077577,0.000040690104166666664,0.000040690104166666664,0]}