{"startTime":"2025-03-24T20:33:55.228Z","infectedMalesAtStart":16,"infectedFemalesAtStart":32,"toxinAntitoxinLength":3,"killRate":0.860557565166468,"rescueRate":0.9115629132559072,"simulationLength":58,"infectionRatio":[0.003940239697914957,0.003940239697914957,0.003979109674210396,0.003472222222222222,0.002360122075279756,0.0033772786458333335,0.0062255859375,0.006998697916666667,0.008219401041666666,0.007893880208333334,0.0079345703125,0.007609049479166667,0.007609049479166667,0.008951822916666666,0.008626302083333334,0.008260091145833334,0.008015950520833334,0.00801758170200643,0.0065125366330185605,0.005900065104166667,0.0052490234375,0.004557291666666667,0.0091552734375,0.010050455729166666,0.0093994140625,0.009236653645833334,0.00830078125,0.008056640625,0.008138020833333334,0.008463541666666666,0.009358723958333334,0.008748372395833334,0.008707682291666666,0.00870874537093558,0.008668755850392739,0.0047607421875,0.0028889973958333335,0.0008951822916666666,0.0027669270833333335,0.004964192708333333,0.004923502604166667,0.004923502604166667,0.004843304843304843,0.004475911458333333,0.004150559511698881,0.004109700520833333,0.003987630208333333,0.003825025432349949,0.0015055338541666667,0.0015055338541666667,0.00146484375,0.0011393229166666667,0.0006917317708333334,0.000244140625,0.000244140625,0.0001220802474159681,0.000040690104166666664,0.000040690104166666664],"averageToxinCountInMales":[2.375,2.375,2.375,2.96875,3.52,4.315789473684211,3.0704225352112675,2.65,2.6666666666666665,2.5934065934065935,2.5,2.4431818181818183,2.4431818181818183,2.31,2.3333333333333335,2.3956043956043955,2.4318181818181817,2.4318181818181817,2.4583333333333335,2.8142857142857145,2.806451612903226,3,2.5137614678899083,2.1735537190082646,2.0892857142857144,2.090909090909091,1.9603960396039604,1.9278350515463918,1.9387755102040816,2.1553398058252426,2.2212389380530975,2.3904761904761904,2.3904761904761904,2.3904761904761904,2.4038461538461537,1.8666666666666667,1.8823529411764706,1.7272727272727273,1.8823529411764706,0.9841269841269841,0.9841269841269841,0.9841269841269841,1,1.1071428571428572,1.169811320754717,1.169811320754717,1.1923076923076923,1.2653061224489797,0.8888888888888888,0.8888888888888888,0.8888888888888888,0.6666666666666666,0.2222222222222222,0,0,0,null,null],"averageAntitoxinCountInFemales":[2.34375,2.34375,2.34375,2.8085106382978724,3.0303030303030303,3.7333333333333334,2.951219512195122,2.5,2.339622641509434,2.262135922330097,2.2135922330097086,2.2222222222222223,2.2222222222222223,2.216666666666667,2.2413793103448274,2.267857142857143,2.2477064220183487,2.2477064220183487,2.284090909090909,2.1866666666666665,2.2388059701492535,2.3174603174603177,2.689655172413793,2.357142857142857,2.3949579831932772,2.4017094017094016,2.2135922330097086,2.1584158415841586,2.1666666666666665,2.3142857142857145,2.3504273504273505,2.5,2.5137614678899083,2.5137614678899083,2.5137614678899083,1.9298245614035088,1.9189189189189189,2.090909090909091,1.9705882352941178,1.11864406779661,1.0344827586206897,1.0344827586206897,1.0526315789473684,1.1111111111111112,1.2244897959183674,1.25,1.3043478260869565,1.3333333333333333,0.9473684210526315,0.9473684210526315,1,0.6153846153846154,0,0,0,0,0,0],"reproductiveSuccessOverTime":[0,0,0,0.005537974683544304,0.0003763987792472024,0,0,0,0,0,0,0,0,0,0.000040690104166666664,0,0,0,0.00008140670791273201,0,0,0,0,0,5.216680021367521e-7,5.216680021367521e-7,0.000040690104166666664,0,0,0,0,0,0,0.00008139014365360354,0.000040698384274144313,0,0,0,0,0,0,0,0.0000407000407000407,0,0,0,0,0,0,0.00008138020833333333,0,0,0,0,0,0,0,0]}