{"startTime":"2025-03-24T20:33:55.229Z","infectedMalesAtStart":16,"infectedFemalesAtStart":32,"toxinAntitoxinLength":3,"killRate":0.8711660358087097,"rescueRate":0.45856776630460105,"simulationLength":50,"infectionRatio":[0.003738317757009346,0.003738317757009346,0.0037747719408619063,0.0037987506331251053,0.005533854166666667,0.00341796875,0.0030924479166666665,0.0029296875,0.0020345052083333335,0.0016276041666666667,0.0015462239583333333,0.0013834635416666667,0.0013834635416666667,0.0013020833333333333,0.0009358723958333334,0.0009358723958333334,0.0009358723958333334,0.0008956196059273734,0.000895437339737067,0.0004475911458333333,0.00341796875,0.00341796875,0.0030924479166666665,0.0029703776041666665,0.0032145182291666665,0.0026448567708333335,0.0026041666666666665,0.0026041666666666665,0.00244140625,0.0023600260416666665,0.0022786458333333335,0.0022379557291666665,0.0021565755208333335,0.002158068325257543,0.0021160576218767803,0.0015462239583333333,0.0008951822916666666,0.0006510416666666666,0.0004069175991861648,0.0002848307291666667,0.0001627670396744659,0.00016276041666666666,0.00008138020833333333,0.00008138020833333333,0.00008138020833333333,0.000040690104166666664,0.000040690104166666664,0.00004069175991861648,0.000040690104166666664,0.0000406934158053227],"averageToxinCountInMales":[2.3125,2.3125,2.3125,1.5,2.701492537313433,2.441860465116279,2.4878048780487805,2.4358974358974357,2.4074074074074074,2.272727272727273,2.35,2.3684210526315788,2.3684210526315788,2.235294117647059,2.0833333333333335,2.0833333333333335,2.0833333333333335,2.090909090909091,2.090909090909091,2,3.090909090909091,3.090909090909091,3.3,3.4210526315789473,3.604651162790698,3.5142857142857142,3.5142857142857142,3.5142857142857142,3.5757575757575757,3.5,3.5806451612903225,3.6,3.586206896551724,3.586206896551724,3.586206896551724,3.8947368421052633,3.8666666666666667,4.4,4.8,4.75,4.5,4.5,null,null,null,null,null,null,null,null],"averageAntitoxinCountInFemales":[2.0625,2.0625,2.0625,1.5740740740740742,2.36231884057971,2.1951219512195124,2.1142857142857143,2.0606060606060606,1.9130434782608696,1.8333333333333333,1.8333333333333333,1.8666666666666667,1.8666666666666667,1.8666666666666667,1.9090909090909092,1.9090909090909092,1.9090909090909092,1.9090909090909092,1.9090909090909092,2,3.45,3.45,3.7222222222222223,3.7714285714285714,3.5555555555555554,3.466666666666667,3.5517241379310347,3.5517241379310347,3.6296296296296298,3.6153846153846154,3.6,3.6,3.625,3.625,3.739130434782609,3.8421052631578947,4,4,4,4,4,4,4,4,4,4,4,4,4,4],"reproductiveSuccessOverTime":[0,0,0,0.004178625696437616,0,0,0,0,0,0,0,0,0,0,0,0.00008138020833333333,0.00008138020833333333,0.00008141996417521577,0,0.000001179423309178744,0,0,0,0,0,0,0,0,0,0,0.000040690104166666664,0.000040690104166666664,0,0,0,0,0,0,0,0,0,0,0,0,0,0,0,0,0.000040690104166666664,0]}