{"startTime":"2025-03-24T20:10:07.200Z","infectedMalesAtStart":1024,"infectedFemalesAtStart":1024,"toxinAntitoxinLength":3,"killRate":1,"rescueRate":0.5,"simulationLength":182,"infectionRatio":[0.16921424440221433,0.16921424440221433,0.16944768897046555,0.17623529411764705,0.17595355872613547,0.18282063802083334,0.17818196614583334,0.17777506510416666,0.17928059895833334,0.1805419921875,0.1776123046875,0.17805989583333334,0.17777506510416666,0.17472330729166666,0.1669921875,0.157958984375,0.15812174479166666,0.15790546047269763,0.16061543471182024,0.144287109375,0.13871256510416666,0.146484375,0.12711588541666666,0.11938962360122075,0.1141357421875,0.1167514756767759,0.10967321857323079,0.111083984375,0.10538736979166667,0.0985107421875,0.10074900268664007,0.09912109375,0.09781901041666667,0.0970525972968572,0.09533311614269425,0.08699544270833333,0.09444173177083333,0.09672037760416667,0.09440872466834867,0.08964029947916667,0.0915971515768057,0.0880713035692483,0.0780531477638058,0.07324814844958086,0.07621566632756867,0.07088216145833333,0.0784912109375,0.07975260416666667,0.07755533854166667,0.07503255208333333,0.07120768229166667,0.058675130208333336,0.055338541666666664,0.0643310546875,0.06698954051524154,0.06547037760416667,0.06270345052083333,0.06035324759889305,0.05717192268565616,0.053426106770833336,0.0516357421875,0.048380533854166664,0.05794742410677952,0.058349609375,0.0570068359375,0.056702080026051205,0.05311355311355311,0.046712239583333336,0.042236328125,0.035807291666666664,0.0343017578125,0.034627278645833336,0.030965169270833332,0.033367243133265514,0.031982421875,0.029459635416666668,0.028037763489867338,0.025840319036379913,0.036580403645833336,0.03861648016276704,0.03789482253337675,0.037213468506982615,0.035164835164835165,0.031331380208333336,0.028727213541666668,0.024210611979166668,0.020676462208474092,0.019612630208333332,0.015665690104166668,0.013308371657645191,0.012044270833333334,0.011515299479166666,0.0108642578125,0.009684244791666666,0.019246419270833332,0.024739583333333332,0.024129231770833332,0.024661213527041877,0.022551493934706505,0.019694010416666668,0.016276041666666668,0.011189778645833334,0.009358723958333334,0.008382161458333334,0.007771809895833333,0.007324516785350966,0.007000976880494953,0.006917317708333333,0.0067138671875,0.005616377029831916,0.016276041666666668,0.018391927083333332,0.018278037858742113,0.01811078100199422,0.017428129326492386,0.014825072292591536,0.008382161458333334,0.0057373046875,0.004475911458333333,0.0028483072916666665,0.0024820963541666665,0.00244140625,0.002361178961081257,0.0021570143665296487,0.0019939773744608123,0.0016682942708333333,0.0054931640625,0.006673177083333333,0.006675350048844024,0.0066742633892235064,0.006599315626527619,0.0065529732589849,0.0016682942708333333,0.0010172526041666667,0.0009765625,0.0006918162210556301,0.0006917599186164802,0.0006917880686904858,0.0006926618587784704,0.0004883607357968419,0.0004477004477004477,0.0003662109375,0.0029296875,0.00288911495422177,0.0028484231943031535,0.002848655027876124,0.0028564433200032645,0.0028483072916666665,0.0028076171875,0.0021158854166666665,0.0010579427083333333,0.0008140339452155155,0.0008139345596614033,0.000813868316106454,0.0008143322475570033,0.0008143654057575635,0.0008148963044452593,0.0005703809329802404,0.002566818774445893,0.002564833285836421,0.0025660869211030102,0.002605969298424203,0.0024463834298295685,0.00341796875,0.0010172526041666667,0.0010172526041666667,0.0005289713541666666,0.0005289713541666666,0.0005289713541666666,0.0005291220643900851,0.0005294668675925549,0.0005295099995926846,0.0005296825978894186,0.00044841221311809547,0.0008150623522699486,0.0007746249184605349,0.0007749724680833707,0.0006932833081848211,0.0005712653527563553,0.0005696846388606307,0.0005696614583333334,0.0005696614583333334],"averageToxinCountInMales":[2.5625,2.5625,2.5615079365079363,2.4090419806243273,2.5503480278422272,2.438658428949691,2.4695454545454547,2.515289821999087,2.4777127420081047,2.5218543046357618,2.592741935483871,2.6008119079837617,2.584356525693497,2.6068455134135062,2.6539020843431897,2.6176470588235294,2.596320899335718,2.5968156137647664,2.6010178117048346,2.5936794582392775,2.60752688172043,2.363740676993689,2.199867197875166,2.3994393833216536,2.2375366568914954,2.4479015918958034,2.4181536074476337,2.3875192604006163,2.3819055244195355,2.4075342465753424,2.3299832495812396,2.35,2.34,2.3465259454705363,2.2358744394618832,2.2173076923076924,2.075675675675676,1.793193717277487,1.7855871886120998,2.0872865275142316,1.7707581227436824,1.8966480446927374,1.922340425531915,2.0791284403669725,2.252212389380531,2.296875,2.0932475884244375,2.1393617021276596,2.1411245865490627,2.1782065834279227,2.123809523809524,2.1748942172073344,2.0092307692307694,1.6028277634961439,2.256441717791411,2.5923172242874846,2.56266318537859,2.7827868852459017,2.821173104434907,2.86910197869102,2.961904761904762,3.1752577319587627,2.8265734265734266,2.7196132596685083,2.6822695035460993,2.754957507082153,2.7090352220520675,2.6632124352331608,2.556586270871985,2.6744186046511627,2.5353075170842825,2.5906976744186045,2.685567010309278,3.361111111111111,3.431761786600496,3.4232804232804233,3.422222222222222,3.4952380952380953,3.223913043478261,2.7468879668049793,2.732484076433121,2.7379912663755457,2.708715596330275,2.465686274509804,2.4053333333333335,2.2288401253918497,2.3444444444444446,2.1707317073170733,1.9742268041237114,1.9748427672955975,1.9154929577464788,1.8905109489051095,1.8359375,1.8,1.5619469026548674,1.0736842105263158,1.089928057553957,1.024561403508772,0.9619771863117871,0.8053097345132744,0.9206349206349206,1.126865671641791,1.0272727272727273,1.168421052631579,1.2159090909090908,1.2650602409638554,1.271604938271605,1.2625,1.1948051948051948,1.2131147540983607,0.9016393442622951,0.6201923076923077,0.6,0.6029411764705882,0.578125,0.5962732919254659,0.64,0.4057971014492754,0.4,0.6470588235294118,0.7586206896551724,0.7586206896551724,0.5925925925925926,0.5,0.4090909090909091,0.2,0.047619047619047616,0.56,0.56,0.56,0.5675675675675675,0.5675675675675675,0.391304347826087,0.5294117647058824,0.375,0,0,0,0,0,0,0,0,0,0,0,0,0,0,0,0,0,0,0,0,0,0,0,0,0,0,0,0,0,0,0,0,0,0,0,0,0,0,0,0,0,0,0,0,0,0,0],