{"startTime":"2025-03-24T18:23:05.935Z","infectedMalesAtStart":1024,"infectedFemalesAtStart":1024,"toxinAntitoxinLength":3,"killRate":0.5,"rescueRate":1,"simulationLength":222,"infectionRatio":[0.1696206725194633,0.1696206725194633,0.17028743315508021,0.1829920678841542,0.18454567719813864,0.17618815104166666,0.17305501302083334,0.17085774739583334,0.16231282552083334,0.16410319010416666,0.16206868489583334,0.17720540364583334,0.17765299479166666,0.1842041015625,0.18241373697916666,0.1859130859375,0.1871337890625,0.1872201872201872,0.18448893229166666,0.1826171875,0.20304361979166666,0.1959228515625,0.17793782552083334,0.167236328125,0.1611328125,0.16064453125,0.16182454427083334,0.17724609375,0.16988118489583334,0.1656968463886063,0.16304524739583334,0.16048177083333334,0.1614990234375,0.16343805958000976,0.16777895336534548,0.1876220703125,0.19791666666666666,0.19380696614583334,0.17203776041666666,0.16910807291666666,0.17000325520833334,0.171142578125,0.17241098677517802,0.18330891927083334,0.17781575520833334,0.16927083333333334,0.16992878942014242,0.16023763020833334,0.15553023520794335,0.15435012614958898,0.16214896214896216,0.18603515625,0.20393880208333334,0.18851725260416666,0.16825358072916666,0.15010579427083334,0.15478515625,0.14835611979166666,0.14194441053188459,0.14628092447916666,0.13867751780264495,0.13102746693794506,0.131591796875,0.13175455729166666,0.12785350966429299,0.12410481770833333,0.11725204509380978,0.13582356770833334,0.15836588541666666,0.16536458333333334,0.15616861979166666,0.1373291015625,0.13839267548321466,0.12674967447916666,0.12322969233273645,0.12640918155549224,0.130126953125,0.12425722425722426,0.12361653645833333,0.11564598168870803,0.107177734375,0.10315780906649304,0.09651409024271054,0.10274251302083333,0.14131673177083334,0.1435546875,0.14420572916666666,0.12845865885416666,0.13384609123835103,0.12101236979166667,0.11243133265513733,0.10640895218718209,0.09855143229166667,0.09568969026008385,0.09417989417989418,0.0895437339737067,0.08333333333333333,0.07916157916157916,0.07403787416004887,0.0694580078125,0.11136881510416667,0.11958821614583333,0.10786946614583333,0.1072998046875,0.09714704326238248,0.09090169270833333,0.0851713192805404,0.08297387482705298,0.0780467955239064,0.07468761447352354,0.07410572579660603,0.07160885849210226,0.06571451822916667,0.0623830064295597,0.05450844697740688,0.044026692708333336,0.086669921875,0.1031494140625,0.09297688802083333,0.09513733468972534,0.0885153833631776,0.08204460361386945,0.07772126144455747,0.0695450476112965,0.06547037760416667,0.06185147507629705,0.060750325520833336,0.05950588139525418,0.056396484375,0.05243018806480502,0.045939127604166664,0.037150065104166664,0.06294759114583333,0.07816569010416667,0.07230631510416667,0.0748321464903357,0.06421943675728471,0.060750325520833336,0.0557861328125,0.052530924479166664,0.0494384765625,0.0479736328125,0.046630859375,0.045378698465670914,0.0433349609375,0.04041514041514042,0.03699182029056281,0.029296875,0.041185088718867,0.05849786281294525,0.04734378180337879,0.051843411735981115,0.048421223958333336,0.044962565104166664,0.043296032553407936,0.041056315104166664,0.040283203125,0.038167317708333336,0.038655598958333336,0.036298526898347845,0.032674153645833336,0.030859422708952488,0.028166720937805274,0.019205729166666668,0.017750997475775587,0.02353228564449149,0.017303855706200886,0.02255700325732899,0.024993893999837175,0.020797720797720798,0.02030766726355201,0.018311291963377416,0.0201416015625,0.018961588541666668,0.018229166666666668,0.0179443359375,0.0186767578125,0.0177546117196726,0.016885553470919325,0.008707682291666666,0.007365208545269583,0.006429559697240987,0.005289928789420142,0.011555989583333334,0.011558341133856986,0.011230925737538148,0.010460336196019373,0.010416666666666666,0.009847005208333334,0.009724934895833334,0.009480794270833334,0.009440872466834865,0.0098876953125,0.009209453952730236,0.006731396866840731,0.004353841145833333,0.0038254924304085953,0.0018318746183594546,0.001180829838348467,0.0025244299674267103,0.0024025736042676223,0.0023608906256360157,0.0023207524123610604,0.0022379557291666665,0.0022379557291666665,0.002197265625,0.002197265625,0.0021567510376821033,0.002156838806820494,0.001752741205722904,0.0012707522033203525,0.0005696614583333334,0.00024417043096081065,0.0001221349183731629,0.00012213989088836414,0.00004071495460282562,0.00004073153843020651,0.00004071495460282562,0.000040698384274144313,0.00004069507182680177,0.000040690104166666664,0.000040690104166666664],"averageToxinCountInMales":[2.4931640625,2.4931640625,2.4990138067061145,2.4724838869608328,2.3505598621877692,2.395242451967063,2.3641430562006502,2.3354037267080745,2.339613034623218,2.3586241780475468,2.3815384615384616,2.4380551659654044,2.46135831381733,2.46505376344086,2.4234071396294623,2.4202127659574466,2.392243278977523,2.388717496694579,2.3562271062271063,2.360127157129882,2.429430633520449,2.379480840543881,2.3932635411925354,2.440096618357488,2.3254168772107127,2.3250758341759354,2.3783510369246335,2.453074433656958,2.518913676042677,2.475296442687747,2.4475806451612905,2.436569080636877,2.4022346368715084,2.414877683474788,2.2813725490196077,2.117520447696944,2.108428805237316,2.185810810810811,2.237868696479543,2.2162688748173407,2.1064344460570874,2.128267182962246,2.2830279652844743,2.374042361424065,2.4501397949673813,2.447651663405088,2.2865554465161924,2.2498693152117095,2.225806451612903,2.236065573770492,2.057187827911857,1.789239662072032,1.6114649681528663,1.8863049095607236,1.961839530332681,2.008228195282501,1.8746065057712487,1.9178610804851157,1.9348458406050029,2.212514092446449,2.238964096527369,2.2570356472795496,2.063001852995676,2.0423832923832923,1.9847812301838934,2.009797517962116,1.9233473980309423,1.7101891397193412,1.6075883575883576,1.7781637717121588,2.054979253112033,2.0485611510791366,1.8568883610451306,1.9035598705501617,1.864956110735989,2.0123296560674886,2.2021546261089986,2.214477211796247,2.0986666666666665,2.0858156028368793,1.9641495041952708,1.9731437598736177,1.9045571797076526,1.5385245901639344,1.441914769410391,1.5177548682703321,1.8646487721302114,1.971135343168698,1.7244772447724477,1.762942779291553,1.7976539589442815,1.9161442006269593,1.906744379683597,1.9810834049871022,1.9377738825591586,1.9400921658986174,1.9441176470588235,1.994908350305499,2.0718232044198897,1.8053204353083434,1.9118942731277533,1.738566552901024,1.9619686800894856,2.092883895131086,2.0745033112582782,2.110418521816563,2.151923076923077,2.1655172413793102,2.1659707724425887,2.2221018418201517,2.222707423580786,2.193877551020408,2.0887792848335387,2.143042912873862,2.1714285714285713,2.204238921001927,1.9408341416100874,1.7979149959903769,1.7184724689165187,1.96875,1.898320895522388,1.8762575452716297,1.8869936034115138,1.9040284360189574,1.84375,1.858652575957728,1.8544474393530996,1.8383561643835618,1.8163558106169297,1.78003120124805,1.96113074204947,1.990909090909091,1.816689466484268,1.3582251082251082,1.2820211515863689,1.4620535714285714,1.3224115334207078,1.370879120879121,1.324812030075188,1.3237179487179487,1.3452991452991454,1.3262032085561497,1.3131868131868132,1.293560606060606,1.2944664031620554,1.2106382978723405,1.1944444444444444,1.1178247734138973,1.4950298210735586,1.1371191135734071,1.0901060070671378,1.0629032258064517,1.0668953687821612,1.0711678832116789,1.0740037950664136,1.077534791252485,1.0786290322580645,1.0815899581589958,1.0804123711340206,1.086283185840708,1.0962962962962963,1.1,1.0919220055710306,1.0649350649350648,1,1,1,1,1,1,1,1,1,1,1,1,1,1,1,1,1,1,1,1,1,1,1,1,1,1,1,1,1,1,1,1,1,1,1,1,1,1,1,1,1,1,1,1,1,1,1,1,1,1,1,1,1,1,1,1,1,1],