{"startTime":"2025-03-24T18:23:05.935Z","infectedMalesAtStart":1024,"infectedFemalesAtStart":1024,"toxinAntitoxinLength":3,"killRate":0.5,"rescueRate":0.125,"simulationLength":159,"infectionRatio":[0.17185533271796594,0.17185533271796594,0.17220338983050848,0.1938574110624368,0.18559817015888574,0.177490234375,0.16939290364583334,0.17106119791666666,0.1607666015625,0.16064453125,0.163818359375,0.1622314453125,0.15384928385416666,0.14998372395833334,0.15950520833333334,0.16060384114583334,0.1610107421875,0.1609869304995725,0.16263834635416666,0.18221028645833334,0.17264811197916666,0.1634521484375,0.1573486328125,0.1605224609375,0.14912923177083334,0.15146089362741108,0.14945475260416666,0.14335123697916666,0.13716634114583334,0.12715657552083334,0.1361083984375,0.12849934895833334,0.1251220703125,0.12565104166666666,0.13126627604166666,0.1280517578125,0.135498046875,0.12679036458333334,0.1185302734375,0.12516276041666666,0.12171895983396411,0.129150390625,0.133544921875,0.12263997395833333,0.12027994791666667,0.11210579857578841,0.11642860049647988,0.11165364583333333,0.10601497639589777,0.10299084435401831,0.10367838541666667,0.09891764322916667,0.108642578125,0.09521484375,0.09012858072916667,0.08658854166666667,0.07963053385416667,0.07578347578347579,0.08577473958333333,0.081298828125,0.07906087239583333,0.0751292173700704,0.07373346897253306,0.0709228515625,0.06783868473527856,0.06852213541666667,0.06392675483214649,0.055745442708333336,0.064697265625,0.0562744140625,0.052449544270833336,0.046712239583333336,0.037312825520833336,0.0379746835443038,0.055948893229166664,0.0521240234375,0.04972937777235177,0.0500122080247416,0.049397786458333336,0.04610376398779247,0.044352213541666664,0.04790784760664279,0.044962565104166664,0.037190755208333336,0.0411376953125,0.034871419270833336,0.029296875,0.022745768229166668,0.020182291666666668,0.019083658854166668,0.027099609375,0.024169921875,0.021769205729166668,0.02234341296650523,0.02515057789353736,0.023763020833333332,0.0234375,0.02502645072027346,0.026082356770833332,0.027303059895833332,0.026448567708333332,0.023640950520833332,0.019327799479166668,0.015665690104166668,0.013957273652085453,0.011393229166666666,0.021931966145833332,0.019816080729166668,0.019449869791666668,0.01864972717648017,0.020426432291666668,0.021769205729166668,0.021158854166666668,0.020640801205064528,0.017049153645833332,0.016398111979166668,0.014853096768942786,0.010294596354166666,0.0072021484375,0.005452473958333333,0.004435221354166667,0.002685546875,0.006062825520833333,0.005330403645833333,0.005289928789420142,0.005045778229908444,0.0041098677517802645,0.004231770833333333,0.004231770833333333,0.004193128155023612,0.004069672798307016,0.003825336751719367,0.0024010092377813046,0.0019938151041666665,0.001994058519513287,0.0013428827215756492,0.0010986328125,0.0008138351983723296,0.0012613932291666667,0.0010986328125,0.0006919006919006919,0.0006920133517870227,0.0002442002442002442,0.0001627736632212908,0.00016276041666666666,0.0001627670396744659,0.00016276041666666666,0.00016276041666666666,0.00016318537859007833,0.00016276041666666666,0.00004069507182680177,0.000040698384274144313,0.00004070169726077577,0.000040690104166666664,0.00008138020833333333,0.00008138020833333333,0.00008138020833333333,0.0000814265939255761,0.00008138351983723296],"averageToxinCountInMales":[2.5234375,2.5234375,2.516831683168317,2.4584766584766586,2.568703944516688,2.7550471063257067,2.653918791312559,2.667448405253283,2.6552591847005536,2.590106007067138,2.5201592832254853,2.538423401090729,2.5626315789473684,2.5458963282937366,2.635490394337715,2.61035696329814,2.6390145801910507,2.638651233014595,2.569183983781044,2.4483221476510066,2.4737575476079887,2.4570731707317073,2.3029215786776014,2.3109327983951857,2.3578378378378377,2.3693212185996795,2.38136511375948,2.3431818181818183,2.395513577331759,2.40625,2.3388235294117647,2.333541536539663,2.324791800128123,2.308927424534361,2.369727047146402,2.0446144040790313,2.0365853658536586,1.9593604263824118,1.8532569792412312,1.8591087811271299,1.873972602739726,1.8262548262548262,1.904320987654321,1.901417960837272,1.926643598615917,1.9703703703703703,1.9470338983050848,1.9402654867256637,1.9705426356589146,1.9471577261809447,1.8936850519584332,1.569983136593592,1.6291540785498488,1.6211340206185567,1.457142857142857,1.5388994307400379,1.569937369519833,1.54015401540154,1.8519579751671442,1.675,1.7940267765190525,1.8526200873362446,1.7438478747203578,1.7170900692840647,1.7230955259975815,1.659880239520958,1.82687338501292,1.540059347181009,1.6169950738916257,1.5677966101694916,1.5562403697996918,1.5186440677966102,1.5546038543897216,1.3935483870967742,1.8880918220946916,1.912037037037037,2.070032573289902,2.107317073170732,2.089108910891089,2.0724381625441697,2.1027522935779817,1.9120135363790187,2.1097122302158273,2.1704035874439462,1.9904580152671756,2,1.8777777777777778,1.9963768115942029,1.9588477366255144,1.8258928571428572,2.4548192771084336,2.5051194539249146,2.5977011494252875,2.6333333333333333,2.739413680781759,2.7087719298245614,2.726950354609929,2.592833876221498,2.498432601880878,2.238244514106583,2.1903225806451614,2.0648464163822524,2.128630705394191,2.3195876288659796,2.364705882352941,2.265625,2.684014869888476,2.7016806722689077,2.7327586206896552,2.743119266055046,2.8081632653061224,2.812,2.8298755186721993,2.875,2.891891891891892,2.977272727272727,2.7160493827160495,2.6206896551724137,2.7662337662337664,2.7142857142857144,2.9607843137254903,3,3,3,3,3,3,3,3,3,3,3,3,3,3,3,3,3,3,3,3,3,3,3,3,3,3,3,3,3,null,null,null,null,3,3,3,3,3],"averageAntitoxinCountInFemales":[2.5224609375,2.5224609375,2.525440313111546,2.444277108433735,2.5073759499329458,2.7346460384435067,2.6894865525672373,2.686293436293436,2.6547861507128308,2.6405693950177938,2.5567674764501733,2.565989847715736,2.598086124401914,2.5948745910577973,2.646240988671473,2.6210418794688457,2.6722560975609757,2.6731062531774277,2.6096837944664033,2.4311190370040126,2.5114832535885165,2.4326385358413827,2.2771398747390394,2.293695540748334,2.311845730027548,2.290653700702323,2.294471811713191,2.2733976176971074,2.308288610614192,2.3230571612074504,2.311854103343465,2.308927424534361,2.287318361955086,2.2887001959503595,2.3345724907063197,2.044359949302915,2.0846153846153848,2.0631578947368423,1.9815303430079156,1.949032258064516,1.993468321358589,1.9598765432098766,2.0216606498194944,2.0241356816699283,2.0522832561217736,2.083274021352313,2.07681660899654,2.0677233429394812,2.08212927756654,2.090483619344774,1.9915188897455667,1.6650602409638555,1.6144130757800892,1.58843537414966,1.4601769911504425,1.5409683426443204,1.6006006006006006,1.5540398740818469,1.8906691800188502,1.7995991983967936,1.9526748971193415,2.0043010752688173,1.9291938997821352,1.8996579247434435,1.9083333333333334,1.8598351001177855,1.9498117942283564,1.7844827586206897,1.6748071979434447,1.6162962962962963,1.5234375,1.5,1.548888888888889,1.4572649572649572,1.8893805309734513,1.938388625592417,2.088815789473684,2.1074918566775245,2.0740131578947367,2.051146384479718,2.1155963302752294,1.9505119453924915,2.1657559198542806,2.198717948717949,2.1006160164271046,2.068235294117647,2.1055555555555556,2.1696113074204946,2.1067193675889326,2.0326530612244897,2.446107784431138,2.4617940199335546,2.5547445255474455,2.5734767025089607,2.6816720257234725,2.6755852842809364,2.6802721088435373,2.5487012987012987,2.369565217391304,2.184659090909091,2.15,2.0347222222222223,2.0854700854700856,2.256544502617801,2.2716763005780347,2.3026315789473686,2.6296296296296298,2.646586345381526,2.6666666666666665,2.720833333333333,2.762645914396887,2.7929824561403507,2.8207885304659497,2.829090909090909,2.8205128205128207,2.9162995594713657,2.8374384236453203,2.7664233576642334,2.94,2.915492957746479,3,3,3,3,3,3,3,3,3,3,3,3,3,3,3,3,3,3,3,3,3,3,3,3,3,3,3,3,3,3,3,3,3,3,3,3,3,3,3],