{"startTime":"2025-03-24T20:33:55.229Z","infectedMalesAtStart":16,"infectedFemalesAtStart":32,"toxinAntitoxinLength":3,"killRate":0.09783595079706431,"rescueRate":0.45856776630460105,"simulationLength":220,"infectionRatio":[0.004052342760658505,0.004052342760658505,0.004092420496205985,0.006887244636790917,0.005662837122138027,0.005045572916666667,0.0047607421875,0.0038655598958333335,0.0038655598958333335,0.0038655598958333335,0.0038248697916666665,0.0037027994791666665,0.0050048828125,0.0035400390625,0.0030924479166666665,0.0028483072916666665,0.0026041666666666665,0.0026058631921824105,0.0021565755208333335,0.008870442708333334,0.009073893229166666,0.007853190104166666,0.0069580078125,0.005777994791666667,0.0054931640625,0.0052490234375,0.004598730262086928,0.004150390625,0.004069010416666667,0.0040283203125,0.004150390625,0.0038248697916666665,0.0035807291666666665,0.003581166320758556,0.0028076171875,0.012044270833333334,0.014851888020833334,0.008544921875,0.0076904296875,0.006795247395833333,0.006144205729166667,0.0050048828125,0.004150390625,0.0037434895833333335,0.0036214192708333335,0.0034993489583333335,0.0033365885416666665,0.0030517578125,0.0030111902339776194,0.0030122934136611575,0.002197265625,0.010904947916666666,0.0167236328125,0.012166836215666327,0.011720657659124207,0.0103759765625,0.009602864583333334,0.008951822916666666,0.0084228515625,0.00781345379074594,0.007365208545269583,0.006673177083333333,0.00634765625,0.006144205729166667,0.006062825520833333,0.005859851875966469,0.005167643229166667,0.01953125,0.0281982421875,0.021931966145833332,0.018800358102059087,0.014567057291666666,0.012858072916666666,0.010459059091649032,0.009441256663818011,0.008382161458333334,0.006757306846861516,0.006429036458333333,0.005941238707577114,0.0057373046875,0.005330403645833333,0.0050048828125,0.004638671875,0.0140380859375,0.0281982421875,0.02783203125,0.026570638020833332,0.020062670410613274,0.017578125,0.016438802083333332,0.012451171875,0.010906279249582875,0.010786827858509382,0.010416666666666666,0.0091552734375,0.008870442708333334,0.008382161458333334,0.007568359375,0.0068359375,0.016520182291666668,0.029500325520833332,0.035319010416666664,0.029866536458333332,0.023763020833333332,0.019368489583333332,0.018269856770833332,0.01611328125,0.015504822366011476,0.014567057291666666,0.013875325520833334,0.013590494791666666,0.0130615234375,0.012410481770833334,0.012410481770833334,0.012127624938954909,0.011149088541666666,0.0220947265625,0.039306640625,0.0406494140625,0.026041666666666668,0.019247202441505594,0.013834635416666666,0.011881510416666666,0.011885863149753735,0.011680911680911682,0.011315992998738145,0.01025390625,0.009928385416666666,0.0098876953125,0.0098876953125,0.009562174479166666,0.009114583333333334,0.010701497395833334,0.034101082444860424,0.032633463541666664,0.0225830078125,0.0166015625,0.013387044270833334,0.010945638020833334,0.010907610907610908,0.0108646998982706,0.010829296095753777,0.010457356770833334,0.0103759765625,0.010335286458333334,0.010335707019328585,0.010050455729166666,0.009159745969711773,0.009847005208333334,0.022305437968088572,0.023152669270833332,0.009969481180061038,0.008260091145833334,0.008219401041666666,0.00809766022380468,0.008057952140647891,0.00806057645334636,0.008065830210200424,0.007039388020833333,0.006917317708333333,0.0068359375,0.0068359375,0.0068359375,0.006593138252411379,0.009521871820956256,0.011772853185595568,0.007283528645833333,0.0036215666327568665,0.003173828125,0.0031331380208333335,0.0029703776041666665,0.0029296875,0.0029298067141403867,0.0029314767314034445,0.00244140625,0.0024007161458333335,0.0024007161458333335,0.0024007161458333335,0.0024010092377813046,0.0021570143665296487,0.004640749033177285,0.00390625,0.0010172526041666667,0.0005696614583333334,0.0005696614583333334,0.0004883011190233978,0.00048828125,0.00048828125,0.0004883209896638724,0.0004884004884004884,0.0003662109375,0.000366330185607294,0.0003662109375,0.0003662407422479043,0.000366255646441216,0.0003255208333333333,0.0021976233110857888,0.002197265625,0.0023193359375,0.0023193359375,0.0023193359375,0.0023193359375,0.0023193359375,0.0021161437349936922,0.0021158854166666665,0.0020345052083333335,0.000040690104166666664,0.000040690104166666664,0.000040690104166666664,0.000040690104166666664,0.0000406934158053227,0.000040690104166666664,0.00004071329696278805,0.0022379557291666665,0.0018310546875,0.0006103515625,0.0001220703125,0.0001220703125,0.0001220703125,0.0001220703125],"averageToxinCountInMales":[2,2,2,2.757575757575758,2.6,2.642857142857143,2.660377358490566,2.3404255319148937,2.3404255319148937,2.3404255319148937,2.3404255319148937,2.3777777777777778,1.4137931034482758,1.9047619047619047,2.142857142857143,1.967741935483871,2.0344827586206895,2.0344827586206895,2,2.376,2.1954887218045114,2.319327731092437,2.1792452830188678,2.375,2.4047619047619047,2.432098765432099,2.436619718309859,2.4444444444444446,2.4262295081967213,2.45,2.557377049180328,2.5,2.4444444444444446,2.4444444444444446,2.2777777777777777,1.8904109589041096,1.6931818181818181,1.7373737373737375,1.839080459770115,1.5333333333333334,1.4242424242424243,1.5185185185185186,1.6222222222222222,1.6666666666666667,1.6666666666666667,1.5853658536585367,1.5853658536585367,1.2222222222222223,1.2222222222222223,1.2222222222222223,1,1.62015503875969,1.3980099502487562,1.5369127516778522,1.5555555555555556,1.3492063492063493,1.2033898305084745,1.2162162162162162,1.2307692307692308,1.2448979591836735,1,1,1,1,1,1,1,1,1,1,1,1,1,1,1,1,1,1,1,1,1,1,1,1,1,1,1,1,1,1,1,1,1,1,1,1,1,1,1,1,1,1,1,1,1,1,1,1,1,1,1,1,1,1,1,1,1.00374531835206,1.00418410041841,1.0040080160320641,1.0061728395061729,1.0082644628099173,1,1,1,1,1,1,1,1,1,1,1,1,1,1,1,1,1,1,1,1,1,1,1,1,1,1,1,1,1,1,1,1,1,1,1,1,1,1,1,1,1,1,1,1,1,1,1,1,1,1,1,1,1,1,1,1,1,1,1,1,1,1,1,1,1,1,1,1,1,1,1,1,1,1,1,1,1,1,1,1,1,1,1,1,1,null,null,null,null,null,null,null,1,1,1,1,1,1,1],"averageAntitoxinCountInFemales":[2.5,2.5,2.5,2.8780487804878048,2.8734177215189876,2.9705882352941178,2.984375,2.5416666666666665,2.5416666666666665,2.5416666666666665,2.5319148936170213,2.5652173913043477,1.5384615384615385,2.2222222222222223,2.4390243902439024,2.3333333333333335,2.3714285714285714,2.3714285714285714,2.3225806451612905,2.236559139784946,2.1666666666666665,2.3513513513513513,2.169230769230769,2.185185185185185,2.2549019607843137,2.2083333333333335,2.119047619047619,2.1538461538461537,2.1538461538461537,2.1538461538461537,2.292682926829268,2.0555555555555554,1.9705882352941178,1.9705882352941178,1.878787878787879,1.9866666666666666,1.783068783068783,1.8018018018018018,1.8725490196078431,1.6630434782608696,1.6235294117647059,1.6521739130434783,1.7894736842105263,1.66,1.702127659574468,1.6444444444444444,1.5121951219512195,1.3333333333333333,1.236842105263158,1.236842105263158,1.1428571428571428,1.5755395683453237,1.3857142857142857,1.5333333333333334,1.5555555555555556,1.248062015503876,1.1355932203389831,1.146788990825688,1.1553398058252426,1.1702127659574468,1,1,1,1,1,1,1,1,1,1,1,1,1,1,1,1,1,1,1,1,1,1,1,1,1,1,1,1,1,1,1,1,1,1,1,1,1,1,1,1,1,1,1,1,1,1,1,1,1,1,1,1,1,1,1,1,1,1,1,1,1,1,1,1,1,1,1,1,1,1,1,1,1,1,1,1,1,1,1,1,1,1,1,1,1,1,1,1,1,1,1,1,1,1,1,1,1,1,1,1,1,1,1,1,1,1,1,1,1,1,1,1,1,1,1,1,1,1,1,1,1,1,1,1,1,1,1,1,1,1,1,1,1,1,1,1,1,1,1,1,1,1,1,1,1,1,1,1,1,1,1,1,1,1,1,1,null,null,null,null],