{"startTime":"2025-03-24T20:33:55.229Z","infectedMalesAtStart":16,"infectedFemalesAtStart":32,"toxinAntitoxinLength":3,"killRate":0.04081100388175807,"rescueRate":0.21846305747320338,"simulationLength":21,"infectionRatio":[0.003919327182167061,0.003919327182167061,0.0038740520936366633,0.00870982966490754,0.006795247395833333,0.006591796875,0.005574544270833333,0.0042724609375,0.0037841796875,0.0031331380208333335,0.0028483072916666665,0.0025634765625,0.0023600260416666665,0.0021158854166666665,0.001953125,0.0018310546875,0.0017903645833333333,0.0017910933810958234,0.0014241536458333333,0.000244140625,0.0006510416666666666],"averageToxinCountInMales":[2.1875,2.1875,2.1333333333333333,3.618556701030928,2.784090909090909,2.36144578313253,2.3285714285714287,2.3518518518518516,2.2653061224489797,2.13953488372093,2.0256410256410255,1.8823529411764706,1.878787878787879,1.9666666666666666,1.9259259259259258,1.8076923076923077,1.84,1.84,1.65,1,5.375],"averageAntitoxinCountInFemales":[2.84375,2.84375,2.84375,3.2169811320754715,3.2278481012658227,2.632911392405063,2.7313432835820897,2.9411764705882355,2.8636363636363638,2.823529411764706,2.935483870967742,2.896551724137931,2.84,3.0454545454545454,3.142857142857143,3.1052631578947367,3.1052631578947367,3.1052631578947367,3,3.75,6],"reproductiveSuccessOverTime":[0,0,0,0.006864890376281804,0,0,0,0,0,0,0,0,0,0,0,0,0,0,0,0,0]}