{"startTime":"2025-03-24T20:33:55.229Z","infectedMalesAtStart":16,"infectedFemalesAtStart":32,"toxinAntitoxinLength":3,"killRate":0.08534495669114994,"rescueRate":0.5558352754804061,"simulationLength":84,"infectionRatio":[0.004160166406656267,0.004160166406656267,0.004200210010500525,0.0035383397737324828,0.008316686371234049,0.008015950520833334,0.007405598958333333,0.006795247395833333,0.0064697265625,0.012532552083333334,0.012247721354166666,0.009806315104166666,0.0089111328125,0.0069580078125,0.007771809895833333,0.008626302083333334,0.008463541666666666,0.008468710557387729,0.0069184437571219275,0.0035807291666666665,0.00732421875,0.005533854166666667,0.004964192708333333,0.0037841796875,0.0028889973958333335,0.002685546875,0.002360122075279756,0.0018717447916666667,0.0015869140625,0.0015462239583333333,0.0014241536458333333,0.00244140625,0.0015055338541666667,0.0015058402181433398,0.0010580718674968461,0.0009358723958333334,0.0059814453125,0.005615234375,0.005167643229166667,0.0045166015625,0.0038655598958333335,0.0033365885416666665,0.0029296875,0.0028892325221779114,0.0026041666666666665,0.0022379557291666665,0.0021565755208333335,0.0019124348958333333,0.0018718209562563581,0.0018720494872212273,0.0016276041666666667,0.0010986328125,0.005655924479166667,0.005330403645833333,0.006307222787385555,0.005615234375,0.0037035529689471327,0.0034586588541666665,0.0029703776041666665,0.0023193359375,0.0016278691193228065,0.0015462868769074262,0.0015055338541666667,0.00146484375,0.0014649033570701933,0.00146484375,0.0008138020833333334,0.0006103515625,0.0023600260416666665,0.001708984375,0.0003662109375,0.0003662109375,0.0003662705518476315,0.000244140625,0.00008138020833333333,0.00008139345596614032,0.0000813868316106454,0.00008139014365360354,0.00008138020833333333,0.00008138351983723296,0.00008138020833333333,0.00008138020833333333,0.00008138020833333333,0.000040690104166666664],"averageToxinCountInMales":[2.75,2.75,2.75,2.103448275862069,2.308411214953271,2.2427184466019416,2.2842105263157895,2.3333333333333335,2.3780487804878048,2.210843373493976,2.234567901234568,2.037878787878788,2,2.173469387755102,2.295238095238095,2.243478260869565,2.2389380530973453,2.2389380530973453,2.032258064516129,1.7073170731707317,1.2934782608695652,1.2238805970149254,1.1724137931034482,1.1777777777777778,1.0344827586206897,1.037037037037037,1,1,1,1,0.9285714285714286,3.4615384615384617,2.5,2.5,2.625,3,1.123456790123457,1.4404761904761905,1.3246753246753247,1.373134328358209,1.0892857142857142,0.9166666666666666,0.8974358974358975,0.8974358974358975,0.8918918918918919,0.96875,1,0.6538461538461539,0.6538461538461539,0.6538461538461539,0.625,0.4,0.8888888888888888,0.9459459459459459,0.7469879518072289,0.7397260273972602,0.7843137254901961,0.7708333333333334,0.7727272727272727,0.78125,0.6842105263157895,0.6666666666666666,0.6470588235294118,0.6470588235294118,0.6470588235294118,0.6470588235294118,0.5,0.6666666666666666,0.9642857142857143,0.9565217391304348,1,1,1,1,1,1,1,1,1,1,1,1,1,null],"averageAntitoxinCountInFemales":[2.15625,2.15625,2.15625,2.021276595744681,2.134020618556701,2.24468085106383,2.206896551724138,2.15,2.168831168831169,2.0211267605633805,2.028776978417266,1.9357798165137614,1.8453608247422681,2.0273972602739727,2.1511627906976742,2.134020618556701,2.1157894736842104,2.1157894736842104,1.9870129870129871,1.6808510638297873,1.375,1.2753623188405796,1.25,1.3125,1.3571428571428572,1.3846153846153846,1.4411764705882353,1.5172413793103448,1.3478260869565217,1.3478260869565217,1.380952380952381,3.1176470588235294,2.217391304347826,2.217391304347826,2.111111111111111,2.1176470588235294,1.3181818181818181,1.3888888888888888,1.28,0.9772727272727273,1.0256410256410255,1.0294117647058822,1,1,0.8888888888888888,0.8260869565217391,0.8636363636363636,0.8571428571428571,0.85,0.85,0.8125,0.75,0.9655172413793104,0.9649122807017544,0.6805555555555556,0.6461538461538462,0.8,0.7837837837837838,0.7931034482758621,0.8,0.8095238095238095,0.8,0.8,0.7894736842105263,0.7894736842105263,0.7894736842105263,0.6666666666666666,0.8888888888888888,0.9666666666666667,0.9473684210526315,1,1,1,1,1,1,1,1,1,1,1,1,1,1],"reproductiveSuccessOverTime":[0,0,0,0.011080590344056986,0.0001223042113416772,0,0,0,0,0,0.000040690104166666664,0,0,0,0,0,0,0,0.00004069672798307016,0,0,0,0,0,0,0,0,0,0.000040690104166666664,0,0,0,0,0.00016279353709657725,0,0,0,0,0,0,0,0,0,0,0.00008138020833333333,0,0,0.000040690104166666664,0.00004069175991861648,0,0,0,0,0,0,0,0.000040698384274144313,0,0,0,0,0,0,0,0,0,0,0,0,0,0,0,0.00004069672798307016,0,0,0,0,0.00004069507182680177,0.00008138020833333333,0.00004069175991861648,0,0,0,0]}