{"startTime":"2025-03-24T20:33:26.773Z","infectedMalesAtStart":1024,"infectedFemalesAtStart":1024,"toxinAntitoxinLength":3,"killRate":0.8718151834313018,"rescueRate":0.4148857228285425,"simulationLength":119,"infectionRatio":[0.17001494271957496,0.17001494271957496,0.169984042999916,0.1648559937127271,0.15487485686242433,0.16037275168877677,0.15474446614583334,0.15364583333333334,0.1580810546875,0.15543619791666666,0.15791829427083334,0.1614990234375,0.16451009114583334,0.16353352864583334,0.15376790364583334,0.1600341796875,0.1567103442662977,0.15661767699385254,0.15825258529435712,0.1412353515625,0.1377584242226925,0.14453125,0.1375732421875,0.12186686197916667,0.1236572265625,0.11820956256358088,0.10868769074262462,0.10660807291666667,0.10103352864583333,0.08993976884258506,0.08443196614583333,0.08890787760416667,0.08753866189158392,0.08604120856747292,0.08753509949945061,0.07002766927083333,0.09183756510416667,0.0963134765625,0.08127136578219112,0.073974609375,0.07548014322916667,0.07487893216131526,0.07112630208333333,0.06392415364583333,0.060872395833333336,0.059122721354166664,0.05582909460834181,0.05676500508646999,0.05419921875,0.05413105413105413,0.05932858596134283,0.052083333333333336,0.0732421875,0.0604248046875,0.053751627604166664,0.044392903645833336,0.043538411458333336,0.043741861979166664,0.038981119791666664,0.032674153645833336,0.0306396484375,0.030110677083333332,0.030233977619532046,0.028645833333333332,0.0279541015625,0.02612623611280674,0.02707434248025405,0.024332682291666668,0.03857421875,0.027058919270833332,0.022257486979166668,0.018880208333333332,0.0208740234375,0.020152261531571878,0.022705078125,0.022136317395727367,0.02128179043743642,0.02001953125,0.017903645833333332,0.017333984375,0.016806380727598276,0.01562563580874873,0.019573533002360217,0.010213216145833334,0.02197265625,0.018311291963377416,0.01416015625,0.010009765625,0.008789777813949703,0.008302470391925441,0.007935539006226346,0.008789777813949703,0.008423194303153612,0.007975909497843249,0.00732421875,0.007039388020833333,0.0059814453125,0.005452473958333333,0.005013859448883091,0.003946940104166667,0.011800130208333334,0.011149088541666666,0.010823567708333334,0.009480794270833334,0.0062255859375,0.004802018475562609,0.0036214192708333335,0.003581166320758556,0.0024830056579964992,0.0022793878215564964,0.0017498880885524763,0.0015057176575916657,0.0014245014245014246,0.0013429920234413154,0.0010586319218241042,0.0006917317708333334,0.0034993489583333335,0.0016276041666666667,0.00020345052083333334],"averageToxinCountInMales":[2.48828125,2.48828125,2.4975024975024973,2.4391624221844936,2.5257452574525745,2.468407310704961,2.4826481580352375,2.4399129961935833,2.435034192530247,2.3967914438502675,2.3131578947368423,2.4285714285714284,2.4817444219066935,2.4639593908629442,2.4619565217391304,2.445945945945946,2.4841437632135306,2.4846560846560846,2.5430079155672822,2.5468473777253977,2.755434782608696,2.789746543778802,2.680580762250454,2.7108938547486034,2.6357340720221605,2.5761494252873565,2.5375494071146245,2.60016155088853,2.574324324324324,2.5807984790874525,2.6189989785495404,2.4904214559386975,2.5288367546432062,2.529,2.4738400789733466,2.4275274056029232,2.713898916967509,2.779089376053963,2.7465346534653468,2.7194719471947195,2.8475675675675673,2.6688668866886687,2.5905420991926182,2.6619718309859155,2.6761133603238867,2.689189189189189,2.6992805755395683,2.6619718309859155,2.7280832095096583,2.873887240356083,2.8465753424657536,2.763116057233704,2.977194982896237,3.0793871866295266,2.9488372093023254,2.7323135755258128,2.6776699029126214,2.474609375,2.54389721627409,2.7461139896373057,2.795518207282913,2.7755681818181817,2.7742857142857145,2.851063829787234,2.8664596273291925,2.9155405405405403,3.1693811074918568,2.9203187250996017,2.5197368421052633,2.6595744680851063,2.8350877192982455,2.7704918032786887,2.385214007782101,1.9588477366255144,1.9691119691119692,1.904,1.896265560165975,1.9350649350649352,1.9166666666666667,1.929245283018868,1.9033816425120773,1.9329896907216495,2.545098039215686,2.283464566929134,2.172043010752688,2.1373390557939915,2.028409090909091,1.5396825396825398,1.5714285714285714,1.537037037037037,1.5490196078431373,1.3611111111111112,1.3271028037383177,1.29,1.3516483516483517,1.3522727272727273,1.263157894736842,1.2878787878787878,1.2833333333333334,1.075,1.2937062937062938,1.1984732824427482,1.112,1.128440366972477,1.2424242424242424,1.1041666666666667,1.0810810810810811,1.0810810810810811,1.1111111111111112,1.1304347826086956,1.1764705882352942,1.2,1.2307692307692308,1.25,1.2222222222222223,1.2,1.934782608695652,1.894736842105263,2],"averageAntitoxinCountInFemales":[2.525390625,2.525390625,2.525904203323558,2.5125069483046136,2.572090628218332,2.5207305034550838,2.4979274611398963,2.4790913784202373,2.5015120967741935,2.4476923076923076,2.3629480060575467,2.4468610973801286,2.4954128440366974,2.4963396778916547,2.483238782877772,2.479342956694873,2.5145482388973965,2.512008175779254,2.5642570281124497,2.625704622322435,2.757085020242915,2.8309471365638768,2.728009259259259,2.7146513115802944,2.6307210031347963,2.549239920687376,2.5284495021337126,2.582489146164978,2.579676674364896,2.564766839378238,2.56021897810219,2.483786152497809,2.519503546099291,2.5148247978436657,2.5096660808435853,2.511111111111111,2.5822454308093996,2.6274343776460625,2.6322188449848025,2.6105610561056105,2.781720430107527,2.6133190118152525,2.5641316685584563,2.6012658227848102,2.6172185430463575,2.6493688639551194,2.673559822747415,2.6905109489051093,2.754172989377845,2.8353658536585367,2.840659340659341,2.7357910906298004,2.8136511375947997,2.9048239895697523,2.826923076923077,2.704225352112676,2.5837837837837836,2.378330373001776,2.3971486761710796,2.6043165467625897,2.6338383838383836,2.6056701030927836,2.6666666666666665,2.72,2.756164383561644,2.8179190751445087,2.9608938547486034,2.847262247838617,2.394308943089431,2.5267857142857144,2.645038167938931,2.559090909090909,1.98046875,1.5198412698412698,1.5953177257525084,1.5408163265306123,1.5460992907801419,1.5402298850574712,1.5848214285714286,1.6168224299065421,1.6407766990291262,1.6894736842105262,2.234513274336283,1.8709677419354838,2.0268199233716473,2.096774193548387,2.13953488372093,1.5416666666666667,1.5288461538461537,1.4479166666666667,1.4301075268817205,1.1759259259259258,1.2,1.1770833333333333,1.1910112359550562,1.1764705882352942,1.056338028169014,1.0294117647058822,1.0317460317460319,0.9824561403508771,1.1564625850340136,1.0909090909090908,0.9858156028368794,1,1.1724137931034482,1.1,1.1153846153846154,1.0980392156862746,1.1470588235294117,1.1515151515151516,1.1923076923076923,1.1818181818181819,1.1818181818181819,1.1904761904761905,1.1764705882352942,1.25,1.925,1.9047619047619047,2],