{"startTime":"2025-03-24T20:33:55.229Z","infectedMalesAtStart":16,"infectedFemalesAtStart":32,"toxinAntitoxinLength":3,"killRate":0.3694216197287058,"rescueRate":0.5111496538385711,"simulationLength":53,"infectionRatio":[0.0038470786246693916,0.0038470786246693916,0.00388789891462822,0.011305943086309143,0.012003580729166666,0.011271158854166666,0.011149088541666666,0.010538736979166666,0.009928385416666666,0.009114583333333334,0.0086669921875,0.008341471354166666,0.008056640625,0.0076904296875,0.0067138671875,0.0064697265625,0.006388346354166667,0.006391987623157723,0.005452917717913242,0.017171223958333332,0.014892578125,0.012532552083333334,0.009806315104166666,0.0081787109375,0.007364908854166667,0.005859851875966469,0.005452473958333333,0.0042724609375,0.0038248697916666665,0.0032958984375,0.0029296875,0.0028889973958333335,0.0028483072916666665,0.002767377502848771,0.002197265625,0.0038655598958333335,0.0045166015625,0.0037434895833333335,0.0032145182291666665,0.0028483072916666665,0.0024820963541666665,0.0019532044760935913,0.00175010175010175,0.0013834635416666667,0.0013427734375,0.0011800130208333333,0.001180061037639878,0.001180061037639878,0.0011800130208333333,0.0010172526041666667,0.0006917317708333334,0.0002848307291666667,0.000244140625],"averageToxinCountInMales":[2.0625,2.0625,2.0625,1.4732142857142858,1.6015625,1.5901639344262295,1.5748031496062993,1.5772357723577235,1.606837606837607,1.6388888888888888,1.6346153846153846,1.6274509803921569,1.6464646464646464,1.6701030927835052,1.7682926829268293,1.7468354430379747,1.7564102564102564,1.7564102564102564,1.75,0.7863636363636364,1.1827956989247312,1.1933333333333334,1.3140495867768596,1.3240740740740742,1.1666666666666667,1.3205128205128205,1.3611111111111112,1.2666666666666666,1.1636363636363636,1.1555555555555554,1.170731707317073,1.2,1.2,1.2307692307692308,1.6153846153846154,1,1.7647058823529411,1.875,1.6486486486486487,1.5,1.6071428571428572,1.65,1.8333333333333333,1.6875,1.6875,1.6,1.6,1.6,1.6,1.5,1.6666666666666667,1.5,2],"averageAntitoxinCountInFemales":[2.5625,2.5625,2.5625,1.5555555555555556,1.5449101796407185,1.5483870967741935,1.4489795918367347,1.411764705882353,1.4645669291338583,1.4741379310344827,1.4587155963302751,1.4757281553398058,1.4545454545454546,1.4891304347826086,1.5301204819277108,1.5125,1.518987341772152,1.518987341772152,1.6142857142857143,0.9108910891089109,1.238888888888889,1.259493670886076,1.4916666666666667,1.5053763440860215,1.423529411764706,1.5151515151515151,1.5483870967741935,1.6888888888888889,1.5128205128205128,1.5555555555555556,1.6774193548387097,1.6774193548387097,1.7333333333333334,1.6551724137931034,1.6428571428571428,0.6595744680851063,1.5166666666666666,1.6923076923076923,1.7380952380952381,1.8421052631578947,1.8181818181818181,2.0357142857142856,2.28,2.1666666666666665,2.1176470588235294,1.9285714285714286,1.9285714285714286,1.9285714285714286,1.9285714285714286,1.6363636363636365,1.5,3,3],"reproductiveSuccessOverTime":[0,0,0,0.006698237979435983,0,0,0,0,0,0,0,0,0,0,0,0,0,0,0,0,0.00001328656462585034,0,0,0,0,0,0.000040690104166666664,0,0,0,0.000040690104166666664,0.00008138020833333333,0.00008138020833333333,0.00008139345596614032,0,0,0,0,0,0,0,0,0,0,0,0,0,0,0.00008138020833333333,0.0001220703125,0,0,0]}