{"startTime":"2025-03-24T20:33:55.228Z","infectedMalesAtStart":16,"infectedFemalesAtStart":32,"toxinAntitoxinLength":3,"killRate":0.8711660358087097,"rescueRate":0.21846305747320338,"simulationLength":84,"infectionRatio":[0.0037322136692325637,0.0037322136692325637,0.003766478342749529,0.0018825140118940659,0.001590927633189198,0.0013427734375,0.0010172526041666667,0.0033772786458333335,0.0031331380208333335,0.0020751953125,0.00537109375,0.0074462890625,0.007283528645833333,0.006591796875,0.006022135416666667,0.005900065104166667,0.005696614583333333,0.005699397492265104,0.005574544270833333,0.004597981770833333,0.0035400390625,0.003173828125,0.0019124348958333333,0.003987630208333333,0.003173828125,0.0027669270833333335,0.0023600260416666665,0.008585611979166666,0.009033203125,0.008951822916666666,0.008504231770833334,0.008463541666666666,0.0077737077737077736,0.007489112295982743,0.007161458333333333,0.006144205729166667,0.0050048828125,0.003173828125,0.0023193359375,0.0023193359375,0.0023193359375,0.0022786458333333335,0.002197265625,0.0037439466080657633,0.0034994913530010173,0.0033772786458333335,0.0031331380208333335,0.0030114353151833315,0.0029711029711029712,0.0027270137164719767,0.0017903645833333333,0.0014241536458333333,0.0012613932291666667,0.0009358723958333334,0.0008545965083628373,0.0007731119791666666,0.000732421875,0.0005696614583333334,0.0005289713541666666,0.0005289928789420143,0.0013427734375,0.0012613932291666667,0.001261547226630855,0.001261803972647346,0.0012613932291666667,0.0012211503236048357,0.0028078456905672664,0.0026041666666666665,0.0008544921875,0.0008547008547008547,0.000854526958290946,0.0008544921875,0.0008544921875,0.0007731119791666666,0.0006510416666666666,0.00048828125,0.0003255208333333333,0.0002848307291666667,0.000244140625,0.00020350848630387887,0.00020345052083333334,0.0004475911458333333,0.00016282004314731142,0.00016276041666666666],"averageToxinCountInMales":[2.3125,2.3125,2.3125,2.4,2.4285714285714284,2.3333333333333335,1.4,2.857142857142857,1.85,2.909090909090909,3.923076923076923,3.865168539325843,3.875,3.85,3.9577464788732395,3.9855072463768115,4.03030303030303,4.03030303030303,4.061538461538461,4.12,4.184210526315789,4.125,4.5,3.630434782608696,3.7714285714285714,3.8333333333333335,3.4782608695652173,2.8333333333333335,2.982300884955752,3,2.9537037037037037,2.953271028037383,2.9587628865979383,2.903225806451613,2.842696629213483,2.9466666666666668,3.0508474576271185,3.05,3.193548387096774,3.193548387096774,3.193548387096774,3.2666666666666666,3.4285714285714284,3,2.9743589743589745,2.861111111111111,2.78125,2.689655172413793,2.642857142857143,2.6153846153846154,2.6,2.727272727272727,3,2.7142857142857144,2.7142857142857144,3.4,4,4,4,4,4.777777777777778,4.8125,4.8125,4.8125,4.8125,4.8,3.5,3.4482758620689653,5,5,5,5,5,5,5,5,5,5,5,null,null,5,null,null],"averageAntitoxinCountInFemales":[2.4375,2.4375,2.4375,2.4482758620689653,2.4,2.1666666666666665,2.1,2.8125,2.7837837837837838,3.206896551724138,3.582089552238806,3.606382978723404,3.6263736263736264,3.6341463414634148,3.688311688311688,3.6973684210526314,3.7162162162162162,3.7162162162162162,3.7222222222222223,3.6825396825396823,3.6530612244897958,3.630434782608696,3.7777777777777777,3.4038461538461537,3.511627906976744,3.5526315789473686,3.4,3.311926605504587,3.376146788990826,3.3796296296296298,3.3267326732673266,3.3267326732673266,3.3085106382978724,3.2967032967032965,3.2298850574712645,3.0789473684210527,3.25,3.1052631578947367,3.5,3.5,3.5,3.5,3.5,3.108695652173913,3.1914893617021276,3.1914893617021276,3.1333333333333333,3.1333333333333333,3.1333333333333333,2.951219512195122,2.9655172413793105,3.1666666666666665,3.0869565217391304,3.125,3.4285714285714284,3.4285714285714284,3.4285714285714284,3.6,3.4444444444444446,3.4444444444444446,4.066666666666666,4.066666666666666,4.066666666666666,4.066666666666666,4.066666666666666,4.066666666666666,2.641025641025641,2.6,5,5,5,5,5,5,5,5,5,5,5,5,5,5,5,5],"reproductiveSuccessOverTime":[0,0,0,0.00521969794206991,0.00028555111364934324,0,0,0,0,0,0,0,0,0,0,0.000040690104166666664,0.00008138020833333333,0.000040709982087607885,0,0,0,0,0,0,0,0.000001403107040229885,0,0,0,0,0,0,0.0000407000407000407,0.00004070169726077577,0,0,0,0.000040690104166666664,0,0,0,0,0,0,0,0.000040690104166666664,0,0,0,0.00008140339452155154,0,0,0,0,0,0,0,0,0,0,0,0,0.00004069507182680177,0.00012211006186909801,0,0,0,0,0,0,0,0,0,0,0,0.000040690104166666664,0,0,0.000040690104166666664,0.00004070169726077577,0,0,0,0]}