{"startTime":"2025-03-24T20:33:55.229Z","infectedMalesAtStart":16,"infectedFemalesAtStart":32,"toxinAntitoxinLength":3,"killRate":0.860557565166468,"rescueRate":0.8459915163146887,"simulationLength":44,"infectionRatio":[0.004090676666098517,0.004090676666098517,0.0041265474552957355,0.002158735991181334,0.003826738316235141,0.0038655598958333335,0.0035400390625,0.0030110677083333335,0.0030924479166666665,0.005940755208333333,0.007486979166666667,0.0068359375,0.006551106770833333,0.005167643229166667,0.0047607421875,0.0038655598958333335,0.0035400390625,0.003542201050445829,0.0030111902339776194,0.002197265625,0.0019938151041666665,0.0018310546875,0.0017903645833333333,0.001708984375,0.0015869140625,0.0012613932291666667,0.0032145182291666665,0.0030517578125,0.0030110677083333335,0.0030110677083333335,0.0029704984740590032,0.002034670790266135,0.0018310546875,0.0017910204746204258,0.0016276041666666667,0.0010172526041666667,0.0008138020833333334,0.0005696614583333334,0.0003662109375,0.00020345052083333334,0.0001220703125,0.00008138020833333333,0.00008138351983723296,0.00008138020833333333],"averageToxinCountInMales":[2.625,2.625,2.625,2.6,2.8620689655172415,2.864864864864865,2.9705882352941178,3.142857142857143,2.8666666666666667,2.388888888888889,2.934065934065934,2.9176470588235293,2.8902439024390243,2.914285714285714,2.9047619047619047,3.019607843137255,3.0638297872340425,3.0638297872340425,3.0714285714285716,3.272727272727273,3.3666666666666667,3.3793103448275863,3.392857142857143,3.4814814814814814,3.6,3.6,3.789473684210526,3.7714285714285714,3.764705882352941,3.764705882352941,3.787878787878788,3.8260869565217392,3.65,3.5789473684210527,3.5789473684210527,3.4,3.375,3.3333333333333335,3,3,3,3,3,3],"averageAntitoxinCountInFemales":[2.75,2.75,2.75,2.75,2.6307692307692307,2.8275862068965516,2.830188679245283,2.847826086956522,2.6956521739130435,2.5405405405405403,3.129032258064516,3.2289156626506026,3.2911392405063293,3.280701754385965,3.3333333333333335,3.3863636363636362,3.55,3.55,3.53125,4.142857142857143,4.157894736842105,4.1875,4.1875,4.133333333333334,4.142857142857143,3.875,3.8292682926829267,3.8,3.8,3.8,3.8,3.7037037037037037,3.68,3.68,3.5714285714285716,3.466666666666667,3.5,3.75,3.4,4,4,5,5,5],"reproductiveSuccessOverTime":[0,0,0,0.008451221752709903,0.0002035499104380394,0,0,0,0,0,0,0,0,0,0.000040690104166666664,0,0.000040690104166666664,0,0.00008138351983723296,0,0,0,0,0,0,0,0,0,0,0,0,0,0,0.00012211503236048357,0,0,0,0,0,0,0,0,0,0.000040690104166666664]}