{"startTime":"2025-03-24T20:33:55.228Z","infectedMalesAtStart":16,"infectedFemalesAtStart":32,"toxinAntitoxinLength":3,"killRate":0.5852442116142499,"rescueRate":0.45856776630460105,"simulationLength":93,"infectionRatio":[0.003839692824574034,0.003839692824574034,0.0038797284190106693,0.001966988796715984,0.004193640324091039,0.0035807291666666665,0.007771809895833333,0.007405598958333333,0.007893880208333334,0.007649739583333333,0.007649739583333333,0.008830111902339776,0.007283528645833333,0.008138020833333334,0.011189778645833334,0.010904947916666666,0.010823567708333334,0.010830618892508144,0.011637843336724314,0.010660807291666666,0.009195963541666666,0.0069580078125,0.014241536458333334,0.015421549479166666,0.013102213541666666,0.0123291015625,0.012166341145833334,0.013020833333333334,0.012044270833333334,0.013142903645833334,0.0120849609375,0.0113525390625,0.010986328125,0.01070236835679987,0.008748372395833334,0.005574544270833333,0.004597981770833333,0.0032145182291666665,0.0115966796875,0.017171223958333332,0.016682942708333332,0.0159912109375,0.015950520833333332,0.015748992796972287,0.0145263671875,0.01676636959264233,0.015380859375,0.015299479166666666,0.015096028645833334,0.01444557477110885,0.013020833333333334,0.009765625,0.005330403645833333,0.0035400390625,0.004923502604166667,0.010335286458333334,0.01025390625,0.010009765625,0.009969075520833334,0.00992919345649874,0.009033570701932859,0.009037248117239976,0.008382161458333334,0.008382161458333334,0.008138020833333334,0.008098319293533553,0.007405598958333333,0.00439453125,0.0033778284225948235,0.0024820963541666665,0.005777994791666667,0.008219735503560529,0.008097330729166666,0.008097330729166666,0.008097330729166666,0.008017908017908018,0.006673177083333333,0.006348689565358945,0.00634765625,0.005655924479166667,0.0052490234375,0.00508709099788377,0.0027669270833333335,0.0021566632756866736,0.0009769997964583757,0.0008951822916666666,0.0012613932291666667,0.0007731434384537131,0.0006510416666666666,0.0006510416666666666,0.0006510416666666666,0.0006510416666666666,0.0001627670396744659],"averageToxinCountInMales":[2.1875,2.1875,2.1875,2.2142857142857144,0.6938775510204082,0.6097560975609756,1.6547619047619047,1.7341772151898733,1.9176470588235295,1.9047619047619047,1.9047619047619047,2.0396039603960396,2.1645569620253164,2.632183908045977,2.7063492063492065,2.728,2.7560975609756095,2.7560975609756095,3.114503816793893,3.25,3.090909090909091,2.704225352112676,2.354285714285714,2.121693121693122,2.2051282051282053,2.1944444444444446,2.176056338028169,2.0443037974683542,1.9931506849315068,2.36875,2.436241610738255,2.4609929078014185,2.3455882352941178,2.371212121212121,2.220183486238532,2.08955223880597,1.8,1.6111111111111112,1.9236111111111112,1.944700460829493,1.9665071770334928,1.9848484848484849,1.9898477157360406,2,2,2.483720930232558,2.430051813471503,2.430051813471503,2.4368421052631577,2.453551912568306,2.2439024390243905,2.204724409448819,2.356164383561644,2.5416666666666665,2.3088235294117645,2.147887323943662,2.1214285714285714,2.051094890510949,2.051470588235294,2.051851851851852,2.0338983050847457,2.0338983050847457,2,2,2,2,2,2,2,2,2.0114942528735633,2.0082644628099175,2.0084745762711864,2.0084745762711864,2.0084745762711864,2.0086206896551726,2.01010101010101,2.010869565217391,2.010869565217391,2.0121951219512195,2.012987012987013,2.013333333333333,2,2,2,2,2,2,2,2,2,2,2],"averageAntitoxinCountInFemales":[2.53125,2.53125,2.53125,2.53125,1.3703703703703705,1.1702127659574468,1.9626168224299065,2,2.165137614678899,2.2596153846153846,2.2596153846153846,2.2241379310344827,2.29,2.7168141592920354,2.7449664429530203,2.804195804195804,2.804195804195804,2.804195804195804,3.2,3.2465753424657535,3.173228346456693,2.58,2.2685714285714287,2.0526315789473686,2.0542168674698793,2.006289308176101,2.0191082802547773,1.9814814814814814,1.9133333333333333,2.2208588957055215,2.331081081081081,2.318840579710145,2.253731343283582,2.1908396946564888,2.160377358490566,2.0428571428571427,2.1551724137931036,2.0697674418604652,2.021276595744681,2.0146341463414634,2.014925373134328,2,2,2.015625,2.0170454545454546,2.33502538071066,2.281081081081081,2.2841530054644807,2.270718232044199,2.2848837209302326,2.1474358974358974,2.079646017699115,2.1551724137931036,2.230769230769231,2.169811320754717,2.080357142857143,2.080357142857143,2.0091743119266057,2.0091743119266057,2.0091743119266057,2,2,2,2,2,2,2,2,2,2,2,2,2,2,2,2,2,2,2,2,2,2,2,2,2,2,2,2,2,2,2,2,2],"reproductiveSuccessOverTime":[0,0,0,0.004532626357649876,0.00012214486380847684,0,0,0,0,0,0.00008138020833333333,0,0,0,0,0.000040690104166666664,0,0,0,0,0,0,0,0,0,0,0,0.000040690104166666664,0.000040690104166666664,0.00008138020833333333,0.000040690104166666664,0,0,0,0,0,0,0,0.000008138020833333333,0.00000732421875,0.00008138020833333333,0.00008138020833333333,0.000040690104166666664,0.00004069507182680177,0,0.00004069507182680177,0.00008138020833333333,0,0,0,0,0,0,0,0,0,0.000040690104166666664,0.000040690104166666664,0,0,0,0,0,0,0,0,0,0,0,0,0,0,0,0,0,0,0,0,0,0,0,0,0,0,0,0,0.00000715430402930403,0.000045836226601031565,0,0,0,0,0]}