{"startTime":"2025-03-24T20:33:26.773Z","infectedMalesAtStart":1024,"infectedFemalesAtStart":1024,"toxinAntitoxinLength":3,"killRate":0.8636364304191526,"rescueRate":0.8628726002558714,"simulationLength":132,"infectionRatio":[0.17380972587626242,0.17380972587626242,0.17368195456493785,0.18627028579635216,0.18206267063281856,0.17041015625,0.174560546875,0.17464192708333334,0.17647298177083334,0.16731770833333334,0.168212890625,0.16312662760416666,0.17159016927083334,0.16809766022380468,0.16337076822916666,0.15791829427083334,0.15553023520794335,0.15549761681671895,0.15826986518958985,0.17244466145833334,0.16837565104166666,0.14982096354166666,0.1422119140625,0.1358642578125,0.15142020021160577,0.14253743489583334,0.1441650390625,0.13236490885416666,0.12875396760804103,0.12508138020833334,0.11669921875,0.10962360122075279,0.10965483555845001,0.11029202134158758,0.10432020847754388,0.11641438802083333,0.1212158203125,0.10652669270833333,0.0965576171875,0.09529622395833333,0.1123590933137997,0.11376953125,0.10738118489583333,0.09696451822916667,0.089111328125,0.08040691759918617,0.07771809895833333,0.07279459635416667,0.07288190770733295,0.07056525454767427,0.06308506308506308,0.07670084635416667,0.07637532552083333,0.06465657552083333,0.053507486979166664,0.0550537109375,0.0701904296875,0.07234700520833333,0.059163411458333336,0.0509033203125,0.048421223958333336,0.043741861979166664,0.040812174479166664,0.037394205729166664,0.039835611979166664,0.04009280364702052,0.03491353001017294,0.036336263020833336,0.044352213541666664,0.03564453125,0.030517578125,0.0286865234375,0.036729375356299374,0.034303153611393696,0.025472005208333332,0.021366651743925765,0.0201416015625,0.018229166666666668,0.015950520833333332,0.0126953125,0.012369791666666666,0.013347440384145846,0.011723043106606424,0.018880208333333332,0.021280924479166668,0.020304361979166668,0.017985026041666668,0.016560872395833332,0.013509664292980672,0.0142822265625,0.011922200520833334,0.009521484375,0.008341471354166666,0.006998697916666667,0.006593406593406593,0.006144205729166667,0.00590030518819939,0.005819632101579033,0.005209393187090472,0.0096435546875,0.009440104166666666,0.0078125,0.0062255859375,0.0050048828125,0.0042728086595588835,0.0037445561479913713,0.0027262369791666665,0.0021567510376821033,0.0018310546875,0.0017496744791666667,0.00175109952761036,0.00175010175010175,0.0017500305237882056,0.0016687695876918067,0.0010583302804575243,0.0015055338541666667,0.0022379557291666665,0.0025227864583333335,0.0018717447916666667,0.0013834635416666667,0.0013429920234413154,0.0013024013024013025,0.0013022422984576567,0.0004476093591047813,0.0004476457900948195,0.0004475911458333333,0.00044768222701558745,0.00044779157337675554,0.000447955693109627,0.0004477186698685335,0.00024423006472096715,0.000040690104166666664],"averageToxinCountInMales":[2.447265625,2.447265625,2.451292246520875,2.632492113564669,2.571364046973803,2.563758389261745,2.5538823529411765,2.5261682242990653,2.4785046728971962,2.594094094094094,2.5768463073852295,2.549331963001028,2.552491533623609,2.5014807502467917,2.472405063291139,2.445369406867846,2.4386243386243387,2.4371352785145888,2.393891521853607,2.6421973748176955,2.4450025113008538,2.4600110314396026,2.3821656050955413,2.406019656019656,2.6013179571663922,2.5586166471277845,2.579759862778731,2.571162212554382,2.601667735728031,2.5733157199471597,2.547585227272727,2.504157218442933,2.498489425981873,2.5,2.511111111111111,2.640988372093023,2.3319700068166327,2.3950807071483475,2.327319587628866,2.1461736887360274,2.1724386724386724,2.3693181818181817,2.378030303030303,2.404201680672269,2.451642335766423,2.5516194331983804,2.5745341614906834,2.547960308710033,2.5580357142857144,2.5942857142857143,2.5966057441253265,2.808743169398907,2.617161716171617,2.175324675324675,2.22741935483871,1.853080568720379,2.477777777777778,2.6583034647550776,2.7094890510948906,2.849829351535836,2.7387387387387387,2.740518962075848,2.728448275862069,2.6297169811320753,2.57649667405765,2.558241758241758,2.4690721649484537,2.599009900990099,1.9309021113243763,1.9034653465346534,1.9534883720930232,1.5709779179810726,1.9904306220095693,1.8186274509803921,1.7156862745098038,1.7248062015503876,1.6885245901639345,1.573394495412844,1.6205128205128205,1.5266666666666666,1.5136986301369864,1.5696202531645569,1.5813953488372092,1.5622119815668203,1.553648068669528,1.7962962962962963,1.6858638743455496,1.6132596685082874,1.6896551724137931,1.6305732484076434,1.7619047619047619,1.9065420560747663,1.9777777777777779,1.894736842105263,1.7391304347826086,1.935483870967742,2.0338983050847457,2.0689655172413794,2.0408163265306123,1.6388888888888888,1.4851485148514851,1,0.8405797101449275,0.6981132075471698,0.4666666666666667,0.32432432432432434,0.4074074074074074,0.3181818181818182,0.25,0.21052631578947367,0.21052631578947367,0.21052631578947367,0.21052631578947367,0.2222222222222222,0.36363636363636365,0,0.5357142857142857,0.8611111111111112,0.9285714285714286,0.95,1,1,1,1,1,1,1,1,1,1,1,1],"averageAntitoxinCountInFemales":[2.4677734375,2.4677734375,2.4705882352941178,2.637506284565108,2.5581188997338065,2.616555661274976,2.601847575057737,2.6022304832713754,2.575785161583978,2.6797540208136237,2.6455399061032865,2.6107610276296653,2.613953488372093,2.568171021377672,2.572058823529412,2.5518121490556407,2.5424430641821947,2.5424430641821947,2.509310518369401,2.6680421824850984,2.4769445738239404,2.467094703049759,2.464366515837104,2.510227936879018,2.705263157894737,2.6889259877573735,2.697881828316611,2.7049878345498786,2.7289719626168223,2.7326923076923078,2.6787671232876713,2.676148796498906,2.651824817518248,2.6471861471861473,2.6406829992576095,2.750841750841751,2.4583333333333335,2.383447228549734,2.3101736972704714,2.202714164546226,2.2174545454545456,2.378242074927954,2.385898407884761,2.4643755238893545,2.495429616087751,2.6578947368421053,2.672669491525424,2.6666666666666665,2.629050279329609,2.676367869615832,2.67984693877551,2.852577319587629,2.6270661157024793,2.2356532356532357,2.2503597122302157,1.948611111111111,2.6590163934426227,2.7566418703506907,2.8309492847854356,2.9654135338345866,2.822047244094488,2.8484320557491287,2.8589981447124306,2.83030303030303,2.7632575757575757,2.7528301886792454,2.7106382978723405,2.807770961145194,2.1318101933216167,2.180084745762712,2.1403940886699506,1.9149484536082475,2.1301652892561984,1.7862068965517242,1.759375,1.7827715355805243,1.7330677290836654,1.708695652173913,1.7614213197969544,1.6666666666666667,1.6898734177215189,1.6823529411764706,1.6540880503144655,1.5789473684210527,1.4724137931034482,1.5865724381625441,1.5139442231075697,1.491150442477876,1.5294117647058822,1.541237113402062,1.652694610778443,1.8267716535433072,1.817391304347826,1.4270833333333333,1.3440860215053763,1.404494382022472,1.4534883720930232,1.423529411764706,1.4177215189873418,1.7829457364341086,1.4274809160305344,1.074766355140187,1.0476190476190477,0.9714285714285714,0.5333333333333333,0.5818181818181818,0.7,0.5483870967741935,0.44,0.2916666666666667,0.2916666666666667,0.2916666666666667,0.2916666666666667,0.30434782608695654,0.4666666666666667,0.2,0.5185185185185185,0.8846153846153846,1,1,1,1,1,1,1,1,1,1,1,1,1,null],