{"startTime":"2025-03-24T20:43:41.882Z","infectedMalesAtStart":1024,"infectedFemalesAtStart":1024,"toxinAntitoxinLength":3,"killRate":0.8663055042335296,"rescueRate":0.10089879732613405,"simulationLength":113,"infectionRatio":[0.08333333333333333,0.08333333333333333,0.08343603648015775,0.08687337239583333,0.08052571614583333,0.08793131510416667,0.08390299479166667,0.08622233072916667,0.07869466145833333,0.07661946614583333,0.073486328125,0.07051595052083333,0.07279459635416667,0.07621256510416667,0.0723876953125,0.0706787109375,0.06982990152193375,0.06946819773597199,0.06791178385416667,0.0635986328125,0.059488932291666664,0.058797200520833336,0.052897135416666664,0.057698567708333336,0.054239908854166664,0.054768880208333336,0.050699869791666664,0.047487283825025435,0.0487060546875,0.0517578125,0.0533447265625,0.047444661458333336,0.046066821307939605,0.04529361494323037,0.040327175063074795,0.035237630208333336,0.0426025390625,0.05155645981688708,0.044026692708333336,0.048746744791666664,0.041788736979166664,0.044962565104166664,0.040568033854166664,0.0372314453125,0.03466796875,0.032755533854166664,0.030640895218718208,0.029296875,0.028974891140682864,0.028334147532975085,0.03031659477496541,0.022054036458333332,0.025431315104166668,0.038330078125,0.033487955729166664,0.029215494791666668,0.023234049479166668,0.0257568359375,0.026936848958333332,0.022705078125,0.020263671875,0.019856770833333332,0.017659505208333332,0.017008463541666668,0.016357421875,0.015632633121641426,0.011882960973426119,0.0089111328125,0.007405598958333333,0.009847005208333334,0.008626302083333334,0.009684638860630722,0.009114583333333334,0.012044270833333334,0.011231839824197289,0.008707682291666666,0.007853190104166666,0.007364908854166667,0.007080078125,0.0069580078125,0.006795523906408953,0.006673448626653103,0.005167643229166667,0.0038655598958333335,0.0029296875,0.0034587995930824007,0.0026448567708333335,0.00252309445326171,0.0020345052083333335,0.0019125905428501668,0.0019125905428501668,0.0030925737538148525,0.0028889973958333335,0.0028076171875,0.0028076171875,0.0026041666666666665,0.0024820963541666665,0.0022379557291666665,0.0015466015466015467,0.0011800130208333333,0.0011800130208333333,0.0010579427083333333,0.0001220703125,0.00012211503236048357,0.00008138020833333333,0.00008138020833333333,0.00008138020833333333,0.0000406934158053227,0.000040690104166666664,0.000040690104166666664,0.000040690104166666664,0.000040690104166666664,0.000040690104166666664],"averageToxinCountInMales":[2.5087890625,2.5087890625,2.520357497517378,2.457034938621341,2.348717948717949,2.332099907493062,2.312684365781711,2.362934362934363,2.466880341880342,2.4839779005524862,2.500579374275782,2.457177322074789,2.5348837209302326,2.4118942731277535,2.461626575028637,2.5343601895734595,2.5354993983152827,2.5407047387606316,2.5667915106117354,2.35378590078329,2.8628808864265927,2.994350282485876,3.050632911392405,2.9171428571428573,2.7282442748091604,2.6295180722891565,2.6434494195688227,2.691335740072202,2.791958041958042,2.464527027027027,2.5325914149443562,2.670909090909091,2.6805293005671076,2.675675675675676,2.659340659340659,2.5463917525773194,3.592741935483871,3.575663026521061,3.608534322820037,3.34,3.4717348927875245,3.1693404634581106,3.3045186640471513,3.294491525423729,3.2782805429864252,3.330952380952381,2.9194805194805196,2.8763440860215055,2.883468834688347,2.897222222222222,2.7192513368983957,2.802919708029197,4.024054982817869,3.7644444444444445,3.8082901554404147,3.573099415204678,3.424124513618677,2.8947368421052633,3.0287539936102235,3.1544117647058822,3.3512396694214877,3.3797468354430378,3.185185185185185,3.1365853658536587,3.116751269035533,3.095744680851064,3.1527777777777777,2.9405940594059405,4.3977272727272725,4.076271186440678,3.94,2.9913793103448274,2.883495145631068,2.78,2.7,2.376146788990826,2.217821782178218,2.21505376344086,2,1.9431818181818181,1.9764705882352942,2,1.9152542372881356,2.2142857142857144,2.8157894736842106,5.552631578947368,6.038461538461538,6.038461538461538,6.238095238095238,6.5,6.5,5.428571428571429,5.470588235294118,5.424242424242424,5.424242424242424,5.266666666666667,5.142857142857143,4.833333333333333,4.5625,4.4,4.4,4.230769230769231,5.5,5.5,4,4,4,4,4,4,4,4,4],"averageAntitoxinCountInFemales":[2.451171875,2.451171875,2.451171875,2.4656133828996283,2.389442231075697,2.3805555555555555,2.343540669856459,2.4155124653739612,2.476953907815631,2.511247443762781,2.5100742311770943,2.493362831858407,2.5995694294940797,2.4870466321243523,2.54083885209713,2.6136618141097423,2.616949152542373,2.620611551528879,2.629032258064516,2.4479297365119197,2.8162162162162163,2.926729986431479,2.9730538922155687,2.9206128133704734,2.7035398230088497,2.629032258064516,2.667185069984448,2.7308319738988582,2.8624,2.488235294117647,2.6070381231671553,2.741883116883117,2.7529021558872304,2.757983193277311,2.5988805970149254,2.412133891213389,3.2087114337568057,3.2715654952076676,3.3296500920810312,3.180602006688963,3.2762645914396886,3.051470588235294,3.139344262295082,3.119638826185102,3.046341463414634,3.137662337662338,2.8967391304347827,2.92816091954023,2.947521865889213,2.9464285714285716,2.7169811320754715,2.951492537313433,4.014970059880239,3.727642276422764,3.645308924485126,3.38031914893617,3.3025477707006368,2.911854103343465,3.0343839541547277,3.1888111888111887,3.296875,3.302788844621514,3,3,2.970731707317073,3.0255102040816326,3.141891891891892,3.1186440677966103,4.340425531914893,3.8951612903225805,3.7589285714285716,2.877049180327869,2.8925619834710745,2.8972602739726026,2.823529411764706,2.657142857142857,2.4782608695652173,2.409090909090909,2.2470588235294118,2.1325301204819276,2.1463414634146343,2.0864197530864197,2.1176470588235294,2.3962264150943398,2.0294117647058822,5.25531914893617,6.051282051282051,6.138888888888889,6.344827586206897,6.7407407407407405,6.7407407407407405,5.804878048780488,5.675675675675675,5.638888888888889,5.638888888888889,5.5588235294117645,5.515151515151516,5.419354838709677,5.045454545454546,4.214285714285714,4.214285714285714,4,4,4,4,4,4,null,null,null,null,null,null],"reproductiveSuccessOverTime":[0,0,0,0,0,0,0,0,0,8.304102891156462e-7,0.0000023190726366766216,0,0,0,0,0,0,0,0,0,0,0.000004630469505394338,0,0.000003130008012820513,0.0000014509019891358447,0,0.000022901411603804185,0.00006359410342116344,0.0000061231775098962605,0.000005353961074561403,0.00000637121367872807,0.0000025431315104166665,0.00008552371354305755,0.00012341222869214887,5.499110243962527e-7,8.477105034722222e-7,0,0,0,0,0,0,0,0,0,0,0,0.000040690104166666664,0,0,0,0,5.086263020833333e-7,0,0,0,0,0,0,0,0,0,0,0,0,0,0,0,0,0,0,0,0,0.000040690104166666664,0.00004069507182680177,0,0,0.000040690104166666664,0,0,0.00004069175991861648,0.00008138351983723296,0,0,0,0,0,0.00008139014365360354,0,0,0,0,0,0,0,0,0,0,0,0,0,0,0,0,0,0,0,0.0000406934158053227,0.0001220703125,0,0,0,0.000040690104166666664]}