{"startTime":"2025-03-24T20:33:55.228Z","infectedMalesAtStart":16,"infectedFemalesAtStart":32,"toxinAntitoxinLength":3,"killRate":0.08534495669114994,"rescueRate":0.9279420370361429,"simulationLength":67,"infectionRatio":[0.0039075219798111365,0.0039075219798111365,0.003945745992601726,0.0060019862688371695,0.004353841145833333,0.004150390625,0.0045166015625,0.005167643229166667,0.005208333333333333,0.004191080729166667,0.0034993489583333335,0.0032552083333333335,0.002685546875,0.004679361979166667,0.004597981770833333,0.004516785350966429,0.004475911458333333,0.004479192116621874,0.003988928687723868,0.007649739583333333,0.0079345703125,0.0059814453125,0.005289713541666667,0.004801432291666667,0.004597981770833333,0.0045166015625,0.004313151041666667,0.0041510662542731565,0.0037434895833333335,0.007039388020833333,0.006632486979166667,0.006510416666666667,0.0064292980671414035,0.0064292980671414035,0.004679742817612111,0.007527669270833333,0.006144955845847068,0.004964192708333333,0.004435221354166667,0.004150390625,0.0036214192708333335,0.0034586588541666665,0.0029296875,0.0028889973958333335,0.002604696593545236,0.0023600260416666665,0.003947100712105798,0.0037841796875,0.0036214192708333335,0.0035807291666666665,0.0033365885416666665,0.0011800130208333333,0.0008952187182095626,0.0008951822916666666,0.0008952187182095626,0.000732421875,0.0005289713541666666,0.0005290359337484231,0.0005289713541666666,0.0005289713541666666,0.0001220703125,0.000040690104166666664,0.000244140625,0.000244140625,0.0002441604948319362,0.000244140625,0.000244140625],"averageToxinCountInMales":[2.6875,2.6875,2.6875,3.9836065573770494,3.8125,3.9318181818181817,3.7142857142857144,2.5081967213114753,2.3333333333333335,2.38,2.772727272727273,2.902439024390244,2.6176470588235294,2.3,2.288135593220339,2.2241379310344827,2.1578947368421053,2.1578947368421053,1.836734693877551,1.8556701030927836,1.9285714285714286,2.025,2.072463768115942,1.8548387096774193,1.8833333333333333,1.8833333333333333,1.8448275862068966,1.8035714285714286,1.625,1.2808988764044944,1.2941176470588236,1.2976190476190477,1.3012048192771084,1.3012048192771084,1.2884615384615385,1.1595744680851063,1.118421052631579,1,1,1,1,1,1,1,1,1,1,1,1,1,1,1,1,1,1,1,1,1,1,1,1,null,1,1,1,1,1],"averageAntitoxinCountInFemales":[3.125,3.125,3.125,3.3461538461538463,3.23728813559322,3.2413793103448274,3.064516129032258,2.196969696969697,2.0615384615384613,1.9245283018867925,2.4761904761904763,2.5128205128205128,2.53125,2.0727272727272728,2.074074074074074,2.0377358490566038,2.0377358490566038,2.0377358490566038,2,1.6373626373626373,1.7525773195876289,1.7164179104477613,2.0327868852459017,1.8928571428571428,1.8867924528301887,1.9215686274509804,1.875,1.826086956521739,1.75,1.2619047619047619,1.2820512820512822,1.263157894736842,1.2666666666666666,1.2666666666666666,1.3174603174603174,1.1978021978021978,1.1733333333333333,1,1,1,1,1,1,1,1,1,1,1,1,1,1,1,1,1,1,1,1,1,1,1,1,1,1,1,1,1,1],"reproductiveSuccessOverTime":[0,0,0,0.006822401658102681,0,0,0,0,0,0,0.000040690104166666664,0,0.000040690104166666664,0,0,0,0,0,0,0,0,0,0,0,0,0.000040690104166666664,0.000040690104166666664,0,0,0,0,0,0,0,0.0000406934158053227,0,0,0,0,0,0,0,0,0,0,0,0,0.000040690104166666664,0.00008138020833333333,0,0.000040690104166666664,0,0,0,0.00008138351983723296,0,0,0,0,0,0.000040690104166666664,0,0,0,0,0.00008138020833333333,0]}