{"startTime":"2025-03-24T20:10:07.200Z","infectedMalesAtStart":1024,"infectedFemalesAtStart":1024,"toxinAntitoxinLength":3,"killRate":1,"rescueRate":0.75,"simulationLength":356,"infectionRatio":[0.16742969260954874,0.16742969260954874,0.16732804232804233,0.18470319634703197,0.16996112134233682,0.16742652446470732,0.16947428385416666,0.17183430989583334,0.166015625,0.16621907552083334,0.16984049479166666,0.17598470052083334,0.17708333333333334,0.176513671875,0.17342122395833334,0.168701171875,0.1761474609375,0.1749470597817234,0.17586220937334582,0.17667643229166666,0.17236328125,0.17451985677083334,0.1746826171875,0.16792805989583334,0.15779622395833334,0.14737955729166666,0.13672431332655138,0.1342828077314344,0.13186276504822758,0.125,0.12967936197916666,0.1241455078125,0.12742664116234587,0.12674219577797702,0.1270751953125,0.13321940104166666,0.1224365234375,0.1307373046875,0.12638346354166666,0.12723795572916666,0.12038092137392153,0.1220703125,0.1142578125,0.11150449680543686,0.10472120472120472,0.09712727864583333,0.09651692708333333,0.0919189453125,0.09531173693635031,0.09440032579922622,0.09807512310259228,0.1240234375,0.12646484375,0.14119466145833334,0.12980143229166666,0.1305869901489864,0.1207064951977861,0.133544921875,0.12329603255340793,0.1160888671875,0.11307779947916667,0.10819498697916667,0.10294596354166667,0.10054524739583333,0.11214649033570702,0.1129334201530197,0.11008464919420478,0.14791454730417092,0.14058430989583334,0.1517333984375,0.1495361328125,0.14820091175512862,0.14107259114583334,0.152587890625,0.1461181640625,0.13484700520833334,0.1299287894201424,0.12573753814852492,0.10909016927083333,0.10616048177083333,0.11710611979166667,0.11844889322916667,0.11064956220728976,0.17525227864583334,0.18363444010416666,0.18070475260416666,0.18013509114583334,0.17325302185503236,0.17195638020833334,0.18204752604166666,0.18037923177083334,0.16902669270833334,0.16536458333333334,0.14990234375,0.1377416073245168,0.13924153645833334,0.14677517802644965,0.146484375,0.13595116988809766,0.2129486449092537,0.22831217447916666,0.2301025390625,0.23828125,0.22772035484658582,0.22420247395833334,0.2254638671875,0.2281494140625,0.22285970052083334,0.2246276552453813,0.20378433367243134,0.18709309895833334,0.18660481770833334,0.18562825520833334,0.18204752604166666,0.17421560249053838,0.24630722278738557,0.2681884765625,0.27685546875,0.2760416666666667,0.2755533854166667,0.2676595052083333,0.26380692686500345,0.2692057291666667,0.2727457682291667,0.2743845371312309,0.2502848307291667,0.23923659151949214,0.23453776041666666,0.23372395833333334,0.22953287760416666,0.22700634868956535,0.2966263785455581,0.3053385416666667,0.2935384114583333,0.2831624348958333,0.279296875,0.269775390625,0.2646699763978188,0.2701635875315374,0.27197265625,0.260498046875,0.24112955729166666,0.2316269227638968,0.22802734375,0.234619140625,0.2342529296875,0.23907999185833503,0.29985349177926096,0.2906062950445865,0.2776692708333333,0.2511800130208333,0.23923659151949214,0.22526958290946084,0.21465776837307723,0.21211751302083334,0.21553548177083334,0.21284993489583334,0.1993408203125,0.19337511190689347,0.1933265513733469,0.20015462239583334,0.20943196614583334,0.2161556939864012,0.2747883425594269,0.27612335519615433,0.2659098307291667,0.24617513020833334,0.2252197265625,0.21049847405900304,0.20198567708333334,0.20540474543160636,0.20987955729166666,0.22684733072916666,0.21455891927083334,0.2036622583926755,0.20699055989583334,0.21272786458333334,0.21728515625,0.23270670572916666,0.2655321227913036,0.27832492267621683,0.2633463541666667,0.23014322916666666,0.19893391927083334,0.18194766613763072,0.17144950543411894,0.1649908406269082,0.16327527266807748,0.17435709635416666,0.15763346354166666,0.14286295572916666,0.14124063822859004,0.14441505595116988,0.14742024739583334,0.1514263622675294,0.1704785935210809,0.19126683758596835,0.180908203125,0.15287272135416666,0.1303763987792472,0.12460830993366703,0.12034512229864475,0.12012537653667671,0.11931610014247913,0.12366225839267549,0.1107177734375,0.1038818359375,0.10292621382931097,0.10608341810783316,0.10593789426559766,0.09709844137874904,0.10539185719525615,0.12235514322916667,0.12003580729166667,0.089111328125,0.08101399739583333,0.07828776041666667,0.07814154247088526,0.0780785670669652,0.07753673328177785,0.08070818070818071,0.07674153645833333,0.07137044270833333,0.0706408952187182,0.07276278842632157,0.07168736006513332,0.066162109375,0.06907371938546802,0.07789087947882736,0.08272298177083333,0.05814852492370295,0.047119140625,0.045166015625,0.044235543075733526,0.044225443883368624,0.04419551934826884,0.04364465434410879,0.039104781281790436,0.03451222986447438,0.034548710018718974,0.035781160954164296,0.03568518820270491,0.03367675204625972,0.025519771708112517,0.048299153645833336,0.053141276041666664,0.05066124109867752,0.04598168870803662,0.04333848783266867,0.043304843304843306,0.04334012219959267,0.04333306182292091,0.04329938900203666,0.036926960345248755,0.03375682058799576,0.03215695852159401,0.034757834757834755,0.03476207921195099,0.03439993486402866,0.02794688457609806,0.051597151576805694,0.046590169270833336,0.039392829528344116,0.03043743641912513,0.03267681289167413,0.03267548321464903,0.03265206416415602,0.032415702883205735,0.02993158494868871,0.02637040654376755,0.02400911532514039,0.0230712890625,0.024739583333333332,0.024751669109265594,0.02307316676161797,0.019453507340946165,0.037434895833333336,0.035074869791666664,0.03431292738521654,0.026619993487463366,0.024791369835131284,0.024383293983554506,0.025198453083655606,0.02501120208562467,0.023453723685817825,0.018646690008956926,0.01701746529332736,0.015834893755597167,0.015670791273200913,0.015548048353616346,0.014819640094454849,0.011982393218128464,0.027932733417484427,0.019083658854166668,0.014088521519605848,0.011072213628592363,0.010012210012210013,0.01001669449081803,0.01002118298843083,0.009735630779257811,0.009406303444905936,0.0076954397394136806,0.006269592476489028,0.005943657384790751,0.0058222385082040634,0.0057817589576547234,0.005744316792960156,0.0050128377552268,0.009441256663818011,0.005289713541666667,0.004516785350966429,0.002238320039068859,0.0018721256766106385,0.0018311291963377416,0.0018320237755974434,0.0018335913943443893,0.0017927718697795705,0.0017925527580868574,0.0017924797327575671,0.0017922606924643584,0.0017921146953405018,0.0017918957442476075,0.0017913121361397223,0.0015895659262278377,0.0041098677517802645,0.0037027994791666665,0.0026448567708333335,0.0026041666666666665,0.002604378611540653,0.0026050146532074245,0.0026058631921824105,0.0026073494663081563,0.0026066061173787318,0.0026060754133072728,0.00256514657980456,0.002565564424173318,0.0025653554849743463,0.0025653554849743463,0.002564833285836421,0.002037905033625433,0.00439453125,0.0011393229166666667,0.00008138020833333333,0.00008138351983723296,0.00008138020833333333,0.00008139345596614032,0.00008144980655670943,0.00008149959250203749,0.000040759761962990134,0.00004076308495026904,0.000040771394789415744,0.000040781371069695365,0.00004078469758146743,0.00004078303425774878,0.00004082632481424022,0.000040933278755628324],