{"startTime":"2025-03-24T20:33:55.229Z","infectedMalesAtStart":16,"infectedFemalesAtStart":32,"toxinAntitoxinLength":3,"killRate":0.03914184661412512,"rescueRate":0.4408720361461895,"simulationLength":61,"infectionRatio":[0.003974826101358066,0.003974826101358066,0.00401304238776022,0.010424123120973515,0.011928996010096898,0.0106201171875,0.009562174479166666,0.008341471354166666,0.008341471354166666,0.008219401041666666,0.010009765625,0.00830078125,0.006591796875,0.0072021484375,0.006062825520833333,0.005859375,0.008341471354166666,0.008345206594748626,0.008463541666666666,0.009521484375,0.007528281923984699,0.008951822916666666,0.0084228515625,0.007080078125,0.006103515625,0.0064697265625,0.006266276041666667,0.00537109375,0.005086263020833333,0.004313151041666667,0.0038655598958333335,0.003662109375,0.003662109375,0.003540327175063075,0.0034993489583333335,0.0027262369791666665,0.0025634765625,0.0010172526041666667,0.0009765625,0.0009358723958333334,0.0007731119791666666,0.0020751953125,0.0022384111350779376,0.002197265625,0.0028076171875,0.0027669270833333335,0.0025634765625,0.0020345052083333335,0.0019938151041666665,0.0019938151041666665,0.001994789122292786,0.0009765625,0.0008138020833333334,0.000732421875,0.0005289713541666666,0.0003662109375,0.00008138020833333333,0.00008138020833333333,0.00008139014365360354,0.00008138351983723296,0.00004069175991861648],"averageToxinCountInMales":[3.0625,3.0625,3.0625,2.5925925925925926,2.172661870503597,2.1451612903225805,1.9363636363636363,1.7938144329896908,1.8144329896907216,1.6914893617021276,1.7868852459016393,1.7058823529411764,1.6081081081081081,1.855421686746988,1.7464788732394365,1.7571428571428571,1.4757281553398058,1.4757281553398058,1.719626168224299,1.8968253968253967,1.5728155339805825,1.4836065573770492,1.4871794871794872,1.59375,1.5853658536585367,1.4303797468354431,1.4177215189873418,1.328358208955224,1.3333333333333333,1.150943396226415,1.148936170212766,1.1111111111111112,1.1111111111111112,1.1136363636363635,1.0930232558139534,1.0571428571428572,1,1,1,1,1,1,1,1,1,1,1,1,1,1,1,1,1,1,1,1,1,1,1,1,1],"averageAntitoxinCountInFemales":[2.5625,2.5625,2.5625,2.52,2.1493506493506493,2.145985401459854,2,1.8796296296296295,1.8981481481481481,1.8240740740740742,1.8709677419354838,1.8627450980392157,1.8522727272727273,1.9680851063829787,2,2.027027027027027,1.7254901960784315,1.7254901960784315,1.8415841584158417,1.9351851851851851,1.7195121951219512,1.5612244897959184,1.6111111111111112,1.705128205128205,1.6764705882352942,1.425,1.4533333333333334,1.3384615384615384,1.3387096774193548,1.2264150943396226,1.25,1.1777777777777778,1.1777777777777778,1.186046511627907,1.2093023255813953,1.0625,1,1,1,1,1,1,1,1,1,1,1,1,1,1,1,1,1,1,1,1,null,null,null,null,null],"reproductiveSuccessOverTime":[0,0,0,0.008634574087329993,0.0000814265939255761,0,0,0,0,0,0,0,0,0,0,0,0,0,0,0,0,0,0,0,0,0.000040690104166666664,0.000040690104166666664,0,0,0,0,0,0,0,0,0,0,0,0,0,0,0,0,0,0,0.000040690104166666664,0,0,0,0,0,0,0,0.000040690104166666664,0,0,0.00008138020833333333,0,0,0,0]}