{"startTime":"2025-03-24T20:43:41.882Z","infectedMalesAtStart":1024,"infectedFemalesAtStart":1024,"toxinAntitoxinLength":3,"killRate":0.8663055042335296,"rescueRate":0.3509822309631796,"simulationLength":133,"infectionRatio":[0.08333333333333333,0.08333333333333333,0.08339495522142798,0.07706705729166667,0.08662923177083333,0.0821533203125,0.08829752604166667,0.09261067708333333,0.08935546875,0.08793131510416667,0.07958984375,0.0775146484375,0.07954915364583333,0.0859375,0.08662923177083333,0.08203125,0.08329264322916667,0.08328242720423538,0.08299413871703028,0.07096354166666667,0.07023111979166667,0.062459309895833336,0.06717936197916667,0.072265625,0.07368977864583333,0.07857578840284843,0.07486979166666667,0.06778971354166667,0.0689697265625,0.0733642578125,0.07271617497456764,0.06998697916666667,0.0716552734375,0.07285307285307285,0.07235289330186376,0.0562744140625,0.056396484375,0.059407552083333336,0.07100423177083333,0.0792236328125,0.07222493489583333,0.07100712105798576,0.060427263479145475,0.0549790420380092,0.044637044270833336,0.047688802083333336,0.045613606770833336,0.0421142578125,0.044881184895833336,0.043540183112919635,0.042726347914547304,0.035359700520833336,0.031453450520833336,0.0245361328125,0.031010906723099464,0.03515625,0.031656901041666664,0.031134263969720403,0.028849283854166668,0.02872275412507639,0.022908528645833332,0.025105794270833332,0.023111979166666668,0.022664388020833332,0.021649778211858543,0.02091556459816887,0.0203857421875,0.016646316646316647,0.011393229166666666,0.008585611979166666,0.018107833163784334,0.0260009765625,0.028523763020833332,0.031168619791666668,0.030518819938962362,0.029568688144014987,0.0262451171875,0.0216064453125,0.017171223958333332,0.0162353515625,0.015625,0.013264973958333334,0.012369791666666666,0.010782877604166666,0.008341471354166666,0.0062258392675483215,0.010945638020833334,0.014689127604166666,0.013713123092573753,0.013427734375,0.011678059895833334,0.010546890906869732,0.01070236835679987,0.008585611979166666,0.008138020833333334,0.007242838541666667,0.0069989827060020346,0.006836493855294213,0.005777994791666667,0.005615234375,0.004720052083333333,0.0027674901306418134,0.0022786458333333335,0.0025634765625,0.0024415055951169887,0.0023193359375,0.0021158854166666665,0.002523813400635024,0.005534980261283627,0.005208333333333333,0.0050048828125,0.004843699120807555,0.004762098579510766,0.0046000407083248524,0.0038248697916666665,0.0037027994791666665,0.002197265625,0.0019532044760935913,0.0014241536458333333,0.0014242115971515768,0.0014242115971515768,0.0013020833333333333,0.0010579427083333333,0.0009366727754021584,0.0010986328125,0.000244140625,0.000040690104166666664,0.00004069507182680177,0.0000406934158053227,0.000040690104166666664,0.000040690104166666664,0.000040690104166666664,0.000040690104166666664],"averageToxinCountInMales":[2.453125,2.453125,2.4607745779543198,2.5664864864864865,2.3836657169990505,2.476709613478692,2.5254545454545454,2.376521739130435,2.465391621129326,2.6185185185185187,2.6616161616161618,2.740354535974974,2.7415384615384615,2.5691439322671683,2.585661080074488,2.6600397614314115,2.56640625,2.5655577299412915,2.5352941176470587,2.6876430205949657,2.748314606741573,2.7622739018087854,2.8379685610640872,2.784424379232506,2.7057522123893807,2.4989583333333334,2.460423634336678,2.3642052565707132,2.3121890547263684,2.156794425087108,2.0150987224157957,1.9987775061124695,1.9167657550535078,1.8918918918918919,1.8911242603550296,2.025679758308157,2.303892215568862,2.363380281690141,2.5580046403712298,2.6887080366225837,2.7271714922048997,2.600901916572717,2.660206718346253,2.6433666191155494,2.710017574692443,2.3791469194312795,2.3989983305509184,2.4892086330935252,2.2941176470588234,2.326750448833034,2.1465201465201464,2.1842696629213485,2.6893939393939394,2.673076923076923,2.607940446650124,2.4810690423162582,2.5127551020408165,2.3743455497382198,2.3202247191011236,2.3435754189944134,2.2422145328719725,2.120845921450151,2.1442953020134228,2.231034482758621,2.20863309352518,2.1977611940298507,1.9425287356321839,1.9241706161137442,1.6015037593984962,1.3369565217391304,1.647887323943662,1.9841772151898733,2.028985507246377,1.7574123989218329,1.7307692307692308,1.7563739376770537,1.6928104575163399,1.5573770491803278,1.6910994764397906,1.7222222222222223,1.7471264367816093,1.8309859154929577,1.7593984962406015,1.7983193277310925,1.858695652173913,1.8571428571428572,1.950354609929078,2.1797752808988764,2.234567901234568,2.074074074074074,2.176470588235294,2.2222222222222223,2.2436974789915967,2.122448979591837,2.130434782608696,2.0602409638554215,2.1139240506329116,2.1153846153846154,2.1384615384615384,2.161290322580645,2.1176470588235294,2.0384615384615383,2.0476190476190474,2.0833333333333335,2.1739130434782608,2.1363636363636362,2.176470588235294,2.2916666666666665,2.8214285714285716,2.8518518518518516,2.9019607843137254,2.92,2.938775510204082,2.9583333333333335,2.975,2.973684210526316,2.9565217391304346,2.95,3,3,3,3,3,3,3,3,3,3,3,3,3,3,3],"averageAntitoxinCountInFemales":[2.4814453125,2.4814453125,2.482893450635386,2.542827657378741,2.3819702602230484,2.4465346534653465,2.4906542056074765,2.424511545293073,2.487249544626594,2.587419056429232,2.63768115942029,2.6670190274841437,2.6704081632653063,2.534795042897998,2.5507109004739337,2.613861386138614,2.5483870967741935,2.5483870967741935,2.5309126594700686,2.5540229885057473,2.699760765550239,2.6872536136662286,2.7718446601941746,2.741573033707865,2.715545755237045,2.487126673532441,2.499469777306469,2.3483275663206458,2.291806958473625,2.1549893842887475,1.9989200863930885,1.958980044345898,1.8858695652173914,1.843450479233227,1.8370846730975348,1.8807212205270458,2.1727019498607243,2.272,2.448471121177803,2.538381742738589,2.5370581527936147,2.4324009324009324,2.451476793248945,2.3953846153846152,2.471590909090909,2.2467532467532467,2.2835249042145596,2.361169102296451,2.142857142857143,2.1695906432748537,1.992063492063492,2.068396226415094,2.660477453580902,2.5189003436426116,2.348189415041783,2.2867469879518074,2.3031088082901556,2.164490861618799,2.130311614730878,2.1873198847262247,2.062043795620438,2.020979020979021,2.037037037037037,2.1048689138576777,2.1338582677165356,2.1219512195121952,1.8625,1.8282828282828283,1.5374149659863945,1.361344537815126,1.5689655172413792,1.9411764705882353,1.9775280898876404,1.7468354430379747,1.7435233160621761,1.774798927613941,1.7227138643067847,1.651567944250871,1.826839826839827,1.8858447488584476,1.9476190476190476,2.032608695652174,2,1.9931506849315068,2.0265486725663715,2.0963855421686746,2.1328125,2.3551912568306013,2.3714285714285714,2.255952380952381,2.3509933774834435,2.3732394366197185,2.4097222222222223,2.3008849557522124,2.2777777777777777,2.2,2.204301075268817,2.2555555555555555,2.2857142857142856,2.289473684210526,2.2153846153846155,2.1904761904761907,2.2285714285714286,2.3076923076923075,2.3783783783783785,2.5142857142857142,2.5142857142857142,2.526315789473684,2.8125,2.8783783783783785,2.9027777777777777,2.9420289855072466,2.9558823529411766,2.9692307692307693,2.962962962962963,2.981132075471698,2.967741935483871,3,3,3,3,3,3,3,3,3,null,null,null,null,null,null,null],