{"startTime":"2025-03-24T20:33:55.229Z","infectedMalesAtStart":16,"infectedFemalesAtStart":32,"toxinAntitoxinLength":3,"killRate":0.860557565166468,"rescueRate":0.5558352754804061,"simulationLength":39,"infectionRatio":[0.0040844111640571815,0.0040844111640571815,0.00412725709372313,0.002016851918250269,0.004720052083333333,0.003662109375,0.005452473958333333,0.004679361979166667,0.004557291666666667,0.004109700520833333,0.0036214192708333335,0.0035400390625,0.0029296875,0.0027262369791666665,0.0020751953125,0.0015462239583333333,0.00146484375,0.001465440039078401,0.0011800130208333333,0.0008951822916666666,0.00146484375,0.0010579427083333333,0.0018310546875,0.0008544921875,0.0007731119791666666,0.0006917317708333334,0.000244140625,0.000244140625,0.00020348363991535081,0.00016276041666666666,0.00016276041666666666,0.0001627802873072071,0.00016276041666666666,0.0001628863460520422,0.00016276041666666666,0.00016276041666666666,0.00008138020833333333,0.00008138020833333333,0.0002848307291666667],"averageToxinCountInMales":[2.3125,2.3125,2.3125,2.3125,2.462962962962963,2.3636363636363638,2.703125,2.6666666666666665,2.6607142857142856,2.7058823529411766,2.739130434782609,2.7333333333333334,2.5588235294117645,2.6451612903225805,2.92,2.6842105263157894,2.7777777777777777,2.7777777777777777,2,2.6666666666666665,1.9285714285714286,2.125,3.4285714285714284,2.6666666666666665,2.6666666666666665,2.6666666666666665,1,1,1,1,1,1,1,1,1,1,null,null,4],"averageAntitoxinCountInFemales":[2.53125,2.53125,2.53125,2.586206896551724,2.6451612903225805,2.369565217391304,2.7,2.706896551724138,2.7142857142857144,2.68,2.813953488372093,2.7857142857142856,2.6578947368421053,2.7222222222222223,2.923076923076923,2.8421052631578947,2.7777777777777777,2.7777777777777777,2.6470588235294117,2.6153846153846154,1.6363636363636365,1.8888888888888888,2.5416666666666665,1.4166666666666667,1.6,1.875,1.2,1.2,1.25,1.3333333333333333,1.3333333333333333,1.3333333333333333,1.3333333333333333,1.3333333333333333,1.3333333333333333,1.3333333333333333,2,2,4],"reproductiveSuccessOverTime":[0,0,0,0.007081391179634277,0,0,0,0,0,0,0,0,0.000040690104166666664,0,0,0.00008138020833333333,0,0,0,0,0,0,0,0.000040690104166666664,0,0,0,0,0.00004069672798307016,0,0,0.00004069507182680177,0,0,0,0,0,0,0]}