{"startTime":"2025-03-24T20:33:55.229Z","infectedMalesAtStart":16,"infectedFemalesAtStart":32,"toxinAntitoxinLength":3,"killRate":0.9783495857942636,"rescueRate":0.9115629132559072,"simulationLength":194,"infectionRatio":[0.0036652412950519244,0.0036652412950519244,0.0036920236904853473,0.00830367734282325,0.006754557291666667,0.007080078125,0.0057373046875,0.004964192708333333,0.004842122395833333,0.005208333333333333,0.004679361979166667,0.004435221354166667,0.004313151041666667,0.004231770833333333,0.004231770833333333,0.004109700520833333,0.0041100349963375925,0.004113215231113826,0.0035400390625,0.016194661458333332,0.013834635416666666,0.011881510416666666,0.011271158854166666,0.010457356770833334,0.010091145833333334,0.009847005208333334,0.0096435546875,0.008870442708333334,0.0087890625,0.008789420142421159,0.008504231770833334,0.008138020833333334,0.008057624221706751,0.007773391396361564,0.005818684895833333,0.022786458333333332,0.015543619791666666,0.0150146484375,0.013875325520833334,0.013794506612410986,0.012247721354166666,0.012044760935910477,0.011475076297049847,0.008504231770833334,0.0076904296875,0.007649739583333333,0.007568667344862666,0.007080078125,0.006266276041666667,0.006104757641121648,0.004313151041666667,0.025919596354166668,0.024861653645833332,0.019327799479166668,0.014444986979166666,0.01375381485249237,0.013468424479166666,0.013142903645833334,0.012939453125,0.010904947916666666,0.009928385416666666,0.009684244791666666,0.009602864583333334,0.008748372395833334,0.008260091145833334,0.007812817904374365,0.005777994791666667,0.013020833333333334,0.016357421875,0.018595377604166668,0.016682942708333332,0.015666327568667347,0.013142903645833334,0.011801570829772515,0.011312309257375381,0.010823567708333334,0.009684244791666666,0.0093994140625,0.008951822916666666,0.007486979166666667,0.007366707366707367,0.006062825520833333,0.004801823065028079,0.00537109375,0.015706380208333332,0.010784632915513593,0.008829752604166666,0.011516236672906324,0.011311848958333334,0.010009765625,0.009726122166605624,0.009237029501525941,0.0086669921875,0.01025390625,0.010134310134310135,0.009073893229166666,0.008016276703967446,0.006998697916666667,0.005779170566928493,0.01025390625,0.006795247395833333,0.01025390625,0.0096435546875,0.01518235102572452,0.0146484375,0.01452991452991453,0.014322916666666666,0.0133056640625,0.011922200520833334,0.015584309895833334,0.014689127604166666,0.011515299479166666,0.010376398779247202,0.009806315104166666,0.008588058122023689,0.009318033854166666,0.0072021484375,0.007405598958333333,0.0062255859375,0.008424222692495523,0.008056640625,0.007121057985757884,0.006998697916666667,0.006714413607878245,0.006184895833333333,0.009765625,0.010172526041666666,0.008504231770833334,0.009155645981688708,0.009157509157509158,0.008667697566533735,0.005533854166666667,0.004964192708333333,0.004923502604166667,0.004150390625,0.010904947916666666,0.008707682291666666,0.006388346354166667,0.005126953125,0.004923502604166667,0.0033772786458333335,0.006388346354166667,0.006306966145833333,0.005940755208333333,0.004191251271617498,0.00390625,0.003663003663003663,0.0028889973958333335,0.0025634765625,0.0025634765625,0.0025227864583333335,0.0034586588541666665,0.006104012370798405,0.005494505494505495,0.005289713541666667,0.0050048828125,0.004720052083333333,0.004475911458333333,0.0031746031746031746,0.0026041666666666665,0.0018310546875,0.0016684300480182307,0.0010986775178026449,0.0009358723958333334,0.0008138020833333334,0.00048828125,0.00036628545846729884,0.00020345052083333334,0.0030110677083333335,0.0018310546875,0.0018310546875,0.0018310546875,0.0017496744791666667,0.0017496744791666667,0.0017496744791666667,0.0003255208333333333,0.0003255208333333333,0.00012209018394921048,0.00012207527975584945,0.0001220703125,0.00008138020833333333,0.000040690104166666664,0.000040690104166666664,0.000040690104166666664,0.00004069175991861648,0.000040690104166666664,0.000040690104166666664,0.0008138020833333334,0.0008138020833333334,0.0008138020833333334,0.0008138020833333334,0.0008138020833333334,0.0008138020833333334,0.0008139345596614033],"averageToxinCountInMales":[2.375,2.375,2.375,1.6538461538461537,1.6881720430107527,1.9052631578947368,1.7307692307692308,1.826086956521739,1.826086956521739,1.631578947368421,1.8208955223880596,1.7777777777777777,1.7666666666666666,1.7627118644067796,1.8833333333333333,1.8275862068965518,1.8275862068965518,1.8275862068965518,1.7272727272727273,1.5436893203883495,1.4011299435028248,1.2653061224489797,1.2992700729927007,1.3125,1.2764227642276422,1.275,1.2735042735042734,1.3518518518518519,1.3457943925233644,1.3457943925233644,1.2843137254901962,1.2421052631578948,1.2421052631578948,1.2087912087912087,1.3275862068965518,0.8378378378378378,1,0.8717948717948718,0.8444444444444444,0.8491620111731844,0.8375,0.8481012658227848,0.8571428571428571,0.6101694915254238,0.5135135135135135,0.5135135135135135,0.5181818181818182,0.33980582524271846,0.2967032967032967,0.29213483146067415,0.25925925925925924,1.7113702623906706,1.5746031746031746,1.3755274261603376,1.608187134502924,1.5426829268292683,1.5527950310559007,1.5612903225806452,1.5490196078431373,1.2366412213740459,1.2521008403361344,1.208695652173913,1.1754385964912282,1.2,1.2475247524752475,1.3263157894736841,1.1578947368421053,1.0130718954248366,0.30660377358490565,0.022026431718061675,0.02403846153846154,0,0,0,0,0,0,0,0,0,0,0,0,0,0,0,0,0,0,0,0,0,0,0,0,0,0,0,0,0,0,0.007692307692307693,0.008130081300813009,0,0,0,0,0,0,0,0,0,0,0,0,0,0,0,0,0,0,0,0,0,0,0,0,0,0,0,0,0,0,0,0,0,0,0,0,0,0,0,0,0,0,0,0,0,0,0,0,0,0,0,0,0,0,0,0,0,0,0,0,0,0,0,0,null,0,0,0,0,0,0,0,0,0,0,0,0,0,null,null,null,null,null,null,0,0,0,0,0,0,0],"averageAntitoxinCountInFemales":[2.8125,2.8125,2.8125,1.891304347826087,1.7534246575342465,1.8734177215189873,1.619047619047619,1.6981132075471699,1.68,1.6153846153846154,1.7291666666666667,1.6956521739130435,1.6956521739130435,1.711111111111111,1.7954545454545454,1.744186046511628,1.744186046511628,1.744186046511628,1.744186046511628,1.546875,1.2331288343558282,1.1655172413793105,1.1714285714285715,1.2015503875968991,1.12,1.098360655737705,1.1166666666666667,1.2181818181818183,1.2293577981651376,1.2293577981651376,1.2429906542056075,1.2571428571428571,1.1844660194174756,1.19,1.2470588235294118,0.7954545454545454,1.0225988700564972,1.0229885057471264,1.0186335403726707,1.01875,1.0283687943262412,1.0144927536231885,1.0390625,0.7032967032967034,0.5897435897435898,0.5844155844155844,0.5789473684210527,0.5352112676056338,0.4444444444444444,0.36065573770491804,0.38461538461538464,1.465986394557823,1.2567567567567568,1.1638655462184875,1.1576086956521738,0.9942528735632183,0.9882352941176471,0.9880952380952381,0.9818181818181818,0.7737226277372263,0.768,0.7398373983739838,0.7049180327868853,0.7363636363636363,0.6470588235294118,0.6804123711340206,0.5294117647058824,0.5089820359281437,0.13157894736842105,0,0,0,0,0,0,0,0,0,0,0,0,0,0,0.013157894736842105,0.0049261083743842365,0,0,0,0,0,0,0,0,0,0,0,0,0,0,0,0,0,0,0,0,0,0,0,0,0,0,0,0,0,0,0,0,0,0,0,0,0,0,0,0,0,0,0,0,0,0,0,0,0,0,0,0,0,0,0,0,0,0,0,0,0,0,0,0,0,0,0,0,0,0,0,0,0,0,0,0,0,0,0,0,0,0,0,0,0,0,0,0,0,0,0,0,0,0,0,0,0,0,0,0,0,0,0,0,0,0,0,0,0],