{"startTime":"2025-03-24T20:33:55.228Z","infectedMalesAtStart":16,"infectedFemalesAtStart":32,"toxinAntitoxinLength":3,"killRate":0.9783495857942636,"rescueRate":0.8460005940063737,"simulationLength":91,"infectionRatio":[0.004063320071108102,0.004063320071108102,0.004100111044674126,0.0040263051939337,0.0025227864583333335,0.006917317708333333,0.006062825520833333,0.006754557291666667,0.005208333333333333,0.0052490234375,0.005126953125,0.006144205729166667,0.005859375,0.005615234375,0.0050048828125,0.004801432291666667,0.004476275738585497,0.004478462665906685,0.0042724609375,0.0020751953125,0.0014241536458333333,0.0089111328125,0.008341471354166666,0.00732421875,0.005859375,0.005208333333333333,0.004679361979166667,0.004435221354166667,0.004191080729166667,0.004109700520833333,0.0038248697916666665,0.0037434895833333335,0.0037029501525940997,0.0036627055184763144,0.0032145182291666665,0.0032145182291666665,0.0023193359375,0.009480794270833334,0.008707682291666666,0.008951822916666666,0.0087890625,0.005900065104166667,0.005615234375,0.005045572916666667,0.004597981770833333,0.0045166015625,0.004353841145833333,0.004231770833333333,0.004150390625,0.004110369526290086,0.0036214192708333335,0.0027669270833333335,0.0015462239583333333,0.012410481770833334,0.010701497395833334,0.009196337741607325,0.009521484375,0.009318033854166666,0.00927734375,0.0086669921875,0.008260091145833334,0.0081787109375,0.007283528645833333,0.0072021484375,0.0067138671875,0.006551106770833333,0.005777994791666667,0.004923502604166667,0.0037027994791666665,0.006388346354166667,0.007161458333333333,0.0069580078125,0.008341471354166666,0.007732063647092337,0.006429036458333333,0.005861044405551711,0.005615462868769074,0.003907044890317854,0.0038251810857003335,0.0037029501525940997,0.0037034022464593848,0.003377416073245168,0.0032147798486204934,0.0022379557291666665,0.0010172526041666667,0.0005289713541666666,0.0003662407422479043,0.0002441505595116989,0.00024423006472096715,0.000244140625,0.000244140625],"averageToxinCountInMales":[2.5625,2.5625,2.5625,2.263157894736842,2.652173913043478,2.8987341772151898,2.9285714285714284,3.4814814814814814,3.278688524590164,3.559322033898305,3.543859649122807,3.585714285714286,3.6363636363636362,3.640625,3.5636363636363635,3.5283018867924527,3.46,3.46,3.4468085106382977,3.6,3.75,4.585858585858586,4.619565217391305,4.7272727272727275,4.631578947368421,4.612244897959184,4.568181818181818,4.619047619047619,4.609756097560975,4.609756097560975,4.589743589743589,4.578947368421052,4.621621621621622,4.694444444444445,4.65625,4.65625,4.571428571428571,3.7452830188679247,3.5851063829787235,3.6565656565656566,3.6288659793814433,3.5873015873015874,3.55,3.326923076923077,3.404255319148936,3.511111111111111,3.5609756097560976,3.5609756097560976,3.5609756097560976,3.5609756097560976,3.6944444444444446,4,4.111111111111111,3.08,2.723076923076923,2.4285714285714284,2.6333333333333333,2.6610169491525424,2.641025641025641,2.6936936936936937,2.8076923076923075,2.825242718446602,3.1123595505617976,3.1363636363636362,3.35,3.3797468354430378,3.5555555555555554,3.5846153846153848,3.9473684210526314,4.368421052631579,3.6666666666666665,3.602409638554217,3.943396226415094,3.8210526315789473,4.230769230769231,4.588235294117647,4.75,4.609756097560975,4.7,4.684210526315789,4.684210526315789,4.777777777777778,4.882352941176471,5,5,5,5,5,5,5,5],"averageAntitoxinCountInFemales":[2.90625,2.90625,2.90625,2.5576923076923075,2.717948717948718,3.3736263736263736,3.4936708860759493,3.988235294117647,3.791044776119403,3.9571428571428573,3.927536231884058,3.617283950617284,3.5641025641025643,3.5405405405405403,3.6176470588235294,3.5538461538461537,3.5166666666666666,3.5166666666666666,3.5517241379310347,4.1923076923076925,4.2631578947368425,4.541666666666667,4.584070796460177,4.611650485436893,4.574712643678161,4.556962025316456,4.507042253521127,4.477611940298507,4.435483870967742,4.416666666666667,4.363636363636363,4.407407407407407,4.407407407407407,4.407407407407407,4.553191489361702,4.553191489361702,4.444444444444445,3.456692913385827,3.3916666666666666,3.4049586776859506,3.3781512605042017,3.426829268292683,3.4358974358974357,3.361111111111111,3.4545454545454546,3.4545454545454546,3.4545454545454546,3.4444444444444446,3.3934426229508197,3.4166666666666665,3.490566037735849,3.6,3.206896551724138,3.2451612903225806,3.0150375939849625,2.789473684210526,2.824561403508772,2.8378378378378377,2.8378378378378377,2.9215686274509802,2.9797979797979797,3,3.1777777777777776,3.202247191011236,3.3058823529411763,3.3902439024390243,3.6857142857142855,3.7857142857142856,3.8679245283018866,3.9135802469135803,3.3820224719101124,3.3636363636363638,3.787878787878788,3.736842105263158,4.25,4.368421052631579,4.45945945945946,4.345454545454546,4.407407407407407,4.39622641509434,4.39622641509434,4.829787234042553,4.822222222222222,4.75,5,5,5,5,5,5,5],"reproductiveSuccessOverTime":[0,0,0,0.007381559522211784,0,0,0,0,0,0,0,0.000040690104166666664,0,0,0,0,0,0,0.000040690104166666664,0,0,0,0.000040690104166666664,0,0,0,0,0,0,0,0,0,0,0.00016278691193228064,0,0,0,0,0,0,0.000040690104166666664,0,0,0,0,0.000040690104166666664,0,0,0,0.00004069672798307016,0,0,0,0,0,0.00004069175991861648,0,0,0,0,0,0,0,0,0,0,0,0,0,0,0,0.000040690104166666664,0.000040690104166666664,0,0,0,0,0,0,0,0,0,0,0,0,0,0,0,0.00012211503236048357,0,0]}