{"startTime":"2025-03-24T20:33:26.773Z","infectedMalesAtStart":1024,"infectedFemalesAtStart":1024,"toxinAntitoxinLength":3,"killRate":0.33094318855060956,"rescueRate":0.2518289961357031,"simulationLength":287,"infectionRatio":[0.16528125252199177,0.16528125252199177,0.16499469863795777,0.16539932508436445,0.1638970348647768,0.16427931960608774,0.1680908203125,0.16304524739583334,0.1624755859375,0.15787760416666666,0.15620930989583334,0.15169270833333334,0.15625,0.15755208333333334,0.15791829427083334,0.16316731770833334,0.16105143229166666,0.16080586080586082,0.15804036458333334,0.157958984375,0.15494791666666666,0.14241536458333334,0.1387939453125,0.1290283203125,0.1217041015625,0.12296549479166667,0.12833658854166666,0.11890132248219736,0.1273193359375,0.13399251302083334,0.13960774739583334,0.1351318359375,0.13480631510416666,0.13178673178673178,0.1315778763583086,0.12300618489583333,0.12178548177083333,0.12109375,0.11507161458333333,0.10575358072916667,0.0987548828125,0.09236653645833333,0.0938351983723296,0.09012858072916667,0.09932454427083333,0.119384765625,0.11824544270833333,0.1170654296875,0.1169983315020551,0.11963864246764873,0.135498046875,0.12776692708333334,0.12520345052083334,0.11527506510416667,0.11190689346463742,0.099609375,0.0954745238482826,0.0885009765625,0.08353678385416667,0.07857259114583333,0.08955891927083333,0.11666802311386018,0.115234375,0.12618001302083334,0.12679036458333334,0.1292724609375,0.1632080078125,0.13875325520833334,0.12833658854166666,0.1197509765625,0.1207275390625,0.1248779296875,0.11079915364583333,0.09501525940996948,0.089111328125,0.08414713541666667,0.08866373697916667,0.10758463541666667,0.10953776041666667,0.11515768056968465,0.114501953125,0.1160888671875,0.14652506510416666,0.1226806640625,0.1036376953125,0.09956868489583333,0.09033570701932858,0.08317057291666667,0.08261435780563242,0.07173665364583333,0.06547037760416667,0.05998209489704566,0.06327311197916667,0.08867095303979816,0.0889892578125,0.09464518229166667,0.10103352864583333,0.0992431640625,0.12116895274532948,0.10127766927083333,0.086669921875,0.080322265625,0.06988196988196989,0.0661674940994547,0.062258392675483214,0.0565185546875,0.050333658854166664,0.04464249379400154,0.043986002604166664,0.0716552734375,0.072509765625,0.0711669921875,0.08321126302083333,0.08231608072916667,0.08993610873723192,0.0870361328125,0.07877604166666667,0.06648763020833333,0.062225297086114274,0.058553059895833336,0.058553059895833336,0.049601236979166664,0.041056315104166664,0.029622395833333332,0.03133903133903134,0.058430989583333336,0.068115234375,0.0621337890625,0.06755381923249094,0.06498209635416667,0.06799593082400814,0.06648763020833333,0.0584716796875,0.0545654296875,0.053059895833333336,0.046346028645833336,0.040998290041527566,0.034016927083333336,0.026652018229166668,0.021687825520833332,0.01928867909172296,0.0352783203125,0.041097005208333336,0.038289388020833336,0.045735677083333336,0.04553407934893184,0.04704158867095304,0.042236328125,0.035929361979166664,0.030680338541666668,0.030965169270833332,0.028484231943031537,0.02864933056606845,0.025390625,0.01953204476093591,0.014689127604166666,0.012452185236428746,0.027018229166666668,0.028523763020833332,0.024088541666666668,0.026611328125,0.026248321328287146,0.028319954362087934,0.0234375,0.0211181640625,0.019124348958333332,0.017659505208333332,0.015993814097346574,0.018968535026661782,0.015096028645833334,0.013631184895833334,0.008504231770833334,0.0069580078125,0.015625,0.018269856770833332,0.0184326171875,0.018798828125,0.018720494872212275,0.020755331271365782,0.021077473958333332,0.018351236979166668,0.016845703125,0.01611328125,0.015340169270833334,0.016642252604166668,0.016642252604166668,0.013468424479166666,0.010091145833333334,0.007527669270833333,0.01127253489602409,0.009195963541666666,0.009073893229166666,0.012980143229166666,0.011515299479166666,0.01701400195376099,0.0198974609375,0.019734700520833332,0.0194091796875,0.018636067708333332,0.019938151041666668,0.02187016372077869,0.020426432291666668,0.015462239583333334,0.010579427083333334,0.007161458333333333,0.011601872582943212,0.009195963541666666,0.007731119791666667,0.006754557291666667,0.006510946528851632,0.010866910866910866,0.010662542731564383,0.010335707019328585,0.008748372395833334,0.007367906863144183,0.006673448626653103,0.006563926940639269,0.006062825520833333,0.005167643229166667,0.004191080729166667,0.0027262369791666665,0.01575925398053508,0.013142903645833334,0.0101318359375,0.008992513020833334,0.007731119791666667,0.01090849886030609,0.012005534755005697,0.010498474059003051,0.010213216145833334,0.010010172939979654,0.0096435546875,0.009537395557367026,0.009033570701932859,0.007771809895833333,0.004638671875,0.0032552083333333335,0.01571597247669069,0.011393229166666666,0.007568359375,0.005900065104166667,0.005330620549338759,0.005334962329464467,0.0053343106116133234,0.0053343106116133234,0.00533409340771204,0.005334745072487376,0.0053353968965095915,0.005047421337566654,0.0048828125,0.0040283203125,0.0028483072916666665,0.0015869140625,0.012493895490802539,0.012003580729166666,0.010050455729166666,0.008097330729166666,0.007568359375,0.007572364939136099,0.007491551646919913,0.007454478797507027,0.007456301185674123,0.007455389880224884,0.007456605003667183,0.007337654396477926,0.006306966145833333,0.005452473958333333,0.0035807291666666665,0.0024009115325140393,0.004641693811074919,0.0024007161458333335,0.001220703125,0.0008544921875,0.000813868316106454,0.0008140670791273201,0.0008146307686041302,0.0005703576957549092,0.0005704971475142624,0.0005705668989689041,0.0005707064530593943,0.0005705203961041607,0.0005289713541666666,0.0004475911458333333,0.00016276041666666666,0.0001220802474159681,0.00004069507182680177,0.000040690104166666664],