{"startTime":"2025-03-24T20:43:41.882Z","infectedMalesAtStart":1024,"infectedFemalesAtStart":1024,"toxinAntitoxinLength":3,"killRate":0.8408391744235656,"rescueRate":0.858666051456542,"simulationLength":166,"infectionRatio":[0.08333333333333333,0.08333333333333333,0.08355241537955964,0.09932454427083333,0.09895833333333333,0.09464518229166667,0.09248860677083333,0.08475748697916667,0.08430989583333333,0.07902018229166667,0.07926432291666667,0.0799560546875,0.08284505208333333,0.08756510416666667,0.08894856770833333,0.08565266927083333,0.08390299479166667,0.0837506616180123,0.08765070055392636,0.0823974609375,0.08048502604166667,0.0689697265625,0.06315104166666667,0.0557861328125,0.05078125,0.045939127604166664,0.04231943031536114,0.0399169921875,0.040608723958333336,0.039510091145833336,0.038289388020833336,0.036417643229166664,0.034138997395833336,0.034611939082987216,0.037029501525941,0.0328369140625,0.040812174479166664,0.03873855544252289,0.041910807291666664,0.038736979166666664,0.038818359375,0.035481770833333336,0.03426385610808171,0.032470703125,0.03328856875432385,0.033406575520833336,0.031087239583333332,0.027628580729166668,0.025431315104166668,0.024635556641420312,0.02563998209271092,0.021077473958333332,0.0301513671875,0.029459635416666668,0.0374755859375,0.029866536458333332,0.029052734375,0.0264892578125,0.024014001383857706,0.021931966145833332,0.022786458333333332,0.0260009765625,0.021484375,0.020467122395833332,0.019368489583333332,0.019002278645833332,0.021160576218767803,0.019938151041666668,0.023478190104166668,0.017212614445574773,0.024658203125,0.024617513020833332,0.021565755208333332,0.020468788150077317,0.019613428280773143,0.019247985675917637,0.018229166666666668,0.018595377604166668,0.017864409538536664,0.016805013020833332,0.016318059737934404,0.0152587890625,0.015177408854166666,0.0125732421875,0.013468972533062055,0.013020833333333334,0.025919596354166668,0.029459635416666668,0.021809895833333332,0.019571940104166668,0.019246419270833332,0.019209637377396116,0.018923208399462824,0.018269856770833332,0.01806640625,0.0166015625,0.016072591145833332,0.01477170993733214,0.017049153645833332,0.0167236328125,0.01387589013224822,0.009562174479166666,0.0279541015625,0.0260009765625,0.028362156663275687,0.028401692708333332,0.02849002849002849,0.02841441074699776,0.0284387222946545,0.028427140180825934,0.02832953435363074,0.027140299479166668,0.027140299479166668,0.02531336480546964,0.023274739583333332,0.023438453713123093,0.01839267548321465,0.013143438453713123,0.027141403865717194,0.022257486979166668,0.020467122395833332,0.01953125,0.01904374364191251,0.019008466297622924,0.019030930355760218,0.018981670061099798,0.018894046746477725,0.01696984495177634,0.018189956864979245,0.01628266710087112,0.014811800610376399,0.013712565104166666,0.009767214715936839,0.005330403645833333,0.00785350966429298,0.008708390982339057,0.0068359375,0.006673177083333333,0.005777994791666667,0.005737538148524924,0.005902947402703143,0.00590438960827429,0.005903908794788274,0.004925506798013514,0.0049261083743842365,0.003786028334147533,0.003784641679892565,0.0033365885416666665,0.0029707402433565297,0.0018717447916666667,0.0033772786458333335,0.0029296875,0.0024007161458333335,0.0015869140625,0.0013427734375,0.0013433747201302667,0.0013442502749602835,0.0013447432762836186,0.0013451269718338565,0.0013450721447786744,0.0013437576349865624,0.0013432653559653192,0.0013429920234413154,0.0012613932291666667,0.0009358723958333334,0.0001220703125],"averageToxinCountInMales":[2.51171875,2.51171875,2.513861386138614,2.545967741935484,2.5822081016679905,2.4966887417218544,2.5256950294860996,2.6293183940242764,2.613270142180095,2.6567622950819674,2.640576725025747,2.7612244897959184,2.8049504950495048,2.849213691026827,2.912806539509537,2.913207547169811,2.9506769825918764,2.9485436893203882,2.8675373134328357,2.771371769383698,2.6537250786988458,2.810945273631841,2.7931937172774868,2.8814814814814813,2.6881188118811883,2.729090909090909,2.6432748538011697,2.64033264033264,2.5422680412371133,2.510917030567686,2.6128318584070795,2.595890410958904,2.5403422982885084,2.5288461538461537,2.4386363636363635,2.4046997389033944,2.241164241164241,2.550438596491228,2.3929961089494163,2.415948275862069,2.0281385281385282,2.1058823529411765,1.9441747572815533,1.9583333333333333,1.962686567164179,2.05852417302799,1.9863387978142077,2.0959752321981426,1.9143835616438356,1.9042553191489362,1.951048951048951,1.7434782608695651,1.628169014084507,2.3781512605042017,2.0435684647302903,1.9256410256410257,1.6795865633074936,1.7053824362606231,1.8170347003154574,1.889655172413793,1.6556291390728477,1.8154761904761905,1.9424460431654675,1.9407407407407407,1.8901960784313725,1.8725099601593624,1.9530685920577617,2.0229885057471266,1.8508474576271186,1.8054298642533937,1.7450980392156863,1.6688963210702341,1.7126436781609196,1.7068273092369477,1.698744769874477,1.7327586206896552,1.726027397260274,1.7885462555066078,1.7557603686635945,1.7609756097560976,1.7336683417085428,1.7595628415300546,1.7624309392265194,1.5170068027210883,1.8109756097560976,1.9466666666666668,1.6363636363636365,1.4173228346456692,1.1423487544483986,1.1106719367588933,1.1133603238866396,1.1133603238866396,1.0658436213991769,1.051948051948052,1.0352422907488987,1.028169014084507,1.0145631067961165,1.0106382978723405,1.1563981042654028,1.1586538461538463,1.1022727272727273,1.028301886792453,1.0085714285714287,1.0096774193548388,1.0091463414634145,1.0092307692307692,1.0092879256965945,1.0093457943925233,1.0093457943925233,1.0093457943925233,1.0094043887147335,1.0098360655737706,1.0064935064935066,1.0034722222222223,1.0038022813688212,1.0449438202247192,1.0568720379146919,1.0916030534351144,1.0385852090032155,1.0437956204379562,1.040983606557377,1.0427350427350428,1.0436681222707425,1.043859649122807,1.043859649122807,1.043859649122807,1.043859649122807,1.0476190476190477,1.043859649122807,1.0495049504950495,1.032967032967033,1.0178571428571428,1.0083333333333333,1,1,1,1,1,1,1,1,1,1,1,1,1,1,1,1,1,1,1,1,1,1,1,1,1,1,1,1,1,1,1,1,1],