{"startTime":"2025-03-24T21:01:06.836Z","infectedMalesAtStart":1024,"infectedFemalesAtStart":1024,"toxinAntitoxinLength":3,"killRate":1,"rescueRate":0.5,"simulationLength":105,"infectionRatio":[0.08333333333333333,0.08333333333333333,0.0834977799703996,0.08349609375,0.091796875,0.0894775390625,0.09554036458333333,0.08748372395833333,0.0867919921875,0.08626302083333333,0.07877604166666667,0.0780029296875,0.07987467447916667,0.07625325520833333,0.08251953125,0.08109537760416667,0.07845052083333333,0.07817907895272609,0.07562991004192617,0.073974609375,0.08304850260416667,0.06339518229166667,0.054931640625,0.049601236979166664,0.0562744140625,0.0521240234375,0.0501708984375,0.047648111979166664,0.043050130208333336,0.038981119791666664,0.042154947916666664,0.043375651041666664,0.043173957273652086,0.04258437487277612,0.0415123519596272,0.0469970703125,0.052490234375,0.0430908203125,0.037068684895833336,0.032063802083333336,0.035237630208333336,0.0340576171875,0.030192057291666668,0.027631953770398406,0.024373372395833332,0.023193359375,0.020752797558494403,0.031901041666666664,0.0323499491353001,0.03165947749654106,0.030436197916666668,0.034505208333333336,0.0389404296875,0.033121744791666664,0.028564453125,0.0291748046875,0.025105794270833332,0.0213623046875,0.019856770833333332,0.019327799479166668,0.019449869791666668,0.018107096354166668,0.016153971354166668,0.038167317708333336,0.037312825520833336,0.03858206829188881,0.038251810857003334,0.035847981770833336,0.033162434895833336,0.02880859375,0.024454752604166668,0.024495442708333332,0.021158854166666668,0.017376088548872792,0.016772512620094448,0.015869140625,0.012166341145833334,0.01045948475845509,0.0072021484375,0.02294921875,0.022218605029706195,0.022097424001953362,0.02022380467955239,0.020100911458333332,0.018310546875,0.017252604166666668,0.013590494791666666,0.009480794270833334,0.007242838541666667,0.007040247426036707,0.006876627604166667,0.006022135416666667,0.0037436419125127162,0.0022789240223008993,0.001180061037639878,0.0022788312850980713,0.00227966619173621,0.002279109519352082,0.0022379557291666665,0.0028076171875,0.0019938962360122074,0.0015462239583333333,0.00048828125,0.0000813868316106454,0.000040690104166666664],"averageToxinCountInMales":[2.47265625,2.47265625,2.4688427299703264,2.605461393596987,2.633851468048359,2.5693950177935942,2.571070234113712,2.650090415913201,2.5909926470588234,2.5060129509713227,2.525783619817998,2.6180124223602483,2.6666666666666665,2.6530825496342736,2.537109375,2.5864811133200796,2.600206611570248,2.601246105919003,2.672806067172264,2.8022222222222224,3.071356783919598,2.8253968253968256,2.764885496183206,2.7293103448275864,2.3572496263079223,2.2690437601296596,2.253833049403748,2.2539964476021312,2.2563600782778863,2.2077087794432546,1.9233791748526523,1.6782273603082851,1.6432748538011697,1.6272189349112427,1.5781893004115226,1.8679245283018868,2.3446519524617995,2.3471933471933473,2.204326923076923,2.0614525139664805,1.9672544080604535,2.0264550264550265,2.023598820058997,1.9258064516129032,1.9527272727272726,1.9923076923076923,2,1.0661157024793388,1.118279569892473,1.1178082191780823,1.080691642651297,1.9371980676328502,2.1065573770491803,2.0191846522781773,2.0167130919220058,1.850828729281768,1.77602523659306,1.9107806691449813,1.6987951807228916,1.7095435684647302,1.683127572016461,1.6419213973799127,1.785,0.6955602536997886,0.6724890829694323,0.6410256410256411,0.5628997867803838,1.0310421286031042,1.1646778042959427,1.0638888888888889,0.9966666666666667,0.8622950819672132,0.9730769230769231,0.8959276018099548,0.8744186046511628,0.8905472636815921,0.7631578947368421,0.8091603053435115,1,0.18685121107266436,0.1935483870967742,0.19424460431654678,0.1946564885496183,0.4032258064516129,0.37117903930131,0.3640552995391705,0.3583815028901734,0.18548387096774194,0.2558139534883721,0.26506024096385544,0.2716049382716049,0.27692307692307694,0.45,0.08,0.14285714285714285,0.125,0.125,0.125,0.13043478260869565,0.030303030303030304,0.045454545454545456,0.05263157894736842,0.14285714285714285,0,0],"averageAntitoxinCountInFemales":[2.4970703125,2.4970703125,2.4950980392156863,2.703030303030303,2.76775956284153,2.6762790697674417,2.7005208333333335,2.768199233716475,2.672727272727273,2.6034648700673726,2.6114044350580783,2.6887486855941116,2.7471383975026016,2.712104689203926,2.5697211155378485,2.5886524822695036,2.590625,2.592476489028213,2.6374331550802137,2.803921568627451,3.0315487571701722,2.7680798004987532,2.7179856115107914,2.568075117370892,2.3361344537815127,2.233433734939759,2.2291021671826625,2.2286184210526314,2.296160877513711,2.1934826883910388,1.9734345351043643,1.736745886654479,1.666058394160584,1.6326530612244898,1.6310861423220975,1.88,2.3794579172610555,2.387543252595156,2.2404040404040404,2.144186046511628,1.9722814498933903,1.9237472766884531,1.8213399503722085,1.7046070460704608,1.7654320987654322,1.8258064516129033,1.7902097902097902,1.0261282660332542,1.1040189125295508,1.1089588377723971,1.1221945137157108,1.8387096774193548,1.8635394456289978,1.8110831234256928,1.9067055393586005,1.7464788732394365,1.6733333333333333,1.7421875,1.5732217573221758,1.5512820512820513,1.5617021276595744,1.5509259259259258,1.598984771573604,0.621505376344086,0.616557734204793,0.5791666666666667,0.4968152866242038,1.058139534883721,1.3383838383838385,1.278735632183908,1.2325581395348837,0.9696969696969697,1.0846153846153845,0.8543689320388349,0.8020304568527918,0.798941798941799,0.6802721088435374,0.7380952380952381,0.8105263157894737,0.1890909090909091,0.17228464419475656,0.1660377358490566,0.1829787234042553,0.540650406504065,0.5475113122171946,0.5410628019323671,0.5900621118012422,0.3761467889908257,0.44565217391304346,0.4,0.4090909090909091,0.3855421686746988,0.6153846153846154,0.06451612903225806,0.13333333333333333,0.0625,0.0625,0.0625,0.0625,0.05555555555555555,0,0,0,0,null],"reproductiveSuccessOverTime":[0,0,0,0,0,0,0,0,0,0.000040690104166666664,0,0,0,0,0,0,0.000040690104166666664,0.00008143654057575634,0,0,0,0,0,0,0,0,0,0,0,0.000040690104166666664,0,0,0.00004069175991861648,0.0001221349183731629,0,0,0,0,0,0,0,0,0,0,0.000040690104166666664,0,0,0.000040690104166666664,0,0,0,0,0,0,0,0,0.00008138020833333333,0,0,0,0,0.00008138020833333333,0,0,0,0,0,0,0,0,0,0,0,0,0,0,0,0,0,0,0,0.00008139014365360354,0,0,0,0,0,0,0,0,0,0,0,0,0,0.0000813868316106454,0.00008141664970486465,0.000040698384274144313,0,0,0,0,0,0,0]}