{"startTime":"2025-03-24T20:33:55.229Z","infectedMalesAtStart":16,"infectedFemalesAtStart":32,"toxinAntitoxinLength":3,"killRate":0.860557565166468,"rescueRate":0.21846305747320338,"simulationLength":54,"infectionRatio":[0.004260228987308068,0.004260228987308068,0.004298379152861109,0.008402973359804238,0.006443193866731914,0.005859375,0.005086263020833333,0.0047607421875,0.005574544270833333,0.00537109375,0.004964192708333333,0.004597981770833333,0.004150390625,0.004720052083333333,0.0045166015625,0.004435221354166667,0.004313151041666667,0.004315433782518422,0.005411783854166667,0.009440104166666666,0.009318033854166666,0.007405598958333333,0.006551106770833333,0.005045572916666667,0.00451696915439082,0.0038655598958333335,0.0038254924304085953,0.0034586588541666665,0.0032553407934893183,0.0030924479166666665,0.0027669270833333335,0.002685546875,0.0026448567708333335,0.0026457180071637904,0.0021158854166666665,0.001953125,0.0015055338541666667,0.0009358723958333334,0.0015055338541666667,0.0014241536458333333,0.0014241536458333333,0.0013020833333333333,0.0012207527975584944,0.0011800130208333333,0.0003255208333333333,0.000244140625,0.0002441604948319362,0.0002441505595116989,0.000244140625,0.0002441505595116989,0.00020345052083333334,0.00008138020833333333,0.00008138020833333333,0.000040690104166666664],"averageToxinCountInMales":[3.1875,3.1875,3.1875,1.7195121951219512,1.6933333333333334,1.6521739130434783,1.4,1.375,1.53125,1.5555555555555556,1.5862068965517242,1.6730769230769231,1.8222222222222222,2.2545454545454544,2.269230769230769,2.3137254901960786,2.28,2.28,2.353846153846154,1.2280701754385965,1.2342342342342343,1.3595505617977528,1.3670886075949367,1.0677966101694916,1.0555555555555556,1.108695652173913,1.0888888888888888,1.1136363636363635,1.1666666666666667,1.225,1.135135135135135,1.1714285714285715,1.1714285714285715,1.1714285714285715,1.5833333333333333,0.7333333333333333,0.6363636363636364,0.7333333333333333,0.2692307692307692,0.20833333333333334,0.20833333333333334,0.14285714285714285,0.15,0,0,0,0,0,0,0,0,0,0,0],"averageAntitoxinCountInFemales":[2.15625,2.15625,2.15625,1.72,1.7108433734939759,1.6266666666666667,1.5384615384615385,1.5081967213114753,1.6575342465753424,1.608695652173913,1.59375,1.5901639344262295,1.5964912280701755,1.8852459016393444,1.88135593220339,1.8793103448275863,1.8928571428571428,1.8928571428571428,2,1.0169491525423728,1.0169491525423728,1.1720430107526882,1.0975609756097562,1.0923076923076922,1.1228070175438596,1.0612244897959184,1.0612244897959184,1.024390243902439,1.0263157894736843,0.9722222222222222,0.8709677419354839,0.8709677419354839,0.8333333333333334,0.8333333333333334,0.8928571428571429,0.16666666666666666,0.2,0.375,0,0,0,0,0,0,null,null,null,null,null,null,null,null,null,null],"reproductiveSuccessOverTime":[0,0,0,0.008541483909691122,0.0007340347443112308,0,0,0,0,0,0,0,0,0,0,0,0.00016276041666666666,0.0001221349183731629,0,0,0,0,0,0,0,0,0.00004069672798307016,0,0.00008138351983723296,0,0,0,0.000040690104166666664,0.00008140670791273201,0,0,0.0000048365649708450324,0,0,0.000040690104166666664,0,0,0,0,0,0,0,0,0,0.00004069175991861648,0,0,0,0]}