{"startTime":"2025-03-24T20:33:55.229Z","infectedMalesAtStart":16,"infectedFemalesAtStart":32,"toxinAntitoxinLength":3,"killRate":0.860557565166468,"rescueRate":0.8459915163146887,"simulationLength":150,"infectionRatio":[0.003835704011507112,0.003835704011507112,0.00387409200968523,0.0028618506634290174,0.003216612377850163,0.0028889973958333335,0.0038655598958333335,0.0038248697916666665,0.0034586588541666665,0.0029296875,0.0027262369791666665,0.005655924479166667,0.005615234375,0.005615234375,0.005533854166666667,0.0054526958290946085,0.00537109375,0.005373280143287471,0.004964798762869816,0.010538736979166666,0.010336127614551965,0.008504231770833334,0.0093994140625,0.009195963541666666,0.009114583333333334,0.00903393830878164,0.007975260416666666,0.008870442708333334,0.0087890625,0.010457356770833334,0.009806315104166666,0.009726122166605624,0.009562952714250833,0.00948118006103764,0.0087890625,0.011271158854166666,0.013997395833333334,0.013264973958333334,0.012451171875,0.011962890625,0.0106201171875,0.010498474059003051,0.010012210012210013,0.009440104166666666,0.009237029501525941,0.008952187182095625,0.009033203125,0.008870442708333334,0.0087890625,0.00850527001180157,0.007121057985757884,0.011922200520833334,0.020955403645833332,0.019205729166666668,0.016398111979166668,0.013346354166666666,0.012898763020833334,0.012898763020833334,0.012899812810287296,0.012898763020833334,0.012532552083333334,0.012534082122654947,0.012167331325791488,0.011922200520833334,0.011759440104166666,0.011435780563242716,0.010051273703914707,0.01708984375,0.029215494791666668,0.024007161458333332,0.017049153645833332,0.013671875,0.0128173828125,0.012654622395833334,0.01253663301856073,0.012454212454212455,0.011720180686118912,0.011680911680911682,0.011515768056968464,0.010172526041666666,0.010091145833333334,0.009928385416666666,0.008544921875,0.0064697265625,0.008790851003215172,0.008707682291666666,0.006022135416666667,0.004475911458333333,0.004191080729166667,0.003946940104166667,0.0039065679173109795,0.003825803825803826,0.003784641679892565,0.0037436419125127162,0.003540615334527104,0.0034993489583333335,0.0033367243133265514,0.0025634765625,0.002319619094127701,0.0020345052083333335,0.00472216568288215,0.0059814453125,0.005615234375,0.0047607421875,0.004313151041666667,0.003987792472024415,0.003988603988603989,0.003825336751719367,0.003784795702425525,0.0037849497374954216,0.0037439466080657633,0.0037436419125127162,0.0037034022464593848,0.0036221562003988443,0.0034586588541666665,0.0027262369791666665,0.008585611979166666,0.007893880208333334,0.0072021484375,0.006388346354166667,0.005208333333333333,0.004923502604166667,0.004679361979166667,0.003988117039026574,0.003987630208333333,0.003950154748330347,0.003952891315864542,0.00390672689537297,0.0038248697916666665,0.0035400390625,0.0027262369791666665,0.0015462239583333333,0.0072021484375,0.0048828125,0.003987630208333333,0.0020751953125,0.001708984375,0.0014241536458333333,0.001220703125,0.0011395083835259645,0.0008547356424762913,0.0008551533167732215,0.0008553971486761711,0.0007736786383255966,0.0006917880686904858,0.0004476275738585497,0.0004476093591047813,0.0004069010416666667,0.0022379557291666665,0.0019938151041666665],"averageToxinCountInMales":[2.375,2.375,2.375,3.4,2.914285714285714,2.189189189189189,2.2452830188679247,2.2452830188679247,2.425531914893617,2.6923076923076925,2.5428571428571427,3.707692307692308,3.734375,3.734375,3.746031746031746,3.746031746031746,3.774193548387097,3.774193548387097,3.824561403508772,3.9384615384615387,4.008,3.951923076923077,3.83739837398374,3.8677685950413223,3.8677685950413223,3.831932773109244,3.843137254901961,3.7217391304347824,3.7280701754385963,3.562962962962963,3.608,3.588709677419355,3.575,3.575,3.414141414141414,3.7111111111111112,3.7738095238095237,3.7579617834394905,3.7823129251700682,3.732394366197183,3.796875,3.795275590551181,3.7851239669421486,3.7636363636363637,3.8095238095238093,3.8737864077669903,3.872549019607843,3.898989898989899,3.917525773195876,3.905263157894737,3.904109589041096,4,4.112403100775194,4.119834710743802,4.138755980861244,4.170588235294118,4.16969696969697,4.16969696969697,4.16969696969697,4.16969696969697,4.173913043478261,4.173913043478261,4.165605095541402,4.169934640522876,4.172185430463577,4.167785234899329,4.136,4.064039408866995,4.072192513368984,4.08445945945946,4.013574660633484,4.0055555555555555,4.005952380952381,4,4,4,4,4,4,4,4,4,4,4,4,4,4,4,4,4,4,4,4,4,4,4,4,4,4,4,4,4,4,4,4,4,4,4,4,4,4,4,4,4,4,4,4,4,4,4,4,4,4,4,4,4,4,4,4,4,4,4,4,4,4,4,4,4,4,4,4,4,4,4,4,4,4,4,4,4],"averageAntitoxinCountInFemales":[2.65625,2.65625,2.65625,3,2.9318181818181817,2.5588235294117645,2.2857142857142856,2.341463414634146,2.5,2.696969696969697,2.65625,4,4,4,4.027397260273973,4.056338028169014,4.1,4.1,4.2153846153846155,4.162790697674419,4.162790697674419,3.980952380952381,3.8425925925925926,3.876190476190476,3.8446601941747574,3.8446601941747574,3.8191489361702127,3.7766990291262137,3.764705882352941,3.6475409836065573,3.6810344827586206,3.6782608695652175,3.6782608695652175,3.6548672566371683,3.547008547008547,3.795774647887324,3.8636363636363638,3.863905325443787,3.861635220125786,3.763157894736842,3.857142857142857,3.854961832061069,3.848,3.8442622950819674,3.8442622950819674,3.8632478632478633,3.8916666666666666,3.8907563025210083,3.8907563025210083,3.8947368421052633,3.911764705882353,3.9823529411764707,4.0778210116731515,4.086956521739131,4.103092783505154,4.132911392405063,4.1381578947368425,4.1381578947368425,4.1381578947368425,4.1381578947368425,4.142857142857143,4.142857142857143,4.133802816901408,4.135714285714286,4.130434782608695,4.136363636363637,4.122950819672131,4.0691244239631335,4.087209302325581,4.1020408163265305,4.03030303030303,4.032051282051282,4.034013605442177,4.034013605442177,4.034246575342466,4.034722222222222,4.036496350364963,4.036496350364963,4.029850746268656,4.033898305084746,4.0256410256410255,4.017543859649122,4.018518518518518,4.010869565217392,4.0078125,4.008403361344538,4,4,4,4,4,4,4,4,4,4,4,4,4,4,4,4,4,4,4,4,4,4,4,4,4,4,4,4,4,4,4,4,4,4,4,4,4,4,4,4,4,4,4,4,4,4,4,4,4,4,4,4,4,4,4,4,4,4,4,4,4,4,4,4],"reproductiveSuccessOverTime":[0,0,0,0.00802383367331164,0.000488599348534202,0,0,0,0,0,0,0,0.000040690104166666664,0.000040690104166666664,0,0,0.000040690104166666664,0,0,0,0,0,0,0,0,0,0.000040690104166666664,0,0,0.000040690104166666664,0.000040690104166666664,0,0,0.00004069175991861648,0,0,0,0,0,0,0,0.00004069175991861648,0,0,0,5.284644145274868e-7,0.000040690104166666664,0,0,0,0,0,0,0,0,0,0,0,0,0,0,0.00008139014365360354,0,0.000040690104166666664,0,0.00008139345596614032,0,0,0,0,0,0,0,0,0.00008140670791273201,0.0000407000407000407,0.00004069507182680177,0,0,0,0.00008138020833333333,0,0,0,0,0,0,0,0,0.000040690104166666664,0,0,0,0.00004069175991861648,0,0,0,0,0,0,0,0,0,0,0,0,0,0.00004069507182680177,0,0.000040698384274144313,0.00004069507182680177,0,0,0,0,0,0,0,0,0,0,0,0,0,0,0,0,0.00012208521548040532,0,0,0,0,0,0,0,0,0,0,0,0,0,0,0,0,0,0,0,0,0,0]}