{"startTime":"2025-03-24T20:33:55.229Z","infectedMalesAtStart":16,"infectedFemalesAtStart":32,"toxinAntitoxinLength":3,"killRate":0.43565460147428803,"rescueRate":0.8460005940063737,"simulationLength":161,"infectionRatio":[0.004049949375632805,0.004049949375632805,0.00408371618172537,0.006277907953490428,0.005214274075281082,0.007975260416666666,0.009236653645833334,0.013020833333333334,0.011189778645833334,0.0133056640625,0.011474609375,0.010823567708333334,0.010823567708333334,0.010538736979166666,0.009806315104166666,0.009521484375,0.0107421875,0.010749185667752443,0.009521484375,0.0135498046875,0.011515299479166666,0.011189778645833334,0.0108642578125,0.00830078125,0.007364908854166667,0.008016602913648571,0.007609049479166667,0.007161458333333333,0.007039674465920651,0.0068359375,0.006429559697240987,0.006388346354166667,0.005655924479166667,0.005615462868769074,0.004801823065028079,0.0172119140625,0.013102213541666666,0.010335286458333334,0.00927734375,0.0078125,0.007771809895833333,0.007609049479166667,0.0074462890625,0.006795247395833333,0.006632756866734486,0.005818684895833333,0.005126953125,0.0050048828125,0.0048828125,0.004842122395833333,0.004029632041680235,0.010498046875,0.009684244791666666,0.006998697916666667,0.006510416666666667,0.005777994791666667,0.005615234375,0.005534529768445041,0.0050048828125,0.004639238188255402,0.0042724609375,0.003866189158391665,0.003173828125,0.0030924479166666665,0.0029703776041666665,0.002604378611540653,0.0024417043096081063,0.007975260416666666,0.006429036458333333,0.004557291666666667,0.004638671875,0.0037027994791666665,0.0037029501525940997,0.0037027994791666665,0.003662258392675483,0.0030118030118030117,0.002685546875,0.0024820963541666665,0.0019938151041666665,0.0018717447916666667,0.0013427734375,0.0013025073266037122,0.0011810702940457767,0.0015462239583333333,0.0023193359375,0.001953125,0.002197265625,0.0017903645833333333,0.0017903645833333333,0.0017906560312550871,0.0013021893057703264,0.001261752615084049,0.0011394156425490356,0.0010986328125,0.0007324516785350967,0.0006917317708333334,0.0006103515625,0.0006103515625,0.0005701022111821477,0.0004476093591047813,0.004679361979166667,0.004557291666666667,0.0024820963541666665,0.0024820963541666665,0.0024009115325140393,0.0024012046721745145,0.0024012046721745145,0.0024015956364228435,0.002400813835198372,0.0020345052083333335,0.0019124348958333333,0.0017903645833333333,0.0017496744791666667,0.0015055338541666667,0.0013044187184086092,0.0006917317708333334,0.008138020833333334,0.007161458333333333,0.005900065104166667,0.0042724609375,0.0027266807748657007,0.002441604948319362,0.0024417043096081063,0.0024415055951169887,0.0024011069510011395,0.0019938151041666665,0.0017496744791666667,0.0015869786368260428,0.001220802474159681,0.0011394620111504496,0.0011000203707476064,0.0005290574637799121,0.0013427734375,0.0013020833333333333,0.0032958984375,0.0032958984375,0.003173828125,0.0031337755891091123,0.003133520530663737,0.003052254598730262,0.0029708611427641217,0.0024820963541666665,0.001953125,0.0017091930167256746,0.0015871723913397362,0.001506208019539996,0.0014663951120162933,0.0006106745918658145,0.0019532044760935913,0.0015869140625,0.0015055338541666667,0.00146484375,0.0008138020833333334,0.0008147303242626691,0.000813868316106454,0.00008143322475570033,0.00008141664970486465,0.00008138351983723296,0.00008138020833333333,0.00008138351983723296,0.000040698384274144313],"averageToxinCountInMales":[1.9375,1.9375,1.9375,3.8225806451612905,4.036363636363636,3.4545454545454546,3.3529411764705883,3,3.015625,2.651006711409396,2.8076923076923075,2.7903225806451615,2.8,2.8264462809917354,2.8839285714285716,2.94392523364486,2.9689922480620154,2.9689922480620154,2.873873873873874,4.514619883040936,4.907801418439717,4.9338235294117645,4.976923076923077,4.813084112149533,5.1208791208791204,5.040816326530612,5.159574468085107,5.2298850574712645,5.329411764705882,5.382716049382716,5.373333333333333,5.373333333333333,5.367647058823529,5.388059701492537,5.3,6.247863247863248,6.1875,6.293233082706767,6.296610169491525,6.356435643564357,6.356435643564357,6.381443298969073,6.368421052631579,6.351648351648351,6.337078651685394,6.345679012345679,6.291666666666667,6.291666666666667,6.271428571428571,6.271428571428571,6.36,6.1441441441441444,5.98989898989899,5.680555555555555,5.768115942028985,5.6923076923076925,5.671875,5.709677419354839,5.890909090909091,6.038461538461538,5.958333333333333,5.888888888888889,5.815789473684211,5.75,5.714285714285714,5.709677419354839,5.666666666666667,6.48,6.571428571428571,7.163934426229508,6.781818181818182,7.166666666666667,7.166666666666667,7.166666666666667,7.170731707317073,7.21875,7.233333333333333,7.1923076923076925,7,6.947368421052632,6.875,6.875,7.142857142857143,7.578947368421052,7.75,7.909090909090909,7.678571428571429,7.608695652173913,7.608695652173913,7.608695652173913,7.823529411764706,7.823529411764706,7.875,7.875,7.777777777777778,7.777777777777778,8,8,8,8,8.327272727272728,8.333333333333334,8.074074074074074,8.074074074074074,8.074074074074074,8.074074074074074,8.074074074074074,8.074074074074074,8.074074074074074,8.083333333333334,8.090909090909092,8.05,8,8,8,8,8.063829787234043,8.073170731707316,8.01388888888889,8,8,8,8,8,8,8,8,8,8,8,8,8,8,8,8.46875,8.46875,8.46875,8.483870967741936,8.483870967741936,8.5,8.5,8.5,8.631578947368421,8.588235294117647,8.714285714285714,8.75,8.818181818181818,8.666666666666666,8.16,8.090909090909092,8,8,8,8,8,8,8,8,8,8,8],"averageAntitoxinCountInFemales":[2.5625,2.5625,2.5625,3.7875,3.8904109589041096,3.3703703703703702,3.388888888888889,3.1132075471698113,3.129251700680272,2.735955056179775,2.9934210526315788,3.0704225352112675,3.0567375886524824,3.079710144927536,3.10077519379845,3.1496062992125986,3.1777777777777776,3.1777777777777776,3.3089430894308944,4.802469135802469,5.063380281690141,5.115107913669065,5.116788321167883,5.164948453608248,5.311111111111111,5.212121212121212,5.376344086021505,5.415730337078652,5.3977272727272725,5.448275862068965,5.373493975903615,5.353658536585366,5.563380281690141,5.563380281690141,5.588235294117647,6.2592592592592595,6.164383561643835,6.206611570247934,6.154545454545454,6.362637362637362,6.388888888888889,6.388888888888889,6.375,6.368421052631579,6.351351351351352,6.419354838709677,6.351851851851852,6.313725490196078,6.38,6.36734693877551,6.36734693877551,6.394557823129252,6.086330935251799,5.75,5.846153846153846,5.805194805194805,5.756756756756757,5.756756756756757,5.926470588235294,6.112903225806452,6.035087719298246,6.2,6.125,6.125,6.184210526315789,6.2727272727272725,6.2727272727272725,6.3125,6.72972972972973,7.196078431372549,7.0508474576271185,7.142857142857143,7.142857142857143,7.142857142857143,7.142857142857143,7.166666666666667,7.194444444444445,7.171428571428572,7.0344827586206895,6.962962962962963,7.294117647058823,7.3125,7.333333333333333,7.473684210526316,7.689655172413793,7.6923076923076925,7.6923076923076925,7.619047619047619,7.619047619047619,7.619047619047619,7.866666666666666,7.928571428571429,8,8,8,8.125,8.125,8.125,8.142857142857142,8.142857142857142,8.316666666666666,8.327586206896552,8.147058823529411,8.147058823529411,8.15625,8.15625,8.15625,8.15625,8.15625,8.192307692307692,8.2,8.166666666666666,8.166666666666666,8.19047619047619,8.210526315789474,8.153846153846153,8.150943396226415,8.170212765957446,8.082191780821917,8.035714285714286,8.054054054054054,8.06060606060606,8.06060606060606,8.06060606060606,8.06060606060606,8.037037037037036,8.041666666666666,8.05,8.071428571428571,8.076923076923077,8.083333333333334,8.166666666666666,8.066666666666666,8.071428571428571,8.73469387755102,8.73469387755102,8.73913043478261,8.73913043478261,8.73913043478261,8.733333333333333,8.744186046511627,8.771428571428572,8.862068965517242,8.84,8.84,8.84,8.84,8.666666666666666,8.26086956521739,8,8,8,8,8,8,null,null,null,null,null,null],