{"startTime":"2025-03-24T20:33:55.228Z","infectedMalesAtStart":16,"infectedFemalesAtStart":32,"toxinAntitoxinLength":3,"killRate":0.8711660358087097,"rescueRate":0.4408720361461895,"simulationLength":48,"infectionRatio":[0.003956804880059352,0.003956804880059352,0.003996003996003996,0.001976284584980237,0.004076308495026904,0.0025634765625,0.0017496744791666667,0.0016276041666666667,0.0045166015625,0.004353841145833333,0.004313151041666667,0.004923502604166667,0.0072021484375,0.0087890625,0.007853190104166666,0.0078125,0.007609049479166667,0.00761214686965725,0.0074068044929187695,0.005900065104166667,0.0052490234375,0.00341796875,0.0028483072916666665,0.0017903645833333333,0.0023193359375,0.0022379557291666665,0.0022379557291666665,0.0021565755208333335,0.0020751953125,0.0020347535913400887,0.00146484375,0.00146484375,0.0014649033570701933,0.002726902726902727,0.0020345052083333335,0.001220703125,0.0005696614583333334,0.000244140625,0.000244140625,0.0001220703125,0.000040690104166666664,0.000040690104166666664,0.000040690104166666664,0.0000406934158053227,0.000040690104166666664,0.00004069175991861648,0.0001220703125,0.00008138351983723296],"averageToxinCountInMales":[2.8125,2.8125,2.8125,3,3.056603773584906,3.53125,3.5,3.5,2.5892857142857144,2.581818181818182,2.5925925925925926,2.542372881355932,1.4946236559139785,1.4017857142857142,1.4242424242424243,1.4242424242424243,1.3829787234042554,1.3829787234042554,1.202247191011236,1.2686567164179106,1.1935483870967742,1.0222222222222221,1.162162162162162,0.8421052631578947,1.1935483870967742,1.1724137931034482,1.1724137931034482,1.2592592592592593,1.2592592592592593,1.2592592592592593,1.35,1.35,1.35,0.6585365853658537,0.8620689655172413,0.8947368421052632,1,1,1,1,null,null,null,null,null,null,4,4],"averageAntitoxinCountInFemales":[2.59375,2.59375,2.59375,2.466666666666667,2.7872340425531914,3.096774193548387,2.8260869565217392,2.9,2.5454545454545454,2.519230769230769,2.519230769230769,2.3870967741935485,1.6547619047619047,1.5673076923076923,1.574468085106383,1.5483870967741935,1.5483870967741935,1.5483870967741935,1.5483870967741935,1.5897435897435896,1.4776119402985075,1.564102564102564,1.5151515151515151,1.6,1.1923076923076923,1.1923076923076923,1.1923076923076923,1.1923076923076923,1.2916666666666667,1.3043478260869565,1.4375,1.4375,1.4375,0.8846153846153846,0.9047619047619048,1.0909090909090908,2.5,3.3333333333333335,3.3333333333333335,3.5,4,4,4,4,4,4,4,4],"reproductiveSuccessOverTime":[0,0,0,0.007411067193675889,0.0004483939344529594,0,0,0,0,0,0,0,0,0.000040690104166666664,0,0,0.000040690104166666664,0,0.00004069672798307016,0,0,0,0,0,0,0,0,0,0,0.00004069507182680177,0,0,0,0.0001221001221001221,0,0,0,0,0,0,0,0,0,0,0,0,0,0]}