{"startTime":"2025-03-24T20:10:07.200Z","infectedMalesAtStart":1024,"infectedFemalesAtStart":1024,"toxinAntitoxinLength":3,"killRate":0.75,"rescueRate":0.5,"simulationLength":126,"infectionRatio":[0.1596756588180259,0.1596756588180259,0.15956860584113988,0.180166912125675,0.16800944010416666,0.17618815104166666,0.1783447265625,0.185546875,0.18282063802083334,0.1794913530010173,0.17451985677083334,0.17228190104166666,0.17142740885416666,0.16866048177083334,0.17952473958333334,0.17928059895833334,0.180419921875,0.18054084874154924,0.18187741804113217,0.16162109375,0.16162109375,0.16593424479166666,0.16455078125,0.16410319010416666,0.1572265625,0.15108235677083334,0.15034993489583334,0.14888509114583334,0.142578125,0.14457194010416666,0.139404296875,0.13704984740590032,0.1380615234375,0.13793243793243792,0.14498474059003053,0.12394205729166667,0.12263997395833333,0.11454264322916667,0.1214340943311765,0.11136881510416667,0.10205078125,0.09891764322916667,0.09281790437436419,0.08797916497110768,0.08464919420478594,0.08475748697916667,0.08544921875,0.07857259114583333,0.0809326171875,0.08349609375,0.0800976800976801,0.06978352864583333,0.0728759765625,0.06632486979166667,0.08304850260416667,0.0748291015625,0.06632486979166667,0.061767578125,0.057413736979166664,0.052001953125,0.0552978515625,0.0557861328125,0.049112955729166664,0.047810872395833336,0.048014322916666664,0.045940996948118006,0.0445556640625,0.040242513020833336,0.041056315104166664,0.035970052083333336,0.045206705729166664,0.0404052734375,0.036946614583333336,0.0340576171875,0.031453450520833336,0.02816098970414683,0.029703776041666668,0.025919596354166668,0.02319713495034999,0.025634765625,0.02877024497436315,0.0263671875,0.024088541666666668,0.0218505859375,0.01953125,0.020426432291666668,0.022420247395833332,0.028849283854166668,0.033610026041666664,0.030558268229166668,0.029581705729166668,0.027058919270833332,0.03056448658988238,0.026448567708333332,0.0250244140625,0.021769205729166668,0.021241963050378447,0.01847781847781848,0.015706380208333332,0.015584309895833334,0.013102213541666666,0.0106201171875,0.0076904296875,0.012369791666666666,0.013590494791666666,0.009402857491757234,0.009195963541666666,0.006103763987792472,0.004843699120807555,0.004354549894188507,0.004069010416666667,0.003173828125,0.0028889973958333335,0.002323685283326539,0.001220703125,0.0005289713541666666,0.00016276041666666666,0.00008138351983723296,0.000040690104166666664,0.000040690104166666664,0.00004069175991861648,0.000040690104166666664,0.000040690104166666664,0.000040690104166666664,0.000040709982087607885,0.00004069672798307016],"averageToxinCountInMales":[2.5048828125,2.5048828125,2.4905284147557327,2.6598401598401598,2.6520253782332843,2.522526706920576,2.5428702430077945,2.4944958168207836,2.556440903054449,2.588607594936709,2.569620253164557,2.5613295880149813,2.5311909262759924,2.4675636713118694,2.4117911791179116,2.371609403254973,2.377086152458277,2.3772563176895307,2.3252847380410024,2.2949238578680204,2.4065,2.347763347763348,2.359903381642512,2.2884801548886737,2.3419847328244274,2.400214018191546,2.373519913885899,2.3906673901247966,2.346483704974271,2.2212290502793297,2.1359393232205366,2.1140819964349378,2.126259632483699,2.132780082987552,2.106703910614525,2.1675427069645203,2.5296442687747036,2.2684797768479776,2.321785476349101,2.3014105419450632,2.389558232931727,2.511705685618729,2.5244879786286734,2.6052880075542966,2.491279069767442,2.2736842105263158,2.1735849056603773,2.144912641315519,2.1074626865671644,1.9469194312796207,1.8687068114511352,1.6963292547274749,1.9060190073917636,1.6328217237308147,1.7909176915799432,1.789585547290117,1.9084249084249085,1.9604221635883905,1.9383954154727794,1.963317384370016,1.8541353383458647,1.7041420118343196,1.6991596638655462,1.6206896551724137,1.6024096385542168,1.608303249097473,1.6271186440677967,1.59915611814346,1.4737945492662474,1.5254237288135593,1.6216216216216217,1.7030927835051546,1.7412280701754386,1.7352245862884161,1.7352185089974292,1.7463976945244957,1.7547683923705721,1.775,1.7915194346289753,2.0192926045016075,1.6713881019830028,1.7539432176656151,2.136842105263158,2.0307692307692307,1.9666666666666666,1.9406779661016949,1.951851851851852,2.0764705882352943,1.9133663366336633,1.8653846153846154,1.8728813559322033,1.9133126934984521,2.07202216066482,2.0351437699680512,2.0133779264214047,2.0511811023622046,1.896153846153846,1.8663793103448276,1.92,2.1581632653061225,2.01875,1.890625,1.9529411764705882,2.490566037735849,2.239130434782609,2.558139534883721,2.578125,2.5526315789473686,2.4035087719298245,2.372549019607843,2.061224489795918,2.108108108108108,2,2.074074074074074,2.3846153846153846,2,1,null,null,null,null,null,null,null,null,null],"averageAntitoxinCountInFemales":[2.48828125,2.48828125,2.48828125,2.68009828009828,2.6826923076923075,2.530546623794212,2.561307901907357,2.5224989078200086,2.582363473589973,2.6057298772169166,2.557977736549165,2.5414680648236416,2.512637100619933,2.4631782945736433,2.432420091324201,2.412032816773017,2.424447451511051,2.424447451511051,2.3927785116688685,2.3366633366633365,2.3782961460446246,2.335167583791896,2.333839918946302,2.25419420437214,2.3307003686150605,2.4088937093275486,2.377245508982036,2.416850220264317,2.3595441595441597,2.2439024390243905,2.1174065420560746,2.1240356083086054,2.1453692848769053,2.155699177438308,2.16751269035533,2.1666666666666665,2.5127005347593583,2.2650253439536567,2.3223196223870533,2.3136690647482014,2.3634204275534443,2.5149797570850203,2.5215889464594126,2.5503173164097914,2.463740458015267,2.2581888246628132,2.1653846153846152,2.1304801670146136,2.0660569105691056,1.9558676028084252,1.8324607329842932,1.713235294117647,1.9727488151658767,1.6513409961685823,1.8018292682926829,1.8251670378619154,1.902589395807645,1.9552631578947368,1.976157082748948,1.9800307219662059,1.8443804034582132,1.7294964028776978,1.7434640522875817,1.7428571428571429,1.664440734557596,1.6921739130434783,1.7269503546099292,1.6349514563106795,1.5733082706766917,1.645435244161359,1.7338129496402879,1.7893700787401574,1.7920353982300885,1.8019323671497585,1.8072916666666667,1.8,1.8292011019283747,1.861198738170347,1.8954703832752613,2.090909090909091,1.6977401129943503,1.7462235649546827,2.03257328990228,1.967509025270758,1.9916666666666667,1.9172932330827068,1.900355871886121,2.016260162601626,1.8791469194312795,1.8397932816537468,1.8552278820375334,1.868421052631579,2.0923076923076924,2.077151335311573,2.0949367088607596,2.113879003558719,2.072519083969466,2.1036036036036037,2.129032258064516,2.2406417112299466,2.1296296296296298,2.075187969924812,2.144230769230769,2.310344827586207,2.1066666666666665,2.3529411764705883,2.36734693877551,2.27027027027027,2.2096774193548385,2.1607142857142856,2.0784313725490198,2.024390243902439,1.9473684210526316,2.1333333333333333,2.176470588235294,2.3636363636363638,2,2.5,2,2,2,2,2,2,2,2],