{"startTime":"2025-03-24T20:33:26.773Z","infectedMalesAtStart":1024,"infectedFemalesAtStart":1024,"toxinAntitoxinLength":3,"killRate":0.8718151834313018,"rescueRate":0.8628726002558714,"simulationLength":120,"infectionRatio":[0.16576284904896804,0.16576284904896804,0.16605256693687054,0.17724950011108642,0.185676500508647,0.19022623697916666,0.1744384765625,0.16902669270833334,0.16556803385416666,0.17179361979166666,0.16455078125,0.16666666666666666,0.17179361979166666,0.17167154947916666,0.176513671875,0.18282063802083334,0.18306477864583334,0.18289205702647657,0.17730380983393032,0.173583984375,0.16996256510416666,0.16357421875,0.14774576822916666,0.1331787109375,0.12548844024747638,0.12813313802083334,0.12137858072916667,0.11658663628224954,0.11080366225839268,0.10359700520833333,0.1046142578125,0.099365234375,0.09724934895833333,0.09704469592119189,0.0979322696190166,0.09969075520833333,0.08247884114583333,0.07271321614583333,0.07039960934320827,0.0718994140625,0.06465920651068159,0.06290690104166667,0.06669108072916667,0.061564127604166664,0.05908443540183113,0.053186294457556765,0.050821940104166664,0.05042529811566481,0.05220752797558494,0.05475046812667915,0.051188151041666664,0.051961263020833336,0.0447998046875,0.045166015625,0.038622766676162955,0.034586588541666664,0.033121744791666664,0.030680338541666668,0.036580403645833336,0.038045247395833336,0.034627278645833336,0.031982421875,0.030476888020833332,0.03031659477496541,0.027506510416666668,0.028538859259862395,0.028035481770833332,0.0303955078125,0.023030598958333332,0.024210611979166668,0.02156838806820494,0.017740885416666668,0.014078776041666666,0.01220703125,0.0125732421875,0.017659505208333332,0.015340169270833334,0.012330104989012778,0.011645425302333158,0.011482084690553746,0.010094431781178768,0.009809907599625514,0.008260091145833334,0.009806315104166666,0.00927734375,0.011149088541666666,0.0107421875,0.009765625,0.008829752604166666,0.006795523906408953,0.006144205729166667,0.005859375,0.005696614583333333,0.005534079348931842,0.005289928789420142,0.005209817249379299,0.005127161749745677,0.0050893693253532025,0.004395962227287529,0.0034586588541666665,0.00244140625,0.00146484375,0.0019939773744608123,0.0032145182291666665,0.0022786458333333335,0.001546538602417484,0.0013429920234413154,0.0012207527975584944,0.0011800130208333333,0.0011802531439501851,0.0011801090583543582,0.0011803972647346141,0.0011803972647346141,0.0011810221950722868,0.0011801090583543582,0.0009358723958333334,0.0008951822916666666,0.000244140625,0.0014242115971515768,0.001220703125],"averageToxinCountInMales":[2.466796875,2.466796875,2.4612326043737576,2.540874035989717,2.4813022437307524,2.6178756476683938,2.6485849056603774,2.6206225680933852,2.576059850374065,2.6235632183908044,2.6557624559637643,2.7246663371230846,2.6859344894026975,2.6666666666666665,2.685054219707685,2.7087114337568057,2.6799276672694394,2.6802721088435373,2.6975105683419445,2.7525870178739416,2.814423076923077,2.787667826951765,2.6835236541598695,2.825230769230769,2.711753118844386,2.657252888318357,2.658637302133517,2.6628324946081956,2.659969088098918,2.6412593206296604,2.791700569568755,2.7420736932305054,2.7473684210526317,2.737632508833922,2.6567425569176883,2.83634797588286,2.601685985247629,2.6481700118063753,2.4314903846153846,2.797872340425532,2.9066666666666667,2.8026845637583895,2.8411689961880557,2.7694444444444444,2.7243319268635724,2.7472353870458135,2.840531561461794,2.82,2.912903225806452,2.8551617873651773,2.702341137123746,3.0333863275039747,3.1281138790035588,3.020942408376963,2.9695121951219514,2.9775280898876404,2.8457943925233646,2.515625,2.8421052631578947,2.9935483870967743,3.0589622641509435,3.102827763496144,3.0594594594594593,3.051490514905149,2.972644376899696,2.9823529411764707,2.641337386018237,3.2556818181818183,3.483271375464684,3.197841726618705,3.0952380952380953,3.142857142857143,3.155688622754491,3.3426573426573425,3.3566433566433567,3.77,3.76878612716763,3.708955223880597,3.7007874015748032,3.7063492063492065,3.619047619047619,3.6019417475728157,3.2531645569620253,3.7899159663865545,4.426086956521739,3.576642335766423,3.351145038167939,3.4358974358974357,3.5,3.264367816091954,3.0617283950617282,3.08974358974359,3.1052631578947367,3.1506849315068495,3.183098591549296,3.2,3.2,3.217391304347826,2.982142857142857,2.5681818181818183,2.185185185185185,2.25,2.1818181818181817,2.1025641025641026,2,2,2,2,2,2,2,2,2,2,2,2,2,2,2,2],"averageAntitoxinCountInFemales":[2.58984375,2.58984375,2.5909980430528377,2.670743639921722,2.625764192139738,2.7265790589232726,2.7291185971389016,2.7106768350810295,2.6564922480620154,2.661199625117151,2.6898395721925135,2.726000964785335,2.6724137931034484,2.6468124709167054,2.675236806495264,2.6636085626911314,2.64975951027547,2.649015317286652,2.647956892680736,2.6677570093457943,2.7348593228421554,2.7127924340467895,2.6294642857142856,2.804004854368932,2.741025641025641,2.718416090509114,2.7130718954248367,2.6865671641791047,2.690692792162351,2.68857356235997,2.7921013412816693,2.7819607843137253,2.808,2.799520766773163,2.8014240506329116,2.969743987587277,2.7365491651205938,2.7372340425531916,2.60913140311804,2.9087947882736156,2.963051251489869,2.915106117353308,2.9225352112676055,2.8852459016393444,2.8421052631578947,2.9094955489614245,2.9690880989180837,2.9389671361502345,2.9788838612368025,2.949712643678161,2.778787878787879,3.003086419753086,3.0296846011131726,2.988826815642458,2.9803063457330414,3.079012345679012,2.9404145077720205,2.791891891891892,2.9932279909706545,3.1404255319148935,3.159250585480094,3.229219143576826,3.1952506596306067,3.1861702127659575,3.1037463976945245,3.1329639889196677,2.8472222222222223,3.4253164556962026,3.727272727272727,3.3501577287066246,3.302158273381295,3.3819742489270386,3.6201117318435756,3.840764331210191,3.753012048192771,4.068376068376068,4.044117647058823,4.029585798816568,3.9622641509433962,3.9615384615384617,3.979020979020979,3.971014492753623,3.8629032258064515,3.9098360655737703,4.31858407079646,3.562043795620438,3.3684210526315788,3.341463414634146,3.467889908256881,3.1625,3.0285714285714285,3.0606060606060606,3.09375,3.111111111111111,3.1864406779661016,3.189655172413793,3.232142857142857,3.232142857142857,3.230769230769231,2.682926829268293,2.606060606060606,2,2,2,2,2,2,2,2,2,2,2,2,2,2,2,2,2,2,2],"reproductiveSuccessOverTime":[0,0,0,0.006780631554581908,0.0002029694898154396,0.00009132195106437006,0.0000412830597892786,0.0000048950137166077105,0.000041565160170250895,8.750560035842295e-7,0,0,0,0,0,0,0.000040690104166666664,0.00004336114578542803,0.000049679514644638296,0.00003353547099569217,0.00002296224545671387,0.000012591602356453252,0.000012591602356453252,0.000014110820511463934,0.000029049268601446192,0.000016661323765104623,0.00004203019452803803,0.00004182378846658166,0.00005125224046892409,0.00004246625950727513,0.000003130008012820513,0.000008340793480491575,0.000021282072879057207,0.00013888777627471297,0.00000563305344931851,0.000006002698987550018,0.000016910127879446587,0,6.16566906141253e-7,0,0.00002674691021902542,0.000022286180354607076,0.000015270645153457652,0.000005033202154744164,0,0,0.00008511821930516597,0.000004614005697279101,0.000004613254689230714,0.000040706667752177804,0.000001819584062228297,0,0.0000021273214632589634,0.0000015456829692940803,0.000005543490803178624,0,0,0.000012263474017444304,0.00009403710938687186,0.000013164445465686275,0,0,0,0,0,0,0,0,0,0,0,0,0.00005134703621031746,0.000053756645553520564,0,0,0,0,0,0,0,0,0,0,0,0,0,0,0,0,0,0,0,0,0,0.00004070169726077577,0,0.00012214486380847684,0,0,0,0.000012792279718317262,0,0.00008138020833333333,0.00008138020833333333,0.00008139676854828863,0.00008139345596614032,0.00008138351983723296,0.00008138020833333333,0.00008139676854828863,0.0000813868316106454,0.00008140670791273201,0.00008140670791273201,0.00012217470983506414,0,0,0,0,0,0]}