{"startTime":"2025-03-24T20:33:55.228Z","infectedMalesAtStart":16,"infectedFemalesAtStart":32,"toxinAntitoxinLength":3,"killRate":0.03914184661412512,"rescueRate":0.05942219180203834,"simulationLength":144,"infectionRatio":[0.0037591040801942203,0.0037591040801942203,0.0036403925292814183,0.006642952042172031,0.004886391399951136,0.00439453125,0.00390625,0.0037841796875,0.0036214192708333335,0.004638671875,0.0042724609375,0.007527669270833333,0.007364908854166667,0.0072021484375,0.007364908854166667,0.007080078125,0.0069580078125,0.009809907599625514,0.009358723958333334,0.0108642578125,0.008626302083333334,0.012736002604166666,0.013713123092573753,0.013020833333333334,0.0123291015625,0.012044270833333334,0.0132660535525352,0.017741607324516784,0.016194661458333332,0.017252604166666668,0.016682942708333332,0.016642252604166668,0.0162353515625,0.01644013998535037,0.01884181825580922,0.014811197916666666,0.011271158854166666,0.010498046875,0.013142903645833334,0.011072213628592363,0.008056640625,0.007771809895833333,0.0066742633892235064,0.009969481180061038,0.0093994140625,0.008260763408480507,0.007934893184130213,0.007771809895833333,0.0074872838250254325,0.007285307285307285,0.0108642578125,0.0108642578125,0.0113525390625,0.0113525390625,0.011678059895833334,0.008463886063072228,0.0076904296875,0.007080078125,0.006429036458333333,0.007527669270833333,0.0059814453125,0.005411783854166667,0.00537109375,0.005330403645833333,0.005290574637799121,0.004802018475562609,0.008504231770833334,0.013509114583333334,0.009684244791666666,0.009440104166666666,0.0091552734375,0.007364908854166667,0.007080078125,0.0067138671875,0.006592333360462277,0.0062255859375,0.005737771628550501,0.005412664821748331,0.005289713541666667,0.004964192708333333,0.004720052083333333,0.004191251271617498,0.008585611979166666,0.011515299479166666,0.007568359375,0.006103515625,0.005126953125,0.0048830111902339775,0.004557291666666667,0.00439453125,0.00439453125,0.0037434895833333335,0.0037434895833333335,0.0037436419125127162,0.003662109375,0.0033365885416666665,0.0032958984375,0.003133265513733469,0.0034182469276471065,0.012858072916666666,0.008951822916666666,0.005533854166666667,0.0048828125,0.004638671875,0.004435401831129196,0.00439453125,0.004353841145833333,0.004232459710239297,0.004231770833333333,0.0041507284121429155,0.003947100712105798,0.0033365885416666665,0.0032961666802311385,0.0028889973958333335,0.0018312782322060799,0.008504231770833334,0.006551106770833333,0.009033203125,0.00805926408336047,0.007649739583333333,0.00732421875,0.006998697916666667,0.006266276041666667,0.006103515625,0.0061042607740202665,0.006062825520833333,0.005778935373595963,0.004435401831129196,0.004314379909642232,0.00402930402930403,0.0030527515467274505,0.0024820963541666665,0.0015869140625,0.0023193359375,0.0023203745165886426,0.00231990231990232,0.0023193359375,0.002319619094127701,0.0011801090583543582,0.0010579857578840285,0.0010172526041666667,0.001017293997965412,0.0010172526041666667,0.0002441505595116989],"averageToxinCountInMales":[1.8125,1.8125,1.8125,2.6923076923076925,2.8958333333333335,3.090909090909091,3.026315789473684,3.027027027027027,3.142857142857143,3.076923076923077,3.2244897959183674,3.272727272727273,3.3411764705882354,3.380952380952381,3.244186046511628,3.3658536585365852,3.425,3.912280701754386,3.9714285714285715,4.297709923664122,4.264705882352941,4.52,4.592814371257485,4.61875,4.598639455782313,4.594405594405594,4.333333333333333,3.729064039408867,3.8131868131868134,3.683673469387755,3.7301587301587302,3.723404255319149,3.642458100558659,3.65,4.144230769230769,4,3.8536585365853657,3.9833333333333334,4.1875,4.358333333333333,4.43956043956044,4.4772727272727275,4.6835443037974684,3.564516129032258,3.543103448275862,3.787878787878788,3.7291666666666665,3.7157894736842105,3.7065217391304346,3.6292134831460676,4.869565217391305,4.713235294117647,4.770833333333333,4.743055555555555,4.758620689655173,5.2075471698113205,5.302083333333333,5.370786516853933,5.3875,4.568421052631579,5.131578947368421,5.411764705882353,5.417910447761194,5.417910447761194,5.424242424242424,5.241379310344827,6.261363636363637,5.9801324503311255,5.587155963302752,6.69811320754717,5.435643564356436,5.2105263157894735,5.256756756756757,5.211267605633803,5.214285714285714,5.230769230769231,5.258620689655173,5.267857142857143,5.267857142857143,5.288461538461538,5.3125,5.232558139534884,6.514563106796117,6.118881118881119,5.8,5.64935064935065,5.535211267605634,5.537313432835821,5.53125,5.548387096774194,5.548387096774194,5.62962962962963,5.62962962962963,5.62962962962963,5.6415094339622645,5.708333333333333,5.723404255319149,5.636363636363637,6.03030303030303,5.364238410596027,5.158878504672897,5.152777777777778,5.174603174603175,5.083333333333333,5.0701754385964914,5.071428571428571,5.071428571428571,5.0754716981132075,5.0754716981132075,5.076923076923077,5.081632653061225,5.095238095238095,5.095238095238095,5,5,5.009009009009009,5,5.528925619834711,5.422018348623853,5.403846153846154,5.407766990291262,5.404040404040404,5.2823529411764705,5.289156626506024,5.289156626506024,5.2926829268292686,5.30379746835443,5.428571428571429,5.444444444444445,5.461538461538462,5.611111111111111,5.4,5.266666666666667,5,5,5,5,5,5,5,5,5,5,5],"averageAntitoxinCountInFemales":[2.71875,2.71875,2.7333333333333334,2.8666666666666667,2.763888888888889,2.71875,2.6551724137931036,2.625,2.611111111111111,2.725806451612903,2.857142857142857,3,3.0208333333333335,3.096774193548387,3.031578947368421,3.130434782608696,3.1648351648351647,3.7559055118110236,3.792,4.235294117647059,4.072727272727272,4.423312883435583,4.5,4.58125,4.57051282051282,4.57516339869281,4.317647058823529,3.6008583690987126,3.6574074074074074,3.5701754385964914,3.6063348416289593,3.6063348416289593,3.6045454545454545,3.65625,4.101960784313725,3.8282828282828283,3.6103896103896105,3.652173913043478,4.067039106145251,4.184210526315789,4.336448598130841,4.427184466019417,4.541176470588235,3.520661157024793,3.4608695652173913,3.6153846153846154,3.6464646464646466,3.6041666666666665,3.619565217391304,3.588888888888889,4.689922480620155,4.541984732824427,4.637037037037037,4.614814814814815,4.704225352112676,5.401960784313726,5.483870967741935,5.4,5.435897435897436,4.7,5.309859154929577,5.430769230769231,5.430769230769231,5.4375,5.4375,5.433333333333334,6.289256198347108,5.939226519337017,5.635658914728682,6.5476190476190474,5.42741935483871,5.333333333333333,5.35,5.287234042553192,5.293478260869565,5.306818181818182,5.325301204819277,5.35064935064935,5.364864864864865,5.385714285714286,5.397058823529412,5.45,6.25,5.985714285714286,5.637362637362638,5.493150684931507,5.545454545454546,5.528301886792453,5.416666666666667,5.391304347826087,5.391304347826087,5.473684210526316,5.473684210526316,5.473684210526316,5.486486486486487,5.529411764705882,5.529411764705882,5.484848484848484,6.019607843137255,5.460606060606061,5.1946902654867255,5.15625,5.175438596491228,5.074074074074074,5.076923076923077,5.076923076923077,5.078431372549019,5.078431372549019,5.078431372549019,5.08,5.083333333333333,5.1,5.102564102564102,5.121212121212121,5.166666666666667,5.040816326530612,5.057142857142857,5.455445544554456,5.269662921348314,5.214285714285714,5.233766233766234,5.2465753424657535,5.173913043478261,5.17910447761194,5.17910447761194,5.17910447761194,5.190476190476191,5.226415094339623,5.230769230769231,5.25531914893617,5.3076923076923075,5.225806451612903,5.25,5,5,5,5,5,5,5,5,5,5,5],