{"startTime":"2025-03-24T20:33:55.228Z","infectedMalesAtStart":16,"infectedFemalesAtStart":32,"toxinAntitoxinLength":3,"killRate":0.03914184661412512,"rescueRate":0.9115629132559072,"simulationLength":63,"infectionRatio":[0.0038192234245703373,0.0038192234245703373,0.003771465254373295,0.007939573408866573,0.007123956849175657,0.006266276041666667,0.007283528645833333,0.006876627604166667,0.005330403645833333,0.0047607421875,0.00439453125,0.004313151041666667,0.0050048828125,0.006917317708333333,0.0068359375,0.004923502604166667,0.004923502604166667,0.004925506798013514,0.0041100349963375925,0.004720052083333333,0.0091552734375,0.009114583333333334,0.007486979166666667,0.007853190104166666,0.007365808000651121,0.0068359375,0.004679361979166667,0.004353841145833333,0.0043135020753642065,0.0042724609375,0.004109700520833333,0.003947421967199772,0.003946940104166667,0.003866189158391665,0.003173828125,0.00244140625,0.004720052083333333,0.00830078125,0.0081787109375,0.007488197948884909,0.007327200195392005,0.0067141403865717195,0.005819158460161146,0.004923502604166667,0.004802409344349029,0.00464056012374827,0.004638671875,0.004353841145833333,0.004354727117333442,0.004150390625,0.0038657171922685655,0.0029703776041666665,0.001220703125,0.0009765625,0.0009765625,0.0009765625,0.0006917317708333334,0.0003255208333333333,0.0002848307291666667,0.00020345052083333334,0.00008141002157365571,0.0000406934158053227,0.000040690104166666664],"averageToxinCountInMales":[2.375,2.375,2.3333333333333335,2.8674698795180724,2.5121951219512195,2.4393939393939394,2.7951807228915664,3.2,3.8793103448275863,3.685185185185185,3.6530612244897958,3.6875,4.0344827586206895,3.3536585365853657,3.3536585365853657,3.7966101694915255,3.7966101694915255,3.7966101694915255,3.369565217391304,4.7,3.900900900900901,3.3157894736842106,3.185567010309278,2.9393939393939394,2.7717391304347827,2.7093023255813953,2.1403508771929824,2.0925925925925926,2.0925925925925926,2.0925925925925926,2.0576923076923075,2.02,2.02,2.0408163265306123,1.7804878048780488,1.3125,2.3968253968253967,1.8037383177570094,1.7809523809523808,1.6304347826086956,1.6444444444444444,1.6506024096385543,1.676056338028169,1.6031746031746033,1.5901639344262295,1.5666666666666667,1.5666666666666667,1.6071428571428572,1.6071428571428572,1.6153846153846154,1.653061224489796,1.411764705882353,1,1,1,1,1,1,1,1,1,1,1],"averageAntitoxinCountInFemales":[2.71875,2.71875,2.71875,3.019607843137255,2.989247311827957,2.9318181818181817,3.5729166666666665,3.617021276595745,4.47945205479452,4.253968253968254,4.372881355932203,4.413793103448276,4.523076923076923,3.75,3.7209302325581395,4.274193548387097,4.274193548387097,4.274193548387097,4.072727272727272,4.571428571428571,3.7280701754385963,3.3181818181818183,3.0229885057471266,2.872340425531915,2.764044943820225,2.6951219512195124,2.4482758620689653,2.3207547169811322,2.3461538461538463,2.3333333333333335,2.2244897959183674,2.234042553191489,2.234042553191489,2.260869565217391,2.189189189189189,1.8928571428571428,2.358490566037736,1.7216494845360826,1.7083333333333333,1.673913043478261,1.6888888888888889,1.6829268292682926,1.6666666666666667,1.5862068965517242,1.5964912280701755,1.5925925925925926,1.5925925925925926,1.6274509803921569,1.6274509803921569,1.64,1.6956521739130435,1.7179487179487178,1,1,1,1,1,1,1,1,null,null,null],"reproductiveSuccessOverTime":[0,0,0,0.005364576627612549,0.00008141664970486465,0,0,0,0,0,0,0,0,0,0,0,0.000040690104166666664,0.000040706667752177804,0,0,0,0,0,0,0,0,0,0,0,0,0,0,0,0,0,0,0,0,0,0.00004069672798307016,0,0,0,0.000040690104166666664,0,0,0,0,0,0.00008138020833333333,0,0,0,0,0,0.000040690104166666664,0,0,0,0.000040690104166666664,0.000040705010786827856,0.0000406934158053227,0.000040690104166666664]}