{"startTime":"2025-03-19T22:00:52.198Z","infectedMalesAtStart":16,"infectedFemalesAtStart":64,"toxinAntitoxinLength":3,"killRate":0.25,"rescueRate":1,"simulationLength":227,"infectionRatio":[0.03276003276003276,0.03276003276003276,0.03276003276003276,0.03276003276003276,0.03276003276003276,0.03276003276003276,0.03276003276003276,0.03276003276003276,0.03276003276003276,0.03276003276003276,0.03276003276003276,0.03276003276003276,0.03276003276003276,0.03276003276003276,0.03276003276003276,0.03518782691393248,0.048566651714716795,0.048271922307912024,0.04824005559870815,0.04829138530795989,0.048378500266491736,0.04838908270059512,0.04842485727194316,0.04841162207701476,0.04842356229703621,0.048431525716400116,0.04844546800460602,0.048457424928013165,0.0484653994898379,0.04846938775510204,0.04847537138389367,0.04725862150527461,0.047078450520833336,0.04680571522417474,0.04647898951539668,0.04625093415261978,0.04612561514721828,0.04618473895582329,0.04618482318889215,0.046151906183010384,0.046129887621532896,0.04613440067410996,0.0461772023784422,0.04616033755274262,0.046179822710004224,0.04619152170241513,0.046207129582699784,0.04696587824738271,0.031494140625,0.03086293586232269,0.027874564459930314,0.02633200509386682,0.02628543177323665,0.02620934456001321,0.02616026780179361,0.026152445584705784,0.026171939705151564,0.026142436922567014,0.026153272267584033,0.02616303176051082,0.02613240418118467,0.026097419301302795,0.02610283437772337,0.025320030120481927,0.023722330729166668,0.0235467255334805,0.02248893986563985,0.02230712349026374,0.02230636266359371,0.022299163266147316,0.022291941875825626,0.022316816134231518,0.022332506203473945,0.022261761906732323,0.022270055468167894,0.022276510289429008,0.022282968853545394,0.022288507747120722,0.022297745358090187,0.021961590579879446,0.0186767578125,0.017768881990114782,0.016674860701409375,0.0167255691624887,0.016681082416903498,0.01667148103825362,0.016696284663388024,0.016708023159636064,0.016726008114597995,0.016737788457554793,0.016744031830238728,0.016747502383617295,0.016753058262492224,0.016755837584505,0.016769748038686645,0.015951089454812908,0.017537434895833332,0.017136313443212956,0.015929058214960178,0.015976282631969034,0.016010563670875628,0.016037696854462033,0.01605428666004634,0.016072908036454017,0.016085568591683596,0.016096245592200787,0.01606142353185308,0.016066758002241874,0.016068759342301942,0.01607142857142857,0.01610486891385768,0.01569199890520938,0.019490559895833332,0.01929602223948326,0.018657481445032188,0.01870657402458578,0.018696977184745903,0.01872937293729373,0.018757230209882663,0.018778177606816396,0.018795280480231834,0.018806180357068887,0.018815533175846492,0.01882411476905216,0.018825675899817547,0.018827237289541346,0.018943503296336477,0.017753606903681066,0.0113525390625,0.013704217309731625,0.011285574092247301,0.011145713817406982,0.011160347940259314,0.011138969953553372,0.011150427913100724,0.011160530434066387,0.011168349474551824,0.011172032815269819,0.011178484510992863,0.011180329221502538,0.011184943662553138,0.011186328737719806,0.011248547235596878,0.010685465992728562,0.007161458333333333,0.006235226994865107,0.006165278458272089,0.006176374345549738,0.006187510244222259,0.006194363539401895,0.0061997043849564785,0.006204034676856074,0.006207605344295992,0.00620990294456325,0.006211691143197993,0.006213224704768958,0.0062139917695473255,0.006215014817253869,0.00626816106268161,0.005780599956207576,0.007893880208333334,0.007700142595233245,0.007583479430831329,0.007466340269277846,0.007475795579884799,0.007439502943100066,0.0074455899198167235,0.007450466677583101,0.007412868083712168,0.0074152976361178255,0.007415905273077396,0.007417728781607311,0.007418336817082667,0.007419249057222495,0.007441516260329729,0.0065943600867678955,0.007771809895833333,0.007372408455867378,0.0070890201670401306,0.007056616087453092,0.007061512714804686,0.007069592578971027,0.007037643207855973,0.0070413886273386,0.007044849477780053,0.007048313731918207,0.007050625128100021,0.007051781394776762,0.007052938040759421,0.007049758176899746,0.007066557107641742,0.0049261083743842365,0.003987630208333333,0.003745013433200358,0.0037074760643715622,0.003711710241872986,0.0037161058477621694,0.003679476696647588,0.0036817345060339538,0.003683391994761398,0.003685201867168946,0.0036862584476756092,0.0036464948580325314,0.0036472420293418573,0.003648139039186752,0.0036464948580325314,0.003677078168897703,0.002798949317486974,0.0034586588541666665,0.0031374786081003994,0.002977768713032837,0.0029388954651210254,0.0029426189308484553,0.0029461107246614017,0.002947437366955952,0.002949489984023596,0.0029503360104900836,0.002951666461689829,0.0029521505596785437,0.0029526348164855445,0.0029529981133623166,0.0029533614996513392,0.002975944449036951,0.0025929127052722557,0.0029296875,0.0018328445747800588,0.0014678300578977411],"averageToxinCountInMales":[2.4375,2.4375,2.4375,2.4375,2.4375,2.4375,2.4375,2.4375,2.4375,2.4375,2.4375,2.4375,2.4375,2.4375,2.4375,2.1538461538461537,2.414826498422713,2.426984126984127,2.4274322169059013,2.4274322169059013,2.4274322169059013,2.428115015974441,2.428115015974441,2.4256,2.4256,2.4256,2.4256,2.4256,2.4256,2.4256,2.4256,2.4326086956521737,2.3831932773109243,2.386873920552677,2.3957968476357268,2.3971377459749554,2.395644283121597,2.397085610200364,2.3937728937728937,2.395948434622468,2.397412199630314,2.3981481481481484,2.3981481481481484,2.398886827458256,2.398886827458256,2.398886827458256,2.398886827458256,2.4088785046728973,3.075566750629723,3.094488188976378,3.1735294117647057,3.238993710691824,3.253968253968254,3.2724358974358974,3.261290322580645,3.2686084142394822,3.2686084142394822,3.279220779220779,3.279220779220779,3.279220779220779,3.2768729641693812,3.284313725490196,3.284313725490196,3.3727272727272726,3.0566666666666666,3.057627118644068,3.0642857142857145,3.076363636363636,3.0839416058394162,3.076923076923077,3.073529411764706,3.073529411764706,3.073529411764706,3.085185185185185,3.085185185185185,3.085185185185185,3.085185185185185,3.085185185185185,3.085185185185185,3.0242718446601944,3.637450199203187,3.6738197424892705,3.7464788732394365,3.7464788732394365,3.7535545023696684,3.7666666666666666,3.7666666666666666,3.7666666666666666,3.7666666666666666,3.7666666666666666,3.7666666666666666,3.7666666666666666,3.7666666666666666,3.7666666666666666,3.7666666666666666,3.7088607594936707,4.058252427184466,4.030150753768845,3.921787709497207,3.921787709497207,3.921787709497207,3.921787709497207,3.921787709497207,3.921787709497207,3.921787709497207,3.921787709497207,3.9157303370786516,3.9157303370786516,3.9157303370786516,3.9157303370786516,3.9157303370786516,3.8461538461538463,4.090909090909091,4.122881355932203,4.129464285714286,4.129464285714286,4.125560538116592,4.125560538116592,4.125560538116592,4.125560538116592,4.125560538116592,4.125560538116592,4.125560538116592,4.125560538116592,4.125560538116592,4.125560538116592,4.125560538116592,4.065476190476191,4.507142857142857,3.2096774193548385,3.456953642384106,3.45578231292517,3.45578231292517,3.452054794520548,3.452054794520548,3.452054794520548,3.452054794520548,3.452054794520548,3.452054794520548,3.452054794520548,3.452054794520548,3.452054794520548,3.452054794520548,3.1596638655462184,4.346666666666667,4.78125,4.903225806451613,4.903225806451613,4.903225806451613,4.903225806451613,4.903225806451613,4.903225806451613,4.903225806451613,4.903225806451613,4.903225806451613,4.903225806451613,4.903225806451613,4.903225806451613,4.903225806451613,4.911111111111111,5,5,5,5,5,5,5,5,5,5,5,5,5,5,5,5,5,5,5,5,5,5,5,5,5,5,5,5,5,5,5,5,5,5,5,5,5,5,5,5,5,5,5,5,5,5,5,5,5,5,5,5,5,5,5,5,5,5,5,5,5,5,5,5,5,5,5],