{"startTime":"2025-03-19T22:00:52.198Z","infectedMalesAtStart":16,"infectedFemalesAtStart":16,"toxinAntitoxinLength":3,"killRate":0.25,"rescueRate":0.25,"simulationLength":208,"infectionRatio":[0.01260835303388495,0.01260835303388495,0.01260835303388495,0.01260835303388495,0.01260835303388495,0.01260835303388495,0.01260835303388495,0.01260835303388495,0.01260835303388495,0.01260835303388495,0.01260835303388495,0.01260835303388495,0.01260835303388495,0.01260835303388495,0.01260835303388495,0.014135886912904697,0.024512833189140198,0.02425281724644782,0.02329938900203666,0.02323685283326539,0.023233973050224583,0.023257715103208666,0.023270080157042367,0.02324439351776068,0.02325295779260654,0.023221525985993367,0.023227233624185818,0.023231040275330846,0.023234848174404785,0.023237704918032787,0.023237704918032787,0.022810385810934357,0.036376953125,0.03583101814021899,0.03544707469643076,0.03506759524784924,0.03505527472979082,0.03499382461918485,0.034971956450016495,0.0349826532298034,0.0349404565001654,0.03497371797524937,0.03500269251480883,0.03497285874114283,0.0349444536561101,0.03496184472461845,0.0349821561955349,0.03239644309397203,0.027547200520833332,0.026846185230518155,0.024498795475889103,0.02345346081555937,0.022956052050085933,0.022938598287797485,0.022975301550832855,0.022996057818659658,0.022972917437225168,0.022980472764645425,0.022988978450403028,0.023000329163923635,0.02300600872499794,0.023016428542018363,0.023007902535396772,0.0218018018018018,0.023681640625,0.023586060556598384,0.021434695627322094,0.019779321618308133,0.01840264998159735,0.01829343155310006,0.018300921187308087,0.018275692509424686,0.018287682466786945,0.0183026920551543,0.018308702791461413,0.018312461506877438,0.018317726301954985,0.018315469590571228,0.018327511814259297,0.017034644484757312,0.0203857421875,0.020195838433292534,0.018752298075744578,0.018482927826620324,0.01726183171759316,0.017287288517471633,0.017295790811098815,0.01730855994421886,0.0173170831794493,0.017328460559274013,0.017337003409884557,0.017339140438819952,0.017344841759145087,0.017348406988694758,0.017369829182959456,0.01578255151249452,0.019612630208333332,0.019502243982048143,0.019365909462330445,0.019388882071419807,0.01940634595701126,0.01942463732480944,0.019399557050282994,0.019420266053539168,0.01939672885674365,0.019407096747666625,0.019412684050341366,0.019419073479799227,0.019420671494404212,0.019425467116635113,0.019469537598482037,0.01821437931335721,0.021565755208333332,0.02141458639255996,0.021409601634320735,0.02136542239685658,0.021291405642222497,0.02122863817056678,0.021211126610322473,0.021184874984604016,0.02115945601709191,0.021091148295851663,0.02109808760024676,0.02110416323844002,0.021109373714097605,0.02111632501852309,0.021161620328355748,0.019478534305804252,0.027384440104166668,0.027441386340468908,0.027435907920022897,0.02749098656178302,0.027473653995981465,0.027517660588138655,0.02755047493729183,0.027581096657335748,0.02759813815545578,0.027614062564398467,0.027625448398136312,0.027626587497938313,0.027593318209940192,0.0275990099009901,0.027635492399206874,0.026132557729596332,0.031209309895833332,0.031225795931678284,0.031186219283206792,0.031200163565732977,0.03113493167498568,0.03111311253940312,0.03110528257038646,0.031126968503937008,0.031105092535598507,0.031072982513750923,0.031040854034079246,0.03104850301860446,0.03105232892466935,0.031058707530504086,0.03106636531744401,0.028426927101499827,0.034952799479166664,0.03482019081790753,0.03475597304472126,0.03468018975952887,0.034715683465018216,0.03473843758961124,0.03472592349637161,0.034747292418772564,0.034768687656500145,0.03474475337796214,0.0347675995561583,0.03477474514962183,0.034779033915724566,0.034791906563579535,0.034846362962352745,0.03176825799676191,0.038370768229166664,0.03833448880551364,0.03837195047198725,0.0383434955190899,0.038343243797416444,0.038317795392007886,0.03829874666118759,0.0383302488176023,0.03834601933758486,0.03831748775569,0.038325374608924746,0.038333264709515376,0.038344316309719934,0.03835221421215242,0.03843454567972588,0.0350690282771785,0.000732421875,0.0004484670580560991,0.0003266239333687176,0.0002863219895287958,0.0002867089903747696,0.0002459822892751722,0.00016412276382734285,0.00016425081098837924,0.00016433853738701725,0.0001643925694558606,0.00008221317877255724,0.00008223346079519757,0.00004113025953193765,0.00004113533525298231,0.00004114718347529112,0.00004465880671668453],"averageToxinCountInMales":[2.3125,2.3125,2.3125,2.3125,2.3125,2.3125,2.3125,2.3125,2.3125,2.3125,2.3125,2.3125,2.3125,2.3125,2.3125,2.2666666666666666,2.635135135135135,2.6338983050847458,2.642105263157895,2.6219081272084805,2.624113475177305,2.624113475177305,2.624113475177305,2.6298932384341636,2.6298932384341636,2.6285714285714286,2.6285714285714286,2.6285714285714286,2.6285714285714286,2.6285714285714286,2.6285714285714286,2.6153846153846154,2.574610244988864,2.5871559633027523,2.5911214953271027,2.6018957345971563,2.613365155131265,2.6225961538461537,2.6280193236714977,2.62227602905569,2.6204379562043796,2.6204379562043796,2.6204379562043796,2.624390243902439,2.6234718826405867,2.6234718826405867,2.6234718826405867,2.5876623376623376,2.273846153846154,2.2788461538461537,2.2635379061371843,2.2490421455938696,2.243027888446215,2.248,2.248,2.248,2.2409638554216866,2.2409638554216866,2.2409638554216866,2.2409638554216866,2.2409638554216866,2.2409638554216866,2.2409638554216866,2.0869565217391304,1.8303886925795052,1.832142857142857,1.766798418972332,1.7025862068965518,1.5211267605633803,1.5260663507109005,1.5260663507109005,1.5285714285714285,1.5285714285714285,1.5285714285714285,1.5285714285714285,1.5285714285714285,1.5285714285714285,1.5285714285714285,1.5285714285714285,1.5316455696202531,1.0459770114942528,1.0116731517509727,1,1,1,1,1,1,1,1,1,1,1,1,1,1,1,1,1,1,1,1,1,1,1,1,1,1,1,1,1,1,1,1,1,1,1,1,1,1,1,1,1,1,1,1,1,1,1,1,1,1,1,1,1,1,1,1,1,1,1,1,1,1,1.0025706940874035,1.0025773195876289,1.0025906735751295,1.0025974025974025,1.0026109660574412,1.0026178010471205,1.0026246719160106,1.0026246719160106,1.0026315789473683,1.0026385224274406,1.0026455026455026,1.0026455026455026,1.0026455026455026,1.0026455026455026,1.0026455026455026,1.0034602076124568,1,1,1,1,1,1,1,1,1,1,1,1,1,1,1,1,1,1,1,1,1,1,1,1,1,1,1,1,1,1,1,1,1,1,1,1,1,1,1,1,1,1,1,1,1,1,1,1],