{"startTime":"2025-03-19T22:00:52.198Z","infectedMalesAtStart":16,"infectedFemalesAtStart":16,"toxinAntitoxinLength":3,"killRate":0.75,"rescueRate":1,"simulationLength":144,"infectionRatio":[0.01353637901861252,0.01353637901861252,0.01353637901861252,0.01353637901861252,0.01353637901861252,0.01353637901861252,0.01353637901861252,0.01353637901861252,0.01353637901861252,0.01353637901861252,0.01353637901861252,0.01353637901861252,0.01353637901861252,0.01353637901861252,0.01353637901861252,0.013678553981436248,0.011356647943913738,0.014762254302259196,0.014735896807902686,0.01471249335894397,0.014723324199419246,0.014737790150243582,0.014750471195607637,0.014757122361139578,0.014726392649109852,0.014735459508270739,0.014740904984807424,0.014701654962835202,0.014701654962835202,0.014704070316671458,0.014705278291230231,0.01766948758486004,0.011922200520833334,0.024285539065374707,0.021897810218978103,0.021831188586934176,0.021911364199059175,0.021925288545070948,0.021992613801402546,0.022023685850820693,0.022007738070474684,0.021983512365725707,0.021994501374656337,0.022000916704862702,0.022007335778592863,0.02200917048770321,0.021949591053246537,0.026932942469769145,0.013753255208333334,0.02731281130072671,0.0269651903905867,0.024720664674825032,0.023933445350600387,0.023972743319239768,0.02397894130711965,0.02400065868016961,0.024019446275543838,0.023990107172300084,0.024004949474118374,0.024012872880306967,0.02401683654520695,0.02402080151884106,0.023687474162877222,0.02797047314123088,0.011515299479166666,0.01963986770650443,0.021169643222036044,0.018058228573768476,0.01808785529715762,0.01812875113047768,0.018154124814753828,0.018171329679838477,0.01818931738502784,0.018163804491413475,0.01817355747387551,0.01817881341926954,0.018188582530693234,0.018193094893529046,0.017925153171054812,0.016356582311965434,0.007731119791666667,0.008683599005259082,0.008126761138563319,0.008010790043732374,0.007898506241047678,0.007912430305018038,0.00788015596142007,0.007884686460514968,0.007890519048206139,0.007895386133728102,0.007818286560776891,0.007818930041152264,0.007778097864109634,0.007778738115816767,0.00774076666529419,0.010234745873437569,0.0074462890625,0.007502548419979612,0.007429481160958484,0.007394999182873018,0.007405588969354773,0.007374329140890655,0.007377956306103209,0.00738582741783267,0.007392804337111878,0.007394322803269934,0.007396753647010479,0.00739796966832436,0.00739888194672805,0.0073964497041420114,0.0072469735650168825,0.007819587851557437,0.005208333333333333,0.004646234104988588,0.004569377014401697,0.004535610672986557,0.004538206795044769,0.004544896204397494,0.004548248309772587,0.0045510455104551045,0.004553472535586823,0.004554967376585005,0.004556089151582317,0.004557960004927524,0.004559645087085114,0.004561331415656462,0.004568841325375592,0.00671462829736211,0.0010986328125,0.001100648159471689,0.0011024908125765618,0.0011034370019207978,0.0010639168508061216,0.0010242123806792577,0.0010251363431336368,0.0010258514567090685,0.001026272577996716,0.0010267783801544274,0.001027115858668858,0.0010273691131749815,0.001027622492601118,0.0010278759970397172,0.0008644465483884247,0.0012196715598728057],"averageToxinCountInMales":[3.25,3.25,3.25,3.25,3.25,3.25,3.25,3.25,3.25,3.25,3.25,3.25,3.25,3.25,3.25,3.3333333333333335,1.7394366197183098,1.8412698412698412,1.8412698412698412,1.8457446808510638,1.8457446808510638,1.8457446808510638,1.8457446808510638,1.8457446808510638,1.8342245989304813,1.8342245989304813,1.8342245989304813,1.8279569892473118,1.8279569892473118,1.8279569892473118,1.8279569892473118,2.0851063829787235,2.1283783783783785,2.0879478827361564,2.062962962962963,2.0559701492537314,2.0559701492537314,2.059925093632959,2.059925093632959,2.059925093632959,2.056390977443609,2.056603773584906,2.056603773584906,2.056603773584906,2.056603773584906,2.056603773584906,2.053030303030303,2.2285714285714286,2.3491124260355027,2.280701754385965,2.408955223880597,2.457516339869281,2.5051194539249146,2.5051194539249146,2.493150684931507,2.493150684931507,2.493150684931507,2.4948453608247423,2.4948453608247423,2.4948453608247423,2.4948453608247423,2.4948453608247423,2.480565371024735,2.5516129032258066,2.2419354838709675,1.5611814345991561,2.427480916030534,2.267857142857143,2.267857142857143,2.267857142857143,2.267857142857143,2.267857142857143,2.267857142857143,2.267857142857143,2.267857142857143,2.267857142857143,2.267857142857143,2.267857142857143,2.230414746543779,2.061797752808989,3.204301075268817,2.308411214953271,2.262135922330097,2.2,2.11340206185567,2.11340206185567,2.1041666666666665,2.1041666666666665,2.1041666666666665,2.1041666666666665,2.021276595744681,2.021276595744681,2.021276595744681,2.021276595744681,2.021276595744681,2.256637168141593,2.506849315068493,2.3012048192771086,2.3333333333333335,2.35,2.35,2.3417721518987342,2.3417721518987342,2.3417721518987342,2.3417721518987342,2.3417721518987342,2.3417721518987342,2.3417721518987342,2.3417721518987342,2.3417721518987342,2.3066666666666666,2.810810810810811,2.795918367346939,2.911111111111111,2.953488372093023,3,3,3,3,3,3,3,3,3,3,3,3,3,3,3,3,3,3,3,3,3,3,3,3,3,3,3,3,3],"averageAntitoxinCountInFemales":[2.375,2.375,2.375,2.375,2.375,2.375,2.375,2.375,2.375,2.375,2.375,2.375,2.375,2.375,2.375,2.375,1.6296296296296295,1.7861271676300579,1.7732558139534884,1.7732558139534884,1.7732558139534884,1.7732558139534884,1.7732558139534884,1.7732558139534884,1.7732558139534884,1.7732558139534884,1.7732558139534884,1.7732558139534884,1.7732558139534884,1.7732558139534884,1.7732558139534884,1.921875,2.2344827586206897,2.1358885017421603,2.117424242424242,2.1216730038022815,2.1216730038022815,2.1216730038022815,2.1216730038022815,2.1216730038022815,2.1216730038022815,2.1216730038022815,2.1216730038022815,2.1216730038022815,2.1216730038022815,2.1216730038022815,2.118320610687023,2.2824675324675323,2.230769230769231,2.256880733944954,2.433846153846154,2.533557046979866,2.570446735395189,2.570446735395189,2.570446735395189,2.570446735395189,2.570446735395189,2.570446735395189,2.570446735395189,2.570446735395189,2.570446735395189,2.570446735395189,2.5689655172413794,2.6081504702194356,2.1823899371069184,1.6270491803278688,2.33984375,2.0737327188940093,2.0737327188940093,2.0737327188940093,2.0737327188940093,2.0737327188940093,2.0737327188940093,2.0694444444444446,2.0694444444444446,2.0694444444444446,2.0694444444444446,2.0694444444444446,2.0694444444444446,2.0362694300518136,2.7731958762886597,2.207547169811321,2.1770833333333335,2.1770833333333335,2.1770833333333335,2.1770833333333335,2.1770833333333335,2.1770833333333335,2.1770833333333335,2.1770833333333335,2.1770833333333335,2.1770833333333335,2.168421052631579,2.168421052631579,2.1595744680851063,2.3688524590163933,2.3636363636363638,2.4653465346534653,2.4653465346534653,2.4653465346534653,2.4653465346534653,2.4653465346534653,2.4653465346534653,2.4653465346534653,2.4653465346534653,2.4653465346534653,2.4653465346534653,2.4653465346534653,2.4653465346534653,2.4653465346534653,2.4653465346534653,2.8130841121495327,2.7468354430379747,3,3,3,3,3,3,3,3,3,3,3,3,3,3,3,3,3,3,3,3,3,3,3,3,3,3,3,3,3,3,3],